$ /home/s081p868/scratch/RNAMotifScanX-release/bin/scan /home/s081p868/scratch/RNAMotifScanX-release/models/sarcin-ricin_consensus.struct /rfs/poseidon_share/s081p868/RNAMotifScanX_nr/rmsx_work_default/4ybb/BA/4ybb_BA.rmsx.in --map_pdb=/rfs/poseidon_share/s081p868/RNAMotifScanX_nr/rmsx_work_default/4ybb/BA/4ybb_BA.rmsx.nch --pvalue 1.0 --num_threads 16 --write_alignment
<<<<<<<<<<  ALIGNMENT BEGINS  <<<<<<<<<<

#  Aligning sarcin-ricin_consensus and 4ybb_BA:1412-1414_887-891_905-908:
#  Alignment score:  157.6
#  P-value:  5.595e-03
#  Query aligned region: 0-4,5-8
#  Target aligned region: 3:'BA'888-7:'BA'892,8:'BA'906-11:'BA'909

	UAGUA...GAAC
	GAGUA...AAAA

#  Matched base-pairing interactions: 
	<U(0:)-C(8:) trans S/H>                        MATCHES	<G(3:'BA'888)-A(11:'BA'909) trans S/H>
	<A(1:)-A(7:) trans H/H>                        MATCHES	<A(4:'BA'889)-A(10:'BA'908) trans H/H>
	<U(3:)-A(6:) trans W/H>                        MATCHES	<U(6:'BA'891)-A(9:'BA'907) trans W/H>
	<G(2:)-U(3:) cis S/H>                          MATCHES	<G(5:'BA'890)-U(6:'BA'891) cis S/H>
	<A(4:)-G(5:) trans H/S>                        MATCHES	<A(7:'BA'892)-A(8:'BA'906) trans H/S>
#  Matched base-stacking interactions: 
	<A(1:)-U(3:) outward>                          MATCHES	<A(4:'BA'889)-U(6:'BA'891) outward>
	<A(4:)-A(6:) outward>                          MATCHES	<A(7:'BA'892)-A(9:'BA'907) outward>

>>>>>>>>>>   ALIGNMENT ENDS   >>>>>>>>>>

<<<<<<<<<<  ALIGNMENT BEGINS  <<<<<<<<<<

#  Aligning sarcin-ricin_consensus and 4ybb_BA:1344-1348_1372-1376_1377-1378:
#  Alignment score:  138.4
#  P-value:  7.598e-03
#  Query aligned region: 0-4,5-8
#  Target aligned region: 0:'BA'1345-4:'BA'1349,5:'BA'1373-8:'BA'1376

	UAGUA...GAAC
	UAGUA...GAAU

#  Matched base-pairing interactions: 
	<U(0:)-C(8:) trans S/H>                        MATCHES	<U(0:'BA'1345)-U(8:'BA'1376) trans W/W>
	<A(1:)-A(7:) trans H/H>                        MATCHES	<A(1:'BA'1346)-A(7:'BA'1375) trans H/H>
	<U(3:)-A(6:) trans W/H>                        MATCHES	<U(3:'BA'1348)-A(6:'BA'1374) trans W/H>
	<G(2:)-U(3:) cis S/H>                          MATCHES	<G(2:'BA'1347)-U(3:'BA'1348) cis S/H>
	<A(4:)-G(5:) trans H/S>                        MATCHES	<A(4:'BA'1349)-G(5:'BA'1373) trans H/S>
#  Matched base-stacking interactions: 
	<A(1:)-U(3:) outward>                          MATCHES	<A(1:'BA'1346)-U(3:'BA'1348) outward>
	<A(4:)-A(6:) outward>                          MATCHES	<A(4:'BA'1349)-A(6:'BA'1374) outward>

>>>>>>>>>>   ALIGNMENT ENDS   >>>>>>>>>>

<<<<<<<<<<  ALIGNMENT BEGINS  <<<<<<<<<<

#  Aligning sarcin-ricin_consensus and 4ybb_BA:480-487_445-449:
#  Alignment score:  55.1
#  P-value:  9.500e-02
#  Query aligned region: 0-4,5-8
#  Target aligned region: 2:'BA'483-6:'BA'487,9:'BA'447-12:'BA'450

	UAGUA...GAAC
	CGUUA...GAGG

#  Matched base-pairing interactions: 
	<A(4:)-G(5:) trans H/S>                        MATCHES	<A(6:'BA'487)-G(9:'BA'447) trans H/S>
	<U(3:)-A(6:) trans W/H>                        MATCHES	<U(5:'BA'486)-A(10:'BA'448) trans W/H>
	<A(1:)-A(7:) trans H/H>                        MATCHES	<G(3:'BA'484)-G(11:'BA'449) trans W/W>
	<U(0:)-C(8:) trans S/H>                        MATCHES	<C(2:'BA'483)-G(12:'BA'450) cis W/W>
#  Matched base-stacking interactions: 
	<A(1:)-U(3:) outward>                          MATCHES	<G(3:'BA'484)-U(5:'BA'486) outward>
	<A(4:)-A(6:) outward>                          MATCHES	<A(6:'BA'487)-A(10:'BA'448) outward>

>>>>>>>>>>   ALIGNMENT ENDS   >>>>>>>>>>

<<<<<<<<<<  ALIGNMENT BEGINS  <<<<<<<<<<

#  Aligning sarcin-ricin_consensus and 4ybb_BA:811-814_815-819_764-765:
#  Alignment score:  37.8
#  P-value:  4.241e-01
#  Query aligned region: 2-4,5-6
#  Target aligned region: 0:'BA'812-1:'BA'813,6:'BA'818-8:'BA'820,10:'BA'766-10:'BA'766

	GU~A...G~A
	GU~G...U~A

#  Matched base-pairing interactions: 
	<U(3:)-A(6:) trans W/H>                        MATCHES	<U(1:'BA'813)-A(10:'BA'766) trans W/H>
	<A(4:)-G(5:) trans H/S>                        MATCHES	<G(6:'BA'818)-U(8:'BA'820) cis -/->
	<G(2:)-U(3:) cis S/H>                          MATCHES	<G(0:'BA'812)-U(1:'BA'813) cis S/H>
#  Matched base-stacking interactions: 

>>>>>>>>>>   ALIGNMENT ENDS   >>>>>>>>>>

<<<<<<<<<<  ALIGNMENT BEGINS  <<<<<<<<<<

#  Aligning sarcin-ricin_consensus and 4ybb_BA:798-803_775-782:
#  Alignment score:  36.3
#  P-value:  5.196e-01
#  Query aligned region: 0-4,5-8
#  Target aligned region: 0:'BA'799-3:'BA'802,10:'BA'780-13:'BA'783

	UAGUA...GAAC
	GG-UA...AAAC

#  Matched base-pairing interactions: 
	<A(4:)-G(5:) trans H/S>                        MATCHES	<A(3:'BA'802)-A(10:'BA'780) trans H/S>
	<U(3:)-A(6:) trans W/H>                        MATCHES	<U(2:'BA'801)-A(11:'BA'781) trans W/H>
	<A(1:)-A(7:) trans H/H>                        MATCHES	<G(1:'BA'800)-A(12:'BA'782) trans S/H>
	<U(0:)-C(8:) trans S/H>                        MATCHES	<G(0:'BA'799)-C(13:'BA'783) cis W/W>
#  Matched base-stacking interactions: 
	<A(4:)-A(6:) outward>                          MATCHES	<A(3:'BA'802)-A(11:'BA'781) outward>

>>>>>>>>>>   ALIGNMENT ENDS   >>>>>>>>>>

<<<<<<<<<<  ALIGNMENT BEGINS  <<<<<<<<<<

#  Aligning sarcin-ricin_consensus and 4ybb_BA:1298-1302_1333-1336_1235-1240:
#  Alignment score:  35.4
#  P-value:  5.932e-01
#  Query aligned region: 1-4,5-7
#  Target aligned region: 0:'BA'1299-2:'BA'1301,6:'BA'1335-7:'BA'1336,11:'BA'1238-12:'BA'1239

	AGU~A...G~AA
	AGU~U...C~AA

#  Matched base-pairing interactions: 
	<U(3:)-A(6:) trans W/H>                        MATCHES	<U(2:'BA'1301)-A(11:'BA'1238) trans W/H>
	<A(4:)-G(5:) trans H/S>                        MATCHES	<U(6:'BA'1335)-C(7:'BA'1336) trans S/S>
	<A(1:)-A(7:) trans H/H>                        MATCHES	<A(0:'BA'1299)-A(12:'BA'1239) cis W/H>
	<G(2:)-U(3:) cis S/H>                          MATCHES	<G(1:'BA'1300)-U(2:'BA'1301) cis S/S>
#  Matched base-stacking interactions: 
	<A(1:)-U(3:) outward>                          MATCHES	<A(0:'BA'1299)-U(2:'BA'1301) outward>

>>>>>>>>>>   ALIGNMENT ENDS   >>>>>>>>>>

<<<<<<<<<<  ALIGNMENT BEGINS  <<<<<<<<<<

#  Aligning sarcin-ricin_consensus and 4ybb_BA:1413-1418_1480-1485:
#  Alignment score:  22.2
#  P-value:  1.000e+00
#  Query aligned region: 0-0,8-8
#  Target aligned region: 3:'BA'1417-3:'BA'1417,8:'BA'1483-8:'BA'1483

	U...C
	G...A

#  Matched base-pairing interactions: 
	<U(0:)-C(8:) trans S/H>                        MATCHES	<G(3:'BA'1417)-A(8:'BA'1483) trans S/H>
#  Matched base-stacking interactions: 

>>>>>>>>>>   ALIGNMENT ENDS   >>>>>>>>>>

<<<<<<<<<<  ALIGNMENT BEGINS  <<<<<<<<<<

#  Aligning sarcin-ricin_consensus and 4ybb_BA:1481-1486_1412-1417:
#  Alignment score:  22.2
#  P-value:  1.000e+00
#  Query aligned region: 0-0,8-8
#  Target aligned region: 0:'BA'1482-0:'BA'1482,11:'BA'1418-11:'BA'1418

	U...C
	G...A

#  Matched base-pairing interactions: 
	<U(0:)-C(8:) trans S/H>                        MATCHES	<G(0:'BA'1482)-A(11:'BA'1418) trans S/H>
#  Matched base-stacking interactions: 

>>>>>>>>>>   ALIGNMENT ENDS   >>>>>>>>>>

<<<<<<<<<<  ALIGNMENT BEGINS  <<<<<<<<<<

#  Aligning sarcin-ricin_consensus and 4ybb_BA:756-762_578-583:
#  Alignment score:  22.2
#  P-value:  1.000e+00
#  Query aligned region: 0-0,8-8
#  Target aligned region: 1:'BA'758-1:'BA'758,11:'BA'583-11:'BA'583

	U...C
	C...A

#  Matched base-pairing interactions: 
	<U(0:)-C(8:) trans S/H>                        MATCHES	<C(1:'BA'758)-A(11:'BA'583) trans S/H>
#  Matched base-stacking interactions: 

>>>>>>>>>>   ALIGNMENT ENDS   >>>>>>>>>>

<<<<<<<<<<  ALIGNMENT BEGINS  <<<<<<<<<<

#  Aligning sarcin-ricin_consensus and 4ybb_BA:326-328_320-325_106-108:
#  Alignment score:  22.2
#  P-value:  1.000e+00
#  Query aligned region: 0-0,8-8
#  Target aligned region: 6:'BA'324-6:'BA'324,11:'BA'109-11:'BA'109

	U...C
	G...A

#  Matched base-pairing interactions: 
	<U(0:)-C(8:) trans S/H>                        MATCHES	<G(6:'BA'324)-A(11:'BA'109) trans S/H>
#  Matched base-stacking interactions: 

>>>>>>>>>>   ALIGNMENT ENDS   >>>>>>>>>>

<<<<<<<<<<  ALIGNMENT BEGINS  <<<<<<<<<<

#  Aligning sarcin-ricin_consensus and 4ybb_BA:1371-1376_1342-1349_936-938:
#  Alignment score:  22.2
#  P-value:  1.000e+00
#  Query aligned region: 0-0,8-8
#  Target aligned region: 1:'BA'1373-1:'BA'1373,12:'BA'1349-12:'BA'1349

	U...C
	G...A

#  Matched base-pairing interactions: 
	<U(0:)-C(8:) trans S/H>                        MATCHES	<G(1:'BA'1373)-A(12:'BA'1349) trans S/H>
#  Matched base-stacking interactions: 

>>>>>>>>>>   ALIGNMENT ENDS   >>>>>>>>>>

<<<<<<<<<<  ALIGNMENT BEGINS  <<<<<<<<<<

#  Aligning sarcin-ricin_consensus and 4ybb_BA:901-906_889-896:
#  Alignment score:  22.2
#  P-value:  1.000e+00
#  Query aligned region: 0-0,8-8
#  Target aligned region: 4:'BA'906-4:'BA'906,8:'BA'892-8:'BA'892

	U...C
	A...A

#  Matched base-pairing interactions: 
	<U(0:)-C(8:) trans S/H>                        MATCHES	<A(4:'BA'906)-A(8:'BA'892) trans S/H>
#  Matched base-stacking interactions: 

>>>>>>>>>>   ALIGNMENT ENDS   >>>>>>>>>>

<<<<<<<<<<  ALIGNMENT BEGINS  <<<<<<<<<<

#  Aligning sarcin-ricin_consensus and 4ybb_BA:569-571_860-863_864-867:
#  Alignment score:  22.2
#  P-value:  1.000e+00
#  Query aligned region: 0-0,8-8
#  Target aligned region: 5:'BA'863-5:'BA'863,8:'BA'866-8:'BA'866

	U...C
	U...C

#  Matched base-pairing interactions: 
	<U(0:)-C(8:) trans S/H>                        MATCHES	<U(5:'BA'863)-C(8:'BA'866) trans S/H>
#  Matched base-stacking interactions: 

>>>>>>>>>>   ALIGNMENT ENDS   >>>>>>>>>>

<<<<<<<<<<  ALIGNMENT BEGINS  <<<<<<<<<<

#  Aligning sarcin-ricin_consensus and 4ybb_BA:934-938_1374-1376_1377-1381:
#  Alignment score:  21.8
#  P-value:  1.000e+00
#  Query aligned region: 0-0,8-8
#  Target aligned region: 7:'BA'1377-7:'BA'1377,8:'BA'1378-8:'BA'1378

	U...C
	A...C

#  Matched base-pairing interactions: 
	<U(0:)-C(8:) trans S/H>                        MATCHES	<A(7:'BA'1377)-C(8:'BA'1378) trans S/H>
#  Matched base-stacking interactions: 

>>>>>>>>>>   ALIGNMENT ENDS   >>>>>>>>>>

<<<<<<<<<<  ALIGNMENT BEGINS  <<<<<<<<<<

#  Aligning sarcin-ricin_consensus and 4ybb_BA:1162-1166_1167-1173_1087-1088:
#  Alignment score:  21.4
#  P-value:  1.000e+00
#  Query aligned region: 0-0,8-8
#  Target aligned region: 3:'BA'1166-3:'BA'1166,7:'BA'1170-7:'BA'1170

	U...C
	G...A

#  Matched base-pairing interactions: 
	<U(0:)-C(8:) trans S/H>                        MATCHES	<G(3:'BA'1166)-A(7:'BA'1170) trans S/H>
#  Matched base-stacking interactions: 

>>>>>>>>>>   ALIGNMENT ENDS   >>>>>>>>>>

<<<<<<<<<<  ALIGNMENT BEGINS  <<<<<<<<<<

#  Aligning sarcin-ricin_consensus and 4ybb_BA:871-873_864-868_858-862:
#  Alignment score:  21.4
#  P-value:  1.000e+00
#  Query aligned region: 0-0,8-8
#  Target aligned region: 7:'BA'869-7:'BA'869,9:'BA'860-9:'BA'860

	U...C
	G...A

#  Matched base-pairing interactions: 
	<U(0:)-C(8:) trans S/H>                        MATCHES	<G(7:'BA'869)-A(9:'BA'860) trans S/H>
#  Matched base-stacking interactions: 

>>>>>>>>>>   ALIGNMENT ENDS   >>>>>>>>>>

<<<<<<<<<<  ALIGNMENT BEGINS  <<<<<<<<<<

#  Aligning sarcin-ricin_consensus and 4ybb_BA:563-565_295-296_298-300:
#  Alignment score:  21.4
#  P-value:  1.000e+00
#  Query aligned region: 0-0,8-8
#  Target aligned region: 4:'BA'297-4:'BA'297,6:'BA'300-6:'BA'300

	U...C
	G...A

#  Matched base-pairing interactions: 
	<U(0:)-C(8:) trans S/H>                        MATCHES	<G(4:'BA'297)-A(6:'BA'300) trans S/H>
#  Matched base-stacking interactions: 

>>>>>>>>>>   ALIGNMENT ENDS   >>>>>>>>>>

<<<<<<<<<<  ALIGNMENT BEGINS  <<<<<<<<<<

#  Aligning sarcin-ricin_consensus and 4ybb_BA:154-166:
#  Alignment score:  21.4
#  P-value:  1.000e+00
#  Query aligned region: 0-0,8-8
#  Target aligned region: 4:'BA'159-7:'BA'162

	U...C
	G...A

#  Matched base-pairing interactions: 
	<U(0:)-C(8:) trans S/H>                        MATCHES	<G(4:'BA'159)-A(7:'BA'162) trans S/H>
#  Matched base-stacking interactions: 

>>>>>>>>>>   ALIGNMENT ENDS   >>>>>>>>>>

<<<<<<<<<<  ALIGNMENT BEGINS  <<<<<<<<<<

#  Aligning sarcin-ricin_consensus and 4ybb_BA:426-431_409-415:
#  Alignment score:  20.3
#  P-value:  1.000e+00
#  Query aligned region: 0-4,5-8
#  Target aligned region: 0:'BA'427-5:'BA'432,6:'BA'410-12:'BA'416

	UAG-UA...G-A--AC
	UGUAAA...GAAGAAG

#  Matched base-pairing interactions: 
	<U(3:)-A(6:) trans W/H>                        MATCHES	<A(4:'BA'431)-A(8:'BA'412) trans W/H>
	<A(4:)-G(5:) trans H/S>                        MATCHES	<A(5:'BA'432)-G(6:'BA'410) trans H/S>
	<A(1:)-A(7:) trans H/H>                        MATCHES	<G(1:'BA'428)-A(11:'BA'415) trans H/H>
	<G(2:)-U(3:) cis S/H>                          MATCHES	<U(2:'BA'429)-A(4:'BA'431) cis W/H>
	<U(0:)-C(8:) trans S/H>                        MATCHES	<U(0:'BA'427)-G(12:'BA'416) cis W/W>
#  Matched base-stacking interactions: 

>>>>>>>>>>   ALIGNMENT ENDS   >>>>>>>>>>

<<<<<<<<<<  ALIGNMENT BEGINS  <<<<<<<<<<

#  Aligning sarcin-ricin_consensus and 4ybb_BA:796-797_695-704_685-690:
#  Alignment score:  19.8
#  P-value:  1.000e+00
#  Query aligned region: 0-0,8-8
#  Target aligned region: 9:'BA'703-9:'BA'703,13:'BA'687-13:'BA'687

	U...C
	G...A

#  Matched base-pairing interactions: 
	<U(0:)-C(8:) trans S/H>                        MATCHES	<G(9:'BA'703)-A(13:'BA'687) trans S/H>
#  Matched base-stacking interactions: 

>>>>>>>>>>   ALIGNMENT ENDS   >>>>>>>>>>

<<<<<<<<<<  ALIGNMENT BEGINS  <<<<<<<<<<

#  Aligning sarcin-ricin_consensus and 4ybb_BA:892-893_280-285_239-246:
#  Alignment score:  19.8
#  P-value:  1.000e+00
#  Query aligned region: 0-0,8-8
#  Target aligned region: 2:'BA'281-2:'BA'281,14:'BA'246-14:'BA'246

	U...C
	G...A

#  Matched base-pairing interactions: 
	<U(0:)-C(8:) trans S/H>                        MATCHES	<G(2:'BA'281)-A(14:'BA'246) trans S/H>
#  Matched base-stacking interactions: 

>>>>>>>>>>   ALIGNMENT ENDS   >>>>>>>>>>

<<<<<<<<<<  ALIGNMENT BEGINS  <<<<<<<<<<

#  Aligning sarcin-ricin_consensus and 4ybb_BA:317-320_1431-1436_1464-1467:
#  Alignment score:  19.8
#  P-value:  1.000e+00
#  Query aligned region: 0-0,8-8
#  Target aligned region: 4:'BA'1432-4:'BA'1432,13:'BA'1468-13:'BA'1468

	U...C
	G...A

#  Matched base-pairing interactions: 
	<U(0:)-C(8:) trans S/H>                        MATCHES	<G(4:'BA'1432)-A(13:'BA'1468) trans S/H>
#  Matched base-stacking interactions: 

>>>>>>>>>>   ALIGNMENT ENDS   >>>>>>>>>>

<<<<<<<<<<  ALIGNMENT BEGINS  <<<<<<<<<<

#  Aligning sarcin-ricin_consensus and 4ybb_BA:111-112_350-358_50-58:
#  Alignment score:  19
#  P-value:  1.000e+00
#  Query aligned region: 0-0,8-8
#  Target aligned region: 8:'BA'357-8:'BA'357,15:'BA'55-15:'BA'55

	U...C
	G...A

#  Matched base-pairing interactions: 
	<U(0:)-C(8:) trans S/H>                        MATCHES	<G(8:'BA'357)-A(15:'BA'55) trans S/H>
#  Matched base-stacking interactions: 

>>>>>>>>>>   ALIGNMENT ENDS   >>>>>>>>>>

<<<<<<<<<<  ALIGNMENT BEGINS  <<<<<<<<<<

#  Aligning sarcin-ricin_consensus and 4ybb_BA:535-536_528-532_514-519:
#  Alignment score:  18.2
#  P-value:  1.000e+00
#  Query aligned region: 0-0,8-8
#  Target aligned region: 2:'BA'529-2:'BA'529,12:'BA'520-12:'BA'520

	U...C
	G...A

#  Matched base-pairing interactions: 
	<U(0:)-C(8:) trans S/H>                        MATCHES	<G(2:'BA'529)-A(12:'BA'520) trans S/H>
#  Matched base-stacking interactions: 

>>>>>>>>>>   ALIGNMENT ENDS   >>>>>>>>>>

<<<<<<<<<<  ALIGNMENT BEGINS  <<<<<<<<<<

#  Aligning sarcin-ricin_consensus and 4ybb_BA:1330-1334_1298-1304_1236-1237:
#  Alignment score:  16.6
#  P-value:  1.000e+00
#  Query aligned region: 4-4,5-5
#  Target aligned region: 2:'BA'1333-2:'BA'1333,10:'BA'1304-10:'BA'1304

	A...G
	A...G

#  Matched base-pairing interactions: 
	<A(4:)-G(5:) trans H/S>                        MATCHES	<A(2:'BA'1333)-G(10:'BA'1304) trans H/S>
#  Matched base-stacking interactions: 

>>>>>>>>>>   ALIGNMENT ENDS   >>>>>>>>>>

<<<<<<<<<<  ALIGNMENT BEGINS  <<<<<<<<<<

#  Aligning sarcin-ricin_consensus and 4ybb_BA:907-913_883-890_561-562:
#  Alignment score:  16.6
#  P-value:  1.000e+00
#  Query aligned region: 4-4,5-5
#  Target aligned region: 1:'BA'909-1:'BA'909,11:'BA'888-11:'BA'888

	A...G
	A...G

#  Matched base-pairing interactions: 
	<A(4:)-G(5:) trans H/S>                        MATCHES	<A(1:'BA'909)-G(11:'BA'888) trans H/S>
#  Matched base-stacking interactions: 

>>>>>>>>>>   ALIGNMENT ENDS   >>>>>>>>>>

<<<<<<<<<<  ALIGNMENT BEGINS  <<<<<<<<<<

#  Aligning sarcin-ricin_consensus and 4ybb_BA:11-13_912-917_16-21:
#  Alignment score:  16.6
#  P-value:  1.000e+00
#  Query aligned region: 4-4,5-5
#  Target aligned region: 4:'BA'914-4:'BA'914,13:'BA'21-13:'BA'21

	A...G
	A...G

#  Matched base-pairing interactions: 
	<A(4:)-G(5:) trans H/S>                        MATCHES	<A(4:'BA'914)-G(13:'BA'21) trans H/S>
#  Matched base-stacking interactions: 

>>>>>>>>>>   ALIGNMENT ENDS   >>>>>>>>>>

<<<<<<<<<<  ALIGNMENT BEGINS  <<<<<<<<<<

#  Aligning sarcin-ricin_consensus and 4ybb_BA:784-786_693-696_689-691:
#  Alignment score:  16.6
#  P-value:  1.000e+00
#  Query aligned region: 4-4,5-5
#  Target aligned region: 5:'BA'696-5:'BA'696,8:'BA'691-8:'BA'691

	A...G
	A...G

#  Matched base-pairing interactions: 
	<A(4:)-G(5:) trans H/S>                        MATCHES	<A(5:'BA'696)-G(8:'BA'691) trans H/S>
#  Matched base-stacking interactions: 

>>>>>>>>>>   ALIGNMENT ENDS   >>>>>>>>>>

<<<<<<<<<<  ALIGNMENT BEGINS  <<<<<<<<<<

#  Aligning sarcin-ricin_consensus and 4ybb_BA:294-296_25-29_552-557:
#  Alignment score:  16.6
#  P-value:  1.000e+00
#  Query aligned region: 4-4,5-5
#  Target aligned region: 3:'BA'26-3:'BA'26,13:'BA'558-13:'BA'558

	A...G
	A...G

#  Matched base-pairing interactions: 
	<A(4:)-G(5:) trans H/S>                        MATCHES	<A(3:'BA'26)-G(13:'BA'558) trans H/S>
#  Matched base-stacking interactions: 

>>>>>>>>>>   ALIGNMENT ENDS   >>>>>>>>>>

<<<<<<<<<<  ALIGNMENT BEGINS  <<<<<<<<<<

#  Aligning sarcin-ricin_consensus and 4ybb_BA:1281-1282_1273-1277_1254-1260:
#  Alignment score:  15.8
#  P-value:  1.000e+00
#  Query aligned region: 4-4,5-5
#  Target aligned region: 3:'BA'1275-3:'BA'1275,12:'BA'1260-12:'BA'1260

	A...G
	A...G

#  Matched base-pairing interactions: 
	<A(4:)-G(5:) trans H/S>                        MATCHES	<A(3:'BA'1275)-G(12:'BA'1260) trans H/S>
#  Matched base-stacking interactions: 

>>>>>>>>>>   ALIGNMENT ENDS   >>>>>>>>>>

<<<<<<<<<<  ALIGNMENT BEGINS  <<<<<<<<<<

#  Aligning sarcin-ricin_consensus and 4ybb_BA:1336-1342_940-944:
#  Alignment score:  15.8
#  P-value:  1.000e+00
#  Query aligned region: 4-4,5-5
#  Target aligned region: 2:'BA'1339-2:'BA'1339,10:'BA'944-10:'BA'944

	A...G
	A...G

#  Matched base-pairing interactions: 
	<A(4:)-G(5:) trans H/S>                        MATCHES	<A(2:'BA'1339)-G(10:'BA'944) trans H/S>
#  Matched base-stacking interactions: 

>>>>>>>>>>   ALIGNMENT ENDS   >>>>>>>>>>

<<<<<<<<<<  ALIGNMENT BEGINS  <<<<<<<<<<

#  Aligning sarcin-ricin_consensus and 4ybb_BA:899-904_893-898_809-810:
#  Alignment score:  15.8
#  P-value:  1.000e+00
#  Query aligned region: 4-4,5-5
#  Target aligned region: 1:'BA'901-1:'BA'901,10:'BA'898-10:'BA'898

	A...G
	A...G

#  Matched base-pairing interactions: 
	<A(4:)-G(5:) trans H/S>                        MATCHES	<A(1:'BA'901)-G(10:'BA'898) trans H/S>
#  Matched base-stacking interactions: 

>>>>>>>>>>   ALIGNMENT ENDS   >>>>>>>>>>

<<<<<<<<<<  ALIGNMENT BEGINS  <<<<<<<<<<

#  Aligning sarcin-ricin_consensus and 4ybb_BA:428-435_405-412:
#  Alignment score:  15.8
#  P-value:  1.000e+00
#  Query aligned region: 4-4,5-5
#  Target aligned region: 3:'BA'432-3:'BA'432,12:'BA'410-12:'BA'410

	A...G
	A...G

#  Matched base-pairing interactions: 
	<A(4:)-G(5:) trans H/S>                        MATCHES	<A(3:'BA'432)-G(12:'BA'410) trans H/S>
#  Matched base-stacking interactions: 

>>>>>>>>>>   ALIGNMENT ENDS   >>>>>>>>>>

<<<<<<<<<<  ALIGNMENT BEGINS  <<<<<<<<<<

#  Aligning sarcin-ricin_consensus and 4ybb_BA:1145-1147_1126-1130_1142-1144:
#  Alignment score:  15.8
#  P-value:  1.000e+00
#  Query aligned region: 1-4,5-7
#  Target aligned region: 0:'BA'1146-0:'BA'1146,5:'BA'1129-7:'BA'1131,8:'BA'1143-10:'BA'1145

	A~GUA...GAA
	A~CAG...GGA

#  Matched base-pairing interactions: 
	<A(4:)-G(5:) trans H/S>                        MATCHES	<G(7:'BA'1131)-G(8:'BA'1143) cis W/S>
	<U(3:)-A(6:) trans W/H>                        MATCHES	<A(6:'BA'1130)-G(9:'BA'1144) cis W/S>
	<A(1:)-A(7:) trans H/H>                        MATCHES	<A(0:'BA'1146)-A(10:'BA'1145) cis H/S>
	<G(2:)-U(3:) cis S/H>                          MATCHES	<C(5:'BA'1129)-A(6:'BA'1130) cis S/H>
#  Matched base-stacking interactions: 
	<A(1:)-U(3:) outward>                          MATCHES	<A(0:'BA'1146)-A(6:'BA'1130) outward>

>>>>>>>>>>   ALIGNMENT ENDS   >>>>>>>>>>

<<<<<<<<<<  ALIGNMENT BEGINS  <<<<<<<<<<

#  Aligning sarcin-ricin_consensus and 4ybb_BA:317-320_1465-1470_1429-1434:
#  Alignment score:  15.8
#  P-value:  1.000e+00
#  Query aligned region: 4-4,5-5
#  Target aligned region: 7:'BA'1469-7:'BA'1469,11:'BA'1431-11:'BA'1431

	A...G
	C...A

#  Matched base-pairing interactions: 
	<A(4:)-G(5:) trans H/S>                        MATCHES	<C(7:'BA'1469)-A(11:'BA'1431) trans H/S>
#  Matched base-stacking interactions: 

>>>>>>>>>>   ALIGNMENT ENDS   >>>>>>>>>>

<<<<<<<<<<  ALIGNMENT BEGINS  <<<<<<<<<<

#  Aligning sarcin-ricin_consensus and 4ybb_BA:15-17_1078-1082_1073-1077:
#  Alignment score:  15.8
#  P-value:  1.000e+00
#  Query aligned region: 4-4,5-5
#  Target aligned region: 4:'BA'1080-4:'BA'1080,11:'BA'1077-11:'BA'1077

	A...G
	A...G

#  Matched base-pairing interactions: 
	<A(4:)-G(5:) trans H/S>                        MATCHES	<A(4:'BA'1080)-G(11:'BA'1077) trans H/S>
#  Matched base-stacking interactions: 

>>>>>>>>>>   ALIGNMENT ENDS   >>>>>>>>>>

<<<<<<<<<<  ALIGNMENT BEGINS  <<<<<<<<<<

#  Aligning sarcin-ricin_consensus and 4ybb_BA:780-786_794-800_693-696:
#  Alignment score:  15.8
#  P-value:  1.000e+00
#  Query aligned region: 4-4,5-5
#  Target aligned region: 1:'BA'782-1:'BA'782,12:'BA'800-12:'BA'800

	A...G
	A...G

#  Matched base-pairing interactions: 
	<A(4:)-G(5:) trans H/S>                        MATCHES	<A(1:'BA'782)-G(12:'BA'800) trans H/S>
#  Matched base-stacking interactions: 

>>>>>>>>>>   ALIGNMENT ENDS   >>>>>>>>>>

<<<<<<<<<<  ALIGNMENT BEGINS  <<<<<<<<<<

#  Aligning sarcin-ricin_consensus and 4ybb_BA:1101-1107_1083-1084_1067-1072:
#  Alignment score:  15.4
#  P-value:  1.000e+00
#  Query aligned region: 0-1,7-8
#  Target aligned region: 7:'BA'1084-8:'BA'1085,12:'BA'1071-13:'BA'1072

	UA...AC
	GU...CG

#  Matched base-pairing interactions: 
	<A(1:)-A(7:) trans H/H>                        MATCHES	<U(8:'BA'1085)-C(12:'BA'1071) trans H/H>
	<U(0:)-C(8:) trans S/H>                        MATCHES	<G(7:'BA'1084)-G(13:'BA'1072) trans S/H>
#  Matched base-stacking interactions: 

>>>>>>>>>>   ALIGNMENT ENDS   >>>>>>>>>>

<<<<<<<<<<  ALIGNMENT BEGINS  <<<<<<<<<<

#  Aligning sarcin-ricin_consensus and 4ybb_BA:1189-1192_1106-1108_1062-1067:
#  Alignment score:  14
#  P-value:  1.000e+00
#  Query aligned region: 2-4,5-6
#  Target aligned region: 0:'BA'1190-1:'BA'1191,5:'BA'1108-5:'BA'1108,11:'BA'1067-12:'BA'1068

	GU~A...GA
	GA~G...AG

#  Matched base-pairing interactions: 
	<U(3:)-A(6:) trans W/H>                        MATCHES	<A(1:'BA'1191)-G(12:'BA'1068) trans S/S>
	<A(4:)-G(5:) trans H/S>                        MATCHES	<G(5:'BA'1108)-A(11:'BA'1067) cis -/->
	<G(2:)-U(3:) cis S/H>                          MATCHES	<G(0:'BA'1190)-A(1:'BA'1191) cis S/H>
#  Matched base-stacking interactions: 
	<A(4:)-A(6:) outward>                          MATCHES	<G(5:'BA'1108)-G(12:'BA'1068) outward>

>>>>>>>>>>   ALIGNMENT ENDS   >>>>>>>>>>

<<<<<<<<<<  ALIGNMENT BEGINS  <<<<<<<<<<

#  Aligning sarcin-ricin_consensus and 4ybb_BA:350-352_48-53_356-361:
#  Alignment score:  13
#  P-value:  1.000e+00
#  Query aligned region: 1-3,6-7
#  Target aligned region: 4:'BA'50-6:'BA'52,11:'BA'359-12:'BA'360

	AGU...AA
	AAC...GG

#  Matched base-pairing interactions: 
	<G(2:)-U(3:) cis S/H>                          MATCHES	<A(5:'BA'51)-C(6:'BA'52) cis S/H>
	<A(1:)-A(7:) trans H/H>                        MATCHES	<A(4:'BA'50)-G(12:'BA'360) cis -/->
	<U(3:)-A(6:) trans W/H>                        MATCHES	<C(6:'BA'52)-G(11:'BA'359) cis W/W>
#  Matched base-stacking interactions: 

>>>>>>>>>>   ALIGNMENT ENDS   >>>>>>>>>>

<<<<<<<<<<  ALIGNMENT BEGINS  <<<<<<<<<<

#  Aligning sarcin-ricin_consensus and 4ybb_BA:680-685_702-709:
#  Alignment score:  11.8
#  P-value:  1.000e+00
#  Query aligned region: 0-0,8-8
#  Target aligned region: 4:'BA'685-4:'BA'685,8:'BA'705-8:'BA'705

	U...C
	G...G

#  Matched base-pairing interactions: 
	<U(0:)-C(8:) trans S/H>                        MATCHES	<G(4:'BA'685)-G(8:'BA'705) trans S/H>
#  Matched base-stacking interactions: 

>>>>>>>>>>   ALIGNMENT ENDS   >>>>>>>>>>

<<<<<<<<<<  ALIGNMENT BEGINS  <<<<<<<<<<

#  Aligning sarcin-ricin_consensus and 4ybb_BA:1123-1125_1279-1280:
#  Alignment score:  11.8
#  P-value:  1.000e+00
#  Query aligned region: 2-3,6-6
#  Target aligned region: 0:'BA'1124-1:'BA'1125,3:'BA'1280-3:'BA'1280

	GU...A
	GU...A

#  Matched base-pairing interactions: 
	<G(2:)-U(3:) cis S/H>                          MATCHES	<G(0:'BA'1124)-U(1:'BA'1125) cis S/H>
	<U(3:)-A(6:) trans W/H>                        MATCHES	<U(1:'BA'1125)-A(3:'BA'1280) cis W/H>
#  Matched base-stacking interactions: 

>>>>>>>>>>   ALIGNMENT ENDS   >>>>>>>>>>

<<<<<<<<<<  ALIGNMENT BEGINS  <<<<<<<<<<

#  Aligning sarcin-ricin_consensus and 4ybb_BA:1357-1360_1361-1364_975-977:
#  Alignment score:  11.2
#  P-value:  1.000e+00
#  Query aligned region: 2-3,6-6
#  Target aligned region: 3:'BA'1361-3:'BA'1361,4:'BA'1362-4:'BA'1362,10:'BA'978-10:'BA'978

	G~U...A
	G~A...A

#  Matched base-pairing interactions: 
	<G(2:)-U(3:) cis S/H>                          MATCHES	<G(3:'BA'1361)-A(4:'BA'1362) cis S/H>
	<U(3:)-A(6:) trans W/H>                        MATCHES	<A(4:'BA'1362)-A(10:'BA'978) cis -/->
#  Matched base-stacking interactions: 

>>>>>>>>>>   ALIGNMENT ENDS   >>>>>>>>>>

<<<<<<<<<<  ALIGNMENT BEGINS  <<<<<<<<<<

#  Aligning sarcin-ricin_consensus and 4ybb_BA:869-876_856-858_823-828:
#  Alignment score:  11
#  P-value:  1.000e+00
#  Query aligned region: 0-0,8-8
#  Target aligned region: 9:'BA'858-9:'BA'858,15:'BA'828-15:'BA'828

	U...C
	G...U

#  Matched base-pairing interactions: 
	<U(0:)-C(8:) trans S/H>                        MATCHES	<G(9:'BA'858)-U(15:'BA'828) trans S/H>
#  Matched base-stacking interactions: 

>>>>>>>>>>   ALIGNMENT ENDS   >>>>>>>>>>

<<<<<<<<<<  ALIGNMENT BEGINS  <<<<<<<<<<

#  Aligning sarcin-ricin_consensus and 4ybb_BA:721-726_729-731_663-665:
#  Alignment score:  11
#  P-value:  1.000e+00
#  Query aligned region: 0-0,8-8
#  Target aligned region: 5:'BA'727-5:'BA'727,6:'BA'730-6:'BA'730

	U...C
	G...G

#  Matched base-pairing interactions: 
	<U(0:)-C(8:) trans S/H>                        MATCHES	<G(5:'BA'727)-G(6:'BA'730) trans S/H>
#  Matched base-stacking interactions: 

>>>>>>>>>>   ALIGNMENT ENDS   >>>>>>>>>>

<<<<<<<<<<  ALIGNMENT BEGINS  <<<<<<<<<<

#  Aligning sarcin-ricin_consensus and 4ybb_BA:593-594_595-597_639-644:
#  Alignment score:  10.8
#  P-value:  1.000e+00
#  Query aligned region: 1-3,6-7
#  Target aligned region: 0:'BA'594-1:'BA'595,2:'BA'596-2:'BA'596,9:'BA'644-10:'BA'645

	AG~U...AA
	UA~A...UG

#  Matched base-pairing interactions: 
	<G(2:)-U(3:) cis S/H>                          MATCHES	<A(1:'BA'595)-A(2:'BA'596) cis S/H>
	<A(1:)-A(7:) trans H/H>                        MATCHES	<U(0:'BA'594)-G(10:'BA'645) cis W/W>
	<U(3:)-A(6:) trans W/H>                        MATCHES	<A(2:'BA'596)-U(9:'BA'644) cis W/W>
#  Matched base-stacking interactions: 

>>>>>>>>>>   ALIGNMENT ENDS   >>>>>>>>>>

<<<<<<<<<<  ALIGNMENT BEGINS  <<<<<<<<<<

#  Aligning sarcin-ricin_consensus and 4ybb_BA:571-574_879-882:
#  Alignment score:  10.4
#  P-value:  1.000e+00
#  Query aligned region: 2-3,6-6
#  Target aligned region: 0:'BA'572-1:'BA'573,7:'BA'883-7:'BA'883

	GU...A
	AA...C

#  Matched base-pairing interactions: 
	<G(2:)-U(3:) cis S/H>                          MATCHES	<A(0:'BA'572)-A(1:'BA'573) cis S/H>
	<U(3:)-A(6:) trans W/H>                        MATCHES	<A(1:'BA'573)-C(7:'BA'883) cis -/->
#  Matched base-stacking interactions: 

>>>>>>>>>>   ALIGNMENT ENDS   >>>>>>>>>>

<<<<<<<<<<  ALIGNMENT BEGINS  <<<<<<<<<<

#  Aligning sarcin-ricin_consensus and 4ybb_BA:438-440_436-437_492-497:
#  Alignment score:  9.7
#  P-value:  1.000e+00
#  Query aligned region: 2-3,6-6
#  Target aligned region: 0:'BA'439-0:'BA'439,4:'BA'438-4:'BA'438,8:'BA'496-8:'BA'496

	G~U...A
	U~U...A

#  Matched base-pairing interactions: 
	<U(3:)-A(6:) trans W/H>                        MATCHES	<U(4:'BA'438)-A(8:'BA'496) trans W/H>
	<G(2:)-U(3:) cis S/H>                          MATCHES	<U(0:'BA'439)-U(4:'BA'438) cis H/S>
#  Matched base-stacking interactions: 

>>>>>>>>>>   ALIGNMENT ENDS   >>>>>>>>>>

<<<<<<<<<<  ALIGNMENT BEGINS  <<<<<<<<<<

#  Aligning sarcin-ricin_consensus and 4ybb_BA:772-778_801-806_712-713:
#  Alignment score:  9.4
#  P-value:  1.000e+00
#  Query aligned region: 0-0,8-8
#  Target aligned region: 3:'BA'776-3:'BA'776,8:'BA'803-8:'BA'803

	U...C
	G...G

#  Matched base-pairing interactions: 
	<U(0:)-C(8:) trans S/H>                        MATCHES	<G(3:'BA'776)-G(8:'BA'803) trans S/H>
#  Matched base-stacking interactions: 

>>>>>>>>>>   ALIGNMENT ENDS   >>>>>>>>>>

<<<<<<<<<<  ALIGNMENT BEGINS  <<<<<<<<<<

#  Aligning sarcin-ricin_consensus and 4ybb_BA:1051-1057_1198-1205:
#  Alignment score:  9.4
#  P-value:  1.000e+00
#  Query aligned region: 0-0,8-8
#  Target aligned region: 6:'BA'1058-6:'BA'1058,10:'BA'1202-10:'BA'1202

	U...C
	G...U

#  Matched base-pairing interactions: 
	<U(0:)-C(8:) trans S/H>                        MATCHES	<G(6:'BA'1058)-U(10:'BA'1202) trans S/H>
#  Matched base-stacking interactions: 

>>>>>>>>>>   ALIGNMENT ENDS   >>>>>>>>>>

<<<<<<<<<<  ALIGNMENT BEGINS  <<<<<<<<<<

#  Aligning sarcin-ricin_consensus and 4ybb_BA:650-658_745-754:
#  Alignment score:  8.1
#  P-value:  1.000e+00
#  Query aligned region: 3-4,5-6
#  Target aligned region: 1:'BA'652-3:'BA'654,15:'BA'752-16:'BA'753

	U-A...GA
	UUG...GA

#  Matched base-pairing interactions: 
	<U(3:)-A(6:) trans W/H>                        MATCHES	<U(1:'BA'652)-A(16:'BA'753) trans W/H>
	<A(4:)-G(5:) trans H/S>                        MATCHES	<G(3:'BA'654)-G(15:'BA'752) trans H/S>
#  Matched base-stacking interactions: 
	<A(4:)-A(6:) outward>                          MATCHES	<G(3:'BA'654)-A(16:'BA'753) outward>

>>>>>>>>>>   ALIGNMENT ENDS   >>>>>>>>>>

<<<<<<<<<<  ALIGNMENT BEGINS  <<<<<<<<<<

#  Aligning sarcin-ricin_consensus and 4ybb_BA:96-98_66-73_99-101:
#  Alignment score:  6.2
#  P-value:  1.000e+00
#  Query aligned region: 0-0,8-8
#  Target aligned region: 5:'BA'69-5:'BA'69,11:'BA'100-11:'BA'100

	U...C
	G...G

#  Matched base-pairing interactions: 
	<U(0:)-C(8:) trans S/H>                        MATCHES	<G(5:'BA'69)-G(11:'BA'100) trans S/H>
#  Matched base-stacking interactions: 

>>>>>>>>>>   ALIGNMENT ENDS   >>>>>>>>>>

<<<<<<<<<<  ALIGNMENT BEGINS  <<<<<<<<<<

#  Aligning sarcin-ricin_consensus and 4ybb_BA:1142-1144_1145-1147_1126-1130:
#  Alignment score:  6.2
#  P-value:  1.000e+00
#  Query aligned region: 2-4,5-6
#  Target aligned region: 2:'BA'1145-2:'BA'1145,4:'BA'1147-5:'BA'1148,6:'BA'1127-7:'BA'1128

	G~UA...GA
	A~CU...GC

#  Matched base-pairing interactions: 
	<G(2:)-U(3:) cis S/H>                          MATCHES	<A(2:'BA'1145)-C(4:'BA'1147) cis S/H>
	<A(4:)-G(5:) trans H/S>                        MATCHES	<U(5:'BA'1148)-G(6:'BA'1127) cis W/S>
	<U(3:)-A(6:) trans W/H>                        MATCHES	<C(4:'BA'1147)-C(7:'BA'1128) cis W/S>
#  Matched base-stacking interactions: 

>>>>>>>>>>   ALIGNMENT ENDS   >>>>>>>>>>

<<<<<<<<<<  ALIGNMENT BEGINS  <<<<<<<<<<

#  Aligning sarcin-ricin_consensus and 4ybb_BA:1189-1192_1062-1067_1106-1108:
#  Alignment score:  6
#  P-value:  1.000e+00
#  Query aligned region: 2-4,5-6
#  Target aligned region: 0:'BA'1190-2:'BA'1192,5:'BA'1064-7:'BA'1066

	GUA...G-A
	GAC...GUC

#  Matched base-pairing interactions: 
	<U(3:)-A(6:) trans W/H>                        MATCHES	<A(1:'BA'1191)-C(7:'BA'1066) trans H/W>
	<A(4:)-G(5:) trans H/S>                        MATCHES	<C(2:'BA'1192)-G(5:'BA'1064) cis H/W>
	<G(2:)-U(3:) cis S/H>                          MATCHES	<G(0:'BA'1190)-A(1:'BA'1191) cis S/H>
#  Matched base-stacking interactions: 

>>>>>>>>>>   ALIGNMENT ENDS   >>>>>>>>>>

<<<<<<<<<<  ALIGNMENT BEGINS  <<<<<<<<<<

#  Aligning sarcin-ricin_consensus and 4ybb_BA:353-355_368-375_386-392:
#  Alignment score:  6
#  P-value:  1.000e+00
#  Query aligned region: 2-3,6-6
#  Target aligned region: 2:'BA'356-2:'BA'356,3:'BA'369-3:'BA'369,12:'BA'388-12:'BA'388

	G~U...A
	A~G...G

#  Matched base-pairing interactions: 
	<G(2:)-U(3:) cis S/H>                          MATCHES	<A(2:'BA'356)-G(3:'BA'369) cis S/H>
	<U(3:)-A(6:) trans W/H>                        MATCHES	<G(3:'BA'369)-G(12:'BA'388) cis -/->
#  Matched base-stacking interactions: 

>>>>>>>>>>   ALIGNMENT ENDS   >>>>>>>>>>

<<<<<<<<<<  ALIGNMENT BEGINS  <<<<<<<<<<

#  Aligning sarcin-ricin_consensus and 4ybb_BA:532-534_535-536_514-520:
#  Alignment score:  5.2
#  P-value:  1.000e+00
#  Query aligned region: 1-3,6-7
#  Target aligned region: 0:'BA'533-2:'BA'535,3:'BA'536-3:'BA'536,5:'BA'515-7:'BA'517

	A-G~U...A-A
	AUA~C...GUG

#  Matched base-pairing interactions: 
	<A(1:)-A(7:) trans H/H>                        MATCHES	<A(0:'BA'533)-G(7:'BA'517) cis -/->
	<G(2:)-U(3:) cis S/H>                          MATCHES	<A(2:'BA'535)-C(3:'BA'536) cis S/H>
	<U(3:)-A(6:) trans W/H>                        MATCHES	<C(3:'BA'536)-G(5:'BA'515) cis W/W>
#  Matched base-stacking interactions: 
	<A(1:)-U(3:) outward>                          MATCHES	<A(0:'BA'533)-C(3:'BA'536) upward>

>>>>>>>>>>   ALIGNMENT ENDS   >>>>>>>>>>

<<<<<<<<<<  ALIGNMENT BEGINS  <<<<<<<<<<

#  Aligning sarcin-ricin_consensus and 4ybb_BA:286-288_114-121_310-312:
#  Alignment score:  5
#  P-value:  1.000e+00
#  Query aligned region: 2-3,6-6
#  Target aligned region: 3:'BA'115-4:'BA'116,13:'BA'313-13:'BA'313

	GU...A
	GA...A

#  Matched base-pairing interactions: 
	<G(2:)-U(3:) cis S/H>                          MATCHES	<G(3:'BA'115)-A(4:'BA'116) cis S/H>
	<U(3:)-A(6:) trans W/H>                        MATCHES	<A(4:'BA'116)-A(13:'BA'313) trans W/S>
#  Matched base-stacking interactions: 

>>>>>>>>>>   ALIGNMENT ENDS   >>>>>>>>>>

<<<<<<<<<<  ALIGNMENT BEGINS  <<<<<<<<<<

#  Aligning sarcin-ricin_consensus and 4ybb_BA:139-143_192-195_178-183:
#  Alignment score:  4.6
#  P-value:  1.000e+00
#  Query aligned region: 0-0,8-8
#  Target aligned region: 0:'BA'140-0:'BA'140,13:'BA'183-13:'BA'183

	U...C
	U...C

#  Matched base-pairing interactions: 
	<U(0:)-C(8:) trans S/H>                        MATCHES	<U(0:'BA'140)-C(13:'BA'183) cis -/->
#  Matched base-stacking interactions: 

>>>>>>>>>>   ALIGNMENT ENDS   >>>>>>>>>>

<<<<<<<<<<  ALIGNMENT BEGINS  <<<<<<<<<<

#  Aligning sarcin-ricin_consensus and 4ybb_BA:1062-1067_1189-1192_1106-1108:
#  Alignment score:  4.6
#  P-value:  1.000e+00
#  Query aligned region: 0-0,8-8
#  Target aligned region: 2:'BA'1065-2:'BA'1065,12:'BA'1109-12:'BA'1109

	U...C
	U...C

#  Matched base-pairing interactions: 
	<U(0:)-C(8:) trans S/H>                        MATCHES	<U(2:'BA'1065)-C(12:'BA'1109) cis -/->
#  Matched base-stacking interactions: 

>>>>>>>>>>   ALIGNMENT ENDS   >>>>>>>>>>

<<<<<<<<<<  ALIGNMENT BEGINS  <<<<<<<<<<

#  Aligning sarcin-ricin_consensus and 4ybb_BA:393-395_359-366_44-49:
#  Alignment score:  4.2
#  P-value:  1.000e+00
#  Query aligned region: 0-0,8-8
#  Target aligned region: 7:'BA'364-7:'BA'364,14:'BA'48-14:'BA'48

	U...C
	A...C

#  Matched base-pairing interactions: 
	<U(0:)-C(8:) trans S/H>                        MATCHES	<A(7:'BA'364)-C(14:'BA'48) trans W/H>
#  Matched base-stacking interactions: 

>>>>>>>>>>   ALIGNMENT ENDS   >>>>>>>>>>

<<<<<<<<<<  ALIGNMENT BEGINS  <<<<<<<<<<

#  Aligning sarcin-ricin_consensus and 4ybb_BA:1245-1250_1368-1371_1286-1291:
#  Alignment score:  4.2
#  P-value:  1.000e+00
#  Query aligned region: 0-0,8-8
#  Target aligned region: 5:'BA'1251-5:'BA'1251,6:'BA'1369-6:'BA'1369

	U...C
	A...C

#  Matched base-pairing interactions: 
	<U(0:)-C(8:) trans S/H>                        MATCHES	<A(5:'BA'1251)-C(6:'BA'1369) cis -/->
#  Matched base-stacking interactions: 

>>>>>>>>>>   ALIGNMENT ENDS   >>>>>>>>>>

<<<<<<<<<<  ALIGNMENT BEGINS  <<<<<<<<<<

#  Aligning sarcin-ricin_consensus and 4ybb_BA:1103-1108_1088-1095_1066-1071:
#  Alignment score:  4.2
#  P-value:  1.000e+00
#  Query aligned region: 0-0,8-8
#  Target aligned region: 8:'BA'1091-10:'BA'1093

	U...C
	U...A

#  Matched base-pairing interactions: 
	<U(0:)-C(8:) trans S/H>                        MATCHES	<U(8:'BA'1091)-A(10:'BA'1093) cis -/->
#  Matched base-stacking interactions: 

>>>>>>>>>>   ALIGNMENT ENDS   >>>>>>>>>>

<<<<<<<<<<  ALIGNMENT BEGINS  <<<<<<<<<<

#  Aligning sarcin-ricin_consensus and 4ybb_BA:784-788_790-796_693-696:
#  Alignment score:  4.2
#  P-value:  1.000e+00
#  Query aligned region: 0-0,8-8
#  Target aligned region: 4:'BA'789-4:'BA'789,5:'BA'791-5:'BA'791

	U...C
	U...G

#  Matched base-pairing interactions: 
	<U(0:)-C(8:) trans S/H>                        MATCHES	<U(4:'BA'789)-G(5:'BA'791) cis -/->
#  Matched base-stacking interactions: 

>>>>>>>>>>   ALIGNMENT ENDS   >>>>>>>>>>

<<<<<<<<<<  ALIGNMENT BEGINS  <<<<<<<<<<

#  Aligning sarcin-ricin_consensus and 4ybb_BA:386-392_353-355_368-375:
#  Alignment score:  4.2
#  P-value:  1.000e+00
#  Query aligned region: 0-0,8-8
#  Target aligned region: 1:'BA'388-1:'BA'388,8:'BA'355-8:'BA'355

	U...C
	G...C

#  Matched base-pairing interactions: 
	<U(0:)-C(8:) trans S/H>                        MATCHES	<G(1:'BA'388)-C(8:'BA'355) cis -/->
#  Matched base-stacking interactions: 

>>>>>>>>>>   ALIGNMENT ENDS   >>>>>>>>>>

<<<<<<<<<<  ALIGNMENT BEGINS  <<<<<<<<<<

#  Aligning sarcin-ricin_consensus and 4ybb_BA:212-214_200-206_461-469:
#  Alignment score:  4.2
#  P-value:  1.000e+00
#  Query aligned region: 0-0,8-8
#  Target aligned region: 3:'BA'201-3:'BA'201,17:'BA'469-17:'BA'469

	U...C
	G...C

#  Matched base-pairing interactions: 
	<U(0:)-C(8:) trans S/H>                        MATCHES	<G(3:'BA'201)-C(17:'BA'469) cis -/->
#  Matched base-stacking interactions: 

>>>>>>>>>>   ALIGNMENT ENDS   >>>>>>>>>>

<<<<<<<<<<  ALIGNMENT BEGINS  <<<<<<<<<<

#  Aligning sarcin-ricin_consensus and 4ybb_BA:167-171_101-102_148-153:
#  Alignment score:  4.1
#  P-value:  1.000e+00
#  Query aligned region: 
#  Target aligned region: 

	
	

#  Matched base-pairing interactions: 
#  Matched base-stacking interactions: 

>>>>>>>>>>   ALIGNMENT ENDS   >>>>>>>>>>

<<<<<<<<<<  ALIGNMENT BEGINS  <<<<<<<<<<

#  Aligning sarcin-ricin_consensus and 4ybb_BA:167-173_101-102_147-152:
#  Alignment score:  4.1
#  P-value:  1.000e+00
#  Query aligned region: 
#  Target aligned region: 

	
	

#  Matched base-pairing interactions: 
#  Matched base-stacking interactions: 

>>>>>>>>>>   ALIGNMENT ENDS   >>>>>>>>>>

<<<<<<<<<<  ALIGNMENT BEGINS  <<<<<<<<<<

#  Aligning sarcin-ricin_consensus and 4ybb_BA:168-174_101-102_146-152:
#  Alignment score:  4.1
#  P-value:  1.000e+00
#  Query aligned region: 
#  Target aligned region: 

	
	

#  Matched base-pairing interactions: 
#  Matched base-stacking interactions: 

>>>>>>>>>>   ALIGNMENT ENDS   >>>>>>>>>>

<<<<<<<<<<  ALIGNMENT BEGINS  <<<<<<<<<<

#  Aligning sarcin-ricin_consensus and 4ybb_BA:1066-1071_1088-1095_1103-1108:
#  Alignment score:  4
#  P-value:  1.000e+00
#  Query aligned region: 
#  Target aligned region: 

	
	

#  Matched base-pairing interactions: 
#  Matched base-stacking interactions: 

>>>>>>>>>>   ALIGNMENT ENDS   >>>>>>>>>>

<<<<<<<<<<  ALIGNMENT BEGINS  <<<<<<<<<<

#  Aligning sarcin-ricin_consensus and 4ybb_BA:101-102_167-173_147-152:
#  Alignment score:  4
#  P-value:  1.000e+00
#  Query aligned region: 
#  Target aligned region: 

	
	

#  Matched base-pairing interactions: 
#  Matched base-stacking interactions: 

>>>>>>>>>>   ALIGNMENT ENDS   >>>>>>>>>>

<<<<<<<<<<  ALIGNMENT BEGINS  <<<<<<<<<<

#  Aligning sarcin-ricin_consensus and 4ybb_BA:167-173_147-152_101-102:
#  Alignment score:  4
#  P-value:  1.000e+00
#  Query aligned region: 
#  Target aligned region: 

	
	

#  Matched base-pairing interactions: 
#  Matched base-stacking interactions: 

>>>>>>>>>>   ALIGNMENT ENDS   >>>>>>>>>>

<<<<<<<<<<  ALIGNMENT BEGINS  <<<<<<<<<<

#  Aligning sarcin-ricin_consensus and 4ybb_BA:101-102_168-174_146-152:
#  Alignment score:  4
#  P-value:  1.000e+00
#  Query aligned region: 
#  Target aligned region: 

	
	

#  Matched base-pairing interactions: 
#  Matched base-stacking interactions: 

>>>>>>>>>>   ALIGNMENT ENDS   >>>>>>>>>>

<<<<<<<<<<  ALIGNMENT BEGINS  <<<<<<<<<<

#  Aligning sarcin-ricin_consensus and 4ybb_BA:168-174_146-152_101-102:
#  Alignment score:  4
#  P-value:  1.000e+00
#  Query aligned region: 
#  Target aligned region: 

	
	

#  Matched base-pairing interactions: 
#  Matched base-stacking interactions: 

>>>>>>>>>>   ALIGNMENT ENDS   >>>>>>>>>>

<<<<<<<<<<  ALIGNMENT BEGINS  <<<<<<<<<<

#  Aligning sarcin-ricin_consensus and 4ybb_BA:1268-1269_1311-1315_1317-1324:
#  Alignment score:  3.8
#  P-value:  1.000e+00
#  Query aligned region: 0-0,8-8
#  Target aligned region: 6:'BA'1316-6:'BA'1316,7:'BA'1318-7:'BA'1318

	U...C
	G...A

#  Matched base-pairing interactions: 
	<U(0:)-C(8:) trans S/H>                        MATCHES	<G(6:'BA'1316)-A(7:'BA'1318) cis -/->
#  Matched base-stacking interactions: 

>>>>>>>>>>   ALIGNMENT ENDS   >>>>>>>>>>

<<<<<<<<<<  ALIGNMENT BEGINS  <<<<<<<<<<

#  Aligning sarcin-ricin_consensus and 4ybb_BA:101-102_167-171_148-153:
#  Alignment score:  3.8
#  P-value:  1.000e+00
#  Query aligned region: 
#  Target aligned region: 

	
	

#  Matched base-pairing interactions: 
#  Matched base-stacking interactions: 

>>>>>>>>>>   ALIGNMENT ENDS   >>>>>>>>>>

<<<<<<<<<<  ALIGNMENT BEGINS  <<<<<<<<<<

#  Aligning sarcin-ricin_consensus and 4ybb_BA:45-51_359-366_392-394:
#  Alignment score:  3.8
#  P-value:  1.000e+00
#  Query aligned region: 1-4,5-7
#  Target aligned region: 0:'BA'46-1:'BA'47,13:'BA'366-14:'BA'367,15:'BA'393-17:'BA'395

	AG~UA...GAA
	GC~AU...AGC

#  Matched base-pairing interactions: 
	<A(4:)-G(5:) trans H/S>                        MATCHES	<U(14:'BA'367)-A(15:'BA'393) cis W/W>
	<U(3:)-A(6:) trans W/H>                        MATCHES	<A(13:'BA'366)-G(16:'BA'394) cis S/W>
	<G(2:)-U(3:) cis S/H>                          MATCHES	<C(1:'BA'47)-A(13:'BA'366) cis -/->
	<A(1:)-A(7:) trans H/H>                        MATCHES	<G(0:'BA'46)-C(17:'BA'395) cis W/W>
#  Matched base-stacking interactions: 
	<A(4:)-A(6:) outward>                          MATCHES	<U(14:'BA'367)-G(16:'BA'394) outward>
	<A(1:)-U(3:) outward>                          MATCHES	<G(0:'BA'46)-A(13:'BA'366) upward>

>>>>>>>>>>   ALIGNMENT ENDS   >>>>>>>>>>

<<<<<<<<<<  ALIGNMENT BEGINS  <<<<<<<<<<

#  Aligning sarcin-ricin_consensus and 4ybb_BA:801-806_772-778_712-713:
#  Alignment score:  3.7
#  P-value:  1.000e+00
#  Query aligned region: 
#  Target aligned region: 

	
	

#  Matched base-pairing interactions: 
#  Matched base-stacking interactions: 

>>>>>>>>>>   ALIGNMENT ENDS   >>>>>>>>>>

<<<<<<<<<<  ALIGNMENT BEGINS  <<<<<<<<<<

#  Aligning sarcin-ricin_consensus and 4ybb_BA:801-806_712-713_772-778:
#  Alignment score:  3.7
#  P-value:  1.000e+00
#  Query aligned region: 
#  Target aligned region: 

	
	

#  Matched base-pairing interactions: 
#  Matched base-stacking interactions: 

>>>>>>>>>>   ALIGNMENT ENDS   >>>>>>>>>>

<<<<<<<<<<  ALIGNMENT BEGINS  <<<<<<<<<<

#  Aligning sarcin-ricin_consensus and 4ybb_BA:712-713_801-806_772-778:
#  Alignment score:  3.7
#  P-value:  1.000e+00
#  Query aligned region: 
#  Target aligned region: 

	
	

#  Matched base-pairing interactions: 
#  Matched base-stacking interactions: 

>>>>>>>>>>   ALIGNMENT ENDS   >>>>>>>>>>

<<<<<<<<<<  ALIGNMENT BEGINS  <<<<<<<<<<

#  Aligning sarcin-ricin_consensus and 4ybb_BA:99-101_66-73_96-98:
#  Alignment score:  3.7
#  P-value:  1.000e+00
#  Query aligned region: 
#  Target aligned region: 

	
	

#  Matched base-pairing interactions: 
#  Matched base-stacking interactions: 

>>>>>>>>>>   ALIGNMENT ENDS   >>>>>>>>>>

<<<<<<<<<<  ALIGNMENT BEGINS  <<<<<<<<<<

#  Aligning sarcin-ricin_consensus and 4ybb_BA:790-796_784-788_693-696:
#  Alignment score:  3.6
#  P-value:  1.000e+00
#  Query aligned region: 
#  Target aligned region: 

	
	

#  Matched base-pairing interactions: 
#  Matched base-stacking interactions: 

>>>>>>>>>>   ALIGNMENT ENDS   >>>>>>>>>>

<<<<<<<<<<  ALIGNMENT BEGINS  <<<<<<<<<<

#  Aligning sarcin-ricin_consensus and 4ybb_BA:169-175_101-102_145-150:
#  Alignment score:  3.6
#  P-value:  1.000e+00
#  Query aligned region: 
#  Target aligned region: 

	
	

#  Matched base-pairing interactions: 
#  Matched base-stacking interactions: 

>>>>>>>>>>   ALIGNMENT ENDS   >>>>>>>>>>

<<<<<<<<<<  ALIGNMENT BEGINS  <<<<<<<<<<

#  Aligning sarcin-ricin_consensus and 4ybb_BA:101-102_148-153_167-171:
#  Alignment score:  3.5
#  P-value:  1.000e+00
#  Query aligned region: 
#  Target aligned region: 

	
	

#  Matched base-pairing interactions: 
#  Matched base-stacking interactions: 

>>>>>>>>>>   ALIGNMENT ENDS   >>>>>>>>>>

<<<<<<<<<<  ALIGNMENT BEGINS  <<<<<<<<<<

#  Aligning sarcin-ricin_consensus and 4ybb_BA:167-171_148-153_101-102:
#  Alignment score:  3.5
#  P-value:  1.000e+00
#  Query aligned region: 
#  Target aligned region: 

	
	

#  Matched base-pairing interactions: 
#  Matched base-stacking interactions: 

>>>>>>>>>>   ALIGNMENT ENDS   >>>>>>>>>>

<<<<<<<<<<  ALIGNMENT BEGINS  <<<<<<<<<<

#  Aligning sarcin-ricin_consensus and 4ybb_BA:101-102_147-152_167-173:
#  Alignment score:  3.5
#  P-value:  1.000e+00
#  Query aligned region: 
#  Target aligned region: 

	
	

#  Matched base-pairing interactions: 
#  Matched base-stacking interactions: 

>>>>>>>>>>   ALIGNMENT ENDS   >>>>>>>>>>

<<<<<<<<<<  ALIGNMENT BEGINS  <<<<<<<<<<

#  Aligning sarcin-ricin_consensus and 4ybb_BA:101-102_146-152_168-174:
#  Alignment score:  3.5
#  P-value:  1.000e+00
#  Query aligned region: 
#  Target aligned region: 

	
	

#  Matched base-pairing interactions: 
#  Matched base-stacking interactions: 

>>>>>>>>>>   ALIGNMENT ENDS   >>>>>>>>>>

<<<<<<<<<<  ALIGNMENT BEGINS  <<<<<<<<<<

#  Aligning sarcin-ricin_consensus and 4ybb_BA:1129-1131_1124-1128_1141-1147:
#  Alignment score:  3.5
#  P-value:  1.000e+00
#  Query aligned region: 
#  Target aligned region: 

	
	

#  Matched base-pairing interactions: 
#  Matched base-stacking interactions: 

>>>>>>>>>>   ALIGNMENT ENDS   >>>>>>>>>>

<<<<<<<<<<  ALIGNMENT BEGINS  <<<<<<<<<<

#  Aligning sarcin-ricin_consensus and 4ybb_BA:1066-1071_1103-1108_1088-1095:
#  Alignment score:  3.4
#  P-value:  1.000e+00
#  Query aligned region: 
#  Target aligned region: 

	
	

#  Matched base-pairing interactions: 
#  Matched base-stacking interactions: 

>>>>>>>>>>   ALIGNMENT ENDS   >>>>>>>>>>

<<<<<<<<<<  ALIGNMENT BEGINS  <<<<<<<<<<

#  Aligning sarcin-ricin_consensus and 4ybb_BA:1043-1046_987-995_1212-1216:
#  Alignment score:  3.4
#  P-value:  1.000e+00
#  Query aligned region: 
#  Target aligned region: 

	
	

#  Matched base-pairing interactions: 
#  Matched base-stacking interactions: 

>>>>>>>>>>   ALIGNMENT ENDS   >>>>>>>>>>

<<<<<<<<<<  ALIGNMENT BEGINS  <<<<<<<<<<

#  Aligning sarcin-ricin_consensus and 4ybb_BA:987-995_1043-1046_1212-1216:
#  Alignment score:  3.4
#  P-value:  1.000e+00
#  Query aligned region: 
#  Target aligned region: 

	
	

#  Matched base-pairing interactions: 
#  Matched base-stacking interactions: 

>>>>>>>>>>   ALIGNMENT ENDS   >>>>>>>>>>

<<<<<<<<<<  ALIGNMENT BEGINS  <<<<<<<<<<

#  Aligning sarcin-ricin_consensus and 4ybb_BA:1522-1528_764-767_810-815:
#  Alignment score:  3.4
#  P-value:  1.000e+00
#  Query aligned region: 
#  Target aligned region: 

	
	

#  Matched base-pairing interactions: 
#  Matched base-stacking interactions: 

>>>>>>>>>>   ALIGNMENT ENDS   >>>>>>>>>>

<<<<<<<<<<  ALIGNMENT BEGINS  <<<<<<<<<<

#  Aligning sarcin-ricin_consensus and 4ybb_BA:1001-1003_1035-1040_998-1000:
#  Alignment score:  3.4
#  P-value:  1.000e+00
#  Query aligned region: 
#  Target aligned region: 

	
	

#  Matched base-pairing interactions: 
#  Matched base-stacking interactions: 

>>>>>>>>>>   ALIGNMENT ENDS   >>>>>>>>>>

<<<<<<<<<<  ALIGNMENT BEGINS  <<<<<<<<<<

#  Aligning sarcin-ricin_consensus and 4ybb_BA:1035-1040_1001-1003_998-1000:
#  Alignment score:  3.4
#  P-value:  1.000e+00
#  Query aligned region: 
#  Target aligned region: 

	
	

#  Matched base-pairing interactions: 
#  Matched base-stacking interactions: 

>>>>>>>>>>   ALIGNMENT ENDS   >>>>>>>>>>

<<<<<<<<<<  ALIGNMENT BEGINS  <<<<<<<<<<

#  Aligning sarcin-ricin_consensus and 4ybb_BA:948-953_969-971_1225-1232:
#  Alignment score:  3.4
#  P-value:  1.000e+00
#  Query aligned region: 
#  Target aligned region: 

	
	

#  Matched base-pairing interactions: 
#  Matched base-stacking interactions: 

>>>>>>>>>>   ALIGNMENT ENDS   >>>>>>>>>>

<<<<<<<<<<  ALIGNMENT BEGINS  <<<<<<<<<<

#  Aligning sarcin-ricin_consensus and 4ybb_BA:288-292_303-304_307-310:
#  Alignment score:  3.3
#  P-value:  1.000e+00
#  Query aligned region: 
#  Target aligned region: 

	
	

#  Matched base-pairing interactions: 
#  Matched base-stacking interactions: 

>>>>>>>>>>   ALIGNMENT ENDS   >>>>>>>>>>

<<<<<<<<<<  ALIGNMENT BEGINS  <<<<<<<<<<

#  Aligning sarcin-ricin_consensus and 4ybb_BA:1179-1181_1155-1162_1173-1177:
#  Alignment score:  3.3
#  P-value:  1.000e+00
#  Query aligned region: 
#  Target aligned region: 

	
	

#  Matched base-pairing interactions: 
#  Matched base-stacking interactions: 

>>>>>>>>>>   ALIGNMENT ENDS   >>>>>>>>>>

<<<<<<<<<<  ALIGNMENT BEGINS  <<<<<<<<<<

#  Aligning sarcin-ricin_consensus and 4ybb_BA:1155-1162_1179-1181_1173-1177:
#  Alignment score:  3.3
#  P-value:  1.000e+00
#  Query aligned region: 
#  Target aligned region: 

	
	

#  Matched base-pairing interactions: 
#  Matched base-stacking interactions: 

>>>>>>>>>>   ALIGNMENT ENDS   >>>>>>>>>>

<<<<<<<<<<  ALIGNMENT BEGINS  <<<<<<<<<<

#  Aligning sarcin-ricin_consensus and 4ybb_BA:286-288_310-312_114-121:
#  Alignment score:  3.3
#  P-value:  1.000e+00
#  Query aligned region: 
#  Target aligned region: 

	
	

#  Matched base-pairing interactions: 
#  Matched base-stacking interactions: 

>>>>>>>>>>   ALIGNMENT ENDS   >>>>>>>>>>

<<<<<<<<<<  ALIGNMENT BEGINS  <<<<<<<<<<

#  Aligning sarcin-ricin_consensus and 4ybb_BA:1124-1128_1141-1147_1129-1131:
#  Alignment score:  3.3
#  P-value:  1.000e+00
#  Query aligned region: 
#  Target aligned region: 

	
	

#  Matched base-pairing interactions: 
#  Matched base-stacking interactions: 

>>>>>>>>>>   ALIGNMENT ENDS   >>>>>>>>>>

<<<<<<<<<<  ALIGNMENT BEGINS  <<<<<<<<<<

#  Aligning sarcin-ricin_consensus and 4ybb_BA:1141-1147_1124-1128_1129-1131:
#  Alignment score:  3.3
#  P-value:  1.000e+00
#  Query aligned region: 
#  Target aligned region: 

	
	

#  Matched base-pairing interactions: 
#  Matched base-stacking interactions: 

>>>>>>>>>>   ALIGNMENT ENDS   >>>>>>>>>>

<<<<<<<<<<  ALIGNMENT BEGINS  <<<<<<<<<<

#  Aligning sarcin-ricin_consensus and 4ybb_BA:595-597_593-594_639-644:
#  Alignment score:  3.3
#  P-value:  1.000e+00
#  Query aligned region: 
#  Target aligned region: 

	
	

#  Matched base-pairing interactions: 
#  Matched base-stacking interactions: 

>>>>>>>>>>   ALIGNMENT ENDS   >>>>>>>>>>

<<<<<<<<<<  ALIGNMENT BEGINS  <<<<<<<<<<

#  Aligning sarcin-ricin_consensus and 4ybb_BA:196-197_170-175_145-149:
#  Alignment score:  3.3
#  P-value:  1.000e+00
#  Query aligned region: 
#  Target aligned region: 

	
	

#  Matched base-pairing interactions: 
#  Matched base-stacking interactions: 

>>>>>>>>>>   ALIGNMENT ENDS   >>>>>>>>>>

<<<<<<<<<<  ALIGNMENT BEGINS  <<<<<<<<<<

#  Aligning sarcin-ricin_consensus and 4ybb_BA:170-175_196-197_145-149:
#  Alignment score:  3.3
#  P-value:  1.000e+00
#  Query aligned region: 
#  Target aligned region: 

	
	

#  Matched base-pairing interactions: 
#  Matched base-stacking interactions: 

>>>>>>>>>>   ALIGNMENT ENDS   >>>>>>>>>>

<<<<<<<<<<  ALIGNMENT BEGINS  <<<<<<<<<<

#  Aligning sarcin-ricin_consensus and 4ybb_BA:97-102_63-70:
#  Alignment score:  3.2
#  P-value:  1.000e+00
#  Query aligned region: 
#  Target aligned region: 

	
	

#  Matched base-pairing interactions: 
#  Matched base-stacking interactions: 

>>>>>>>>>>   ALIGNMENT ENDS   >>>>>>>>>>

<<<<<<<<<<  ALIGNMENT BEGINS  <<<<<<<<<<

#  Aligning sarcin-ricin_consensus and 4ybb_BA:44-49_393-395_359-366:
#  Alignment score:  3.2
#  P-value:  1.000e+00
#  Query aligned region: 
#  Target aligned region: 

	
	

#  Matched base-pairing interactions: 
#  Matched base-stacking interactions: 

>>>>>>>>>>   ALIGNMENT ENDS   >>>>>>>>>>

<<<<<<<<<<  ALIGNMENT BEGINS  <<<<<<<<<<

#  Aligning sarcin-ricin_consensus and 4ybb_BA:44-49_359-366_393-395:
#  Alignment score:  3.2
#  P-value:  1.000e+00
#  Query aligned region: 
#  Target aligned region: 

	
	

#  Matched base-pairing interactions: 
#  Matched base-stacking interactions: 

>>>>>>>>>>   ALIGNMENT ENDS   >>>>>>>>>>

<<<<<<<<<<  ALIGNMENT BEGINS  <<<<<<<<<<

#  Aligning sarcin-ricin_consensus and 4ybb_BA:1368-1371_1286-1291_1245-1250:
#  Alignment score:  3.2
#  P-value:  1.000e+00
#  Query aligned region: 
#  Target aligned region: 

	
	

#  Matched base-pairing interactions: 
#  Matched base-stacking interactions: 

>>>>>>>>>>   ALIGNMENT ENDS   >>>>>>>>>>

<<<<<<<<<<  ALIGNMENT BEGINS  <<<<<<<<<<

#  Aligning sarcin-ricin_consensus and 4ybb_BA:1286-1291_1368-1371_1245-1250:
#  Alignment score:  3.2
#  P-value:  1.000e+00
#  Query aligned region: 
#  Target aligned region: 

	
	

#  Matched base-pairing interactions: 
#  Matched base-stacking interactions: 

>>>>>>>>>>   ALIGNMENT ENDS   >>>>>>>>>>

<<<<<<<<<<  ALIGNMENT BEGINS  <<<<<<<<<<

#  Aligning sarcin-ricin_consensus and 4ybb_BA:1286-1291_1245-1250_1368-1371:
#  Alignment score:  3.2
#  P-value:  1.000e+00
#  Query aligned region: 
#  Target aligned region: 

	
	

#  Matched base-pairing interactions: 
#  Matched base-stacking interactions: 

>>>>>>>>>>   ALIGNMENT ENDS   >>>>>>>>>>

<<<<<<<<<<  ALIGNMENT BEGINS  <<<<<<<<<<

#  Aligning sarcin-ricin_consensus and 4ybb_BA:1173-1177_1179-1181_1155-1162:
#  Alignment score:  3.2
#  P-value:  1.000e+00
#  Query aligned region: 0-0,8-8
#  Target aligned region: 1:'BA'1175-1:'BA'1175,13:'BA'1161-13:'BA'1161

	U...C
	G...C

#  Matched base-pairing interactions: 
	<U(0:)-C(8:) trans S/H>                        MATCHES	<G(1:'BA'1175)-C(13:'BA'1161) cis W/W>
#  Matched base-stacking interactions: 

>>>>>>>>>>   ALIGNMENT ENDS   >>>>>>>>>>

<<<<<<<<<<  ALIGNMENT BEGINS  <<<<<<<<<<

#  Aligning sarcin-ricin_consensus and 4ybb_BA:1212-1216_987-995_1043-1046:
#  Alignment score:  3.2
#  P-value:  1.000e+00
#  Query aligned region: 0-0,8-8
#  Target aligned region: 9:'BA'992-9:'BA'992,14:'BA'1044-14:'BA'1044

	U...C
	U...A

#  Matched base-pairing interactions: 
	<U(0:)-C(8:) trans S/H>                        MATCHES	<U(9:'BA'992)-A(14:'BA'1044) trans W/H>
#  Matched base-stacking interactions: 

>>>>>>>>>>   ALIGNMENT ENDS   >>>>>>>>>>

<<<<<<<<<<  ALIGNMENT BEGINS  <<<<<<<<<<

#  Aligning sarcin-ricin_consensus and 4ybb_BA:1043-1046_1212-1216_987-995:
#  Alignment score:  3.2
#  P-value:  1.000e+00
#  Query aligned region: 
#  Target aligned region: 

	
	

#  Matched base-pairing interactions: 
#  Matched base-stacking interactions: 

>>>>>>>>>>   ALIGNMENT ENDS   >>>>>>>>>>

<<<<<<<<<<  ALIGNMENT BEGINS  <<<<<<<<<<

#  Aligning sarcin-ricin_consensus and 4ybb_BA:987-995_1212-1216_1043-1046:
#  Alignment score:  3.2
#  P-value:  1.000e+00
#  Query aligned region: 0-0,8-8
#  Target aligned region: 0:'BA'988-0:'BA'988,13:'BA'1217-13:'BA'1217

	U...C
	G...C

#  Matched base-pairing interactions: 
	<U(0:)-C(8:) trans S/H>                        MATCHES	<G(0:'BA'988)-C(13:'BA'1217) cis W/W>
#  Matched base-stacking interactions: 

>>>>>>>>>>   ALIGNMENT ENDS   >>>>>>>>>>

<<<<<<<<<<  ALIGNMENT BEGINS  <<<<<<<<<<

#  Aligning sarcin-ricin_consensus and 4ybb_BA:790-796_693-696_784-788:
#  Alignment score:  3.2
#  P-value:  1.000e+00
#  Query aligned region: 
#  Target aligned region: 

	
	

#  Matched base-pairing interactions: 
#  Matched base-stacking interactions: 

>>>>>>>>>>   ALIGNMENT ENDS   >>>>>>>>>>

<<<<<<<<<<  ALIGNMENT BEGINS  <<<<<<<<<<

#  Aligning sarcin-ricin_consensus and 4ybb_BA:764-767_1522-1528_810-815:
#  Alignment score:  3.2
#  P-value:  1.000e+00
#  Query aligned region: 0-0,8-8
#  Target aligned region: 2:'BA'767-2:'BA'767,5:'BA'1524-5:'BA'1524

	U...C
	A...C

#  Matched base-pairing interactions: 
	<U(0:)-C(8:) trans S/H>                        MATCHES	<A(2:'BA'767)-C(5:'BA'1524) cis S/S>
#  Matched base-stacking interactions: 

>>>>>>>>>>   ALIGNMENT ENDS   >>>>>>>>>>

<<<<<<<<<<  ALIGNMENT BEGINS  <<<<<<<<<<

#  Aligning sarcin-ricin_consensus and 4ybb_BA:764-767_810-815_1522-1528:
#  Alignment score:  3.2
#  P-value:  1.000e+00
#  Query aligned region: 0-0,8-8
#  Target aligned region: 3:'BA'768-3:'BA'768,4:'BA'811-4:'BA'811

	U...C
	A...C

#  Matched base-pairing interactions: 
	<U(0:)-C(8:) trans S/H>                        MATCHES	<A(3:'BA'768)-C(4:'BA'811) cis W/W>
#  Matched base-stacking interactions: 

>>>>>>>>>>   ALIGNMENT ENDS   >>>>>>>>>>

<<<<<<<<<<  ALIGNMENT BEGINS  <<<<<<<<<<

#  Aligning sarcin-ricin_consensus and 4ybb_BA:399-401_614-620_621-625:
#  Alignment score:  3.2
#  P-value:  1.000e+00
#  Query aligned region: 
#  Target aligned region: 

	
	

#  Matched base-pairing interactions: 
#  Matched base-stacking interactions: 

>>>>>>>>>>   ALIGNMENT ENDS   >>>>>>>>>>

<<<<<<<<<<  ALIGNMENT BEGINS  <<<<<<<<<<

#  Aligning sarcin-ricin_consensus and 4ybb_BA:403-407_493-497_434-439:
#  Alignment score:  3.2
#  P-value:  1.000e+00
#  Query aligned region: 
#  Target aligned region: 

	
	

#  Matched base-pairing interactions: 
#  Matched base-stacking interactions: 

>>>>>>>>>>   ALIGNMENT ENDS   >>>>>>>>>>

<<<<<<<<<<  ALIGNMENT BEGINS  <<<<<<<<<<

#  Aligning sarcin-ricin_consensus and 4ybb_BA:141-144_176-183_193-197:
#  Alignment score:  3.2
#  P-value:  1.000e+00
#  Query aligned region: 
#  Target aligned region: 

	
	

#  Matched base-pairing interactions: 
#  Matched base-stacking interactions: 

>>>>>>>>>>   ALIGNMENT ENDS   >>>>>>>>>>

<<<<<<<<<<  ALIGNMENT BEGINS  <<<<<<<<<<

#  Aligning sarcin-ricin_consensus and 4ybb_BA:141-145_175-180_193-197:
#  Alignment score:  3.2
#  P-value:  1.000e+00
#  Query aligned region: 
#  Target aligned region: 

	
	

#  Matched base-pairing interactions: 
#  Matched base-stacking interactions: 

>>>>>>>>>>   ALIGNMENT ENDS   >>>>>>>>>>

<<<<<<<<<<  ALIGNMENT BEGINS  <<<<<<<<<<

#  Aligning sarcin-ricin_consensus and 4ybb_BA:148-153_101-102_167-171:
#  Alignment score:  3.2
#  P-value:  1.000e+00
#  Query aligned region: 
#  Target aligned region: 

	
	

#  Matched base-pairing interactions: 
#  Matched base-stacking interactions: 

>>>>>>>>>>   ALIGNMENT ENDS   >>>>>>>>>>

<<<<<<<<<<  ALIGNMENT BEGINS  <<<<<<<<<<

#  Aligning sarcin-ricin_consensus and 4ybb_BA:148-153_167-171_101-102:
#  Alignment score:  3.2
#  P-value:  1.000e+00
#  Query aligned region: 0-0,8-8
#  Target aligned region: 3:'BA'152-3:'BA'152,7:'BA'169-7:'BA'169

	U...C
	A...C

#  Matched base-pairing interactions: 
	<U(0:)-C(8:) trans S/H>                        MATCHES	<A(3:'BA'152)-C(7:'BA'169) trans H/W>
#  Matched base-stacking interactions: 

>>>>>>>>>>   ALIGNMENT ENDS   >>>>>>>>>>

<<<<<<<<<<  ALIGNMENT BEGINS  <<<<<<<<<<

#  Aligning sarcin-ricin_consensus and 4ybb_BA:147-152_101-102_167-173:
#  Alignment score:  3.2
#  P-value:  1.000e+00
#  Query aligned region: 
#  Target aligned region: 

	
	

#  Matched base-pairing interactions: 
#  Matched base-stacking interactions: 

>>>>>>>>>>   ALIGNMENT ENDS   >>>>>>>>>>

<<<<<<<<<<  ALIGNMENT BEGINS  <<<<<<<<<<

#  Aligning sarcin-ricin_consensus and 4ybb_BA:146-152_101-102_168-174:
#  Alignment score:  3.2
#  P-value:  1.000e+00
#  Query aligned region: 
#  Target aligned region: 

	
	

#  Matched base-pairing interactions: 
#  Matched base-stacking interactions: 

>>>>>>>>>>   ALIGNMENT ENDS   >>>>>>>>>>

<<<<<<<<<<  ALIGNMENT BEGINS  <<<<<<<<<<

#  Aligning sarcin-ricin_consensus and 4ybb_BA:101-102_169-175_145-150:
#  Alignment score:  3.2
#  P-value:  1.000e+00
#  Query aligned region: 
#  Target aligned region: 

	
	

#  Matched base-pairing interactions: 
#  Matched base-stacking interactions: 

>>>>>>>>>>   ALIGNMENT ENDS   >>>>>>>>>>

<<<<<<<<<<  ALIGNMENT BEGINS  <<<<<<<<<<

#  Aligning sarcin-ricin_consensus and 4ybb_BA:101-102_145-150_169-175:
#  Alignment score:  3.2
#  P-value:  1.000e+00
#  Query aligned region: 
#  Target aligned region: 

	
	

#  Matched base-pairing interactions: 
#  Matched base-stacking interactions: 

>>>>>>>>>>   ALIGNMENT ENDS   >>>>>>>>>>

<<<<<<<<<<  ALIGNMENT BEGINS  <<<<<<<<<<

#  Aligning sarcin-ricin_consensus and 4ybb_BA:169-175_145-150_101-102:
#  Alignment score:  3.2
#  P-value:  1.000e+00
#  Query aligned region: 
#  Target aligned region: 

	
	

#  Matched base-pairing interactions: 
#  Matched base-stacking interactions: 

>>>>>>>>>>   ALIGNMENT ENDS   >>>>>>>>>>

<<<<<<<<<<  ALIGNMENT BEGINS  <<<<<<<<<<

#  Aligning sarcin-ricin_consensus and 4ybb_BA:145-150_101-102_169-175:
#  Alignment score:  3.2
#  P-value:  1.000e+00
#  Query aligned region: 
#  Target aligned region: 

	
	

#  Matched base-pairing interactions: 
#  Matched base-stacking interactions: 

>>>>>>>>>>   ALIGNMENT ENDS   >>>>>>>>>>

<<<<<<<<<<  ALIGNMENT BEGINS  <<<<<<<<<<

#  Aligning sarcin-ricin_consensus and 4ybb_BA:145-150_169-175_101-102:
#  Alignment score:  3.2
#  P-value:  1.000e+00
#  Query aligned region: 0-0,8-8
#  Target aligned region: 4:'BA'150-4:'BA'150,7:'BA'171-7:'BA'171

	U...C
	U...A

#  Matched base-pairing interactions: 
	<U(0:)-C(8:) trans S/H>                        MATCHES	<U(4:'BA'150)-A(7:'BA'171) trans W/H>
#  Matched base-stacking interactions: 

>>>>>>>>>>   ALIGNMENT ENDS   >>>>>>>>>>

<<<<<<<<<<  ALIGNMENT BEGINS  <<<<<<<<<<

#  Aligning sarcin-ricin_consensus and 4ybb_BA:920-924_1391-1395_1499-1501:
#  Alignment score:  3.2
#  P-value:  1.000e+00
#  Query aligned region: 
#  Target aligned region: 

	
	

#  Matched base-pairing interactions: 
#  Matched base-stacking interactions: 

>>>>>>>>>>   ALIGNMENT ENDS   >>>>>>>>>>

<<<<<<<<<<  ALIGNMENT BEGINS  <<<<<<<<<<

#  Aligning sarcin-ricin_consensus and 4ybb_BA:436-437_492-497_438-440:
#  Alignment score:  3.2
#  P-value:  1.000e+00
#  Query aligned region: 0-0,8-8
#  Target aligned region: 0:'BA'437-0:'BA'437,4:'BA'495-4:'BA'495

	U...C
	U...A

#  Matched base-pairing interactions: 
	<U(0:)-C(8:) trans S/H>                        MATCHES	<U(0:'BA'437)-A(4:'BA'495) trans W/H>
#  Matched base-stacking interactions: 

>>>>>>>>>>   ALIGNMENT ENDS   >>>>>>>>>>

<<<<<<<<<<  ALIGNMENT BEGINS  <<<<<<<<<<

#  Aligning sarcin-ricin_consensus and 4ybb_BA:99-101_96-98_66-73:
#  Alignment score:  3.2
#  P-value:  1.000e+00
#  Query aligned region: 0-0,8-8
#  Target aligned region: 2:'BA'102-2:'BA'102,6:'BA'67-6:'BA'67

	U...C
	G...C

#  Matched base-pairing interactions: 
	<U(0:)-C(8:) trans S/H>                        MATCHES	<G(2:'BA'102)-C(6:'BA'67) cis W/W>
#  Matched base-stacking interactions: 

>>>>>>>>>>   ALIGNMENT ENDS   >>>>>>>>>>

<<<<<<<<<<  ALIGNMENT BEGINS  <<<<<<<<<<

#  Aligning sarcin-ricin_consensus and 4ybb_BA:447-452_478-486_370-373:
#  Alignment score:  3.2
#  P-value:  1.000e+00
#  Query aligned region: 
#  Target aligned region: 

	
	

#  Matched base-pairing interactions: 
#  Matched base-stacking interactions: 

>>>>>>>>>>   ALIGNMENT ENDS   >>>>>>>>>>

<<<<<<<<<<  ALIGNMENT BEGINS  <<<<<<<<<<

#  Aligning sarcin-ricin_consensus and 4ybb_BA:1129-1131_1141-1147_1124-1128:
#  Alignment score:  3.2
#  P-value:  1.000e+00
#  Query aligned region: 
#  Target aligned region: 

	
	

#  Matched base-pairing interactions: 
#  Matched base-stacking interactions: 

>>>>>>>>>>   ALIGNMENT ENDS   >>>>>>>>>>

<<<<<<<<<<  ALIGNMENT BEGINS  <<<<<<<<<<

#  Aligning sarcin-ricin_consensus and 4ybb_BA:1141-1147_1129-1131_1124-1128:
#  Alignment score:  3.2
#  P-value:  1.000e+00
#  Query aligned region: 0-0,8-8
#  Target aligned region: 0:'BA'1142-0:'BA'1142,9:'BA'1132-9:'BA'1132

	U...C
	G...C

#  Matched base-pairing interactions: 
	<U(0:)-C(8:) trans S/H>                        MATCHES	<G(0:'BA'1142)-C(9:'BA'1132) cis W/W>
#  Matched base-stacking interactions: 

>>>>>>>>>>   ALIGNMENT ENDS   >>>>>>>>>>

<<<<<<<<<<  ALIGNMENT BEGINS  <<<<<<<<<<

#  Aligning sarcin-ricin_consensus and 4ybb_BA:764-768_809-813_898-901:
#  Alignment score:  3.2
#  P-value:  1.000e+00
#  Query aligned region: 
#  Target aligned region: 

	
	

#  Matched base-pairing interactions: 
#  Matched base-stacking interactions: 

>>>>>>>>>>   ALIGNMENT ENDS   >>>>>>>>>>

<<<<<<<<<<  ALIGNMENT BEGINS  <<<<<<<<<<

#  Aligning sarcin-ricin_consensus and 4ybb_BA:593-594_639-644_595-597:
#  Alignment score:  3.2
#  P-value:  1.000e+00
#  Query aligned region: 
#  Target aligned region: 

	
	

#  Matched base-pairing interactions: 
#  Matched base-stacking interactions: 

>>>>>>>>>>   ALIGNMENT ENDS   >>>>>>>>>>

<<<<<<<<<<  ALIGNMENT BEGINS  <<<<<<<<<<

#  Aligning sarcin-ricin_consensus and 4ybb_BA:196-197_145-149_170-175:
#  Alignment score:  3.2
#  P-value:  1.000e+00
#  Query aligned region: 
#  Target aligned region: 

	
	

#  Matched base-pairing interactions: 
#  Matched base-stacking interactions: 

>>>>>>>>>>   ALIGNMENT ENDS   >>>>>>>>>>

<<<<<<<<<<  ALIGNMENT BEGINS  <<<<<<<<<<

#  Aligning sarcin-ricin_consensus and 4ybb_BA:1192-1201_1057-1062_1052-1054:
#  Alignment score:  3.2
#  P-value:  1.000e+00
#  Query aligned region: 0-0,8-8
#  Target aligned region: 1:'BA'1194-1:'BA'1194,14:'BA'1062-14:'BA'1062

	U...C
	U...U

#  Matched base-pairing interactions: 
	<U(0:)-C(8:) trans S/H>                        MATCHES	<U(1:'BA'1194)-U(14:'BA'1062) cis W/W>
#  Matched base-stacking interactions: 

>>>>>>>>>>   ALIGNMENT ENDS   >>>>>>>>>>

<<<<<<<<<<  ALIGNMENT BEGINS  <<<<<<<<<<

#  Aligning sarcin-ricin_consensus and 4ybb_BA:1052-1054_1192-1201_1057-1062:
#  Alignment score:  3.2
#  P-value:  1.000e+00
#  Query aligned region: 0-0,8-8
#  Target aligned region: 2:'BA'1055-2:'BA'1055,10:'BA'1200-10:'BA'1200

	U...C
	A...C

#  Matched base-pairing interactions: 
	<U(0:)-C(8:) trans S/H>                        MATCHES	<A(2:'BA'1055)-C(10:'BA'1200) trans H/W>
#  Matched base-stacking interactions: 

>>>>>>>>>>   ALIGNMENT ENDS   >>>>>>>>>>

<<<<<<<<<<  ALIGNMENT BEGINS  <<<<<<<<<<

#  Aligning sarcin-ricin_consensus and 4ybb_BA:92-99_68-75:
#  Alignment score:  3.2
#  P-value:  1.000e+00
#  Query aligned region: 0-0,8-8
#  Target aligned region: 0:'BA'93-0:'BA'93,15:'BA'76-15:'BA'76

	U...C
	U...G

#  Matched base-pairing interactions: 
	<U(0:)-C(8:) trans S/H>                        MATCHES	<U(0:'BA'93)-G(15:'BA'76) cis W/W>
#  Matched base-stacking interactions: 

>>>>>>>>>>   ALIGNMENT ENDS   >>>>>>>>>>

<<<<<<<<<<  ALIGNMENT BEGINS  <<<<<<<<<<

#  Aligning sarcin-ricin_consensus and 4ybb_BA:303-304_288-292_307-310:
#  Alignment score:  3.1
#  P-value:  1.000e+00
#  Query aligned region: 
#  Target aligned region: 

	
	

#  Matched base-pairing interactions: 
#  Matched base-stacking interactions: 

>>>>>>>>>>   ALIGNMENT ENDS   >>>>>>>>>>

<<<<<<<<<<  ALIGNMENT BEGINS  <<<<<<<<<<

#  Aligning sarcin-ricin_consensus and 4ybb_BA:1268-1269_1317-1324_1311-1315:
#  Alignment score:  3.1
#  P-value:  1.000e+00
#  Query aligned region: 
#  Target aligned region: 

	
	

#  Matched base-pairing interactions: 
#  Matched base-stacking interactions: 

>>>>>>>>>>   ALIGNMENT ENDS   >>>>>>>>>>

<<<<<<<<<<  ALIGNMENT BEGINS  <<<<<<<<<<

#  Aligning sarcin-ricin_consensus and 4ybb_BA:614-620_399-401_621-625:
#  Alignment score:  3.1
#  P-value:  1.000e+00
#  Query aligned region: 
#  Target aligned region: 

	
	

#  Matched base-pairing interactions: 
#  Matched base-stacking interactions: 

>>>>>>>>>>   ALIGNMENT ENDS   >>>>>>>>>>

<<<<<<<<<<  ALIGNMENT BEGINS  <<<<<<<<<<

#  Aligning sarcin-ricin_consensus and 4ybb_BA:1035-1040_998-1000_1001-1003:
#  Alignment score:  3.1
#  P-value:  1.000e+00
#  Query aligned region: 
#  Target aligned region: 

	
	

#  Matched base-pairing interactions: 
#  Matched base-stacking interactions: 

>>>>>>>>>>   ALIGNMENT ENDS   >>>>>>>>>>

<<<<<<<<<<  ALIGNMENT BEGINS  <<<<<<<<<<

#  Aligning sarcin-ricin_consensus and 4ybb_BA:447-452_370-373_478-486:
#  Alignment score:  3.1
#  P-value:  1.000e+00
#  Query aligned region: 
#  Target aligned region: 

	
	

#  Matched base-pairing interactions: 
#  Matched base-stacking interactions: 

>>>>>>>>>>   ALIGNMENT ENDS   >>>>>>>>>>

<<<<<<<<<<  ALIGNMENT BEGINS  <<<<<<<<<<

#  Aligning sarcin-ricin_consensus and 4ybb_BA:112-114_311-314:
#  Alignment score:  3.1
#  P-value:  1.000e+00
#  Query aligned region: 
#  Target aligned region: 

	
	

#  Matched base-pairing interactions: 
#  Matched base-stacking interactions: 

>>>>>>>>>>   ALIGNMENT ENDS   >>>>>>>>>>

<<<<<<<<<<  ALIGNMENT BEGINS  <<<<<<<<<<

#  Aligning sarcin-ricin_consensus and 4ybb_BA:898-901_764-768_809-813:
#  Alignment score:  3.1
#  P-value:  1.000e+00
#  Query aligned region: 
#  Target aligned region: 

	
	

#  Matched base-pairing interactions: 
#  Matched base-stacking interactions: 

>>>>>>>>>>   ALIGNMENT ENDS   >>>>>>>>>>

<<<<<<<<<<  ALIGNMENT BEGINS  <<<<<<<<<<

#  Aligning sarcin-ricin_consensus and 4ybb_BA:969-971_948-953_1225-1232:
#  Alignment score:  3.1
#  P-value:  1.000e+00
#  Query aligned region: 
#  Target aligned region: 

	
	

#  Matched base-pairing interactions: 
#  Matched base-stacking interactions: 

>>>>>>>>>>   ALIGNMENT ENDS   >>>>>>>>>>

<<<<<<<<<<  ALIGNMENT BEGINS  <<<<<<<<<<

#  Aligning sarcin-ricin_consensus and 4ybb_BA:948-953_1225-1232_969-971:
#  Alignment score:  3.1
#  P-value:  1.000e+00
#  Query aligned region: 
#  Target aligned region: 

	
	

#  Matched base-pairing interactions: 
#  Matched base-stacking interactions: 

>>>>>>>>>>   ALIGNMENT ENDS   >>>>>>>>>>

<<<<<<<<<<  ALIGNMENT BEGINS  <<<<<<<<<<

#  Aligning sarcin-ricin_consensus and 4ybb_BA:576-577_724-728_729-731:
#  Alignment score:  3.1
#  P-value:  1.000e+00
#  Query aligned region: 
#  Target aligned region: 

	
	

#  Matched base-pairing interactions: 
#  Matched base-stacking interactions: 

>>>>>>>>>>   ALIGNMENT ENDS   >>>>>>>>>>

<<<<<<<<<<  ALIGNMENT BEGINS  <<<<<<<<<<

#  Aligning sarcin-ricin_consensus and 4ybb_BA:288-292_307-310_303-304:
#  Alignment score:  3
#  P-value:  1.000e+00
#  Query aligned region: 
#  Target aligned region: 

	
	

#  Matched base-pairing interactions: 
#  Matched base-stacking interactions: 

>>>>>>>>>>   ALIGNMENT ENDS   >>>>>>>>>>

<<<<<<<<<<  ALIGNMENT BEGINS  <<<<<<<<<<

#  Aligning sarcin-ricin_consensus and 4ybb_BA:1179-1181_1173-1177_1155-1162:
#  Alignment score:  3
#  P-value:  1.000e+00
#  Query aligned region: 
#  Target aligned region: 

	
	

#  Matched base-pairing interactions: 
#  Matched base-stacking interactions: 

>>>>>>>>>>   ALIGNMENT ENDS   >>>>>>>>>>

<<<<<<<<<<  ALIGNMENT BEGINS  <<<<<<<<<<

#  Aligning sarcin-ricin_consensus and 4ybb_BA:1155-1162_1173-1177_1179-1181:
#  Alignment score:  3
#  P-value:  1.000e+00
#  Query aligned region: 0-0,8-8
#  Target aligned region: 0:'BA'1156-0:'BA'1156,13:'BA'1180-13:'BA'1180

	U...C
	G...A

#  Matched base-pairing interactions: 
	<U(0:)-C(8:) trans S/H>                        MATCHES	<G(0:'BA'1156)-A(13:'BA'1180) cis -/->
#  Matched base-stacking interactions: 

>>>>>>>>>>   ALIGNMENT ENDS   >>>>>>>>>>

<<<<<<<<<<  ALIGNMENT BEGINS  <<<<<<<<<<

#  Aligning sarcin-ricin_consensus and 4ybb_BA:693-696_790-796_784-788:
#  Alignment score:  3
#  P-value:  1.000e+00
#  Query aligned region: 
#  Target aligned region: 

	
	

#  Matched base-pairing interactions: 
#  Matched base-stacking interactions: 

>>>>>>>>>>   ALIGNMENT ENDS   >>>>>>>>>>

<<<<<<<<<<  ALIGNMENT BEGINS  <<<<<<<<<<

#  Aligning sarcin-ricin_consensus and 4ybb_BA:399-401_621-625_614-620:
#  Alignment score:  3
#  P-value:  1.000e+00
#  Query aligned region: 
#  Target aligned region: 

	
	

#  Matched base-pairing interactions: 
#  Matched base-stacking interactions: 

>>>>>>>>>>   ALIGNMENT ENDS   >>>>>>>>>>

<<<<<<<<<<  ALIGNMENT BEGINS  <<<<<<<<<<

#  Aligning sarcin-ricin_consensus and 4ybb_BA:141-144_193-197_176-183:
#  Alignment score:  3
#  P-value:  1.000e+00
#  Query aligned region: 
#  Target aligned region: 

	
	

#  Matched base-pairing interactions: 
#  Matched base-stacking interactions: 

>>>>>>>>>>   ALIGNMENT ENDS   >>>>>>>>>>

<<<<<<<<<<  ALIGNMENT BEGINS  <<<<<<<<<<

#  Aligning sarcin-ricin_consensus and 4ybb_BA:193-197_141-144_176-183:
#  Alignment score:  3
#  P-value:  1.000e+00
#  Query aligned region: 
#  Target aligned region: 

	
	

#  Matched base-pairing interactions: 
#  Matched base-stacking interactions: 

>>>>>>>>>>   ALIGNMENT ENDS   >>>>>>>>>>

<<<<<<<<<<  ALIGNMENT BEGINS  <<<<<<<<<<

#  Aligning sarcin-ricin_consensus and 4ybb_BA:141-145_193-197_175-180:
#  Alignment score:  3
#  P-value:  1.000e+00
#  Query aligned region: 
#  Target aligned region: 

	
	

#  Matched base-pairing interactions: 
#  Matched base-stacking interactions: 

>>>>>>>>>>   ALIGNMENT ENDS   >>>>>>>>>>

<<<<<<<<<<  ALIGNMENT BEGINS  <<<<<<<<<<

#  Aligning sarcin-ricin_consensus and 4ybb_BA:193-197_141-145_175-180:
#  Alignment score:  3
#  P-value:  1.000e+00
#  Query aligned region: 
#  Target aligned region: 

	
	

#  Matched base-pairing interactions: 
#  Matched base-stacking interactions: 

>>>>>>>>>>   ALIGNMENT ENDS   >>>>>>>>>>

<<<<<<<<<<  ALIGNMENT BEGINS  <<<<<<<<<<

#  Aligning sarcin-ricin_consensus and 4ybb_BA:193-197_175-180_141-145:
#  Alignment score:  3
#  P-value:  1.000e+00
#  Query aligned region: 
#  Target aligned region: 

	
	

#  Matched base-pairing interactions: 
#  Matched base-stacking interactions: 

>>>>>>>>>>   ALIGNMENT ENDS   >>>>>>>>>>

<<<<<<<<<<  ALIGNMENT BEGINS  <<<<<<<<<<

#  Aligning sarcin-ricin_consensus and 4ybb_BA:310-312_286-288_114-121:
#  Alignment score:  3
#  P-value:  1.000e+00
#  Query aligned region: 
#  Target aligned region: 

	
	

#  Matched base-pairing interactions: 
#  Matched base-stacking interactions: 

>>>>>>>>>>   ALIGNMENT ENDS   >>>>>>>>>>

<<<<<<<<<<  ALIGNMENT BEGINS  <<<<<<<<<<

#  Aligning sarcin-ricin_consensus and 4ybb_BA:572-575_567-571_879-882:
#  Alignment score:  3
#  P-value:  1.000e+00
#  Query aligned region: 
#  Target aligned region: 

	
	

#  Matched base-pairing interactions: 
#  Matched base-stacking interactions: 

>>>>>>>>>>   ALIGNMENT ENDS   >>>>>>>>>>

<<<<<<<<<<  ALIGNMENT BEGINS  <<<<<<<<<<

#  Aligning sarcin-ricin_consensus and 4ybb_BA:535-536_532-534_514-520:
#  Alignment score:  3
#  P-value:  1.000e+00
#  Query aligned region: 
#  Target aligned region: 

	
	

#  Matched base-pairing interactions: 
#  Matched base-stacking interactions: 

>>>>>>>>>>   ALIGNMENT ENDS   >>>>>>>>>>

<<<<<<<<<<  ALIGNMENT BEGINS  <<<<<<<<<<

#  Aligning sarcin-ricin_consensus and 4ybb_BA:130-132_133-135_226-231:
#  Alignment score:  3
#  P-value:  1.000e+00
#  Query aligned region: 
#  Target aligned region: 

	
	

#  Matched base-pairing interactions: 
#  Matched base-stacking interactions: 

>>>>>>>>>>   ALIGNMENT ENDS   >>>>>>>>>>

<<<<<<<<<<  ALIGNMENT BEGINS  <<<<<<<<<<

#  Aligning sarcin-ricin_consensus and 4ybb_BA:130-132_226-231_133-135:
#  Alignment score:  3
#  P-value:  1.000e+00
#  Query aligned region: 
#  Target aligned region: 

	
	

#  Matched base-pairing interactions: 
#  Matched base-stacking interactions: 

>>>>>>>>>>   ALIGNMENT ENDS   >>>>>>>>>>

<<<<<<<<<<  ALIGNMENT BEGINS  <<<<<<<<<<

#  Aligning sarcin-ricin_consensus and 4ybb_BA:226-231_133-135_130-132:
#  Alignment score:  3
#  P-value:  1.000e+00
#  Query aligned region: 
#  Target aligned region: 

	
	

#  Matched base-pairing interactions: 
#  Matched base-stacking interactions: 

>>>>>>>>>>   ALIGNMENT ENDS   >>>>>>>>>>

<<<<<<<<<<  ALIGNMENT BEGINS  <<<<<<<<<<

#  Aligning sarcin-ricin_consensus and 4ybb_BA:226-231_130-132_133-135:
#  Alignment score:  3
#  P-value:  1.000e+00
#  Query aligned region: 
#  Target aligned region: 

	
	

#  Matched base-pairing interactions: 
#  Matched base-stacking interactions: 

>>>>>>>>>>   ALIGNMENT ENDS   >>>>>>>>>>

<<<<<<<<<<  ALIGNMENT BEGINS  <<<<<<<<<<

#  Aligning sarcin-ricin_consensus and 4ybb_BA:595-597_639-644_593-594:
#  Alignment score:  3
#  P-value:  1.000e+00
#  Query aligned region: 
#  Target aligned region: 

	
	

#  Matched base-pairing interactions: 
#  Matched base-stacking interactions: 

>>>>>>>>>>   ALIGNMENT ENDS   >>>>>>>>>>

<<<<<<<<<<  ALIGNMENT BEGINS  <<<<<<<<<<

#  Aligning sarcin-ricin_consensus and 4ybb_BA:170-175_145-149_196-197:
#  Alignment score:  3
#  P-value:  1.000e+00
#  Query aligned region: 
#  Target aligned region: 

	
	

#  Matched base-pairing interactions: 
#  Matched base-stacking interactions: 

>>>>>>>>>>   ALIGNMENT ENDS   >>>>>>>>>>

<<<<<<<<<<  ALIGNMENT BEGINS  <<<<<<<<<<

#  Aligning sarcin-ricin_consensus and 4ybb_BA:393-395_44-49_359-366:
#  Alignment score:  2.9
#  P-value:  1.000e+00
#  Query aligned region: 
#  Target aligned region: 

	
	

#  Matched base-pairing interactions: 
#  Matched base-stacking interactions: 

>>>>>>>>>>   ALIGNMENT ENDS   >>>>>>>>>>

<<<<<<<<<<  ALIGNMENT BEGINS  <<<<<<<<<<

#  Aligning sarcin-ricin_consensus and 4ybb_BA:477-483_448-453_372-373:
#  Alignment score:  2.9
#  P-value:  1.000e+00
#  Query aligned region: 
#  Target aligned region: 

	
	

#  Matched base-pairing interactions: 
#  Matched base-stacking interactions: 

>>>>>>>>>>   ALIGNMENT ENDS   >>>>>>>>>>

<<<<<<<<<<  ALIGNMENT BEGINS  <<<<<<<<<<

#  Aligning sarcin-ricin_consensus and 4ybb_BA:448-453_477-483_372-373:
#  Alignment score:  2.9
#  P-value:  1.000e+00
#  Query aligned region: 
#  Target aligned region: 

	
	

#  Matched base-pairing interactions: 
#  Matched base-stacking interactions: 

>>>>>>>>>>   ALIGNMENT ENDS   >>>>>>>>>>

<<<<<<<<<<  ALIGNMENT BEGINS  <<<<<<<<<<

#  Aligning sarcin-ricin_consensus and 4ybb_BA:448-453_372-373_477-483:
#  Alignment score:  2.9
#  P-value:  1.000e+00
#  Query aligned region: 
#  Target aligned region: 

	
	

#  Matched base-pairing interactions: 
#  Matched base-stacking interactions: 

>>>>>>>>>>   ALIGNMENT ENDS   >>>>>>>>>>

<<<<<<<<<<  ALIGNMENT BEGINS  <<<<<<<<<<

#  Aligning sarcin-ricin_consensus and 4ybb_BA:372-373_448-453_477-483:
#  Alignment score:  2.9
#  P-value:  1.000e+00
#  Query aligned region: 
#  Target aligned region: 

	
	

#  Matched base-pairing interactions: 
#  Matched base-stacking interactions: 

>>>>>>>>>>   ALIGNMENT ENDS   >>>>>>>>>>

<<<<<<<<<<  ALIGNMENT BEGINS  <<<<<<<<<<

#  Aligning sarcin-ricin_consensus and 4ybb_BA:1317-1324_1268-1269_1311-1315:
#  Alignment score:  2.9
#  P-value:  1.000e+00
#  Query aligned region: 
#  Target aligned region: 

	
	

#  Matched base-pairing interactions: 
#  Matched base-stacking interactions: 

>>>>>>>>>>   ALIGNMENT ENDS   >>>>>>>>>>

<<<<<<<<<<  ALIGNMENT BEGINS  <<<<<<<<<<

#  Aligning sarcin-ricin_consensus and 4ybb_BA:493-497_403-407_434-439:
#  Alignment score:  2.9
#  P-value:  1.000e+00
#  Query aligned region: 
#  Target aligned region: 

	
	

#  Matched base-pairing interactions: 
#  Matched base-stacking interactions: 

>>>>>>>>>>   ALIGNMENT ENDS   >>>>>>>>>>

<<<<<<<<<<  ALIGNMENT BEGINS  <<<<<<<<<<

#  Aligning sarcin-ricin_consensus and 4ybb_BA:176-183_141-144_193-197:
#  Alignment score:  2.9
#  P-value:  1.000e+00
#  Query aligned region: 
#  Target aligned region: 

	
	

#  Matched base-pairing interactions: 
#  Matched base-stacking interactions: 

>>>>>>>>>>   ALIGNMENT ENDS   >>>>>>>>>>

<<<<<<<<<<  ALIGNMENT BEGINS  <<<<<<<<<<

#  Aligning sarcin-ricin_consensus and 4ybb_BA:175-180_141-145_193-197:
#  Alignment score:  2.9
#  P-value:  1.000e+00
#  Query aligned region: 
#  Target aligned region: 

	
	

#  Matched base-pairing interactions: 
#  Matched base-stacking interactions: 

>>>>>>>>>>   ALIGNMENT ENDS   >>>>>>>>>>

<<<<<<<<<<  ALIGNMENT BEGINS  <<<<<<<<<<

#  Aligning sarcin-ricin_consensus and 4ybb_BA:998-1000_1001-1003_1035-1040:
#  Alignment score:  2.9
#  P-value:  1.000e+00
#  Query aligned region: 
#  Target aligned region: 

	
	

#  Matched base-pairing interactions: 
#  Matched base-stacking interactions: 

>>>>>>>>>>   ALIGNMENT ENDS   >>>>>>>>>>

<<<<<<<<<<  ALIGNMENT BEGINS  <<<<<<<<<<

#  Aligning sarcin-ricin_consensus and 4ybb_BA:567-571_879-882_572-575:
#  Alignment score:  2.9
#  P-value:  1.000e+00
#  Query aligned region: 
#  Target aligned region: 

	
	

#  Matched base-pairing interactions: 
#  Matched base-stacking interactions: 

>>>>>>>>>>   ALIGNMENT ENDS   >>>>>>>>>>

<<<<<<<<<<  ALIGNMENT BEGINS  <<<<<<<<<<

#  Aligning sarcin-ricin_consensus and 4ybb_BA:133-135_226-231_130-132:
#  Alignment score:  2.9
#  P-value:  1.000e+00
#  Query aligned region: 
#  Target aligned region: 

	
	

#  Matched base-pairing interactions: 
#  Matched base-stacking interactions: 

>>>>>>>>>>   ALIGNMENT ENDS   >>>>>>>>>>

<<<<<<<<<<  ALIGNMENT BEGINS  <<<<<<<<<<

#  Aligning sarcin-ricin_consensus and 4ybb_BA:370-373_447-452_478-486:
#  Alignment score:  2.9
#  P-value:  1.000e+00
#  Query aligned region: 
#  Target aligned region: 

	
	

#  Matched base-pairing interactions: 
#  Matched base-stacking interactions: 

>>>>>>>>>>   ALIGNMENT ENDS   >>>>>>>>>>

<<<<<<<<<<  ALIGNMENT BEGINS  <<<<<<<<<<

#  Aligning sarcin-ricin_consensus and 4ybb_BA:1145-1147_1142-1144_1126-1130:
#  Alignment score:  2.9
#  P-value:  1.000e+00
#  Query aligned region: 
#  Target aligned region: 

	
	

#  Matched base-pairing interactions: 
#  Matched base-stacking interactions: 

>>>>>>>>>>   ALIGNMENT ENDS   >>>>>>>>>>

<<<<<<<<<<  ALIGNMENT BEGINS  <<<<<<<<<<

#  Aligning sarcin-ricin_consensus and 4ybb_BA:764-768_898-901_809-813:
#  Alignment score:  2.9
#  P-value:  1.000e+00
#  Query aligned region: 
#  Target aligned region: 

	
	

#  Matched base-pairing interactions: 
#  Matched base-stacking interactions: 

>>>>>>>>>>   ALIGNMENT ENDS   >>>>>>>>>>

<<<<<<<<<<  ALIGNMENT BEGINS  <<<<<<<<<<

#  Aligning sarcin-ricin_consensus and 4ybb_BA:639-644_595-597_593-594:
#  Alignment score:  2.9
#  P-value:  1.000e+00
#  Query aligned region: 
#  Target aligned region: 

	
	

#  Matched base-pairing interactions: 
#  Matched base-stacking interactions: 

>>>>>>>>>>   ALIGNMENT ENDS   >>>>>>>>>>

<<<<<<<<<<  ALIGNMENT BEGINS  <<<<<<<<<<

#  Aligning sarcin-ricin_consensus and 4ybb_BA:639-644_593-594_595-597:
#  Alignment score:  2.9
#  P-value:  1.000e+00
#  Query aligned region: 
#  Target aligned region: 

	
	

#  Matched base-pairing interactions: 
#  Matched base-stacking interactions: 

>>>>>>>>>>   ALIGNMENT ENDS   >>>>>>>>>>

<<<<<<<<<<  ALIGNMENT BEGINS  <<<<<<<<<<

#  Aligning sarcin-ricin_consensus and 4ybb_BA:1210-1214_1043-1045_989-996:
#  Alignment score:  2.9
#  P-value:  1.000e+00
#  Query aligned region: 
#  Target aligned region: 

	
	

#  Matched base-pairing interactions: 
#  Matched base-stacking interactions: 

>>>>>>>>>>   ALIGNMENT ENDS   >>>>>>>>>>

<<<<<<<<<<  ALIGNMENT BEGINS  <<<<<<<<<<

#  Aligning sarcin-ricin_consensus and 4ybb_BA:729-731_724-728_576-577:
#  Alignment score:  2.9
#  P-value:  1.000e+00
#  Query aligned region: 
#  Target aligned region: 

	
	

#  Matched base-pairing interactions: 
#  Matched base-stacking interactions: 

>>>>>>>>>>   ALIGNMENT ENDS   >>>>>>>>>>

<<<<<<<<<<  ALIGNMENT BEGINS  <<<<<<<<<<

#  Aligning sarcin-ricin_consensus and 4ybb_BA:303-304_307-310_288-292:
#  Alignment score:  2.8
#  P-value:  1.000e+00
#  Query aligned region: 
#  Target aligned region: 

	
	

#  Matched base-pairing interactions: 
#  Matched base-stacking interactions: 

>>>>>>>>>>   ALIGNMENT ENDS   >>>>>>>>>>

<<<<<<<<<<  ALIGNMENT BEGINS  <<<<<<<<<<

#  Aligning sarcin-ricin_consensus and 4ybb_BA:477-483_372-373_448-453:
#  Alignment score:  2.8
#  P-value:  1.000e+00
#  Query aligned region: 0-0,8-8
#  Target aligned region: 0:'BA'478-0:'BA'478,14:'BA'454-14:'BA'454

	U...C
	A...G

#  Matched base-pairing interactions: 
	<U(0:)-C(8:) trans S/H>                        MATCHES	<A(0:'BA'478)-G(14:'BA'454) cis W/W>
#  Matched base-stacking interactions: 

>>>>>>>>>>   ALIGNMENT ENDS   >>>>>>>>>>

<<<<<<<<<<  ALIGNMENT BEGINS  <<<<<<<<<<

#  Aligning sarcin-ricin_consensus and 4ybb_BA:614-620_621-625_399-401:
#  Alignment score:  2.8
#  P-value:  1.000e+00
#  Query aligned region: 
#  Target aligned region: 

	
	

#  Matched base-pairing interactions: 
#  Matched base-stacking interactions: 

>>>>>>>>>>   ALIGNMENT ENDS   >>>>>>>>>>

<<<<<<<<<<  ALIGNMENT BEGINS  <<<<<<<<<<

#  Aligning sarcin-ricin_consensus and 4ybb_BA:493-497_434-439_403-407:
#  Alignment score:  2.8
#  P-value:  1.000e+00
#  Query aligned region: 
#  Target aligned region: 

	
	

#  Matched base-pairing interactions: 
#  Matched base-stacking interactions: 

>>>>>>>>>>   ALIGNMENT ENDS   >>>>>>>>>>

<<<<<<<<<<  ALIGNMENT BEGINS  <<<<<<<<<<

#  Aligning sarcin-ricin_consensus and 4ybb_BA:193-197_176-183_141-144:
#  Alignment score:  2.8
#  P-value:  1.000e+00
#  Query aligned region: 
#  Target aligned region: 

	
	

#  Matched base-pairing interactions: 
#  Matched base-stacking interactions: 

>>>>>>>>>>   ALIGNMENT ENDS   >>>>>>>>>>

<<<<<<<<<<  ALIGNMENT BEGINS  <<<<<<<<<<

#  Aligning sarcin-ricin_consensus and 4ybb_BA:176-183_193-197_141-144:
#  Alignment score:  2.8
#  P-value:  1.000e+00
#  Query aligned region: 0-0,8-8
#  Target aligned region: 11:'BA'197-12:'BA'198

	U...C
	A...G

#  Matched base-pairing interactions: 
	<U(0:)-C(8:) trans S/H>                        MATCHES	<A(11:'BA'197)-G(12:'BA'198) cis S/S>
#  Matched base-stacking interactions: 

>>>>>>>>>>   ALIGNMENT ENDS   >>>>>>>>>>

<<<<<<<<<<  ALIGNMENT BEGINS  <<<<<<<<<<

#  Aligning sarcin-ricin_consensus and 4ybb_BA:310-312_114-121_286-288:
#  Alignment score:  2.8
#  P-value:  1.000e+00
#  Query aligned region: 
#  Target aligned region: 

	
	

#  Matched base-pairing interactions: 
#  Matched base-stacking interactions: 

>>>>>>>>>>   ALIGNMENT ENDS   >>>>>>>>>>

<<<<<<<<<<  ALIGNMENT BEGINS  <<<<<<<<<<

#  Aligning sarcin-ricin_consensus and 4ybb_BA:1499-1501_920-924_1391-1395:
#  Alignment score:  2.8
#  P-value:  1.000e+00
#  Query aligned region: 
#  Target aligned region: 

	
	

#  Matched base-pairing interactions: 
#  Matched base-stacking interactions: 

>>>>>>>>>>   ALIGNMENT ENDS   >>>>>>>>>>

<<<<<<<<<<  ALIGNMENT BEGINS  <<<<<<<<<<

#  Aligning sarcin-ricin_consensus and 4ybb_BA:920-924_1499-1501_1391-1395:
#  Alignment score:  2.8
#  P-value:  1.000e+00
#  Query aligned region: 0-0,8-8
#  Target aligned region: 2:'BA'923-2:'BA'923,9:'BA'1393-9:'BA'1393

	U...C
	A...U

#  Matched base-pairing interactions: 
	<U(0:)-C(8:) trans S/H>                        MATCHES	<A(2:'BA'923)-U(9:'BA'1393) cis W/W>
#  Matched base-stacking interactions: 

>>>>>>>>>>   ALIGNMENT ENDS   >>>>>>>>>>

<<<<<<<<<<  ALIGNMENT BEGINS  <<<<<<<<<<

#  Aligning sarcin-ricin_consensus and 4ybb_BA:1001-1003_998-1000_1035-1040:
#  Alignment score:  2.8
#  P-value:  1.000e+00
#  Query aligned region: 
#  Target aligned region: 

	
	

#  Matched base-pairing interactions: 
#  Matched base-stacking interactions: 

>>>>>>>>>>   ALIGNMENT ENDS   >>>>>>>>>>

<<<<<<<<<<  ALIGNMENT BEGINS  <<<<<<<<<<

#  Aligning sarcin-ricin_consensus and 4ybb_BA:879-882_572-575_567-571:
#  Alignment score:  2.8
#  P-value:  1.000e+00
#  Query aligned region: 0-0,8-8
#  Target aligned region: 5:'BA'574-5:'BA'574,8:'BA'568-8:'BA'568

	U...C
	A...G

#  Matched base-pairing interactions: 
	<U(0:)-C(8:) trans S/H>                        MATCHES	<A(5:'BA'574)-G(8:'BA'568) trans S/S>
#  Matched base-stacking interactions: 

>>>>>>>>>>   ALIGNMENT ENDS   >>>>>>>>>>

<<<<<<<<<<  ALIGNMENT BEGINS  <<<<<<<<<<

#  Aligning sarcin-ricin_consensus and 4ybb_BA:1142-1144_1126-1130_1145-1147:
#  Alignment score:  2.8
#  P-value:  1.000e+00
#  Query aligned region: 
#  Target aligned region: 

	
	

#  Matched base-pairing interactions: 
#  Matched base-stacking interactions: 

>>>>>>>>>>   ALIGNMENT ENDS   >>>>>>>>>>

<<<<<<<<<<  ALIGNMENT BEGINS  <<<<<<<<<<

#  Aligning sarcin-ricin_consensus and 4ybb_BA:412-418_423-430:
#  Alignment score:  2.8
#  P-value:  1.000e+00
#  Query aligned region: 0-0,8-8
#  Target aligned region: 6:'BA'419-6:'BA'419,7:'BA'424-7:'BA'424

	U...C
	C...G

#  Matched base-pairing interactions: 
	<U(0:)-C(8:) trans S/H>                        MATCHES	<C(6:'BA'419)-G(7:'BA'424) cis W/W>
#  Matched base-stacking interactions: 

>>>>>>>>>>   ALIGNMENT ENDS   >>>>>>>>>>

<<<<<<<<<<  ALIGNMENT BEGINS  <<<<<<<<<<

#  Aligning sarcin-ricin_consensus and 4ybb_BA:1210-1214_989-996_1043-1045:
#  Alignment score:  2.8
#  P-value:  1.000e+00
#  Query aligned region: 
#  Target aligned region: 

	
	

#  Matched base-pairing interactions: 
#  Matched base-stacking interactions: 

>>>>>>>>>>   ALIGNMENT ENDS   >>>>>>>>>>

<<<<<<<<<<  ALIGNMENT BEGINS  <<<<<<<<<<

#  Aligning sarcin-ricin_consensus and 4ybb_BA:1043-1045_1210-1214_989-996:
#  Alignment score:  2.8
#  P-value:  1.000e+00
#  Query aligned region: 
#  Target aligned region: 

	
	

#  Matched base-pairing interactions: 
#  Matched base-stacking interactions: 

>>>>>>>>>>   ALIGNMENT ENDS   >>>>>>>>>>

<<<<<<<<<<  ALIGNMENT BEGINS  <<<<<<<<<<

#  Aligning sarcin-ricin_consensus and 4ybb_BA:969-971_1225-1232_948-953:
#  Alignment score:  2.8
#  P-value:  1.000e+00
#  Query aligned region: 
#  Target aligned region: 

	
	

#  Matched base-pairing interactions: 
#  Matched base-stacking interactions: 

>>>>>>>>>>   ALIGNMENT ENDS   >>>>>>>>>>

<<<<<<<<<<  ALIGNMENT BEGINS  <<<<<<<<<<

#  Aligning sarcin-ricin_consensus and 4ybb_BA:1212-1216_1043-1046_987-995:
#  Alignment score:  2.7
#  P-value:  1.000e+00
#  Query aligned region: 
#  Target aligned region: 

	
	

#  Matched base-pairing interactions: 
#  Matched base-stacking interactions: 

>>>>>>>>>>   ALIGNMENT ENDS   >>>>>>>>>>

<<<<<<<<<<  ALIGNMENT BEGINS  <<<<<<<<<<

#  Aligning sarcin-ricin_consensus and 4ybb_BA:621-625_614-620_399-401:
#  Alignment score:  2.7
#  P-value:  1.000e+00
#  Query aligned region: 
#  Target aligned region: 

	
	

#  Matched base-pairing interactions: 
#  Matched base-stacking interactions: 

>>>>>>>>>>   ALIGNMENT ENDS   >>>>>>>>>>

<<<<<<<<<<  ALIGNMENT BEGINS  <<<<<<<<<<

#  Aligning sarcin-ricin_consensus and 4ybb_BA:621-625_399-401_614-620:
#  Alignment score:  2.7
#  P-value:  1.000e+00
#  Query aligned region: 
#  Target aligned region: 

	
	

#  Matched base-pairing interactions: 
#  Matched base-stacking interactions: 

>>>>>>>>>>   ALIGNMENT ENDS   >>>>>>>>>>

<<<<<<<<<<  ALIGNMENT BEGINS  <<<<<<<<<<

#  Aligning sarcin-ricin_consensus and 4ybb_BA:532-534_514-520_535-536:
#  Alignment score:  2.7
#  P-value:  1.000e+00
#  Query aligned region: 
#  Target aligned region: 

	
	

#  Matched base-pairing interactions: 
#  Matched base-stacking interactions: 

>>>>>>>>>>   ALIGNMENT ENDS   >>>>>>>>>>

<<<<<<<<<<  ALIGNMENT BEGINS  <<<<<<<<<<

#  Aligning sarcin-ricin_consensus and 4ybb_BA:133-135_130-132_226-231:
#  Alignment score:  2.7
#  P-value:  1.000e+00
#  Query aligned region: 
#  Target aligned region: 

	
	

#  Matched base-pairing interactions: 
#  Matched base-stacking interactions: 

>>>>>>>>>>   ALIGNMENT ENDS   >>>>>>>>>>

<<<<<<<<<<  ALIGNMENT BEGINS  <<<<<<<<<<

#  Aligning sarcin-ricin_consensus and 4ybb_BA:1361-1364_975-977_1357-1360:
#  Alignment score:  2.7
#  P-value:  1.000e+00
#  Query aligned region: 
#  Target aligned region: 

	
	

#  Matched base-pairing interactions: 
#  Matched base-stacking interactions: 

>>>>>>>>>>   ALIGNMENT ENDS   >>>>>>>>>>

<<<<<<<<<<  ALIGNMENT BEGINS  <<<<<<<<<<

#  Aligning sarcin-ricin_consensus and 4ybb_BA:1317-1324_1311-1315_1268-1269:
#  Alignment score:  2.6
#  P-value:  1.000e+00
#  Query aligned region: 
#  Target aligned region: 

	
	

#  Matched base-pairing interactions: 
#  Matched base-stacking interactions: 

>>>>>>>>>>   ALIGNMENT ENDS   >>>>>>>>>>

<<<<<<<<<<  ALIGNMENT BEGINS  <<<<<<<<<<

#  Aligning sarcin-ricin_consensus and 4ybb_BA:1333-1336_1235-1240_1298-1302:
#  Alignment score:  2.6
#  P-value:  1.000e+00
#  Query aligned region: 
#  Target aligned region: 

	
	

#  Matched base-pairing interactions: 
#  Matched base-stacking interactions: 

>>>>>>>>>>   ALIGNMENT ENDS   >>>>>>>>>>

<<<<<<<<<<  ALIGNMENT BEGINS  <<<<<<<<<<

#  Aligning sarcin-ricin_consensus and 4ybb_BA:1103-1108_1066-1071_1088-1095:
#  Alignment score:  2.6
#  P-value:  1.000e+00
#  Query aligned region: 
#  Target aligned region: 

	
	

#  Matched base-pairing interactions: 
#  Matched base-stacking interactions: 

>>>>>>>>>>   ALIGNMENT ENDS   >>>>>>>>>>

<<<<<<<<<<  ALIGNMENT BEGINS  <<<<<<<<<<

#  Aligning sarcin-ricin_consensus and 4ybb_BA:434-439_403-407_493-497:
#  Alignment score:  2.6
#  P-value:  1.000e+00
#  Query aligned region: 
#  Target aligned region: 

	
	

#  Matched base-pairing interactions: 
#  Matched base-stacking interactions: 

>>>>>>>>>>   ALIGNMENT ENDS   >>>>>>>>>>

<<<<<<<<<<  ALIGNMENT BEGINS  <<<<<<<<<<

#  Aligning sarcin-ricin_consensus and 4ybb_BA:539-542_508-510:
#  Alignment score:  2.6
#  P-value:  1.000e+00
#  Query aligned region: 
#  Target aligned region: 

	
	

#  Matched base-pairing interactions: 
#  Matched base-stacking interactions: 

>>>>>>>>>>   ALIGNMENT ENDS   >>>>>>>>>>

<<<<<<<<<<  ALIGNMENT BEGINS  <<<<<<<<<<

#  Aligning sarcin-ricin_consensus and 4ybb_BA:1225-1232_969-971_948-953:
#  Alignment score:  2.6
#  P-value:  1.000e+00
#  Query aligned region: 
#  Target aligned region: 

	
	

#  Matched base-pairing interactions: 
#  Matched base-stacking interactions: 

>>>>>>>>>>   ALIGNMENT ENDS   >>>>>>>>>>

<<<<<<<<<<  ALIGNMENT BEGINS  <<<<<<<<<<

#  Aligning sarcin-ricin_consensus and 4ybb_BA:1225-1232_948-953_969-971:
#  Alignment score:  2.6
#  P-value:  1.000e+00
#  Query aligned region: 
#  Target aligned region: 

	
	

#  Matched base-pairing interactions: 
#  Matched base-stacking interactions: 

>>>>>>>>>>   ALIGNMENT ENDS   >>>>>>>>>>

<<<<<<<<<<  ALIGNMENT BEGINS  <<<<<<<<<<

#  Aligning sarcin-ricin_consensus and 4ybb_BA:729-731_576-577_724-728:
#  Alignment score:  2.6
#  P-value:  1.000e+00
#  Query aligned region: 
#  Target aligned region: 

	
	

#  Matched base-pairing interactions: 
#  Matched base-stacking interactions: 

>>>>>>>>>>   ALIGNMENT ENDS   >>>>>>>>>>

<<<<<<<<<<  ALIGNMENT BEGINS  <<<<<<<<<<

#  Aligning sarcin-ricin_consensus and 4ybb_BA:576-577_729-731_724-728:
#  Alignment score:  2.6
#  P-value:  1.000e+00
#  Query aligned region: 
#  Target aligned region: 

	
	

#  Matched base-pairing interactions: 
#  Matched base-stacking interactions: 

>>>>>>>>>>   ALIGNMENT ENDS   >>>>>>>>>>

<<<<<<<<<<  ALIGNMENT BEGINS  <<<<<<<<<<

#  Aligning sarcin-ricin_consensus and 4ybb_BA:307-310_303-304_288-292:
#  Alignment score:  2.5
#  P-value:  1.000e+00
#  Query aligned region: 
#  Target aligned region: 

	
	

#  Matched base-pairing interactions: 
#  Matched base-stacking interactions: 

>>>>>>>>>>   ALIGNMENT ENDS   >>>>>>>>>>

<<<<<<<<<<  ALIGNMENT BEGINS  <<<<<<<<<<

#  Aligning sarcin-ricin_consensus and 4ybb_BA:492-497_438-440_436-437:
#  Alignment score:  2.5
#  P-value:  1.000e+00
#  Query aligned region: 
#  Target aligned region: 

	
	

#  Matched base-pairing interactions: 
#  Matched base-stacking interactions: 

>>>>>>>>>>   ALIGNMENT ENDS   >>>>>>>>>>

<<<<<<<<<<  ALIGNMENT BEGINS  <<<<<<<<<<

#  Aligning sarcin-ricin_consensus and 4ybb_BA:1043-1045_989-996_1210-1214:
#  Alignment score:  2.5
#  P-value:  1.000e+00
#  Query aligned region: 
#  Target aligned region: 

	
	

#  Matched base-pairing interactions: 
#  Matched base-stacking interactions: 

>>>>>>>>>>   ALIGNMENT ENDS   >>>>>>>>>>

<<<<<<<<<<  ALIGNMENT BEGINS  <<<<<<<<<<

#  Aligning sarcin-ricin_consensus and 4ybb_BA:989-996_1210-1214_1043-1045:
#  Alignment score:  2.5
#  P-value:  1.000e+00
#  Query aligned region: 
#  Target aligned region: 

	
	

#  Matched base-pairing interactions: 
#  Matched base-stacking interactions: 

>>>>>>>>>>   ALIGNMENT ENDS   >>>>>>>>>>

<<<<<<<<<<  ALIGNMENT BEGINS  <<<<<<<<<<

#  Aligning sarcin-ricin_consensus and 4ybb_BA:535-536_514-520_532-534:
#  Alignment score:  2.4
#  P-value:  1.000e+00
#  Query aligned region: 
#  Target aligned region: 

	
	

#  Matched base-pairing interactions: 
#  Matched base-stacking interactions: 

>>>>>>>>>>   ALIGNMENT ENDS   >>>>>>>>>>

<<<<<<<<<<  ALIGNMENT BEGINS  <<<<<<<<<<

#  Aligning sarcin-ricin_consensus and 4ybb_BA:975-977_1361-1364_1357-1360:
#  Alignment score:  2.4
#  P-value:  1.000e+00
#  Query aligned region: 
#  Target aligned region: 

	
	

#  Matched base-pairing interactions: 
#  Matched base-stacking interactions: 

>>>>>>>>>>   ALIGNMENT ENDS   >>>>>>>>>>

<<<<<<<<<<  ALIGNMENT BEGINS  <<<<<<<<<<

#  Aligning sarcin-ricin_consensus and 4ybb_BA:173-178_143-147:
#  Alignment score:  2.4
#  P-value:  1.000e+00
#  Query aligned region: 
#  Target aligned region: 

	
	

#  Matched base-pairing interactions: 
#  Matched base-stacking interactions: 

>>>>>>>>>>   ALIGNMENT ENDS   >>>>>>>>>>

<<<<<<<<<<  ALIGNMENT BEGINS  <<<<<<<<<<

#  Aligning sarcin-ricin_consensus and 4ybb_BA:1235-1240_1298-1302_1333-1336:
#  Alignment score:  2.3
#  P-value:  1.000e+00
#  Query aligned region: 
#  Target aligned region: 

	
	

#  Matched base-pairing interactions: 
#  Matched base-stacking interactions: 

>>>>>>>>>>   ALIGNMENT ENDS   >>>>>>>>>>

<<<<<<<<<<  ALIGNMENT BEGINS  <<<<<<<<<<

#  Aligning sarcin-ricin_consensus and 4ybb_BA:998-1000_1035-1040_1001-1003:
#  Alignment score:  2.3
#  P-value:  1.000e+00
#  Query aligned region: 
#  Target aligned region: 

	
	

#  Matched base-pairing interactions: 
#  Matched base-stacking interactions: 

>>>>>>>>>>   ALIGNMENT ENDS   >>>>>>>>>>

<<<<<<<<<<  ALIGNMENT BEGINS  <<<<<<<<<<

#  Aligning sarcin-ricin_consensus and 4ybb_BA:438-440_492-497_436-437:
#  Alignment score:  2.3
#  P-value:  1.000e+00
#  Query aligned region: 
#  Target aligned region: 

	
	

#  Matched base-pairing interactions: 
#  Matched base-stacking interactions: 

>>>>>>>>>>   ALIGNMENT ENDS   >>>>>>>>>>

<<<<<<<<<<  ALIGNMENT BEGINS  <<<<<<<<<<

#  Aligning sarcin-ricin_consensus and 4ybb_BA:508-510_539-542:
#  Alignment score:  2.3
#  P-value:  1.000e+00
#  Query aligned region: 
#  Target aligned region: 

	
	

#  Matched base-pairing interactions: 
#  Matched base-stacking interactions: 

>>>>>>>>>>   ALIGNMENT ENDS   >>>>>>>>>>

<<<<<<<<<<  ALIGNMENT BEGINS  <<<<<<<<<<

#  Aligning sarcin-ricin_consensus and 4ybb_BA:1361-1364_1357-1360_975-977:
#  Alignment score:  2.3
#  P-value:  1.000e+00
#  Query aligned region: 
#  Target aligned region: 

	
	

#  Matched base-pairing interactions: 
#  Matched base-stacking interactions: 

>>>>>>>>>>   ALIGNMENT ENDS   >>>>>>>>>>

<<<<<<<<<<  ALIGNMENT BEGINS  <<<<<<<<<<

#  Aligning sarcin-ricin_consensus and 4ybb_BA:143-147_173-178:
#  Alignment score:  2.3
#  P-value:  1.000e+00
#  Query aligned region: 
#  Target aligned region: 

	
	

#  Matched base-pairing interactions: 
#  Matched base-stacking interactions: 

>>>>>>>>>>   ALIGNMENT ENDS   >>>>>>>>>>

<<<<<<<<<<  ALIGNMENT BEGINS  <<<<<<<<<<

#  Aligning sarcin-ricin_consensus and 4ybb_BA:219-222_140-142:
#  Alignment score:  2.2
#  P-value:  1.000e+00
#  Query aligned region: 
#  Target aligned region: 

	
	

#  Matched base-pairing interactions: 
#  Matched base-stacking interactions: 

>>>>>>>>>>   ALIGNMENT ENDS   >>>>>>>>>>

<<<<<<<<<<  ALIGNMENT BEGINS  <<<<<<<<<<

#  Aligning sarcin-ricin_consensus and 4ybb_BA:307-310_288-292_303-304:
#  Alignment score:  2.2
#  P-value:  1.000e+00
#  Query aligned region: 
#  Target aligned region: 

	
	

#  Matched base-pairing interactions: 
#  Matched base-stacking interactions: 

>>>>>>>>>>   ALIGNMENT ENDS   >>>>>>>>>>

<<<<<<<<<<  ALIGNMENT BEGINS  <<<<<<<<<<

#  Aligning sarcin-ricin_consensus and 4ybb_BA:989-996_1043-1045_1210-1214:
#  Alignment score:  2.2
#  P-value:  1.000e+00
#  Query aligned region: 
#  Target aligned region: 

	
	

#  Matched base-pairing interactions: 
#  Matched base-stacking interactions: 

>>>>>>>>>>   ALIGNMENT ENDS   >>>>>>>>>>

<<<<<<<<<<  ALIGNMENT BEGINS  <<<<<<<<<<

#  Aligning sarcin-ricin_consensus and 4ybb_BA:724-728_729-731_576-577:
#  Alignment score:  2.2
#  P-value:  1.000e+00
#  Query aligned region: 
#  Target aligned region: 

	
	

#  Matched base-pairing interactions: 
#  Matched base-stacking interactions: 

>>>>>>>>>>   ALIGNMENT ENDS   >>>>>>>>>>

<<<<<<<<<<  ALIGNMENT BEGINS  <<<<<<<<<<

#  Aligning sarcin-ricin_consensus and 4ybb_BA:724-728_576-577_729-731:
#  Alignment score:  2.2
#  P-value:  1.000e+00
#  Query aligned region: 
#  Target aligned region: 

	
	

#  Matched base-pairing interactions: 
#  Matched base-stacking interactions: 

>>>>>>>>>>   ALIGNMENT ENDS   >>>>>>>>>>

<<<<<<<<<<  ALIGNMENT BEGINS  <<<<<<<<<<

#  Aligning sarcin-ricin_consensus and 4ybb_BA:1235-1240_1333-1336_1298-1302:
#  Alignment score:  2.1
#  P-value:  1.000e+00
#  Query aligned region: 
#  Target aligned region: 

	
	

#  Matched base-pairing interactions: 
#  Matched base-stacking interactions: 

>>>>>>>>>>   ALIGNMENT ENDS   >>>>>>>>>>

<<<<<<<<<<  ALIGNMENT BEGINS  <<<<<<<<<<

#  Aligning sarcin-ricin_consensus and 4ybb_BA:514-520_532-534_535-536:
#  Alignment score:  2.1
#  P-value:  1.000e+00
#  Query aligned region: 
#  Target aligned region: 

	
	

#  Matched base-pairing interactions: 
#  Matched base-stacking interactions: 

>>>>>>>>>>   ALIGNMENT ENDS   >>>>>>>>>>

<<<<<<<<<<  ALIGNMENT BEGINS  <<<<<<<<<<

#  Aligning sarcin-ricin_consensus and 4ybb_BA:514-520_535-536_532-534:
#  Alignment score:  2
#  P-value:  1.000e+00
#  Query aligned region: 
#  Target aligned region: 

	
	

#  Matched base-pairing interactions: 
#  Matched base-stacking interactions: 

>>>>>>>>>>   ALIGNMENT ENDS   >>>>>>>>>>

<<<<<<<<<<  ALIGNMENT BEGINS  <<<<<<<<<<

#  Aligning sarcin-ricin_consensus and 4ybb_BA:311-314_112-114:
#  Alignment score:  2
#  P-value:  1.000e+00
#  Query aligned region: 
#  Target aligned region: 

	
	

#  Matched base-pairing interactions: 
#  Matched base-stacking interactions: 

>>>>>>>>>>   ALIGNMENT ENDS   >>>>>>>>>>

<<<<<<<<<<  ALIGNMENT BEGINS  <<<<<<<<<<

#  Aligning sarcin-ricin_consensus and 4ybb_BA:140-142_219-222:
#  Alignment score:  1.9
#  P-value:  1.000e+00
#  Query aligned region: 
#  Target aligned region: 

	
	

#  Matched base-pairing interactions: 
#  Matched base-stacking interactions: 

>>>>>>>>>>   ALIGNMENT ENDS   >>>>>>>>>>

<<<<<<<<<<  ALIGNMENT BEGINS  <<<<<<<<<<

#  Aligning sarcin-ricin_consensus and 4ybb_BA:1440-1441_1459-1460:
#  Alignment score:  1.7
#  P-value:  1.000e+00
#  Query aligned region: 
#  Target aligned region: 

	
	

#  Matched base-pairing interactions: 
#  Matched base-stacking interactions: 

>>>>>>>>>>   ALIGNMENT ENDS   >>>>>>>>>>

<<<<<<<<<<  ALIGNMENT BEGINS  <<<<<<<<<<

#  Aligning sarcin-ricin_consensus and 4ybb_BA:1459-1460_1440-1441:
#  Alignment score:  1.4
#  P-value:  1.000e+00
#  Query aligned region: 
#  Target aligned region: 

	
	

#  Matched base-pairing interactions: 
#  Matched base-stacking interactions: 

>>>>>>>>>>   ALIGNMENT ENDS   >>>>>>>>>>

<<<<<<<<<<  ALIGNMENT BEGINS  <<<<<<<<<<

#  Aligning sarcin-ricin_consensus and 4ybb_BA:1279-1280_1123-1125:
#  Alignment score:  1.4
#  P-value:  1.000e+00
#  Query aligned region: 
#  Target aligned region: 

	
	

#  Matched base-pairing interactions: 
#  Matched base-stacking interactions: 

>>>>>>>>>>   ALIGNMENT ENDS   >>>>>>>>>>

<<<<<<<<<<  ALIGNMENT BEGINS  <<<<<<<<<<

#  Aligning sarcin-ricin_consensus and 4ybb_BA:1025-1034:
#  Alignment score:  1
#  P-value:  1.000e+00
#  Query aligned region: 
#  Target aligned region: 

	
	

#  Matched base-pairing interactions: 
#  Matched base-stacking interactions: 

>>>>>>>>>>   ALIGNMENT ENDS   >>>>>>>>>>

<<<<<<<<<<  ALIGNMENT BEGINS  <<<<<<<<<<

#  Aligning sarcin-ricin_consensus and 4ybb_BA:418-423:
#  Alignment score:  0.8
#  P-value:  1.000e+00
#  Query aligned region: 
#  Target aligned region: 

	
	

#  Matched base-pairing interactions: 
#  Matched base-stacking interactions: 

>>>>>>>>>>   ALIGNMENT ENDS   >>>>>>>>>>

