$ /home/s081p868/scratch/RNAMotifScanX-release/bin/scan /home/s081p868/scratch/RNAMotifScanX-release/models/sarcin-ricin_consensus.struct /rfs/poseidon_share/s081p868/RNAMotifScanX_nr/rmsx_work_default/4ybb/AA/4ybb_AA.rmsx.in --map_pdb=/rfs/poseidon_share/s081p868/RNAMotifScanX_nr/rmsx_work_default/4ybb/AA/4ybb_AA.rmsx.nch --pvalue 1.0 --num_threads 16 --write_alignment
<<<<<<<<<<  ALIGNMENT BEGINS  <<<<<<<<<<

#  Aligning sarcin-ricin_consensus and 4ybb_AA:1412-1414_887-891_905-908:
#  Alignment score:  158.4
#  P-value:  4.107e-03
#  Query aligned region: 0-4,5-8
#  Target aligned region: 3:'AA'888-7:'AA'892,8:'AA'906-11:'AA'909

	UAGUA...GAAC
	GAGUA...AAAA

#  Matched base-pairing interactions: 
	<U(0:)-C(8:) trans S/H>                        MATCHES	<G(3:'AA'888)-A(11:'AA'909) trans S/H>
	<A(1:)-A(7:) trans H/H>                        MATCHES	<A(4:'AA'889)-A(10:'AA'908) trans H/H>
	<U(3:)-A(6:) trans W/H>                        MATCHES	<U(6:'AA'891)-A(9:'AA'907) trans W/H>
	<G(2:)-U(3:) cis S/H>                          MATCHES	<G(5:'AA'890)-U(6:'AA'891) cis S/H>
	<A(4:)-G(5:) trans H/S>                        MATCHES	<A(7:'AA'892)-A(8:'AA'906) trans H/S>
#  Matched base-stacking interactions: 
	<A(1:)-U(3:) outward>                          MATCHES	<A(4:'AA'889)-U(6:'AA'891) outward>
	<A(4:)-A(6:) outward>                          MATCHES	<A(7:'AA'892)-A(9:'AA'907) outward>

>>>>>>>>>>   ALIGNMENT ENDS   >>>>>>>>>>

<<<<<<<<<<  ALIGNMENT BEGINS  <<<<<<<<<<

#  Aligning sarcin-ricin_consensus and 4ybb_AA:1344-1348_1372-1376_1377-1378:
#  Alignment score:  138.4
#  P-value:  5.629e-03
#  Query aligned region: 0-4,5-8
#  Target aligned region: 0:'AA'1345-4:'AA'1349,5:'AA'1373-8:'AA'1376

	UAGUA...GAAC
	UAGUA...GAAU

#  Matched base-pairing interactions: 
	<U(0:)-C(8:) trans S/H>                        MATCHES	<U(0:'AA'1345)-U(8:'AA'1376) trans W/W>
	<A(1:)-A(7:) trans H/H>                        MATCHES	<A(1:'AA'1346)-A(7:'AA'1375) trans H/H>
	<U(3:)-A(6:) trans W/H>                        MATCHES	<U(3:'AA'1348)-A(6:'AA'1374) trans W/H>
	<G(2:)-U(3:) cis S/H>                          MATCHES	<G(2:'AA'1347)-U(3:'AA'1348) cis S/H>
	<A(4:)-G(5:) trans H/S>                        MATCHES	<A(4:'AA'1349)-G(5:'AA'1373) trans H/S>
#  Matched base-stacking interactions: 
	<A(1:)-U(3:) outward>                          MATCHES	<A(1:'AA'1346)-U(3:'AA'1348) outward>
	<A(4:)-A(6:) outward>                          MATCHES	<A(4:'AA'1349)-A(6:'AA'1374) outward>

>>>>>>>>>>   ALIGNMENT ENDS   >>>>>>>>>>

<<<<<<<<<<  ALIGNMENT BEGINS  <<<<<<<<<<

#  Aligning sarcin-ricin_consensus and 4ybb_AA:1296-1303_1333-1336_1235-1240:
#  Alignment score:  59.2
#  P-value:  5.366e-02
#  Query aligned region: 1-4,5-7
#  Target aligned region: 2:'AA'1299-4:'AA'1301,9:'AA'1335-10:'AA'1336,14:'AA'1238-15:'AA'1239

	AGU~A...G~AA
	AGU~U...C~AA

#  Matched base-pairing interactions: 
	<U(3:)-A(6:) trans W/H>                        MATCHES	<U(4:'AA'1301)-A(14:'AA'1238) trans W/H>
	<A(4:)-G(5:) trans H/S>                        MATCHES	<U(9:'AA'1335)-C(10:'AA'1336) trans S/S>
	<A(1:)-A(7:) trans H/H>                        MATCHES	<A(2:'AA'1299)-A(15:'AA'1239) cis W/H>
	<G(2:)-U(3:) cis S/H>                          MATCHES	<G(3:'AA'1300)-U(4:'AA'1301) cis S/H>
#  Matched base-stacking interactions: 
	<A(1:)-U(3:) outward>                          MATCHES	<A(2:'AA'1299)-U(4:'AA'1301) outward>

>>>>>>>>>>   ALIGNMENT ENDS   >>>>>>>>>>

<<<<<<<<<<  ALIGNMENT BEGINS  <<<<<<<<<<

#  Aligning sarcin-ricin_consensus and 4ybb_AA:480-487_445-449:
#  Alignment score:  55.1
#  P-value:  6.745e-02
#  Query aligned region: 0-4,5-8
#  Target aligned region: 2:'AA'483-6:'AA'487,9:'AA'447-12:'AA'450

	UAGUA...GAAC
	CGUUA...GAGG

#  Matched base-pairing interactions: 
	<A(4:)-G(5:) trans H/S>                        MATCHES	<A(6:'AA'487)-G(9:'AA'447) trans H/S>
	<U(3:)-A(6:) trans W/H>                        MATCHES	<U(5:'AA'486)-A(10:'AA'448) trans W/H>
	<A(1:)-A(7:) trans H/H>                        MATCHES	<G(3:'AA'484)-G(11:'AA'449) trans W/W>
	<U(0:)-C(8:) trans S/H>                        MATCHES	<C(2:'AA'483)-G(12:'AA'450) cis W/W>
#  Matched base-stacking interactions: 
	<A(1:)-U(3:) outward>                          MATCHES	<G(3:'AA'484)-U(5:'AA'486) outward>
	<A(4:)-A(6:) outward>                          MATCHES	<A(6:'AA'487)-A(10:'AA'448) outward>

>>>>>>>>>>   ALIGNMENT ENDS   >>>>>>>>>>

<<<<<<<<<<  ALIGNMENT BEGINS  <<<<<<<<<<

#  Aligning sarcin-ricin_consensus and 4ybb_AA:1357-1361_1314-1318_975-980:
#  Alignment score:  45.2
#  P-value:  1.348e-01
#  Query aligned region: 1-4,5-7
#  Target aligned region: 2:'AA'1360-3:'AA'1361,5:'AA'1315-9:'AA'1319,12:'AA'978-12:'AA'978

	AG~UA...GA~A
	AG~UG...AA~A

#  Matched base-pairing interactions: 
	<A(4:)-G(5:) trans H/S>                        MATCHES	<G(6:'AA'1316)-A(8:'AA'1318) cis -/->
	<U(3:)-A(6:) trans W/H>                        MATCHES	<U(5:'AA'1315)-A(9:'AA'1319) trans W/H>
	<A(1:)-A(7:) trans H/H>                        MATCHES	<A(2:'AA'1360)-A(12:'AA'978) trans W/H>
	<G(2:)-U(3:) cis S/H>                          MATCHES	<G(3:'AA'1361)-U(5:'AA'1315) cis S/S>
#  Matched base-stacking interactions: 
	<A(1:)-U(3:) outward>                          MATCHES	<A(2:'AA'1360)-U(5:'AA'1315) hbond>
	<A(4:)-A(6:) outward>                          MATCHES	<G(6:'AA'1316)-A(9:'AA'1319) hbond>

>>>>>>>>>>   ALIGNMENT ENDS   >>>>>>>>>>

<<<<<<<<<<  ALIGNMENT BEGINS  <<<<<<<<<<

#  Aligning sarcin-ricin_consensus and 4ybb_AA:898-901_809-813_764-768:
#  Alignment score:  37.6
#  P-value:  2.893e-01
#  Query aligned region: 2-3,6-6
#  Target aligned region: 6:'AA'812-7:'AA'813,10:'AA'766-10:'AA'766

	GU...A
	GU...A

#  Matched base-pairing interactions: 
	<U(3:)-A(6:) trans W/H>                        MATCHES	<U(7:'AA'813)-A(10:'AA'766) trans W/H>
	<G(2:)-U(3:) cis S/H>                          MATCHES	<G(6:'AA'812)-U(7:'AA'813) cis S/H>
#  Matched base-stacking interactions: 

>>>>>>>>>>   ALIGNMENT ENDS   >>>>>>>>>>

<<<<<<<<<<  ALIGNMENT BEGINS  <<<<<<<<<<

#  Aligning sarcin-ricin_consensus and 4ybb_AA:798-803_775-782:
#  Alignment score:  36.3
#  P-value:  3.415e-01
#  Query aligned region: 0-4,5-8
#  Target aligned region: 0:'AA'799-3:'AA'802,10:'AA'780-13:'AA'783

	UAGUA...GAAC
	GG-UA...AAAC

#  Matched base-pairing interactions: 
	<A(4:)-G(5:) trans H/S>                        MATCHES	<A(3:'AA'802)-A(10:'AA'780) trans H/S>
	<U(3:)-A(6:) trans W/H>                        MATCHES	<U(2:'AA'801)-A(11:'AA'781) trans W/H>
	<A(1:)-A(7:) trans H/H>                        MATCHES	<G(1:'AA'800)-A(12:'AA'782) trans S/H>
	<U(0:)-C(8:) trans S/H>                        MATCHES	<G(0:'AA'799)-C(13:'AA'783) cis W/W>
#  Matched base-stacking interactions: 
	<A(4:)-A(6:) outward>                          MATCHES	<A(3:'AA'802)-A(11:'AA'781) outward>

>>>>>>>>>>   ALIGNMENT ENDS   >>>>>>>>>>

<<<<<<<<<<  ALIGNMENT BEGINS  <<<<<<<<<<

#  Aligning sarcin-ricin_consensus and 4ybb_AA:1499-1501_1391-1395_920-924:
#  Alignment score:  30.4
#  P-value:  9.249e-01
#  Query aligned region: 0-4,5-8
#  Target aligned region: 2:'AA'1502-2:'AA'1502,4:'AA'1393-7:'AA'1396,8:'AA'921-11:'AA'924

	U~AGUA...GAAC
	A~UACA...UGAC

#  Matched base-pairing interactions: 
	<G(2:)-U(3:) cis S/H>                          MATCHES	<A(5:'AA'1394)-C(6:'AA'1395) cis S/H>
	<A(4:)-G(5:) trans H/S>                        MATCHES	<A(7:'AA'1396)-U(8:'AA'921) cis W/W>
	<U(3:)-A(6:) trans W/H>                        MATCHES	<C(6:'AA'1395)-G(9:'AA'922) cis W/W>
	<U(0:)-C(8:) trans S/H>                        MATCHES	<A(2:'AA'1502)-C(11:'AA'924) cis -/->
	<A(1:)-A(7:) trans H/H>                        MATCHES	<U(4:'AA'1393)-A(10:'AA'923) cis W/W>
#  Matched base-stacking interactions: 
	<A(4:)-A(6:) outward>                          MATCHES	<A(7:'AA'1396)-G(9:'AA'922) outward>

>>>>>>>>>>   ALIGNMENT ENDS   >>>>>>>>>>

<<<<<<<<<<  ALIGNMENT BEGINS  <<<<<<<<<<

#  Aligning sarcin-ricin_consensus and 4ybb_AA:48-54_113-115_356-361:
#  Alignment score:  20.8
#  P-value:  1.000e+00
#  Query aligned region: 0-4,5-8
#  Target aligned region: 0:'AA'49-6:'AA'55,10:'AA'357-14:'AA'361

	UAGU--A...G-AAC
	UAACACA...GUGGG

#  Matched base-pairing interactions: 
	<G(2:)-U(3:) cis S/H>                          MATCHES	<A(2:'AA'51)-C(3:'AA'52) cis S/H>
	<A(1:)-A(7:) trans H/H>                        MATCHES	<A(1:'AA'50)-G(13:'AA'360) cis -/->
	<U(3:)-A(6:) trans W/H>                        MATCHES	<C(3:'AA'52)-G(12:'AA'359) cis W/W>
	<A(4:)-G(5:) trans H/S>                        MATCHES	<A(6:'AA'55)-G(10:'AA'357) trans H/S>
	<U(0:)-C(8:) trans S/H>                        MATCHES	<U(0:'AA'49)-G(14:'AA'361) cis -/->
#  Matched base-stacking interactions: 

>>>>>>>>>>   ALIGNMENT ENDS   >>>>>>>>>>

<<<<<<<<<<  ALIGNMENT BEGINS  <<<<<<<<<<

#  Aligning sarcin-ricin_consensus and 4ybb_AA:578-583_756-762:
#  Alignment score:  20.7
#  P-value:  1.000e+00
#  Query aligned region: 0-4,5-8
#  Target aligned region: 1:'AA'580-4:'AA'583,7:'AA'758-10:'AA'761

	UAGUA...GAAC
	CG-CA...CAGG

#  Matched base-pairing interactions: 
	<A(4:)-G(5:) trans H/S>                        MATCHES	<A(4:'AA'583)-C(7:'AA'758) trans H/S>
	<U(3:)-A(6:) trans W/H>                        MATCHES	<C(3:'AA'582)-A(8:'AA'759) trans W/H>
	<A(1:)-A(7:) trans H/H>                        MATCHES	<G(2:'AA'581)-G(9:'AA'760) cis -/->
	<U(0:)-C(8:) trans S/H>                        MATCHES	<C(1:'AA'580)-G(10:'AA'761) cis W/W>
#  Matched base-stacking interactions: 
	<A(4:)-A(6:) outward>                          MATCHES	<A(4:'AA'583)-A(8:'AA'759) outward>

>>>>>>>>>>   ALIGNMENT ENDS   >>>>>>>>>>

<<<<<<<<<<  ALIGNMENT BEGINS  <<<<<<<<<<

#  Aligning sarcin-ricin_consensus and 4ybb_AA:527-534_516-520:
#  Alignment score:  20.6
#  P-value:  1.000e+00
#  Query aligned region: 0-0,8-8
#  Target aligned region: 1:'AA'529-1:'AA'529,11:'AA'520-11:'AA'520

	U...C
	G...A

#  Matched base-pairing interactions: 
	<U(0:)-C(8:) trans S/H>                        MATCHES	<G(1:'AA'529)-A(11:'AA'520) trans S/H>
#  Matched base-stacking interactions: 

>>>>>>>>>>   ALIGNMENT ENDS   >>>>>>>>>>

<<<<<<<<<<  ALIGNMENT BEGINS  <<<<<<<<<<

#  Aligning sarcin-ricin_consensus and 4ybb_AA:1466-1470_1429-1433_333-334:
#  Alignment score:  19.8
#  P-value:  1.000e+00
#  Query aligned region: 0-0,8-8
#  Target aligned region: 0:'AA'1467-0:'AA'1467,8:'AA'1433-8:'AA'1433

	U...C
	C...A

#  Matched base-pairing interactions: 
	<U(0:)-C(8:) trans S/H>                        MATCHES	<C(0:'AA'1467)-A(8:'AA'1433) trans S/H>
#  Matched base-stacking interactions: 

>>>>>>>>>>   ALIGNMENT ENDS   >>>>>>>>>>

<<<<<<<<<<  ALIGNMENT BEGINS  <<<<<<<<<<

#  Aligning sarcin-ricin_consensus and 4ybb_AA:756-762_578-583:
#  Alignment score:  19.8
#  P-value:  1.000e+00
#  Query aligned region: 0-0,8-8
#  Target aligned region: 1:'AA'758-1:'AA'758,11:'AA'583-11:'AA'583

	U...C
	C...A

#  Matched base-pairing interactions: 
	<U(0:)-C(8:) trans S/H>                        MATCHES	<C(1:'AA'758)-A(11:'AA'583) trans S/H>
#  Matched base-stacking interactions: 

>>>>>>>>>>   ALIGNMENT ENDS   >>>>>>>>>>

<<<<<<<<<<  ALIGNMENT BEGINS  <<<<<<<<<<

#  Aligning sarcin-ricin_consensus and 4ybb_AA:1328-1332_1303-1308_945-946:
#  Alignment score:  19.8
#  P-value:  1.000e+00
#  Query aligned region: 0-0,8-8
#  Target aligned region: 2:'AA'1331-2:'AA'1331,7:'AA'1306-7:'AA'1306

	U...C
	G...A

#  Matched base-pairing interactions: 
	<U(0:)-C(8:) trans S/H>                        MATCHES	<G(2:'AA'1331)-A(7:'AA'1306) trans S/H>
#  Matched base-stacking interactions: 

>>>>>>>>>>   ALIGNMENT ENDS   >>>>>>>>>>

<<<<<<<<<<  ALIGNMENT BEGINS  <<<<<<<<<<

#  Aligning sarcin-ricin_consensus and 4ybb_AA:1343-1344_932-937_1375-1384:
#  Alignment score:  19.4
#  P-value:  1.000e+00
#  Query aligned region: 0-0,8-8
#  Target aligned region: 6:'AA'937-6:'AA'937,10:'AA'1378-10:'AA'1378

	U...C
	A...C

#  Matched base-pairing interactions: 
	<U(0:)-C(8:) trans S/H>                        MATCHES	<A(6:'AA'937)-C(10:'AA'1378) trans S/H>
#  Matched base-stacking interactions: 

>>>>>>>>>>   ALIGNMENT ENDS   >>>>>>>>>>

<<<<<<<<<<  ALIGNMENT BEGINS  <<<<<<<<<<

#  Aligning sarcin-ricin_consensus and 4ybb_AA:350-358_111-112_50-58:
#  Alignment score:  19
#  P-value:  1.000e+00
#  Query aligned region: 0-0,8-8
#  Target aligned region: 6:'AA'357-6:'AA'357,15:'AA'55-15:'AA'55

	U...C
	G...A

#  Matched base-pairing interactions: 
	<U(0:)-C(8:) trans S/H>                        MATCHES	<G(6:'AA'357)-A(15:'AA'55) trans S/H>
#  Matched base-stacking interactions: 

>>>>>>>>>>   ALIGNMENT ENDS   >>>>>>>>>>

<<<<<<<<<<  ALIGNMENT BEGINS  <<<<<<<<<<

#  Aligning sarcin-ricin_consensus and 4ybb_AA:892-893_280-285_239-246:
#  Alignment score:  18.2
#  P-value:  1.000e+00
#  Query aligned region: 0-0,8-8
#  Target aligned region: 2:'AA'281-2:'AA'281,14:'AA'246-14:'AA'246

	U...C
	G...A

#  Matched base-pairing interactions: 
	<U(0:)-C(8:) trans S/H>                        MATCHES	<G(2:'AA'281)-A(14:'AA'246) trans S/H>
#  Matched base-stacking interactions: 

>>>>>>>>>>   ALIGNMENT ENDS   >>>>>>>>>>

<<<<<<<<<<  ALIGNMENT BEGINS  <<<<<<<<<<

#  Aligning sarcin-ricin_consensus and 4ybb_AA:1496-1503_1394-1397_1398-1402:
#  Alignment score:  17.8
#  P-value:  1.000e+00
#  Query aligned region: 0-0,8-8
#  Target aligned region: 11:'AA'1398-11:'AA'1398,12:'AA'1399-12:'AA'1399

	U...C
	A...C

#  Matched base-pairing interactions: 
	<U(0:)-C(8:) trans S/H>                        MATCHES	<A(11:'AA'1398)-C(12:'AA'1399) trans S/H>
#  Matched base-stacking interactions: 

>>>>>>>>>>   ALIGNMENT ENDS   >>>>>>>>>>

<<<<<<<<<<  ALIGNMENT BEGINS  <<<<<<<<<<

#  Aligning sarcin-ricin_consensus and 4ybb_AA:796-797_695-704_685-690:
#  Alignment score:  17.4
#  P-value:  1.000e+00
#  Query aligned region: 2-4,5-6
#  Target aligned region: 8:'AA'702-10:'AA'704,12:'AA'686-13:'AA'687

	GUA...GA
	AGA...UA

#  Matched base-pairing interactions: 
	<G(2:)-U(3:) cis S/H>                          MATCHES	<A(8:'AA'702)-G(9:'AA'703) cis S/H>
	<A(4:)-G(5:) trans H/S>                        MATCHES	<A(10:'AA'704)-U(12:'AA'686) trans H/W>
	<U(3:)-A(6:) trans W/H>                        MATCHES	<G(9:'AA'703)-A(13:'AA'687) trans S/H>
#  Matched base-stacking interactions: 
	<A(4:)-A(6:) outward>                          MATCHES	<A(10:'AA'704)-A(13:'AA'687) outward>

>>>>>>>>>>   ALIGNMENT ENDS   >>>>>>>>>>

<<<<<<<<<<  ALIGNMENT BEGINS  <<<<<<<<<<

#  Aligning sarcin-ricin_consensus and 4ybb_AA:1003-1006_1021-1024:
#  Alignment score:  16.6
#  P-value:  1.000e+00
#  Query aligned region: 4-4,5-5
#  Target aligned region: 1:'AA'1005-1:'AA'1005,6:'AA'1024-6:'AA'1024

	A...G
	A...G

#  Matched base-pairing interactions: 
	<A(4:)-G(5:) trans H/S>                        MATCHES	<A(1:'AA'1005)-G(6:'AA'1024) trans H/S>
#  Matched base-stacking interactions: 

>>>>>>>>>>   ALIGNMENT ENDS   >>>>>>>>>>

<<<<<<<<<<  ALIGNMENT BEGINS  <<<<<<<<<<

#  Aligning sarcin-ricin_consensus and 4ybb_AA:1336-1342_940-944:
#  Alignment score:  16.6
#  P-value:  1.000e+00
#  Query aligned region: 4-4,5-5
#  Target aligned region: 2:'AA'1339-2:'AA'1339,10:'AA'944-10:'AA'944

	A...G
	A...G

#  Matched base-pairing interactions: 
	<A(4:)-G(5:) trans H/S>                        MATCHES	<A(2:'AA'1339)-G(10:'AA'944) trans H/S>
#  Matched base-stacking interactions: 

>>>>>>>>>>   ALIGNMENT ENDS   >>>>>>>>>>

<<<<<<<<<<  ALIGNMENT BEGINS  <<<<<<<<<<

#  Aligning sarcin-ricin_consensus and 4ybb_AA:907-913_883-890_561-562:
#  Alignment score:  16.6
#  P-value:  1.000e+00
#  Query aligned region: 4-4,5-5
#  Target aligned region: 1:'AA'909-1:'AA'909,11:'AA'888-11:'AA'888

	A...G
	A...G

#  Matched base-pairing interactions: 
	<A(4:)-G(5:) trans H/S>                        MATCHES	<A(1:'AA'909)-G(11:'AA'888) trans H/S>
#  Matched base-stacking interactions: 

>>>>>>>>>>   ALIGNMENT ENDS   >>>>>>>>>>

<<<<<<<<<<  ALIGNMENT BEGINS  <<<<<<<<<<

#  Aligning sarcin-ricin_consensus and 4ybb_AA:11-13_912-917_16-21:
#  Alignment score:  16.6
#  P-value:  1.000e+00
#  Query aligned region: 4-4,5-5
#  Target aligned region: 4:'AA'914-4:'AA'914,13:'AA'21-13:'AA'21

	A...G
	A...G

#  Matched base-pairing interactions: 
	<A(4:)-G(5:) trans H/S>                        MATCHES	<A(4:'AA'914)-G(13:'AA'21) trans H/S>
#  Matched base-stacking interactions: 

>>>>>>>>>>   ALIGNMENT ENDS   >>>>>>>>>>

<<<<<<<<<<  ALIGNMENT BEGINS  <<<<<<<<<<

#  Aligning sarcin-ricin_consensus and 4ybb_AA:784-786_693-696_689-691:
#  Alignment score:  16.6
#  P-value:  1.000e+00
#  Query aligned region: 4-4,5-5
#  Target aligned region: 5:'AA'696-5:'AA'696,8:'AA'691-8:'AA'691

	A...G
	A...G

#  Matched base-pairing interactions: 
	<A(4:)-G(5:) trans H/S>                        MATCHES	<A(5:'AA'696)-G(8:'AA'691) trans H/S>
#  Matched base-stacking interactions: 

>>>>>>>>>>   ALIGNMENT ENDS   >>>>>>>>>>

<<<<<<<<<<  ALIGNMENT BEGINS  <<<<<<<<<<

#  Aligning sarcin-ricin_consensus and 4ybb_AA:26-28_298-304_291-296:
#  Alignment score:  16.6
#  P-value:  1.000e+00
#  Query aligned region: 4-4,5-5
#  Target aligned region: 4:'AA'300-4:'AA'300,15:'AA'297-15:'AA'297

	A...G
	A...G

#  Matched base-pairing interactions: 
	<A(4:)-G(5:) trans H/S>                        MATCHES	<A(4:'AA'300)-G(15:'AA'297) trans H/S>
#  Matched base-stacking interactions: 

>>>>>>>>>>   ALIGNMENT ENDS   >>>>>>>>>>

<<<<<<<<<<  ALIGNMENT BEGINS  <<<<<<<<<<

#  Aligning sarcin-ricin_consensus and 4ybb_AA:294-296_25-29_552-557:
#  Alignment score:  16.6
#  P-value:  1.000e+00
#  Query aligned region: 4-4,5-5
#  Target aligned region: 3:'AA'26-3:'AA'26,13:'AA'558-13:'AA'558

	A...G
	A...G

#  Matched base-pairing interactions: 
	<A(4:)-G(5:) trans H/S>                        MATCHES	<A(3:'AA'26)-G(13:'AA'558) trans H/S>
#  Matched base-stacking interactions: 

>>>>>>>>>>   ALIGNMENT ENDS   >>>>>>>>>>

<<<<<<<<<<  ALIGNMENT BEGINS  <<<<<<<<<<

#  Aligning sarcin-ricin_consensus and 4ybb_AA:899-904_893-898_809-810:
#  Alignment score:  15.8
#  P-value:  1.000e+00
#  Query aligned region: 4-4,5-5
#  Target aligned region: 1:'AA'901-1:'AA'901,10:'AA'898-10:'AA'898

	A...G
	A...G

#  Matched base-pairing interactions: 
	<A(4:)-G(5:) trans H/S>                        MATCHES	<A(1:'AA'901)-G(10:'AA'898) trans H/S>
#  Matched base-stacking interactions: 

>>>>>>>>>>   ALIGNMENT ENDS   >>>>>>>>>>

<<<<<<<<<<  ALIGNMENT BEGINS  <<<<<<<<<<

#  Aligning sarcin-ricin_consensus and 4ybb_AA:428-435_405-412:
#  Alignment score:  15.8
#  P-value:  1.000e+00
#  Query aligned region: 4-4,5-5
#  Target aligned region: 3:'AA'432-3:'AA'432,12:'AA'410-12:'AA'410

	A...G
	A...G

#  Matched base-pairing interactions: 
	<A(4:)-G(5:) trans H/S>                        MATCHES	<A(3:'AA'432)-G(12:'AA'410) trans H/S>
#  Matched base-stacking interactions: 

>>>>>>>>>>   ALIGNMENT ENDS   >>>>>>>>>>

<<<<<<<<<<  ALIGNMENT BEGINS  <<<<<<<<<<

#  Aligning sarcin-ricin_consensus and 4ybb_AA:380-388_375-379_60-64:
#  Alignment score:  15.8
#  P-value:  1.000e+00
#  Query aligned region: 4-4,5-5
#  Target aligned region: 2:'AA'383-2:'AA'383,13:'AA'380-13:'AA'380

	A...G
	A...G

#  Matched base-pairing interactions: 
	<A(4:)-G(5:) trans H/S>                        MATCHES	<A(2:'AA'383)-G(13:'AA'380) trans H/S>
#  Matched base-stacking interactions: 

>>>>>>>>>>   ALIGNMENT ENDS   >>>>>>>>>>

<<<<<<<<<<  ALIGNMENT BEGINS  <<<<<<<<<<

#  Aligning sarcin-ricin_consensus and 4ybb_AA:1316-1322_977-978_1313-1315:
#  Alignment score:  15.8
#  P-value:  1.000e+00
#  Query aligned region: 4-4,5-5
#  Target aligned region: 0:'AA'1317-0:'AA'1317,8:'AA'979-8:'AA'979

	A...G
	C...C

#  Matched base-pairing interactions: 
	<A(4:)-G(5:) trans H/S>                        MATCHES	<C(0:'AA'1317)-C(8:'AA'979) trans H/S>
#  Matched base-stacking interactions: 

>>>>>>>>>>   ALIGNMENT ENDS   >>>>>>>>>>

<<<<<<<<<<  ALIGNMENT BEGINS  <<<<<<<<<<

#  Aligning sarcin-ricin_consensus and 4ybb_AA:780-786_794-800_693-696:
#  Alignment score:  15.8
#  P-value:  1.000e+00
#  Query aligned region: 4-4,5-5
#  Target aligned region: 1:'AA'782-1:'AA'782,12:'AA'800-12:'AA'800

	A...G
	A...G

#  Matched base-pairing interactions: 
	<A(4:)-G(5:) trans H/S>                        MATCHES	<A(1:'AA'782)-G(12:'AA'800) trans H/S>
#  Matched base-stacking interactions: 

>>>>>>>>>>   ALIGNMENT ENDS   >>>>>>>>>>

<<<<<<<<<<  ALIGNMENT BEGINS  <<<<<<<<<<

#  Aligning sarcin-ricin_consensus and 4ybb_AA:1106-1108_1189-1192_1062-1067:
#  Alignment score:  15.6
#  P-value:  1.000e+00
#  Query aligned region: 0-4,5-8
#  Target aligned region: 0:'AA'1107-1:'AA'1108,3:'AA'1190-5:'AA'1192,8:'AA'1064-12:'AA'1068

	UA~GUA...G-AAC
	CG~GAC...GUCAG

#  Matched base-pairing interactions: 
	<G(2:)-U(3:) cis S/H>                          MATCHES	<G(3:'AA'1190)-A(4:'AA'1191) cis S/H>
	<A(1:)-A(7:) trans H/H>                        MATCHES	<G(1:'AA'1108)-A(11:'AA'1067) cis -/->
	<U(3:)-A(6:) trans W/H>                        MATCHES	<A(4:'AA'1191)-C(10:'AA'1066) trans H/W>
	<A(4:)-G(5:) trans H/S>                        MATCHES	<C(5:'AA'1192)-G(8:'AA'1064) cis H/W>
	<U(0:)-C(8:) trans S/H>                        MATCHES	<C(0:'AA'1107)-G(12:'AA'1068) cis W/W>
#  Matched base-stacking interactions: 

>>>>>>>>>>   ALIGNMENT ENDS   >>>>>>>>>>

<<<<<<<<<<  ALIGNMENT BEGINS  <<<<<<<<<<

#  Aligning sarcin-ricin_consensus and 4ybb_AA:106-108_325-328_320-324:
#  Alignment score:  15
#  P-value:  1.000e+00
#  Query aligned region: 4-4,5-5
#  Target aligned region: 2:'AA'109-2:'AA'109,10:'AA'324-10:'AA'324

	A...G
	A...G

#  Matched base-pairing interactions: 
	<A(4:)-G(5:) trans H/S>                        MATCHES	<A(2:'AA'109)-G(10:'AA'324) trans H/S>
#  Matched base-stacking interactions: 

>>>>>>>>>>   ALIGNMENT ENDS   >>>>>>>>>>

<<<<<<<<<<  ALIGNMENT BEGINS  <<<<<<<<<<

#  Aligning sarcin-ricin_consensus and 4ybb_AA:1330-1334_1235-1237_1298-1304:
#  Alignment score:  14.2
#  P-value:  1.000e+00
#  Query aligned region: 4-4,5-5
#  Target aligned region: 2:'AA'1333-2:'AA'1333,13:'AA'1304-13:'AA'1304

	A...G
	A...G

#  Matched base-pairing interactions: 
	<A(4:)-G(5:) trans H/S>                        MATCHES	<A(2:'AA'1333)-G(13:'AA'1304) trans H/S>
#  Matched base-stacking interactions: 

>>>>>>>>>>   ALIGNMENT ENDS   >>>>>>>>>>

<<<<<<<<<<  ALIGNMENT BEGINS  <<<<<<<<<<

#  Aligning sarcin-ricin_consensus and 4ybb_AA:1167-1173_1162-1166_1087-1088:
#  Alignment score:  14.2
#  P-value:  1.000e+00
#  Query aligned region: 4-4,5-5
#  Target aligned region: 2:'AA'1170-2:'AA'1170,10:'AA'1166-10:'AA'1166

	A...G
	A...G

#  Matched base-pairing interactions: 
	<A(4:)-G(5:) trans H/S>                        MATCHES	<A(2:'AA'1170)-G(10:'AA'1166) trans H/S>
#  Matched base-stacking interactions: 

>>>>>>>>>>   ALIGNMENT ENDS   >>>>>>>>>>

<<<<<<<<<<  ALIGNMENT BEGINS  <<<<<<<<<<

#  Aligning sarcin-ricin_consensus and 4ybb_AA:825-828_854-861_866-873:
#  Alignment score:  14.2
#  P-value:  1.000e+00
#  Query aligned region: 4-4,5-5
#  Target aligned region: 9:'AA'860-9:'AA'860,14:'AA'869-14:'AA'869

	A...G
	A...G

#  Matched base-pairing interactions: 
	<A(4:)-G(5:) trans H/S>                        MATCHES	<A(9:'AA'860)-G(14:'AA'869) trans H/S>
#  Matched base-stacking interactions: 

>>>>>>>>>>   ALIGNMENT ENDS   >>>>>>>>>>

<<<<<<<<<<  ALIGNMENT BEGINS  <<<<<<<<<<

#  Aligning sarcin-ricin_consensus and 4ybb_AA:1101-1107_1083-1084_1067-1072:
#  Alignment score:  13.8
#  P-value:  1.000e+00
#  Query aligned region: 0-1,7-8
#  Target aligned region: 7:'AA'1084-8:'AA'1085,12:'AA'1071-13:'AA'1072

	UA...AC
	GU...CG

#  Matched base-pairing interactions: 
	<A(1:)-A(7:) trans H/H>                        MATCHES	<U(8:'AA'1085)-C(12:'AA'1071) trans H/H>
	<U(0:)-C(8:) trans S/H>                        MATCHES	<G(7:'AA'1084)-G(13:'AA'1072) trans S/H>
#  Matched base-stacking interactions: 

>>>>>>>>>>   ALIGNMENT ENDS   >>>>>>>>>>

<<<<<<<<<<  ALIGNMENT BEGINS  <<<<<<<<<<

#  Aligning sarcin-ricin_consensus and 4ybb_AA:571-574_879-882:
#  Alignment score:  13.6
#  P-value:  1.000e+00
#  Query aligned region: 2-4,5-6
#  Target aligned region: 0:'AA'572-2:'AA'574,6:'AA'882-7:'AA'883

	GUA...GA
	AAA...CC

#  Matched base-pairing interactions: 
	<G(2:)-U(3:) cis S/H>                          MATCHES	<A(0:'AA'572)-A(1:'AA'573) cis S/H>
	<A(4:)-G(5:) trans H/S>                        MATCHES	<A(2:'AA'574)-C(6:'AA'882) cis S/S>
	<U(3:)-A(6:) trans W/H>                        MATCHES	<A(1:'AA'573)-C(7:'AA'883) cis -/->
#  Matched base-stacking interactions: 

>>>>>>>>>>   ALIGNMENT ENDS   >>>>>>>>>>

<<<<<<<<<<  ALIGNMENT BEGINS  <<<<<<<<<<

#  Aligning sarcin-ricin_consensus and 4ybb_AA:85-92_75-82:
#  Alignment score:  13.4
#  P-value:  1.000e+00
#  Query aligned region: 2-4,5-6
#  Target aligned region: 0:'AA'86-2:'AA'88,13:'AA'81-14:'AA'82

	GUA...GA
	GCU...AG

#  Matched base-pairing interactions: 
	<G(2:)-U(3:) cis S/H>                          MATCHES	<G(0:'AA'86)-C(1:'AA'87) cis S/H>
	<A(4:)-G(5:) trans H/S>                        MATCHES	<U(2:'AA'88)-A(13:'AA'81) cis W/W>
	<U(3:)-A(6:) trans W/H>                        MATCHES	<C(1:'AA'87)-G(14:'AA'82) cis W/W>
#  Matched base-stacking interactions: 
	<A(4:)-A(6:) outward>                          MATCHES	<U(2:'AA'88)-G(14:'AA'82) outward>

>>>>>>>>>>   ALIGNMENT ENDS   >>>>>>>>>>

<<<<<<<<<<  ALIGNMENT BEGINS  <<<<<<<<<<

#  Aligning sarcin-ricin_consensus and 4ybb_AA:976-982_1221-1225_953-954:
#  Alignment score:  13
#  P-value:  1.000e+00
#  Query aligned region: 2-4,5-6
#  Target aligned region: 9:'AA'1224-11:'AA'1226,12:'AA'954-13:'AA'955

	GUA...GA
	UAC...GU

#  Matched base-pairing interactions: 
	<G(2:)-U(3:) cis S/H>                          MATCHES	<U(9:'AA'1224)-A(10:'AA'1225) cis S/H>
	<A(4:)-G(5:) trans H/S>                        MATCHES	<C(11:'AA'1226)-G(12:'AA'954) cis W/W>
	<U(3:)-A(6:) trans W/H>                        MATCHES	<A(10:'AA'1225)-U(13:'AA'955) cis W/W>
#  Matched base-stacking interactions: 

>>>>>>>>>>   ALIGNMENT ENDS   >>>>>>>>>>

<<<<<<<<<<  ALIGNMENT BEGINS  <<<<<<<<<<

#  Aligning sarcin-ricin_consensus and 4ybb_AA:74-76_77-79_88-94:
#  Alignment score:  12.6
#  P-value:  1.000e+00
#  Query aligned region: 1-4,5-7
#  Target aligned region: 1:'AA'76-2:'AA'77,3:'AA'78-4:'AA'79,8:'AA'91-10:'AA'93

	AG~UA...GAA
	GA~AG...UUU

#  Matched base-pairing interactions: 
	<G(2:)-U(3:) cis S/H>                          MATCHES	<A(2:'AA'77)-A(3:'AA'78) cis S/H>
	<A(1:)-A(7:) trans H/H>                        MATCHES	<G(1:'AA'76)-U(10:'AA'93) cis W/W>
	<A(4:)-G(5:) trans H/S>                        MATCHES	<G(4:'AA'79)-U(8:'AA'91) cis S/H>
	<U(3:)-A(6:) trans W/H>                        MATCHES	<A(3:'AA'78)-U(9:'AA'92) cis W/S>
#  Matched base-stacking interactions: 

>>>>>>>>>>   ALIGNMENT ENDS   >>>>>>>>>>

<<<<<<<<<<  ALIGNMENT BEGINS  <<<<<<<<<<

#  Aligning sarcin-ricin_consensus and 4ybb_AA:680-685_702-709:
#  Alignment score:  11.8
#  P-value:  1.000e+00
#  Query aligned region: 0-0,8-8
#  Target aligned region: 4:'AA'685-4:'AA'685,8:'AA'705-8:'AA'705

	U...C
	G...G

#  Matched base-pairing interactions: 
	<U(0:)-C(8:) trans S/H>                        MATCHES	<G(4:'AA'685)-G(8:'AA'705) trans S/H>
#  Matched base-stacking interactions: 

>>>>>>>>>>   ALIGNMENT ENDS   >>>>>>>>>>

<<<<<<<<<<  ALIGNMENT BEGINS  <<<<<<<<<<

#  Aligning sarcin-ricin_consensus and 4ybb_AA:1123-1125_1279-1280:
#  Alignment score:  11.8
#  P-value:  1.000e+00
#  Query aligned region: 2-3,6-6
#  Target aligned region: 0:'AA'1124-1:'AA'1125,3:'AA'1280-3:'AA'1280

	GU...A
	GU...A

#  Matched base-pairing interactions: 
	<G(2:)-U(3:) cis S/H>                          MATCHES	<G(0:'AA'1124)-U(1:'AA'1125) cis S/H>
	<U(3:)-A(6:) trans W/H>                        MATCHES	<U(1:'AA'1125)-A(3:'AA'1280) cis W/H>
#  Matched base-stacking interactions: 

>>>>>>>>>>   ALIGNMENT ENDS   >>>>>>>>>>

<<<<<<<<<<  ALIGNMENT BEGINS  <<<<<<<<<<

#  Aligning sarcin-ricin_consensus and 4ybb_AA:1155-1162_1173-1178_1179-1181:
#  Alignment score:  11.2
#  P-value:  1.000e+00
#  Query aligned region: 2-4,5-6
#  Target aligned region: 4:'AA'1160-4:'AA'1160,11:'AA'1177-12:'AA'1178,14:'AA'1180-15:'AA'1181

	G~UA...GA
	G~GG...AG

#  Matched base-pairing interactions: 
	<A(4:)-G(5:) trans H/S>                        MATCHES	<G(12:'AA'1178)-A(14:'AA'1180) cis -/->
	<U(3:)-A(6:) trans W/H>                        MATCHES	<G(11:'AA'1177)-G(15:'AA'1181) trans W/H>
	<G(2:)-U(3:) cis S/H>                          MATCHES	<G(4:'AA'1160)-G(11:'AA'1177) cis W/W>
#  Matched base-stacking interactions: 
	<A(4:)-A(6:) outward>                          MATCHES	<G(12:'AA'1178)-G(15:'AA'1181) hbond>

>>>>>>>>>>   ALIGNMENT ENDS   >>>>>>>>>>

<<<<<<<<<<  ALIGNMENT BEGINS  <<<<<<<<<<

#  Aligning sarcin-ricin_consensus and 4ybb_AA:869-876_856-858_823-828:
#  Alignment score:  11
#  P-value:  1.000e+00
#  Query aligned region: 0-0,8-8
#  Target aligned region: 9:'AA'858-9:'AA'858,15:'AA'828-15:'AA'828

	U...C
	G...U

#  Matched base-pairing interactions: 
	<U(0:)-C(8:) trans S/H>                        MATCHES	<G(9:'AA'858)-U(15:'AA'828) trans S/H>
#  Matched base-stacking interactions: 

>>>>>>>>>>   ALIGNMENT ENDS   >>>>>>>>>>

<<<<<<<<<<  ALIGNMENT BEGINS  <<<<<<<<<<

#  Aligning sarcin-ricin_consensus and 4ybb_AA:721-726_729-731_663-665:
#  Alignment score:  11
#  P-value:  1.000e+00
#  Query aligned region: 0-0,8-8
#  Target aligned region: 5:'AA'727-5:'AA'727,6:'AA'730-6:'AA'730

	U...C
	G...G

#  Matched base-pairing interactions: 
	<U(0:)-C(8:) trans S/H>                        MATCHES	<G(5:'AA'727)-G(6:'AA'730) trans S/H>
#  Matched base-stacking interactions: 

>>>>>>>>>>   ALIGNMENT ENDS   >>>>>>>>>>

<<<<<<<<<<  ALIGNMENT BEGINS  <<<<<<<<<<

#  Aligning sarcin-ricin_consensus and 4ybb_AA:593-594_595-597_639-644:
#  Alignment score:  10.8
#  P-value:  1.000e+00
#  Query aligned region: 1-3,6-7
#  Target aligned region: 0:'AA'594-1:'AA'595,2:'AA'596-2:'AA'596,9:'AA'644-10:'AA'645

	AG~U...AA
	UA~A...UG

#  Matched base-pairing interactions: 
	<G(2:)-U(3:) cis S/H>                          MATCHES	<A(1:'AA'595)-A(2:'AA'596) cis S/H>
	<A(1:)-A(7:) trans H/H>                        MATCHES	<U(0:'AA'594)-G(10:'AA'645) cis W/W>
	<U(3:)-A(6:) trans W/H>                        MATCHES	<A(2:'AA'596)-U(9:'AA'644) cis W/W>
#  Matched base-stacking interactions: 

>>>>>>>>>>   ALIGNMENT ENDS   >>>>>>>>>>

<<<<<<<<<<  ALIGNMENT BEGINS  <<<<<<<<<<

#  Aligning sarcin-ricin_consensus and 4ybb_AA:438-440_436-437_492-497:
#  Alignment score:  9.7
#  P-value:  1.000e+00
#  Query aligned region: 2-3,6-6
#  Target aligned region: 0:'AA'439-0:'AA'439,4:'AA'438-4:'AA'438,8:'AA'496-8:'AA'496

	G~U...A
	U~U...A

#  Matched base-pairing interactions: 
	<U(3:)-A(6:) trans W/H>                        MATCHES	<U(4:'AA'438)-A(8:'AA'496) trans W/H>
	<G(2:)-U(3:) cis S/H>                          MATCHES	<U(0:'AA'439)-U(4:'AA'438) cis H/S>
#  Matched base-stacking interactions: 

>>>>>>>>>>   ALIGNMENT ENDS   >>>>>>>>>>

<<<<<<<<<<  ALIGNMENT BEGINS  <<<<<<<<<<

#  Aligning sarcin-ricin_consensus and 4ybb_AA:1052-1057_1195-1205:
#  Alignment score:  9.4
#  P-value:  1.000e+00
#  Query aligned region: 0-0,8-8
#  Target aligned region: 5:'AA'1058-5:'AA'1058,12:'AA'1202-12:'AA'1202

	U...C
	G...U

#  Matched base-pairing interactions: 
	<U(0:)-C(8:) trans S/H>                        MATCHES	<G(5:'AA'1058)-U(12:'AA'1202) trans S/H>
#  Matched base-stacking interactions: 

>>>>>>>>>>   ALIGNMENT ENDS   >>>>>>>>>>

<<<<<<<<<<  ALIGNMENT BEGINS  <<<<<<<<<<

#  Aligning sarcin-ricin_consensus and 4ybb_AA:585-589_649-653_751-754:
#  Alignment score:  9.1
#  P-value:  1.000e+00
#  Query aligned region: 0-4,5-8
#  Target aligned region: 0:'AA'586-1:'AA'587,7:'AA'652-9:'AA'654,10:'AA'752-13:'AA'755

	UA~U-A...GAAC
	CG~UUG...GACG

#  Matched base-pairing interactions: 
	<U(3:)-A(6:) trans W/H>                        MATCHES	<U(7:'AA'652)-A(11:'AA'753) trans W/H>
	<A(4:)-G(5:) trans H/S>                        MATCHES	<G(9:'AA'654)-G(10:'AA'752) trans H/S>
	<A(1:)-A(7:) trans H/H>                        MATCHES	<G(1:'AA'587)-C(12:'AA'754) cis -/->
	<U(0:)-C(8:) trans S/H>                        MATCHES	<C(0:'AA'586)-G(13:'AA'755) cis W/W>
#  Matched base-stacking interactions: 
	<A(4:)-A(6:) outward>                          MATCHES	<G(9:'AA'654)-A(11:'AA'753) outward>

>>>>>>>>>>   ALIGNMENT ENDS   >>>>>>>>>>

<<<<<<<<<<  ALIGNMENT BEGINS  <<<<<<<<<<

#  Aligning sarcin-ricin_consensus and 4ybb_AA:112-114_115-116_311-314:
#  Alignment score:  8.2
#  P-value:  1.000e+00
#  Query aligned region: 2-3,6-6
#  Target aligned region: 2:'AA'115-2:'AA'115,3:'AA'116-3:'AA'116,6:'AA'313-6:'AA'313

	G~U...A
	G~A...A

#  Matched base-pairing interactions: 
	<G(2:)-U(3:) cis S/H>                          MATCHES	<G(2:'AA'115)-A(3:'AA'116) cis S/H>
	<U(3:)-A(6:) trans W/H>                        MATCHES	<A(3:'AA'116)-A(6:'AA'313) trans W/S>
#  Matched base-stacking interactions: 

>>>>>>>>>>   ALIGNMENT ENDS   >>>>>>>>>>

<<<<<<<<<<  ALIGNMENT BEGINS  <<<<<<<<<<

#  Aligning sarcin-ricin_consensus and 4ybb_AA:532-534_535-536_514-519:
#  Alignment score:  7.6
#  P-value:  1.000e+00
#  Query aligned region: 1-3,6-7
#  Target aligned region: 0:'AA'533-2:'AA'535,3:'AA'536-3:'AA'536,5:'AA'515-7:'AA'517

	A-G~U...A-A
	AUA~C...GUG

#  Matched base-pairing interactions: 
	<A(1:)-A(7:) trans H/H>                        MATCHES	<A(0:'AA'533)-G(7:'AA'517) cis -/->
	<G(2:)-U(3:) cis S/H>                          MATCHES	<A(2:'AA'535)-C(3:'AA'536) cis S/H>
	<U(3:)-A(6:) trans W/H>                        MATCHES	<C(3:'AA'536)-G(5:'AA'515) cis W/W>
#  Matched base-stacking interactions: 
	<A(1:)-U(3:) outward>                          MATCHES	<A(0:'AA'533)-C(3:'AA'536) upward>

>>>>>>>>>>   ALIGNMENT ENDS   >>>>>>>>>>

<<<<<<<<<<  ALIGNMENT BEGINS  <<<<<<<<<<

#  Aligning sarcin-ricin_consensus and 4ybb_AA:1260-1274:
#  Alignment score:  7.4
#  P-value:  1.000e+00
#  Query aligned region: 4-4,5-5
#  Target aligned region: 0:'AA'1261-13:'AA'1274

	A...G
	A...A

#  Matched base-pairing interactions: 
	<A(4:)-G(5:) trans H/S>                        MATCHES	<A(0:'AA'1261)-A(13:'AA'1274) trans H/S>
#  Matched base-stacking interactions: 

>>>>>>>>>>   ALIGNMENT ENDS   >>>>>>>>>>

<<<<<<<<<<  ALIGNMENT BEGINS  <<<<<<<<<<

#  Aligning sarcin-ricin_consensus and 4ybb_AA:1211-1214_989-995_1043-1047:
#  Alignment score:  7.3
#  P-value:  1.000e+00
#  Query aligned region: 0-4,5-8
#  Target aligned region: 2:'AA'1214-3:'AA'1215,7:'AA'993-10:'AA'996,12:'AA'1045-15:'AA'1048

	UA~G-UA...GAAC
	CG~GACA...CAGG

#  Matched base-pairing interactions: 
	<G(2:)-U(3:) cis S/H>                          MATCHES	<G(7:'AA'993)-C(9:'AA'995) cis S/H>
	<A(1:)-A(7:) trans H/H>                        MATCHES	<G(3:'AA'1215)-G(14:'AA'1047) cis S/S>
	<A(4:)-G(5:) trans H/S>                        MATCHES	<A(10:'AA'996)-C(12:'AA'1045) cis -/->
	<U(3:)-A(6:) trans W/H>                        MATCHES	<C(9:'AA'995)-A(13:'AA'1046) cis -/->
	<U(0:)-C(8:) trans S/H>                        MATCHES	<C(2:'AA'1214)-G(15:'AA'1048) cis -/->
#  Matched base-stacking interactions: 

>>>>>>>>>>   ALIGNMENT ENDS   >>>>>>>>>>

<<<<<<<<<<  ALIGNMENT BEGINS  <<<<<<<<<<

#  Aligning sarcin-ricin_consensus and 4ybb_AA:772-778_801-806_712-713:
#  Alignment score:  7
#  P-value:  1.000e+00
#  Query aligned region: 0-0,8-8
#  Target aligned region: 3:'AA'776-3:'AA'776,8:'AA'803-8:'AA'803

	U...C
	G...G

#  Matched base-pairing interactions: 
	<U(0:)-C(8:) trans S/H>                        MATCHES	<G(3:'AA'776)-G(8:'AA'803) trans S/H>
#  Matched base-stacking interactions: 

>>>>>>>>>>   ALIGNMENT ENDS   >>>>>>>>>>

<<<<<<<<<<  ALIGNMENT BEGINS  <<<<<<<<<<

#  Aligning sarcin-ricin_consensus and 4ybb_AA:96-98_66-73_99-101:
#  Alignment score:  6.2
#  P-value:  1.000e+00
#  Query aligned region: 0-0,8-8
#  Target aligned region: 5:'AA'69-5:'AA'69,11:'AA'100-11:'AA'100

	U...C
	G...G

#  Matched base-pairing interactions: 
	<U(0:)-C(8:) trans S/H>                        MATCHES	<G(5:'AA'69)-G(11:'AA'100) trans S/H>
#  Matched base-stacking interactions: 

>>>>>>>>>>   ALIGNMENT ENDS   >>>>>>>>>>

<<<<<<<<<<  ALIGNMENT BEGINS  <<<<<<<<<<

#  Aligning sarcin-ricin_consensus and 4ybb_AA:751-754_649-653_585-589:
#  Alignment score:  5.4
#  P-value:  1.000e+00
#  Query aligned region: 0-0,8-8
#  Target aligned region: 0:'AA'752-0:'AA'752,8:'AA'654-8:'AA'654

	U...C
	G...G

#  Matched base-pairing interactions: 
	<U(0:)-C(8:) trans S/H>                        MATCHES	<G(0:'AA'752)-G(8:'AA'654) trans S/H>
#  Matched base-stacking interactions: 

>>>>>>>>>>   ALIGNMENT ENDS   >>>>>>>>>>

<<<<<<<<<<  ALIGNMENT BEGINS  <<<<<<<<<<

#  Aligning sarcin-ricin_consensus and 4ybb_AA:480-481_368-375_386-392:
#  Alignment score:  5
#  P-value:  1.000e+00
#  Query aligned region: 2-3,6-6
#  Target aligned region: 0:'AA'481-1:'AA'482,3:'AA'370-3:'AA'370

	GU...A
	GA...C

#  Matched base-pairing interactions: 
	<G(2:)-U(3:) cis S/H>                          MATCHES	<G(0:'AA'481)-A(1:'AA'482) cis S/H>
	<U(3:)-A(6:) trans W/H>                        MATCHES	<A(1:'AA'482)-C(3:'AA'370) cis S/S>
#  Matched base-stacking interactions: 

>>>>>>>>>>   ALIGNMENT ENDS   >>>>>>>>>>

<<<<<<<<<<  ALIGNMENT BEGINS  <<<<<<<<<<

#  Aligning sarcin-ricin_consensus and 4ybb_AA:1062-1067_1189-1192_1106-1108:
#  Alignment score:  4.6
#  P-value:  1.000e+00
#  Query aligned region: 0-0,8-8
#  Target aligned region: 2:'AA'1065-2:'AA'1065,12:'AA'1109-12:'AA'1109

	U...C
	U...C

#  Matched base-pairing interactions: 
	<U(0:)-C(8:) trans S/H>                        MATCHES	<U(2:'AA'1065)-C(12:'AA'1109) cis -/->
#  Matched base-stacking interactions: 

>>>>>>>>>>   ALIGNMENT ENDS   >>>>>>>>>>

<<<<<<<<<<  ALIGNMENT BEGINS  <<<<<<<<<<

#  Aligning sarcin-ricin_consensus and 4ybb_AA:393-395_359-366_44-49:
#  Alignment score:  4.2
#  P-value:  1.000e+00
#  Query aligned region: 0-0,8-8
#  Target aligned region: 7:'AA'364-7:'AA'364,14:'AA'48-14:'AA'48

	U...C
	A...C

#  Matched base-pairing interactions: 
	<U(0:)-C(8:) trans S/H>                        MATCHES	<A(7:'AA'364)-C(14:'AA'48) trans W/H>
#  Matched base-stacking interactions: 

>>>>>>>>>>   ALIGNMENT ENDS   >>>>>>>>>>

<<<<<<<<<<  ALIGNMENT BEGINS  <<<<<<<<<<

#  Aligning sarcin-ricin_consensus and 4ybb_AA:1359-1367_1354-1358_975-977:
#  Alignment score:  4.2
#  P-value:  1.000e+00
#  Query aligned region: 0-0,8-8
#  Target aligned region: 1:'AA'1361-1:'AA'1361,13:'AA'1359-13:'AA'1359

	U...C
	G...C

#  Matched base-pairing interactions: 
	<U(0:)-C(8:) trans S/H>                        MATCHES	<G(1:'AA'1361)-C(13:'AA'1359) cis -/->
#  Matched base-stacking interactions: 

>>>>>>>>>>   ALIGNMENT ENDS   >>>>>>>>>>

<<<<<<<<<<  ALIGNMENT BEGINS  <<<<<<<<<<

#  Aligning sarcin-ricin_consensus and 4ybb_AA:1245-1250_1368-1370_1286-1291:
#  Alignment score:  4.2
#  P-value:  1.000e+00
#  Query aligned region: 0-0,8-8
#  Target aligned region: 5:'AA'1251-5:'AA'1251,6:'AA'1369-6:'AA'1369

	U...C
	A...C

#  Matched base-pairing interactions: 
	<U(0:)-C(8:) trans S/H>                        MATCHES	<A(5:'AA'1251)-C(6:'AA'1369) cis -/->
#  Matched base-stacking interactions: 

>>>>>>>>>>   ALIGNMENT ENDS   >>>>>>>>>>

<<<<<<<<<<  ALIGNMENT BEGINS  <<<<<<<<<<

#  Aligning sarcin-ricin_consensus and 4ybb_AA:784-788_790-796_693-696:
#  Alignment score:  4.2
#  P-value:  1.000e+00
#  Query aligned region: 0-0,8-8
#  Target aligned region: 4:'AA'789-4:'AA'789,5:'AA'791-5:'AA'791

	U...C
	U...G

#  Matched base-pairing interactions: 
	<U(0:)-C(8:) trans S/H>                        MATCHES	<U(4:'AA'789)-G(5:'AA'791) cis -/->
#  Matched base-stacking interactions: 

>>>>>>>>>>   ALIGNMENT ENDS   >>>>>>>>>>

<<<<<<<<<<  ALIGNMENT BEGINS  <<<<<<<<<<

#  Aligning sarcin-ricin_consensus and 4ybb_AA:614-619_620-625_399-401:
#  Alignment score:  4.2
#  P-value:  1.000e+00
#  Query aligned region: 0-0,8-8
#  Target aligned region: 6:'AA'621-6:'AA'621,13:'AA'401-13:'AA'401

	U...C
	A...C

#  Matched base-pairing interactions: 
	<U(0:)-C(8:) trans S/H>                        MATCHES	<A(6:'AA'621)-C(13:'AA'401) cis -/->
#  Matched base-stacking interactions: 

>>>>>>>>>>   ALIGNMENT ENDS   >>>>>>>>>>

<<<<<<<<<<  ALIGNMENT BEGINS  <<<<<<<<<<

#  Aligning sarcin-ricin_consensus and 4ybb_AA:399-401_614-619_620-625:
#  Alignment score:  4.2
#  P-value:  1.000e+00
#  Query aligned region: 0-0,8-8
#  Target aligned region: 2:'AA'402-2:'AA'402,8:'AA'620-8:'AA'620

	U...C
	G...C

#  Matched base-pairing interactions: 
	<U(0:)-C(8:) trans S/H>                        MATCHES	<G(2:'AA'402)-C(8:'AA'620) cis -/->
#  Matched base-stacking interactions: 

>>>>>>>>>>   ALIGNMENT ENDS   >>>>>>>>>>

<<<<<<<<<<  ALIGNMENT BEGINS  <<<<<<<<<<

#  Aligning sarcin-ricin_consensus and 4ybb_AA:74-76_88-94_77-79:
#  Alignment score:  4.2
#  P-value:  1.000e+00
#  Query aligned region: 0-0,8-8
#  Target aligned region: 3:'AA'89-3:'AA'89,12:'AA'80-12:'AA'80

	U...C
	U...A

#  Matched base-pairing interactions: 
	<U(0:)-C(8:) trans S/H>                        MATCHES	<U(3:'AA'89)-A(12:'AA'80) cis -/->
#  Matched base-stacking interactions: 

>>>>>>>>>>   ALIGNMENT ENDS   >>>>>>>>>>

<<<<<<<<<<  ALIGNMENT BEGINS  <<<<<<<<<<

#  Aligning sarcin-ricin_consensus and 4ybb_AA:729-731_724-728_763-765:
#  Alignment score:  4.2
#  P-value:  1.000e+00
#  Query aligned region: 0-0,8-8
#  Target aligned region: 7:'AA'729-7:'AA'729,8:'AA'764-8:'AA'764

	U...C
	A...C

#  Matched base-pairing interactions: 
	<U(0:)-C(8:) trans S/H>                        MATCHES	<A(7:'AA'729)-C(8:'AA'764) cis -/->
#  Matched base-stacking interactions: 

>>>>>>>>>>   ALIGNMENT ENDS   >>>>>>>>>>

<<<<<<<<<<  ALIGNMENT BEGINS  <<<<<<<<<<

#  Aligning sarcin-ricin_consensus and 4ybb_AA:167-173_101-102_148-152:
#  Alignment score:  4.1
#  P-value:  1.000e+00
#  Query aligned region: 
#  Target aligned region: 

	
	

#  Matched base-pairing interactions: 
#  Matched base-stacking interactions: 

>>>>>>>>>>   ALIGNMENT ENDS   >>>>>>>>>>

<<<<<<<<<<  ALIGNMENT BEGINS  <<<<<<<<<<

#  Aligning sarcin-ricin_consensus and 4ybb_AA:101-102_167-173_148-152:
#  Alignment score:  4
#  P-value:  1.000e+00
#  Query aligned region: 
#  Target aligned region: 

	
	

#  Matched base-pairing interactions: 
#  Matched base-stacking interactions: 

>>>>>>>>>>   ALIGNMENT ENDS   >>>>>>>>>>

<<<<<<<<<<  ALIGNMENT BEGINS  <<<<<<<<<<

#  Aligning sarcin-ricin_consensus and 4ybb_AA:167-173_148-152_101-102:
#  Alignment score:  4
#  P-value:  1.000e+00
#  Query aligned region: 
#  Target aligned region: 

	
	

#  Matched base-pairing interactions: 
#  Matched base-stacking interactions: 

>>>>>>>>>>   ALIGNMENT ENDS   >>>>>>>>>>

<<<<<<<<<<  ALIGNMENT BEGINS  <<<<<<<<<<

#  Aligning sarcin-ricin_consensus and 4ybb_AA:65-67_167-173_147-152:
#  Alignment score:  4
#  P-value:  1.000e+00
#  Query aligned region: 
#  Target aligned region: 

	
	

#  Matched base-pairing interactions: 
#  Matched base-stacking interactions: 

>>>>>>>>>>   ALIGNMENT ENDS   >>>>>>>>>>

<<<<<<<<<<  ALIGNMENT BEGINS  <<<<<<<<<<

#  Aligning sarcin-ricin_consensus and 4ybb_AA:167-173_65-67_147-152:
#  Alignment score:  4
#  P-value:  1.000e+00
#  Query aligned region: 
#  Target aligned region: 

	
	

#  Matched base-pairing interactions: 
#  Matched base-stacking interactions: 

>>>>>>>>>>   ALIGNMENT ENDS   >>>>>>>>>>

<<<<<<<<<<  ALIGNMENT BEGINS  <<<<<<<<<<

#  Aligning sarcin-ricin_consensus and 4ybb_AA:167-173_147-152_65-67:
#  Alignment score:  4
#  P-value:  1.000e+00
#  Query aligned region: 
#  Target aligned region: 

	
	

#  Matched base-pairing interactions: 
#  Matched base-stacking interactions: 

>>>>>>>>>>   ALIGNMENT ENDS   >>>>>>>>>>

<<<<<<<<<<  ALIGNMENT BEGINS  <<<<<<<<<<

#  Aligning sarcin-ricin_consensus and 4ybb_AA:65-67_168-174_146-152:
#  Alignment score:  4
#  P-value:  1.000e+00
#  Query aligned region: 
#  Target aligned region: 

	
	

#  Matched base-pairing interactions: 
#  Matched base-stacking interactions: 

>>>>>>>>>>   ALIGNMENT ENDS   >>>>>>>>>>

<<<<<<<<<<  ALIGNMENT BEGINS  <<<<<<<<<<

#  Aligning sarcin-ricin_consensus and 4ybb_AA:168-174_65-67_146-152:
#  Alignment score:  4
#  P-value:  1.000e+00
#  Query aligned region: 
#  Target aligned region: 

	
	

#  Matched base-pairing interactions: 
#  Matched base-stacking interactions: 

>>>>>>>>>>   ALIGNMENT ENDS   >>>>>>>>>>

<<<<<<<<<<  ALIGNMENT BEGINS  <<<<<<<<<<

#  Aligning sarcin-ricin_consensus and 4ybb_AA:168-174_146-152_65-67:
#  Alignment score:  4
#  P-value:  1.000e+00
#  Query aligned region: 
#  Target aligned region: 

	
	

#  Matched base-pairing interactions: 
#  Matched base-stacking interactions: 

>>>>>>>>>>   ALIGNMENT ENDS   >>>>>>>>>>

<<<<<<<<<<  ALIGNMENT BEGINS  <<<<<<<<<<

#  Aligning sarcin-ricin_consensus and 4ybb_AA:392-394_45-51_359-366:
#  Alignment score:  3.8
#  P-value:  1.000e+00
#  Query aligned region: 0-0,8-8
#  Target aligned region: 7:'AA'50-7:'AA'50,10:'AA'360-10:'AA'360

	U...C
	A...G

#  Matched base-pairing interactions: 
	<U(0:)-C(8:) trans S/H>                        MATCHES	<A(7:'AA'50)-G(10:'AA'360) cis -/->
#  Matched base-stacking interactions: 

>>>>>>>>>>   ALIGNMENT ENDS   >>>>>>>>>>

<<<<<<<<<<  ALIGNMENT BEGINS  <<<<<<<<<<

#  Aligning sarcin-ricin_consensus and 4ybb_AA:45-51_359-366_392-394:
#  Alignment score:  3.8
#  P-value:  1.000e+00
#  Query aligned region: 1-4,5-7
#  Target aligned region: 0:'AA'46-1:'AA'47,13:'AA'366-14:'AA'367,15:'AA'393-17:'AA'395

	AG~UA...GAA
	GC~AU...AGC

#  Matched base-pairing interactions: 
	<A(4:)-G(5:) trans H/S>                        MATCHES	<U(14:'AA'367)-A(15:'AA'393) cis W/W>
	<U(3:)-A(6:) trans W/H>                        MATCHES	<A(13:'AA'366)-G(16:'AA'394) cis S/W>
	<G(2:)-U(3:) cis S/H>                          MATCHES	<C(1:'AA'47)-A(13:'AA'366) cis -/->
	<A(1:)-A(7:) trans H/H>                        MATCHES	<G(0:'AA'46)-C(17:'AA'395) cis W/W>
#  Matched base-stacking interactions: 
	<A(4:)-A(6:) outward>                          MATCHES	<U(14:'AA'367)-G(16:'AA'394) outward>
	<A(1:)-U(3:) outward>                          MATCHES	<G(0:'AA'46)-A(13:'AA'366) upward>

>>>>>>>>>>   ALIGNMENT ENDS   >>>>>>>>>>

<<<<<<<<<<  ALIGNMENT BEGINS  <<<<<<<<<<

#  Aligning sarcin-ricin_consensus and 4ybb_AA:638-640_641-643_594-599:
#  Alignment score:  3.8
#  P-value:  1.000e+00
#  Query aligned region: 2-3,6-6
#  Target aligned region: 2:'AA'641-2:'AA'641,3:'AA'642-3:'AA'642,9:'AA'598-9:'AA'598

	G~U...A
	U~A...U

#  Matched base-pairing interactions: 
	<G(2:)-U(3:) cis S/H>                          MATCHES	<U(2:'AA'641)-A(3:'AA'642) cis S/H>
	<U(3:)-A(6:) trans W/H>                        MATCHES	<A(3:'AA'642)-U(9:'AA'598) cis W/W>
#  Matched base-stacking interactions: 

>>>>>>>>>>   ALIGNMENT ENDS   >>>>>>>>>>

<<<<<<<<<<  ALIGNMENT BEGINS  <<<<<<<<<<

#  Aligning sarcin-ricin_consensus and 4ybb_AA:1124-1128_1129-1131_1141-1147:
#  Alignment score:  3.8
#  P-value:  1.000e+00
#  Query aligned region: 2-4,5-6
#  Target aligned region: 4:'AA'1129-4:'AA'1129,5:'AA'1130-5:'AA'1130,8:'AA'1142-10:'AA'1144

	G~U~A...GA
	C~A~G...GG

#  Matched base-pairing interactions: 
	<U(3:)-A(6:) trans W/H>                        MATCHES	<A(5:'AA'1130)-G(10:'AA'1144) cis -/->
	<A(4:)-G(5:) trans H/S>                        MATCHES	<G(8:'AA'1142)-G(9:'AA'1143) cis -/->
	<G(2:)-U(3:) cis S/H>                          MATCHES	<C(4:'AA'1129)-A(5:'AA'1130) cis S/H>
#  Matched base-stacking interactions: 

>>>>>>>>>>   ALIGNMENT ENDS   >>>>>>>>>>

<<<<<<<<<<  ALIGNMENT BEGINS  <<<<<<<<<<

#  Aligning sarcin-ricin_consensus and 4ybb_AA:801-806_772-778_712-713:
#  Alignment score:  3.7
#  P-value:  1.000e+00
#  Query aligned region: 
#  Target aligned region: 

	
	

#  Matched base-pairing interactions: 
#  Matched base-stacking interactions: 

>>>>>>>>>>   ALIGNMENT ENDS   >>>>>>>>>>

<<<<<<<<<<  ALIGNMENT BEGINS  <<<<<<<<<<

#  Aligning sarcin-ricin_consensus and 4ybb_AA:801-806_712-713_772-778:
#  Alignment score:  3.7
#  P-value:  1.000e+00
#  Query aligned region: 
#  Target aligned region: 

	
	

#  Matched base-pairing interactions: 
#  Matched base-stacking interactions: 

>>>>>>>>>>   ALIGNMENT ENDS   >>>>>>>>>>

<<<<<<<<<<  ALIGNMENT BEGINS  <<<<<<<<<<

#  Aligning sarcin-ricin_consensus and 4ybb_AA:712-713_801-806_772-778:
#  Alignment score:  3.7
#  P-value:  1.000e+00
#  Query aligned region: 
#  Target aligned region: 

	
	

#  Matched base-pairing interactions: 
#  Matched base-stacking interactions: 

>>>>>>>>>>   ALIGNMENT ENDS   >>>>>>>>>>

<<<<<<<<<<  ALIGNMENT BEGINS  <<<<<<<<<<

#  Aligning sarcin-ricin_consensus and 4ybb_AA:99-101_96-98_66-73:
#  Alignment score:  3.7
#  P-value:  1.000e+00
#  Query aligned region: 
#  Target aligned region: 

	
	

#  Matched base-pairing interactions: 
#  Matched base-stacking interactions: 

>>>>>>>>>>   ALIGNMENT ENDS   >>>>>>>>>>

<<<<<<<<<<  ALIGNMENT BEGINS  <<<<<<<<<<

#  Aligning sarcin-ricin_consensus and 4ybb_AA:99-101_66-73_96-98:
#  Alignment score:  3.7
#  P-value:  1.000e+00
#  Query aligned region: 
#  Target aligned region: 

	
	

#  Matched base-pairing interactions: 
#  Matched base-stacking interactions: 

>>>>>>>>>>   ALIGNMENT ENDS   >>>>>>>>>>

<<<<<<<<<<  ALIGNMENT BEGINS  <<<<<<<<<<

#  Aligning sarcin-ricin_consensus and 4ybb_AA:790-796_784-788_693-696:
#  Alignment score:  3.6
#  P-value:  1.000e+00
#  Query aligned region: 
#  Target aligned region: 

	
	

#  Matched base-pairing interactions: 
#  Matched base-stacking interactions: 

>>>>>>>>>>   ALIGNMENT ENDS   >>>>>>>>>>

<<<<<<<<<<  ALIGNMENT BEGINS  <<<<<<<<<<

#  Aligning sarcin-ricin_consensus and 4ybb_AA:168-175_101-102_145-150:
#  Alignment score:  3.6
#  P-value:  1.000e+00
#  Query aligned region: 
#  Target aligned region: 

	
	

#  Matched base-pairing interactions: 
#  Matched base-stacking interactions: 

>>>>>>>>>>   ALIGNMENT ENDS   >>>>>>>>>>

<<<<<<<<<<  ALIGNMENT BEGINS  <<<<<<<<<<

#  Aligning sarcin-ricin_consensus and 4ybb_AA:97-102_170-171_63-70:
#  Alignment score:  3.5
#  P-value:  1.000e+00
#  Query aligned region: 
#  Target aligned region: 

	
	

#  Matched base-pairing interactions: 
#  Matched base-stacking interactions: 

>>>>>>>>>>   ALIGNMENT ENDS   >>>>>>>>>>

<<<<<<<<<<  ALIGNMENT BEGINS  <<<<<<<<<<

#  Aligning sarcin-ricin_consensus and 4ybb_AA:101-102_148-152_167-173:
#  Alignment score:  3.5
#  P-value:  1.000e+00
#  Query aligned region: 
#  Target aligned region: 

	
	

#  Matched base-pairing interactions: 
#  Matched base-stacking interactions: 

>>>>>>>>>>   ALIGNMENT ENDS   >>>>>>>>>>

<<<<<<<<<<  ALIGNMENT BEGINS  <<<<<<<<<<

#  Aligning sarcin-ricin_consensus and 4ybb_AA:96-98_99-101_66-73:
#  Alignment score:  3.5
#  P-value:  1.000e+00
#  Query aligned region: 
#  Target aligned region: 

	
	

#  Matched base-pairing interactions: 
#  Matched base-stacking interactions: 

>>>>>>>>>>   ALIGNMENT ENDS   >>>>>>>>>>

<<<<<<<<<<  ALIGNMENT BEGINS  <<<<<<<<<<

#  Aligning sarcin-ricin_consensus and 4ybb_AA:1129-1131_1124-1128_1141-1147:
#  Alignment score:  3.5
#  P-value:  1.000e+00
#  Query aligned region: 
#  Target aligned region: 

	
	

#  Matched base-pairing interactions: 
#  Matched base-stacking interactions: 

>>>>>>>>>>   ALIGNMENT ENDS   >>>>>>>>>>

<<<<<<<<<<  ALIGNMENT BEGINS  <<<<<<<<<<

#  Aligning sarcin-ricin_consensus and 4ybb_AA:1235-1239_1295-1303:
#  Alignment score:  3.4
#  P-value:  1.000e+00
#  Query aligned region: 1-3,7-7
#  Target aligned region: 3:'AA'1239-3:'AA'1239,6:'AA'1297-8:'AA'1299

	A~GU...A
	A~GU...A

#  Matched base-pairing interactions: 
	<A(1:)-A(7:) trans H/H>                        MATCHES	<A(3:'AA'1239)-A(8:'AA'1299) cis H/W>
	<G(2:)-U(3:) cis S/H>                          MATCHES	<G(6:'AA'1297)-U(7:'AA'1298) cis S/H>
#  Matched base-stacking interactions: 
	<A(1:)-U(3:) outward>                          MATCHES	<A(3:'AA'1239)-U(7:'AA'1298) upward>

>>>>>>>>>>   ALIGNMENT ENDS   >>>>>>>>>>

<<<<<<<<<<  ALIGNMENT BEGINS  <<<<<<<<<<

#  Aligning sarcin-ricin_consensus and 4ybb_AA:976-982_953-954_1221-1225:
#  Alignment score:  3.4
#  P-value:  1.000e+00
#  Query aligned region: 
#  Target aligned region: 

	
	

#  Matched base-pairing interactions: 
#  Matched base-stacking interactions: 

>>>>>>>>>>   ALIGNMENT ENDS   >>>>>>>>>>

<<<<<<<<<<  ALIGNMENT BEGINS  <<<<<<<<<<

#  Aligning sarcin-ricin_consensus and 4ybb_AA:1522-1528_764-767_810-815:
#  Alignment score:  3.4
#  P-value:  1.000e+00
#  Query aligned region: 
#  Target aligned region: 

	
	

#  Matched base-pairing interactions: 
#  Matched base-stacking interactions: 

>>>>>>>>>>   ALIGNMENT ENDS   >>>>>>>>>>

<<<<<<<<<<  ALIGNMENT BEGINS  <<<<<<<<<<

#  Aligning sarcin-ricin_consensus and 4ybb_AA:1210-1214_1042-1045_989-997:
#  Alignment score:  3.4
#  P-value:  1.000e+00
#  Query aligned region: 
#  Target aligned region: 

	
	

#  Matched base-pairing interactions: 
#  Matched base-stacking interactions: 

>>>>>>>>>>   ALIGNMENT ENDS   >>>>>>>>>>

<<<<<<<<<<  ALIGNMENT BEGINS  <<<<<<<<<<

#  Aligning sarcin-ricin_consensus and 4ybb_AA:1042-1045_1210-1214_989-997:
#  Alignment score:  3.4
#  P-value:  1.000e+00
#  Query aligned region: 
#  Target aligned region: 

	
	

#  Matched base-pairing interactions: 
#  Matched base-stacking interactions: 

>>>>>>>>>>   ALIGNMENT ENDS   >>>>>>>>>>

<<<<<<<<<<  ALIGNMENT BEGINS  <<<<<<<<<<

#  Aligning sarcin-ricin_consensus and 4ybb_AA:115-116_112-114_311-314:
#  Alignment score:  3.4
#  P-value:  1.000e+00
#  Query aligned region: 
#  Target aligned region: 

	
	

#  Matched base-pairing interactions: 
#  Matched base-stacking interactions: 

>>>>>>>>>>   ALIGNMENT ENDS   >>>>>>>>>>

<<<<<<<<<<  ALIGNMENT BEGINS  <<<<<<<<<<

#  Aligning sarcin-ricin_consensus and 4ybb_AA:1333-1336_1235-1240_1296-1303:
#  Alignment score:  3.4
#  P-value:  1.000e+00
#  Query aligned region: 0-0,8-8
#  Target aligned region: 8:'AA'1240-9:'AA'1241

	U...C
	U...G

#  Matched base-pairing interactions: 
	<U(0:)-C(8:) trans S/H>                        MATCHES	<U(8:'AA'1240)-G(9:'AA'1241) trans S/H>
#  Matched base-stacking interactions: 

>>>>>>>>>>   ALIGNMENT ENDS   >>>>>>>>>>

<<<<<<<<<<  ALIGNMENT BEGINS  <<<<<<<<<<

#  Aligning sarcin-ricin_consensus and 4ybb_AA:1225-1232_948-953_969-970:
#  Alignment score:  3.4
#  P-value:  1.000e+00
#  Query aligned region: 0-0,8-8
#  Target aligned region: 10:'AA'951-10:'AA'951,14:'AA'970-14:'AA'970

	U...C
	G...C

#  Matched base-pairing interactions: 
	<U(0:)-C(8:) trans S/H>                        MATCHES	<G(10:'AA'951)-C(14:'AA'970) cis -/->
#  Matched base-stacking interactions: 

>>>>>>>>>>   ALIGNMENT ENDS   >>>>>>>>>>

<<<<<<<<<<  ALIGNMENT BEGINS  <<<<<<<<<<

#  Aligning sarcin-ricin_consensus and 4ybb_AA:948-953_969-970_1225-1232:
#  Alignment score:  3.4
#  P-value:  1.000e+00
#  Query aligned region: 
#  Target aligned region: 

	
	

#  Matched base-pairing interactions: 
#  Matched base-stacking interactions: 

>>>>>>>>>>   ALIGNMENT ENDS   >>>>>>>>>>

<<<<<<<<<<  ALIGNMENT BEGINS  <<<<<<<<<<

#  Aligning sarcin-ricin_consensus and 4ybb_AA:1100-1102_1071-1076_1079-1083:
#  Alignment score:  3.4
#  P-value:  1.000e+00
#  Query aligned region: 
#  Target aligned region: 

	
	

#  Matched base-pairing interactions: 
#  Matched base-stacking interactions: 

>>>>>>>>>>   ALIGNMENT ENDS   >>>>>>>>>>

<<<<<<<<<<  ALIGNMENT BEGINS  <<<<<<<<<<

#  Aligning sarcin-ricin_consensus and 4ybb_AA:1071-1076_1100-1102_1079-1083:
#  Alignment score:  3.4
#  P-value:  1.000e+00
#  Query aligned region: 
#  Target aligned region: 

	
	

#  Matched base-pairing interactions: 
#  Matched base-stacking interactions: 

>>>>>>>>>>   ALIGNMENT ENDS   >>>>>>>>>>

<<<<<<<<<<  ALIGNMENT BEGINS  <<<<<<<<<<

#  Aligning sarcin-ricin_consensus and 4ybb_AA:288-292_303-304_307-310:
#  Alignment score:  3.3
#  P-value:  1.000e+00
#  Query aligned region: 
#  Target aligned region: 

	
	

#  Matched base-pairing interactions: 
#  Matched base-stacking interactions: 

>>>>>>>>>>   ALIGNMENT ENDS   >>>>>>>>>>

<<<<<<<<<<  ALIGNMENT BEGINS  <<<<<<<<<<

#  Aligning sarcin-ricin_consensus and 4ybb_AA:1179-1181_1155-1162_1173-1178:
#  Alignment score:  3.3
#  P-value:  1.000e+00
#  Query aligned region: 
#  Target aligned region: 

	
	

#  Matched base-pairing interactions: 
#  Matched base-stacking interactions: 

>>>>>>>>>>   ALIGNMENT ENDS   >>>>>>>>>>

<<<<<<<<<<  ALIGNMENT BEGINS  <<<<<<<<<<

#  Aligning sarcin-ricin_consensus and 4ybb_AA:1155-1162_1179-1181_1173-1178:
#  Alignment score:  3.3
#  P-value:  1.000e+00
#  Query aligned region: 
#  Target aligned region: 

	
	

#  Matched base-pairing interactions: 
#  Matched base-stacking interactions: 

>>>>>>>>>>   ALIGNMENT ENDS   >>>>>>>>>>

<<<<<<<<<<  ALIGNMENT BEGINS  <<<<<<<<<<

#  Aligning sarcin-ricin_consensus and 4ybb_AA:286-288_310-312_114-121:
#  Alignment score:  3.3
#  P-value:  1.000e+00
#  Query aligned region: 
#  Target aligned region: 

	
	

#  Matched base-pairing interactions: 
#  Matched base-stacking interactions: 

>>>>>>>>>>   ALIGNMENT ENDS   >>>>>>>>>>

<<<<<<<<<<  ALIGNMENT BEGINS  <<<<<<<<<<

#  Aligning sarcin-ricin_consensus and 4ybb_AA:196-197_170-175_145-149:
#  Alignment score:  3.3
#  P-value:  1.000e+00
#  Query aligned region: 
#  Target aligned region: 

	
	

#  Matched base-pairing interactions: 
#  Matched base-stacking interactions: 

>>>>>>>>>>   ALIGNMENT ENDS   >>>>>>>>>>

<<<<<<<<<<  ALIGNMENT BEGINS  <<<<<<<<<<

#  Aligning sarcin-ricin_consensus and 4ybb_AA:170-175_196-197_145-149:
#  Alignment score:  3.3
#  P-value:  1.000e+00
#  Query aligned region: 
#  Target aligned region: 

	
	

#  Matched base-pairing interactions: 
#  Matched base-stacking interactions: 

>>>>>>>>>>   ALIGNMENT ENDS   >>>>>>>>>>

<<<<<<<<<<  ALIGNMENT BEGINS  <<<<<<<<<<

#  Aligning sarcin-ricin_consensus and 4ybb_AA:595-597_593-594_639-644:
#  Alignment score:  3.3
#  P-value:  1.000e+00
#  Query aligned region: 
#  Target aligned region: 

	
	

#  Matched base-pairing interactions: 
#  Matched base-stacking interactions: 

>>>>>>>>>>   ALIGNMENT ENDS   >>>>>>>>>>

<<<<<<<<<<  ALIGNMENT BEGINS  <<<<<<<<<<

#  Aligning sarcin-ricin_consensus and 4ybb_AA:1237-1239_1293-1300_1240-1243:
#  Alignment score:  3.3
#  P-value:  1.000e+00
#  Query aligned region: 
#  Target aligned region: 

	
	

#  Matched base-pairing interactions: 
#  Matched base-stacking interactions: 

>>>>>>>>>>   ALIGNMENT ENDS   >>>>>>>>>>

<<<<<<<<<<  ALIGNMENT BEGINS  <<<<<<<<<<

#  Aligning sarcin-ricin_consensus and 4ybb_AA:170-171_97-102_63-70:
#  Alignment score:  3.2
#  P-value:  1.000e+00
#  Query aligned region: 
#  Target aligned region: 

	
	

#  Matched base-pairing interactions: 
#  Matched base-stacking interactions: 

>>>>>>>>>>   ALIGNMENT ENDS   >>>>>>>>>>

<<<<<<<<<<  ALIGNMENT BEGINS  <<<<<<<<<<

#  Aligning sarcin-ricin_consensus and 4ybb_AA:97-102_63-70_170-171:
#  Alignment score:  3.2
#  P-value:  1.000e+00
#  Query aligned region: 
#  Target aligned region: 

	
	

#  Matched base-pairing interactions: 
#  Matched base-stacking interactions: 

>>>>>>>>>>   ALIGNMENT ENDS   >>>>>>>>>>

<<<<<<<<<<  ALIGNMENT BEGINS  <<<<<<<<<<

#  Aligning sarcin-ricin_consensus and 4ybb_AA:44-49_393-395_359-366:
#  Alignment score:  3.2
#  P-value:  1.000e+00
#  Query aligned region: 
#  Target aligned region: 

	
	

#  Matched base-pairing interactions: 
#  Matched base-stacking interactions: 

>>>>>>>>>>   ALIGNMENT ENDS   >>>>>>>>>>

<<<<<<<<<<  ALIGNMENT BEGINS  <<<<<<<<<<

#  Aligning sarcin-ricin_consensus and 4ybb_AA:44-49_359-366_393-395:
#  Alignment score:  3.2
#  P-value:  1.000e+00
#  Query aligned region: 
#  Target aligned region: 

	
	

#  Matched base-pairing interactions: 
#  Matched base-stacking interactions: 

>>>>>>>>>>   ALIGNMENT ENDS   >>>>>>>>>>

<<<<<<<<<<  ALIGNMENT BEGINS  <<<<<<<<<<

#  Aligning sarcin-ricin_consensus and 4ybb_AA:1286-1291_1368-1370_1245-1250:
#  Alignment score:  3.2
#  P-value:  1.000e+00
#  Query aligned region: 
#  Target aligned region: 

	
	

#  Matched base-pairing interactions: 
#  Matched base-stacking interactions: 

>>>>>>>>>>   ALIGNMENT ENDS   >>>>>>>>>>

<<<<<<<<<<  ALIGNMENT BEGINS  <<<<<<<<<<

#  Aligning sarcin-ricin_consensus and 4ybb_AA:1286-1291_1245-1250_1368-1370:
#  Alignment score:  3.2
#  P-value:  1.000e+00
#  Query aligned region: 
#  Target aligned region: 

	
	

#  Matched base-pairing interactions: 
#  Matched base-stacking interactions: 

>>>>>>>>>>   ALIGNMENT ENDS   >>>>>>>>>>

<<<<<<<<<<  ALIGNMENT BEGINS  <<<<<<<<<<

#  Aligning sarcin-ricin_consensus and 4ybb_AA:790-796_693-696_784-788:
#  Alignment score:  3.2
#  P-value:  1.000e+00
#  Query aligned region: 
#  Target aligned region: 

	
	

#  Matched base-pairing interactions: 
#  Matched base-stacking interactions: 

>>>>>>>>>>   ALIGNMENT ENDS   >>>>>>>>>>

<<<<<<<<<<  ALIGNMENT BEGINS  <<<<<<<<<<

#  Aligning sarcin-ricin_consensus and 4ybb_AA:403-407_493-497_434-440:
#  Alignment score:  3.2
#  P-value:  1.000e+00
#  Query aligned region: 
#  Target aligned region: 

	
	

#  Matched base-pairing interactions: 
#  Matched base-stacking interactions: 

>>>>>>>>>>   ALIGNMENT ENDS   >>>>>>>>>>

<<<<<<<<<<  ALIGNMENT BEGINS  <<<<<<<<<<

#  Aligning sarcin-ricin_consensus and 4ybb_AA:141-143_178-183_192-195:
#  Alignment score:  3.2
#  P-value:  1.000e+00
#  Query aligned region: 
#  Target aligned region: 

	
	

#  Matched base-pairing interactions: 
#  Matched base-stacking interactions: 

>>>>>>>>>>   ALIGNMENT ENDS   >>>>>>>>>>

<<<<<<<<<<  ALIGNMENT BEGINS  <<<<<<<<<<

#  Aligning sarcin-ricin_consensus and 4ybb_AA:141-144_176-183_193-197:
#  Alignment score:  3.2
#  P-value:  1.000e+00
#  Query aligned region: 
#  Target aligned region: 

	
	

#  Matched base-pairing interactions: 
#  Matched base-stacking interactions: 

>>>>>>>>>>   ALIGNMENT ENDS   >>>>>>>>>>

<<<<<<<<<<  ALIGNMENT BEGINS  <<<<<<<<<<

#  Aligning sarcin-ricin_consensus and 4ybb_AA:141-145_175-180_193-197:
#  Alignment score:  3.2
#  P-value:  1.000e+00
#  Query aligned region: 
#  Target aligned region: 

	
	

#  Matched base-pairing interactions: 
#  Matched base-stacking interactions: 

>>>>>>>>>>   ALIGNMENT ENDS   >>>>>>>>>>

<<<<<<<<<<  ALIGNMENT BEGINS  <<<<<<<<<<

#  Aligning sarcin-ricin_consensus and 4ybb_AA:148-152_101-102_167-173:
#  Alignment score:  3.2
#  P-value:  1.000e+00
#  Query aligned region: 
#  Target aligned region: 

	
	

#  Matched base-pairing interactions: 
#  Matched base-stacking interactions: 

>>>>>>>>>>   ALIGNMENT ENDS   >>>>>>>>>>

<<<<<<<<<<  ALIGNMENT BEGINS  <<<<<<<<<<

#  Aligning sarcin-ricin_consensus and 4ybb_AA:148-152_167-173_101-102:
#  Alignment score:  3.2
#  P-value:  1.000e+00
#  Query aligned region: 0-0,8-8
#  Target aligned region: 3:'AA'152-3:'AA'152,6:'AA'169-6:'AA'169

	U...C
	A...C

#  Matched base-pairing interactions: 
	<U(0:)-C(8:) trans S/H>                        MATCHES	<A(3:'AA'152)-C(6:'AA'169) trans H/W>
#  Matched base-stacking interactions: 

>>>>>>>>>>   ALIGNMENT ENDS   >>>>>>>>>>

<<<<<<<<<<  ALIGNMENT BEGINS  <<<<<<<<<<

#  Aligning sarcin-ricin_consensus and 4ybb_AA:65-67_147-152_167-173:
#  Alignment score:  3.2
#  P-value:  1.000e+00
#  Query aligned region: 
#  Target aligned region: 

	
	

#  Matched base-pairing interactions: 
#  Matched base-stacking interactions: 

>>>>>>>>>>   ALIGNMENT ENDS   >>>>>>>>>>

<<<<<<<<<<  ALIGNMENT BEGINS  <<<<<<<<<<

#  Aligning sarcin-ricin_consensus and 4ybb_AA:65-67_146-152_168-174:
#  Alignment score:  3.2
#  P-value:  1.000e+00
#  Query aligned region: 
#  Target aligned region: 

	
	

#  Matched base-pairing interactions: 
#  Matched base-stacking interactions: 

>>>>>>>>>>   ALIGNMENT ENDS   >>>>>>>>>>

<<<<<<<<<<  ALIGNMENT BEGINS  <<<<<<<<<<

#  Aligning sarcin-ricin_consensus and 4ybb_AA:146-152_65-67_168-174:
#  Alignment score:  3.2
#  P-value:  1.000e+00
#  Query aligned region: 0-0,8-8
#  Target aligned region: 0:'AA'147-0:'AA'147,16:'AA'175-16:'AA'175

	U...C
	G...C

#  Matched base-pairing interactions: 
	<U(0:)-C(8:) trans S/H>                        MATCHES	<G(0:'AA'147)-C(16:'AA'175) cis W/W>
#  Matched base-stacking interactions: 

>>>>>>>>>>   ALIGNMENT ENDS   >>>>>>>>>>

<<<<<<<<<<  ALIGNMENT BEGINS  <<<<<<<<<<

#  Aligning sarcin-ricin_consensus and 4ybb_AA:101-102_168-175_145-150:
#  Alignment score:  3.2
#  P-value:  1.000e+00
#  Query aligned region: 
#  Target aligned region: 

	
	

#  Matched base-pairing interactions: 
#  Matched base-stacking interactions: 

>>>>>>>>>>   ALIGNMENT ENDS   >>>>>>>>>>

<<<<<<<<<<  ALIGNMENT BEGINS  <<<<<<<<<<

#  Aligning sarcin-ricin_consensus and 4ybb_AA:101-102_145-150_168-175:
#  Alignment score:  3.2
#  P-value:  1.000e+00
#  Query aligned region: 
#  Target aligned region: 

	
	

#  Matched base-pairing interactions: 
#  Matched base-stacking interactions: 

>>>>>>>>>>   ALIGNMENT ENDS   >>>>>>>>>>

<<<<<<<<<<  ALIGNMENT BEGINS  <<<<<<<<<<

#  Aligning sarcin-ricin_consensus and 4ybb_AA:168-175_145-150_101-102:
#  Alignment score:  3.2
#  P-value:  1.000e+00
#  Query aligned region: 
#  Target aligned region: 

	
	

#  Matched base-pairing interactions: 
#  Matched base-stacking interactions: 

>>>>>>>>>>   ALIGNMENT ENDS   >>>>>>>>>>

<<<<<<<<<<  ALIGNMENT BEGINS  <<<<<<<<<<

#  Aligning sarcin-ricin_consensus and 4ybb_AA:145-150_101-102_168-175:
#  Alignment score:  3.2
#  P-value:  1.000e+00
#  Query aligned region: 
#  Target aligned region: 

	
	

#  Matched base-pairing interactions: 
#  Matched base-stacking interactions: 

>>>>>>>>>>   ALIGNMENT ENDS   >>>>>>>>>>

<<<<<<<<<<  ALIGNMENT BEGINS  <<<<<<<<<<

#  Aligning sarcin-ricin_consensus and 4ybb_AA:920-924_1391-1395_1499-1501:
#  Alignment score:  3.2
#  P-value:  1.000e+00
#  Query aligned region: 
#  Target aligned region: 

	
	

#  Matched base-pairing interactions: 
#  Matched base-stacking interactions: 

>>>>>>>>>>   ALIGNMENT ENDS   >>>>>>>>>>

<<<<<<<<<<  ALIGNMENT BEGINS  <<<<<<<<<<

#  Aligning sarcin-ricin_consensus and 4ybb_AA:1043-1047_1211-1214_989-995:
#  Alignment score:  3.2
#  P-value:  1.000e+00
#  Query aligned region: 
#  Target aligned region: 

	
	

#  Matched base-pairing interactions: 
#  Matched base-stacking interactions: 

>>>>>>>>>>   ALIGNMENT ENDS   >>>>>>>>>>

<<<<<<<<<<  ALIGNMENT BEGINS  <<<<<<<<<<

#  Aligning sarcin-ricin_consensus and 4ybb_AA:764-767_1522-1528_810-815:
#  Alignment score:  3.2
#  P-value:  1.000e+00
#  Query aligned region: 0-0,8-8
#  Target aligned region: 2:'AA'767-2:'AA'767,5:'AA'1524-5:'AA'1524

	U...C
	A...C

#  Matched base-pairing interactions: 
	<U(0:)-C(8:) trans S/H>                        MATCHES	<A(2:'AA'767)-C(5:'AA'1524) cis S/S>
#  Matched base-stacking interactions: 

>>>>>>>>>>   ALIGNMENT ENDS   >>>>>>>>>>

<<<<<<<<<<  ALIGNMENT BEGINS  <<<<<<<<<<

#  Aligning sarcin-ricin_consensus and 4ybb_AA:436-437_492-497_438-440:
#  Alignment score:  3.2
#  P-value:  1.000e+00
#  Query aligned region: 0-0,8-8
#  Target aligned region: 0:'AA'437-0:'AA'437,4:'AA'495-4:'AA'495

	U...C
	U...A

#  Matched base-pairing interactions: 
	<U(0:)-C(8:) trans S/H>                        MATCHES	<U(0:'AA'437)-A(4:'AA'495) trans W/H>
#  Matched base-stacking interactions: 

>>>>>>>>>>   ALIGNMENT ENDS   >>>>>>>>>>

<<<<<<<<<<  ALIGNMENT BEGINS  <<<<<<<<<<

#  Aligning sarcin-ricin_consensus and 4ybb_AA:447-452_478-486_370-373:
#  Alignment score:  3.2
#  P-value:  1.000e+00
#  Query aligned region: 
#  Target aligned region: 

	
	

#  Matched base-pairing interactions: 
#  Matched base-stacking interactions: 

>>>>>>>>>>   ALIGNMENT ENDS   >>>>>>>>>>

<<<<<<<<<<  ALIGNMENT BEGINS  <<<<<<<<<<

#  Aligning sarcin-ricin_consensus and 4ybb_AA:1042-1045_989-997_1210-1214:
#  Alignment score:  3.2
#  P-value:  1.000e+00
#  Query aligned region: 0-0,8-8
#  Target aligned region: 0:'AA'1043-0:'AA'1043,12:'AA'998-12:'AA'998

	U...C
	G...C

#  Matched base-pairing interactions: 
	<U(0:)-C(8:) trans S/H>                        MATCHES	<G(0:'AA'1043)-C(12:'AA'998) cis W/W>
#  Matched base-stacking interactions: 

>>>>>>>>>>   ALIGNMENT ENDS   >>>>>>>>>>

<<<<<<<<<<  ALIGNMENT BEGINS  <<<<<<<<<<

#  Aligning sarcin-ricin_consensus and 4ybb_AA:1129-1131_1141-1147_1124-1128:
#  Alignment score:  3.2
#  P-value:  1.000e+00
#  Query aligned region: 
#  Target aligned region: 

	
	

#  Matched base-pairing interactions: 
#  Matched base-stacking interactions: 

>>>>>>>>>>   ALIGNMENT ENDS   >>>>>>>>>>

<<<<<<<<<<  ALIGNMENT BEGINS  <<<<<<<<<<

#  Aligning sarcin-ricin_consensus and 4ybb_AA:1124-1128_1141-1147_1129-1131:
#  Alignment score:  3.2
#  P-value:  1.000e+00
#  Query aligned region: 0-0,8-8
#  Target aligned region: 5:'AA'1142-5:'AA'1142,14:'AA'1132-14:'AA'1132

	U...C
	G...C

#  Matched base-pairing interactions: 
	<U(0:)-C(8:) trans S/H>                        MATCHES	<G(5:'AA'1142)-C(14:'AA'1132) cis W/W>
#  Matched base-stacking interactions: 

>>>>>>>>>>   ALIGNMENT ENDS   >>>>>>>>>>

<<<<<<<<<<  ALIGNMENT BEGINS  <<<<<<<<<<

#  Aligning sarcin-ricin_consensus and 4ybb_AA:386-392_368-375_480-481:
#  Alignment score:  3.2
#  P-value:  1.000e+00
#  Query aligned region: 
#  Target aligned region: 

	
	

#  Matched base-pairing interactions: 
#  Matched base-stacking interactions: 

>>>>>>>>>>   ALIGNMENT ENDS   >>>>>>>>>>

<<<<<<<<<<  ALIGNMENT BEGINS  <<<<<<<<<<

#  Aligning sarcin-ricin_consensus and 4ybb_AA:145-149_196-197_170-175:
#  Alignment score:  3.2
#  P-value:  1.000e+00
#  Query aligned region: 0-0,8-8
#  Target aligned region: 4:'AA'150-4:'AA'150,7:'AA'171-7:'AA'171

	U...C
	U...A

#  Matched base-pairing interactions: 
	<U(0:)-C(8:) trans S/H>                        MATCHES	<U(4:'AA'150)-A(7:'AA'171) trans W/H>
#  Matched base-stacking interactions: 

>>>>>>>>>>   ALIGNMENT ENDS   >>>>>>>>>>

<<<<<<<<<<  ALIGNMENT BEGINS  <<<<<<<<<<

#  Aligning sarcin-ricin_consensus and 4ybb_AA:196-197_145-149_170-175:
#  Alignment score:  3.2
#  P-value:  1.000e+00
#  Query aligned region: 
#  Target aligned region: 

	
	

#  Matched base-pairing interactions: 
#  Matched base-stacking interactions: 

>>>>>>>>>>   ALIGNMENT ENDS   >>>>>>>>>>

<<<<<<<<<<  ALIGNMENT BEGINS  <<<<<<<<<<

#  Aligning sarcin-ricin_consensus and 4ybb_AA:1126-1132_1141-1144_1145-1147:
#  Alignment score:  3.2
#  P-value:  1.000e+00
#  Query aligned region: 
#  Target aligned region: 

	
	

#  Matched base-pairing interactions: 
#  Matched base-stacking interactions: 

>>>>>>>>>>   ALIGNMENT ENDS   >>>>>>>>>>

<<<<<<<<<<  ALIGNMENT BEGINS  <<<<<<<<<<

#  Aligning sarcin-ricin_consensus and 4ybb_AA:764-768_809-813_898-901:
#  Alignment score:  3.2
#  P-value:  1.000e+00
#  Query aligned region: 
#  Target aligned region: 

	
	

#  Matched base-pairing interactions: 
#  Matched base-stacking interactions: 

>>>>>>>>>>   ALIGNMENT ENDS   >>>>>>>>>>

<<<<<<<<<<  ALIGNMENT BEGINS  <<<<<<<<<<

#  Aligning sarcin-ricin_consensus and 4ybb_AA:1071-1076_1079-1083_1100-1102:
#  Alignment score:  3.2
#  P-value:  1.000e+00
#  Query aligned region: 
#  Target aligned region: 

	
	

#  Matched base-pairing interactions: 
#  Matched base-stacking interactions: 

>>>>>>>>>>   ALIGNMENT ENDS   >>>>>>>>>>

<<<<<<<<<<  ALIGNMENT BEGINS  <<<<<<<<<<

#  Aligning sarcin-ricin_consensus and 4ybb_AA:1192-1201_1057-1062_1051-1054:
#  Alignment score:  3.2
#  P-value:  1.000e+00
#  Query aligned region: 0-0,8-8
#  Target aligned region: 1:'AA'1194-1:'AA'1194,14:'AA'1062-14:'AA'1062

	U...C
	U...U

#  Matched base-pairing interactions: 
	<U(0:)-C(8:) trans S/H>                        MATCHES	<U(1:'AA'1194)-U(14:'AA'1062) cis W/W>
#  Matched base-stacking interactions: 

>>>>>>>>>>   ALIGNMENT ENDS   >>>>>>>>>>

<<<<<<<<<<  ALIGNMENT BEGINS  <<<<<<<<<<

#  Aligning sarcin-ricin_consensus and 4ybb_AA:93-99_68-73:
#  Alignment score:  3.2
#  P-value:  1.000e+00
#  Query aligned region: 
#  Target aligned region: 

	
	

#  Matched base-pairing interactions: 
#  Matched base-stacking interactions: 

>>>>>>>>>>   ALIGNMENT ENDS   >>>>>>>>>>

<<<<<<<<<<  ALIGNMENT BEGINS  <<<<<<<<<<

#  Aligning sarcin-ricin_consensus and 4ybb_AA:303-304_288-292_307-310:
#  Alignment score:  3.1
#  P-value:  1.000e+00
#  Query aligned region: 
#  Target aligned region: 

	
	

#  Matched base-pairing interactions: 
#  Matched base-stacking interactions: 

>>>>>>>>>>   ALIGNMENT ENDS   >>>>>>>>>>

<<<<<<<<<<  ALIGNMENT BEGINS  <<<<<<<<<<

#  Aligning sarcin-ricin_consensus and 4ybb_AA:147-152_167-173_65-67:
#  Alignment score:  3.1
#  P-value:  1.000e+00
#  Query aligned region: 
#  Target aligned region: 

	
	

#  Matched base-pairing interactions: 
#  Matched base-stacking interactions: 

>>>>>>>>>>   ALIGNMENT ENDS   >>>>>>>>>>

<<<<<<<<<<  ALIGNMENT BEGINS  <<<<<<<<<<

#  Aligning sarcin-ricin_consensus and 4ybb_AA:447-452_370-373_478-486:
#  Alignment score:  3.1
#  P-value:  1.000e+00
#  Query aligned region: 
#  Target aligned region: 

	
	

#  Matched base-pairing interactions: 
#  Matched base-stacking interactions: 

>>>>>>>>>>   ALIGNMENT ENDS   >>>>>>>>>>

<<<<<<<<<<  ALIGNMENT BEGINS  <<<<<<<<<<

#  Aligning sarcin-ricin_consensus and 4ybb_AA:112-114_311-314_115-116:
#  Alignment score:  3.1
#  P-value:  1.000e+00
#  Query aligned region: 
#  Target aligned region: 

	
	

#  Matched base-pairing interactions: 
#  Matched base-stacking interactions: 

>>>>>>>>>>   ALIGNMENT ENDS   >>>>>>>>>>

<<<<<<<<<<  ALIGNMENT BEGINS  <<<<<<<<<<

#  Aligning sarcin-ricin_consensus and 4ybb_AA:898-901_764-768_809-813:
#  Alignment score:  3.1
#  P-value:  1.000e+00
#  Query aligned region: 
#  Target aligned region: 

	
	

#  Matched base-pairing interactions: 
#  Matched base-stacking interactions: 

>>>>>>>>>>   ALIGNMENT ENDS   >>>>>>>>>>

<<<<<<<<<<  ALIGNMENT BEGINS  <<<<<<<<<<

#  Aligning sarcin-ricin_consensus and 4ybb_AA:969-970_948-953_1225-1232:
#  Alignment score:  3.1
#  P-value:  1.000e+00
#  Query aligned region: 
#  Target aligned region: 

	
	

#  Matched base-pairing interactions: 
#  Matched base-stacking interactions: 

>>>>>>>>>>   ALIGNMENT ENDS   >>>>>>>>>>

<<<<<<<<<<  ALIGNMENT BEGINS  <<<<<<<<<<

#  Aligning sarcin-ricin_consensus and 4ybb_AA:288-292_307-310_303-304:
#  Alignment score:  3
#  P-value:  1.000e+00
#  Query aligned region: 
#  Target aligned region: 

	
	

#  Matched base-pairing interactions: 
#  Matched base-stacking interactions: 

>>>>>>>>>>   ALIGNMENT ENDS   >>>>>>>>>>

<<<<<<<<<<  ALIGNMENT BEGINS  <<<<<<<<<<

#  Aligning sarcin-ricin_consensus and 4ybb_AA:975-977_1359-1367_1354-1358:
#  Alignment score:  3
#  P-value:  1.000e+00
#  Query aligned region: 
#  Target aligned region: 

	
	

#  Matched base-pairing interactions: 
#  Matched base-stacking interactions: 

>>>>>>>>>>   ALIGNMENT ENDS   >>>>>>>>>>

<<<<<<<<<<  ALIGNMENT BEGINS  <<<<<<<<<<

#  Aligning sarcin-ricin_consensus and 4ybb_AA:1179-1181_1173-1178_1155-1162:
#  Alignment score:  3
#  P-value:  1.000e+00
#  Query aligned region: 
#  Target aligned region: 

	
	

#  Matched base-pairing interactions: 
#  Matched base-stacking interactions: 

>>>>>>>>>>   ALIGNMENT ENDS   >>>>>>>>>>

<<<<<<<<<<  ALIGNMENT BEGINS  <<<<<<<<<<

#  Aligning sarcin-ricin_consensus and 4ybb_AA:1173-1178_1179-1181_1155-1162:
#  Alignment score:  3
#  P-value:  1.000e+00
#  Query aligned region: 
#  Target aligned region: 

	
	

#  Matched base-pairing interactions: 
#  Matched base-stacking interactions: 

>>>>>>>>>>   ALIGNMENT ENDS   >>>>>>>>>>

<<<<<<<<<<  ALIGNMENT BEGINS  <<<<<<<<<<

#  Aligning sarcin-ricin_consensus and 4ybb_AA:693-696_790-796_784-788:
#  Alignment score:  3
#  P-value:  1.000e+00
#  Query aligned region: 
#  Target aligned region: 

	
	

#  Matched base-pairing interactions: 
#  Matched base-stacking interactions: 

>>>>>>>>>>   ALIGNMENT ENDS   >>>>>>>>>>

<<<<<<<<<<  ALIGNMENT BEGINS  <<<<<<<<<<

#  Aligning sarcin-ricin_consensus and 4ybb_AA:399-401_620-625_614-619:
#  Alignment score:  3
#  P-value:  1.000e+00
#  Query aligned region: 
#  Target aligned region: 

	
	

#  Matched base-pairing interactions: 
#  Matched base-stacking interactions: 

>>>>>>>>>>   ALIGNMENT ENDS   >>>>>>>>>>

<<<<<<<<<<  ALIGNMENT BEGINS  <<<<<<<<<<

#  Aligning sarcin-ricin_consensus and 4ybb_AA:493-497_403-407_434-440:
#  Alignment score:  3
#  P-value:  1.000e+00
#  Query aligned region: 
#  Target aligned region: 

	
	

#  Matched base-pairing interactions: 
#  Matched base-stacking interactions: 

>>>>>>>>>>   ALIGNMENT ENDS   >>>>>>>>>>

<<<<<<<<<<  ALIGNMENT BEGINS  <<<<<<<<<<

#  Aligning sarcin-ricin_consensus and 4ybb_AA:141-143_192-195_178-183:
#  Alignment score:  3
#  P-value:  1.000e+00
#  Query aligned region: 0-0,8-8
#  Target aligned region: 1:'AA'143-2:'AA'144

	U...C
	A...G

#  Matched base-pairing interactions: 
	<U(0:)-C(8:) trans S/H>                        MATCHES	<A(1:'AA'143)-G(2:'AA'144) trans S/H>
#  Matched base-stacking interactions: 

>>>>>>>>>>   ALIGNMENT ENDS   >>>>>>>>>>

<<<<<<<<<<  ALIGNMENT BEGINS  <<<<<<<<<<

#  Aligning sarcin-ricin_consensus and 4ybb_AA:141-144_193-197_176-183:
#  Alignment score:  3
#  P-value:  1.000e+00
#  Query aligned region: 
#  Target aligned region: 

	
	

#  Matched base-pairing interactions: 
#  Matched base-stacking interactions: 

>>>>>>>>>>   ALIGNMENT ENDS   >>>>>>>>>>

<<<<<<<<<<  ALIGNMENT BEGINS  <<<<<<<<<<

#  Aligning sarcin-ricin_consensus and 4ybb_AA:193-197_141-144_176-183:
#  Alignment score:  3
#  P-value:  1.000e+00
#  Query aligned region: 
#  Target aligned region: 

	
	

#  Matched base-pairing interactions: 
#  Matched base-stacking interactions: 

>>>>>>>>>>   ALIGNMENT ENDS   >>>>>>>>>>

<<<<<<<<<<  ALIGNMENT BEGINS  <<<<<<<<<<

#  Aligning sarcin-ricin_consensus and 4ybb_AA:141-145_193-197_175-180:
#  Alignment score:  3
#  P-value:  1.000e+00
#  Query aligned region: 
#  Target aligned region: 

	
	

#  Matched base-pairing interactions: 
#  Matched base-stacking interactions: 

>>>>>>>>>>   ALIGNMENT ENDS   >>>>>>>>>>

<<<<<<<<<<  ALIGNMENT BEGINS  <<<<<<<<<<

#  Aligning sarcin-ricin_consensus and 4ybb_AA:193-197_141-145_175-180:
#  Alignment score:  3
#  P-value:  1.000e+00
#  Query aligned region: 
#  Target aligned region: 

	
	

#  Matched base-pairing interactions: 
#  Matched base-stacking interactions: 

>>>>>>>>>>   ALIGNMENT ENDS   >>>>>>>>>>

<<<<<<<<<<  ALIGNMENT BEGINS  <<<<<<<<<<

#  Aligning sarcin-ricin_consensus and 4ybb_AA:193-197_175-180_141-145:
#  Alignment score:  3
#  P-value:  1.000e+00
#  Query aligned region: 
#  Target aligned region: 

	
	

#  Matched base-pairing interactions: 
#  Matched base-stacking interactions: 

>>>>>>>>>>   ALIGNMENT ENDS   >>>>>>>>>>

<<<<<<<<<<  ALIGNMENT BEGINS  <<<<<<<<<<

#  Aligning sarcin-ricin_consensus and 4ybb_AA:310-312_286-288_114-121:
#  Alignment score:  3
#  P-value:  1.000e+00
#  Query aligned region: 
#  Target aligned region: 

	
	

#  Matched base-pairing interactions: 
#  Matched base-stacking interactions: 

>>>>>>>>>>   ALIGNMENT ENDS   >>>>>>>>>>

<<<<<<<<<<  ALIGNMENT BEGINS  <<<<<<<<<<

#  Aligning sarcin-ricin_consensus and 4ybb_AA:572-575_567-571_879-882:
#  Alignment score:  3
#  P-value:  1.000e+00
#  Query aligned region: 
#  Target aligned region: 

	
	

#  Matched base-pairing interactions: 
#  Matched base-stacking interactions: 

>>>>>>>>>>   ALIGNMENT ENDS   >>>>>>>>>>

<<<<<<<<<<  ALIGNMENT BEGINS  <<<<<<<<<<

#  Aligning sarcin-ricin_consensus and 4ybb_AA:130-132_133-135_226-231:
#  Alignment score:  3
#  P-value:  1.000e+00
#  Query aligned region: 
#  Target aligned region: 

	
	

#  Matched base-pairing interactions: 
#  Matched base-stacking interactions: 

>>>>>>>>>>   ALIGNMENT ENDS   >>>>>>>>>>

<<<<<<<<<<  ALIGNMENT BEGINS  <<<<<<<<<<

#  Aligning sarcin-ricin_consensus and 4ybb_AA:226-231_133-135_130-132:
#  Alignment score:  3
#  P-value:  1.000e+00
#  Query aligned region: 
#  Target aligned region: 

	
	

#  Matched base-pairing interactions: 
#  Matched base-stacking interactions: 

>>>>>>>>>>   ALIGNMENT ENDS   >>>>>>>>>>

<<<<<<<<<<  ALIGNMENT BEGINS  <<<<<<<<<<

#  Aligning sarcin-ricin_consensus and 4ybb_AA:368-375_480-481_386-392:
#  Alignment score:  3
#  P-value:  1.000e+00
#  Query aligned region: 
#  Target aligned region: 

	
	

#  Matched base-pairing interactions: 
#  Matched base-stacking interactions: 

>>>>>>>>>>   ALIGNMENT ENDS   >>>>>>>>>>

<<<<<<<<<<  ALIGNMENT BEGINS  <<<<<<<<<<

#  Aligning sarcin-ricin_consensus and 4ybb_AA:170-175_145-149_196-197:
#  Alignment score:  3
#  P-value:  1.000e+00
#  Query aligned region: 
#  Target aligned region: 

	
	

#  Matched base-pairing interactions: 
#  Matched base-stacking interactions: 

>>>>>>>>>>   ALIGNMENT ENDS   >>>>>>>>>>

<<<<<<<<<<  ALIGNMENT BEGINS  <<<<<<<<<<

#  Aligning sarcin-ricin_consensus and 4ybb_AA:595-597_639-644_593-594:
#  Alignment score:  3
#  P-value:  1.000e+00
#  Query aligned region: 
#  Target aligned region: 

	
	

#  Matched base-pairing interactions: 
#  Matched base-stacking interactions: 

>>>>>>>>>>   ALIGNMENT ENDS   >>>>>>>>>>

<<<<<<<<<<  ALIGNMENT BEGINS  <<<<<<<<<<

#  Aligning sarcin-ricin_consensus and 4ybb_AA:1225-1232_969-970_948-953:
#  Alignment score:  3
#  P-value:  1.000e+00
#  Query aligned region: 0-0,8-8
#  Target aligned region: 9:'AA'971-9:'AA'971,10:'AA'949-10:'AA'949

	U...C
	G...A

#  Matched base-pairing interactions: 
	<U(0:)-C(8:) trans S/H>                        MATCHES	<G(9:'AA'971)-A(10:'AA'949) trans H/S>
#  Matched base-stacking interactions: 

>>>>>>>>>>   ALIGNMENT ENDS   >>>>>>>>>>

<<<<<<<<<<  ALIGNMENT BEGINS  <<<<<<<<<<

#  Aligning sarcin-ricin_consensus and 4ybb_AA:307-310_303-304_288-292:
#  Alignment score:  2.9
#  P-value:  1.000e+00
#  Query aligned region: 
#  Target aligned region: 

	
	

#  Matched base-pairing interactions: 
#  Matched base-stacking interactions: 

>>>>>>>>>>   ALIGNMENT ENDS   >>>>>>>>>>

<<<<<<<<<<  ALIGNMENT BEGINS  <<<<<<<<<<

#  Aligning sarcin-ricin_consensus and 4ybb_AA:303-304_307-310_288-292:
#  Alignment score:  2.9
#  P-value:  1.000e+00
#  Query aligned region: 
#  Target aligned region: 

	
	

#  Matched base-pairing interactions: 
#  Matched base-stacking interactions: 

>>>>>>>>>>   ALIGNMENT ENDS   >>>>>>>>>>

<<<<<<<<<<  ALIGNMENT BEGINS  <<<<<<<<<<

#  Aligning sarcin-ricin_consensus and 4ybb_AA:393-395_44-49_359-366:
#  Alignment score:  2.9
#  P-value:  1.000e+00
#  Query aligned region: 
#  Target aligned region: 

	
	

#  Matched base-pairing interactions: 
#  Matched base-stacking interactions: 

>>>>>>>>>>   ALIGNMENT ENDS   >>>>>>>>>>

<<<<<<<<<<  ALIGNMENT BEGINS  <<<<<<<<<<

#  Aligning sarcin-ricin_consensus and 4ybb_AA:1368-1370_1286-1291_1245-1250:
#  Alignment score:  2.9
#  P-value:  1.000e+00
#  Query aligned region: 
#  Target aligned region: 

	
	

#  Matched base-pairing interactions: 
#  Matched base-stacking interactions: 

>>>>>>>>>>   ALIGNMENT ENDS   >>>>>>>>>>

<<<<<<<<<<  ALIGNMENT BEGINS  <<<<<<<<<<

#  Aligning sarcin-ricin_consensus and 4ybb_AA:176-183_141-144_193-197:
#  Alignment score:  2.9
#  P-value:  1.000e+00
#  Query aligned region: 
#  Target aligned region: 

	
	

#  Matched base-pairing interactions: 
#  Matched base-stacking interactions: 

>>>>>>>>>>   ALIGNMENT ENDS   >>>>>>>>>>

<<<<<<<<<<  ALIGNMENT BEGINS  <<<<<<<<<<

#  Aligning sarcin-ricin_consensus and 4ybb_AA:175-180_141-145_193-197:
#  Alignment score:  2.9
#  P-value:  1.000e+00
#  Query aligned region: 
#  Target aligned region: 

	
	

#  Matched base-pairing interactions: 
#  Matched base-stacking interactions: 

>>>>>>>>>>   ALIGNMENT ENDS   >>>>>>>>>>

<<<<<<<<<<  ALIGNMENT BEGINS  <<<<<<<<<<

#  Aligning sarcin-ricin_consensus and 4ybb_AA:147-152_65-67_167-173:
#  Alignment score:  2.9
#  P-value:  1.000e+00
#  Query aligned region: 
#  Target aligned region: 

	
	

#  Matched base-pairing interactions: 
#  Matched base-stacking interactions: 

>>>>>>>>>>   ALIGNMENT ENDS   >>>>>>>>>>

<<<<<<<<<<  ALIGNMENT BEGINS  <<<<<<<<<<

#  Aligning sarcin-ricin_consensus and 4ybb_AA:1226-1228_952-954_1223-1225:
#  Alignment score:  2.9
#  P-value:  1.000e+00
#  Query aligned region: 
#  Target aligned region: 

	
	

#  Matched base-pairing interactions: 
#  Matched base-stacking interactions: 

>>>>>>>>>>   ALIGNMENT ENDS   >>>>>>>>>>

<<<<<<<<<<  ALIGNMENT BEGINS  <<<<<<<<<<

#  Aligning sarcin-ricin_consensus and 4ybb_AA:952-954_1226-1228_1223-1225:
#  Alignment score:  2.9
#  P-value:  1.000e+00
#  Query aligned region: 
#  Target aligned region: 

	
	

#  Matched base-pairing interactions: 
#  Matched base-stacking interactions: 

>>>>>>>>>>   ALIGNMENT ENDS   >>>>>>>>>>

<<<<<<<<<<  ALIGNMENT BEGINS  <<<<<<<<<<

#  Aligning sarcin-ricin_consensus and 4ybb_AA:1211-1214_1043-1047_989-995:
#  Alignment score:  2.9
#  P-value:  1.000e+00
#  Query aligned region: 
#  Target aligned region: 

	
	

#  Matched base-pairing interactions: 
#  Matched base-stacking interactions: 

>>>>>>>>>>   ALIGNMENT ENDS   >>>>>>>>>>

<<<<<<<<<<  ALIGNMENT BEGINS  <<<<<<<<<<

#  Aligning sarcin-ricin_consensus and 4ybb_AA:641-643_638-640_594-599:
#  Alignment score:  2.9
#  P-value:  1.000e+00
#  Query aligned region: 
#  Target aligned region: 

	
	

#  Matched base-pairing interactions: 
#  Matched base-stacking interactions: 

>>>>>>>>>>   ALIGNMENT ENDS   >>>>>>>>>>

<<<<<<<<<<  ALIGNMENT BEGINS  <<<<<<<<<<

#  Aligning sarcin-ricin_consensus and 4ybb_AA:567-571_879-882_572-575:
#  Alignment score:  2.9
#  P-value:  1.000e+00
#  Query aligned region: 
#  Target aligned region: 

	
	

#  Matched base-pairing interactions: 
#  Matched base-stacking interactions: 

>>>>>>>>>>   ALIGNMENT ENDS   >>>>>>>>>>

<<<<<<<<<<  ALIGNMENT BEGINS  <<<<<<<<<<

#  Aligning sarcin-ricin_consensus and 4ybb_AA:370-373_447-452_478-486:
#  Alignment score:  2.9
#  P-value:  1.000e+00
#  Query aligned region: 
#  Target aligned region: 

	
	

#  Matched base-pairing interactions: 
#  Matched base-stacking interactions: 

>>>>>>>>>>   ALIGNMENT ENDS   >>>>>>>>>>

<<<<<<<<<<  ALIGNMENT BEGINS  <<<<<<<<<<

#  Aligning sarcin-ricin_consensus and 4ybb_AA:133-135_226-231_130-132:
#  Alignment score:  2.9
#  P-value:  1.000e+00
#  Query aligned region: 
#  Target aligned region: 

	
	

#  Matched base-pairing interactions: 
#  Matched base-stacking interactions: 

>>>>>>>>>>   ALIGNMENT ENDS   >>>>>>>>>>

<<<<<<<<<<  ALIGNMENT BEGINS  <<<<<<<<<<

#  Aligning sarcin-ricin_consensus and 4ybb_AA:341-343_344-346_159-160:
#  Alignment score:  2.9
#  P-value:  1.000e+00
#  Query aligned region: 
#  Target aligned region: 

	
	

#  Matched base-pairing interactions: 
#  Matched base-stacking interactions: 

>>>>>>>>>>   ALIGNMENT ENDS   >>>>>>>>>>

<<<<<<<<<<  ALIGNMENT BEGINS  <<<<<<<<<<

#  Aligning sarcin-ricin_consensus and 4ybb_AA:368-375_386-392_480-481:
#  Alignment score:  2.9
#  P-value:  1.000e+00
#  Query aligned region: 
#  Target aligned region: 

	
	

#  Matched base-pairing interactions: 
#  Matched base-stacking interactions: 

>>>>>>>>>>   ALIGNMENT ENDS   >>>>>>>>>>

<<<<<<<<<<  ALIGNMENT BEGINS  <<<<<<<<<<

#  Aligning sarcin-ricin_consensus and 4ybb_AA:1145-1147_1141-1144_1126-1132:
#  Alignment score:  2.9
#  P-value:  1.000e+00
#  Query aligned region: 
#  Target aligned region: 

	
	

#  Matched base-pairing interactions: 
#  Matched base-stacking interactions: 

>>>>>>>>>>   ALIGNMENT ENDS   >>>>>>>>>>

<<<<<<<<<<  ALIGNMENT BEGINS  <<<<<<<<<<

#  Aligning sarcin-ricin_consensus and 4ybb_AA:764-768_898-901_809-813:
#  Alignment score:  2.9
#  P-value:  1.000e+00
#  Query aligned region: 
#  Target aligned region: 

	
	

#  Matched base-pairing interactions: 
#  Matched base-stacking interactions: 

>>>>>>>>>>   ALIGNMENT ENDS   >>>>>>>>>>

<<<<<<<<<<  ALIGNMENT BEGINS  <<<<<<<<<<

#  Aligning sarcin-ricin_consensus and 4ybb_AA:1237-1239_1240-1243_1293-1300:
#  Alignment score:  2.9
#  P-value:  1.000e+00
#  Query aligned region: 
#  Target aligned region: 

	
	

#  Matched base-pairing interactions: 
#  Matched base-stacking interactions: 

>>>>>>>>>>   ALIGNMENT ENDS   >>>>>>>>>>

<<<<<<<<<<  ALIGNMENT BEGINS  <<<<<<<<<<

#  Aligning sarcin-ricin_consensus and 4ybb_AA:493-497_434-440_403-407:
#  Alignment score:  2.8
#  P-value:  1.000e+00
#  Query aligned region: 
#  Target aligned region: 

	
	

#  Matched base-pairing interactions: 
#  Matched base-stacking interactions: 

>>>>>>>>>>   ALIGNMENT ENDS   >>>>>>>>>>

<<<<<<<<<<  ALIGNMENT BEGINS  <<<<<<<<<<

#  Aligning sarcin-ricin_consensus and 4ybb_AA:193-197_176-183_141-144:
#  Alignment score:  2.8
#  P-value:  1.000e+00
#  Query aligned region: 
#  Target aligned region: 

	
	

#  Matched base-pairing interactions: 
#  Matched base-stacking interactions: 

>>>>>>>>>>   ALIGNMENT ENDS   >>>>>>>>>>

<<<<<<<<<<  ALIGNMENT BEGINS  <<<<<<<<<<

#  Aligning sarcin-ricin_consensus and 4ybb_AA:176-183_193-197_141-144:
#  Alignment score:  2.8
#  P-value:  1.000e+00
#  Query aligned region: 0-0,8-8
#  Target aligned region: 11:'AA'197-12:'AA'198

	U...C
	A...G

#  Matched base-pairing interactions: 
	<U(0:)-C(8:) trans S/H>                        MATCHES	<A(11:'AA'197)-G(12:'AA'198) cis S/S>
#  Matched base-stacking interactions: 

>>>>>>>>>>   ALIGNMENT ENDS   >>>>>>>>>>

<<<<<<<<<<  ALIGNMENT BEGINS  <<<<<<<<<<

#  Aligning sarcin-ricin_consensus and 4ybb_AA:310-312_114-121_286-288:
#  Alignment score:  2.8
#  P-value:  1.000e+00
#  Query aligned region: 
#  Target aligned region: 

	
	

#  Matched base-pairing interactions: 
#  Matched base-stacking interactions: 

>>>>>>>>>>   ALIGNMENT ENDS   >>>>>>>>>>

<<<<<<<<<<  ALIGNMENT BEGINS  <<<<<<<<<<

#  Aligning sarcin-ricin_consensus and 4ybb_AA:1499-1501_920-924_1391-1395:
#  Alignment score:  2.8
#  P-value:  1.000e+00
#  Query aligned region: 
#  Target aligned region: 

	
	

#  Matched base-pairing interactions: 
#  Matched base-stacking interactions: 

>>>>>>>>>>   ALIGNMENT ENDS   >>>>>>>>>>

<<<<<<<<<<  ALIGNMENT BEGINS  <<<<<<<<<<

#  Aligning sarcin-ricin_consensus and 4ybb_AA:920-924_1499-1501_1391-1395:
#  Alignment score:  2.8
#  P-value:  1.000e+00
#  Query aligned region: 0-0,8-8
#  Target aligned region: 2:'AA'923-2:'AA'923,9:'AA'1393-9:'AA'1393

	U...C
	A...U

#  Matched base-pairing interactions: 
	<U(0:)-C(8:) trans S/H>                        MATCHES	<A(2:'AA'923)-U(9:'AA'1393) cis W/W>
#  Matched base-stacking interactions: 

>>>>>>>>>>   ALIGNMENT ENDS   >>>>>>>>>>

<<<<<<<<<<  ALIGNMENT BEGINS  <<<<<<<<<<

#  Aligning sarcin-ricin_consensus and 4ybb_AA:1043-1047_989-995_1211-1214:
#  Alignment score:  2.8
#  P-value:  1.000e+00
#  Query aligned region: 
#  Target aligned region: 

	
	

#  Matched base-pairing interactions: 
#  Matched base-stacking interactions: 

>>>>>>>>>>   ALIGNMENT ENDS   >>>>>>>>>>

<<<<<<<<<<  ALIGNMENT BEGINS  <<<<<<<<<<

#  Aligning sarcin-ricin_consensus and 4ybb_AA:641-643_594-599_638-640:
#  Alignment score:  2.8
#  P-value:  1.000e+00
#  Query aligned region: 
#  Target aligned region: 

	
	

#  Matched base-pairing interactions: 
#  Matched base-stacking interactions: 

>>>>>>>>>>   ALIGNMENT ENDS   >>>>>>>>>>

<<<<<<<<<<  ALIGNMENT BEGINS  <<<<<<<<<<

#  Aligning sarcin-ricin_consensus and 4ybb_AA:88-94_77-79_74-76:
#  Alignment score:  2.8
#  P-value:  1.000e+00
#  Query aligned region: 
#  Target aligned region: 

	
	

#  Matched base-pairing interactions: 
#  Matched base-stacking interactions: 

>>>>>>>>>>   ALIGNMENT ENDS   >>>>>>>>>>

<<<<<<<<<<  ALIGNMENT BEGINS  <<<<<<<<<<

#  Aligning sarcin-ricin_consensus and 4ybb_AA:341-343_159-160_344-346:
#  Alignment score:  2.8
#  P-value:  1.000e+00
#  Query aligned region: 0-0,8-8
#  Target aligned region: 2:'AA'344-2:'AA'344,6:'AA'346-6:'AA'346

	U...C
	A...G

#  Matched base-pairing interactions: 
	<U(0:)-C(8:) trans S/H>                        MATCHES	<A(2:'AA'344)-G(6:'AA'346) cis S/H>
#  Matched base-stacking interactions: 

>>>>>>>>>>   ALIGNMENT ENDS   >>>>>>>>>>

<<<<<<<<<<  ALIGNMENT BEGINS  <<<<<<<<<<

#  Aligning sarcin-ricin_consensus and 4ybb_AA:115-116_311-314_112-114:
#  Alignment score:  2.8
#  P-value:  1.000e+00
#  Query aligned region: 
#  Target aligned region: 

	
	

#  Matched base-pairing interactions: 
#  Matched base-stacking interactions: 

>>>>>>>>>>   ALIGNMENT ENDS   >>>>>>>>>>

<<<<<<<<<<  ALIGNMENT BEGINS  <<<<<<<<<<

#  Aligning sarcin-ricin_consensus and 4ybb_AA:1141-1144_1126-1132_1145-1147:
#  Alignment score:  2.8
#  P-value:  1.000e+00
#  Query aligned region: 
#  Target aligned region: 

	
	

#  Matched base-pairing interactions: 
#  Matched base-stacking interactions: 

>>>>>>>>>>   ALIGNMENT ENDS   >>>>>>>>>>

<<<<<<<<<<  ALIGNMENT BEGINS  <<<<<<<<<<

#  Aligning sarcin-ricin_consensus and 4ybb_AA:620-625_614-619_399-401:
#  Alignment score:  2.7
#  P-value:  1.000e+00
#  Query aligned region: 
#  Target aligned region: 

	
	

#  Matched base-pairing interactions: 
#  Matched base-stacking interactions: 

>>>>>>>>>>   ALIGNMENT ENDS   >>>>>>>>>>

<<<<<<<<<<  ALIGNMENT BEGINS  <<<<<<<<<<

#  Aligning sarcin-ricin_consensus and 4ybb_AA:620-625_399-401_614-619:
#  Alignment score:  2.7
#  P-value:  1.000e+00
#  Query aligned region: 
#  Target aligned region: 

	
	

#  Matched base-pairing interactions: 
#  Matched base-stacking interactions: 

>>>>>>>>>>   ALIGNMENT ENDS   >>>>>>>>>>

<<<<<<<<<<  ALIGNMENT BEGINS  <<<<<<<<<<

#  Aligning sarcin-ricin_consensus and 4ybb_AA:133-135_130-132_226-231:
#  Alignment score:  2.7
#  P-value:  1.000e+00
#  Query aligned region: 
#  Target aligned region: 

	
	

#  Matched base-pairing interactions: 
#  Matched base-stacking interactions: 

>>>>>>>>>>   ALIGNMENT ENDS   >>>>>>>>>>

<<<<<<<<<<  ALIGNMENT BEGINS  <<<<<<<<<<

#  Aligning sarcin-ricin_consensus and 4ybb_AA:130-132_226-231_133-135:
#  Alignment score:  2.7
#  P-value:  1.000e+00
#  Query aligned region: 
#  Target aligned region: 

	
	

#  Matched base-pairing interactions: 
#  Matched base-stacking interactions: 

>>>>>>>>>>   ALIGNMENT ENDS   >>>>>>>>>>

<<<<<<<<<<  ALIGNMENT BEGINS  <<<<<<<<<<

#  Aligning sarcin-ricin_consensus and 4ybb_AA:226-231_130-132_133-135:
#  Alignment score:  2.7
#  P-value:  1.000e+00
#  Query aligned region: 
#  Target aligned region: 

	
	

#  Matched base-pairing interactions: 
#  Matched base-stacking interactions: 

>>>>>>>>>>   ALIGNMENT ENDS   >>>>>>>>>>

<<<<<<<<<<  ALIGNMENT BEGINS  <<<<<<<<<<

#  Aligning sarcin-ricin_consensus and 4ybb_AA:307-310_288-292_303-304:
#  Alignment score:  2.6
#  P-value:  1.000e+00
#  Query aligned region: 
#  Target aligned region: 

	
	

#  Matched base-pairing interactions: 
#  Matched base-stacking interactions: 

>>>>>>>>>>   ALIGNMENT ENDS   >>>>>>>>>>

<<<<<<<<<<  ALIGNMENT BEGINS  <<<<<<<<<<

#  Aligning sarcin-ricin_consensus and 4ybb_AA:434-440_403-407_493-497:
#  Alignment score:  2.6
#  P-value:  1.000e+00
#  Query aligned region: 
#  Target aligned region: 

	
	

#  Matched base-pairing interactions: 
#  Matched base-stacking interactions: 

>>>>>>>>>>   ALIGNMENT ENDS   >>>>>>>>>>

<<<<<<<<<<  ALIGNMENT BEGINS  <<<<<<<<<<

#  Aligning sarcin-ricin_consensus and 4ybb_AA:952-954_1223-1225_1226-1228:
#  Alignment score:  2.6
#  P-value:  1.000e+00
#  Query aligned region: 
#  Target aligned region: 

	
	

#  Matched base-pairing interactions: 
#  Matched base-stacking interactions: 

>>>>>>>>>>   ALIGNMENT ENDS   >>>>>>>>>>

<<<<<<<<<<  ALIGNMENT BEGINS  <<<<<<<<<<

#  Aligning sarcin-ricin_consensus and 4ybb_AA:344-346_341-343_159-160:
#  Alignment score:  2.6
#  P-value:  1.000e+00
#  Query aligned region: 
#  Target aligned region: 

	
	

#  Matched base-pairing interactions: 
#  Matched base-stacking interactions: 

>>>>>>>>>>   ALIGNMENT ENDS   >>>>>>>>>>

<<<<<<<<<<  ALIGNMENT BEGINS  <<<<<<<<<<

#  Aligning sarcin-ricin_consensus and 4ybb_AA:344-346_159-160_341-343:
#  Alignment score:  2.6
#  P-value:  1.000e+00
#  Query aligned region: 
#  Target aligned region: 

	
	

#  Matched base-pairing interactions: 
#  Matched base-stacking interactions: 

>>>>>>>>>>   ALIGNMENT ENDS   >>>>>>>>>>

<<<<<<<<<<  ALIGNMENT BEGINS  <<<<<<<<<<

#  Aligning sarcin-ricin_consensus and 4ybb_AA:1333-1334_1295-1299_1236-1240:
#  Alignment score:  2.6
#  P-value:  1.000e+00
#  Query aligned region: 0-0,8-8
#  Target aligned region: 6:'AA'1300-6:'AA'1300,7:'AA'1237-7:'AA'1237

	U...C
	G...C

#  Matched base-pairing interactions: 
	<U(0:)-C(8:) trans S/H>                        MATCHES	<G(6:'AA'1300)-C(7:'AA'1237) cis -/->
#  Matched base-stacking interactions: 

>>>>>>>>>>   ALIGNMENT ENDS   >>>>>>>>>>

<<<<<<<<<<  ALIGNMENT BEGINS  <<<<<<<<<<

#  Aligning sarcin-ricin_consensus and 4ybb_AA:1295-1299_1333-1334_1236-1240:
#  Alignment score:  2.6
#  P-value:  1.000e+00
#  Query aligned region: 
#  Target aligned region: 

	
	

#  Matched base-pairing interactions: 
#  Matched base-stacking interactions: 

>>>>>>>>>>   ALIGNMENT ENDS   >>>>>>>>>>

<<<<<<<<<<  ALIGNMENT BEGINS  <<<<<<<<<<

#  Aligning sarcin-ricin_consensus and 4ybb_AA:1141-1144_1145-1147_1126-1132:
#  Alignment score:  2.6
#  P-value:  1.000e+00
#  Query aligned region: 
#  Target aligned region: 

	
	

#  Matched base-pairing interactions: 
#  Matched base-stacking interactions: 

>>>>>>>>>>   ALIGNMENT ENDS   >>>>>>>>>>

<<<<<<<<<<  ALIGNMENT BEGINS  <<<<<<<<<<

#  Aligning sarcin-ricin_consensus and 4ybb_AA:1126-1132_1145-1147_1141-1144:
#  Alignment score:  2.6
#  P-value:  1.000e+00
#  Query aligned region: 
#  Target aligned region: 

	
	

#  Matched base-pairing interactions: 
#  Matched base-stacking interactions: 

>>>>>>>>>>   ALIGNMENT ENDS   >>>>>>>>>>

<<<<<<<<<<  ALIGNMENT BEGINS  <<<<<<<<<<

#  Aligning sarcin-ricin_consensus and 4ybb_AA:1240-1243_1237-1239_1293-1300:
#  Alignment score:  2.6
#  P-value:  1.000e+00
#  Query aligned region: 
#  Target aligned region: 

	
	

#  Matched base-pairing interactions: 
#  Matched base-stacking interactions: 

>>>>>>>>>>   ALIGNMENT ENDS   >>>>>>>>>>

<<<<<<<<<<  ALIGNMENT BEGINS  <<<<<<<<<<

#  Aligning sarcin-ricin_consensus and 4ybb_AA:535-536_532-534_514-519:
#  Alignment score:  2.5
#  P-value:  1.000e+00
#  Query aligned region: 
#  Target aligned region: 

	
	

#  Matched base-pairing interactions: 
#  Matched base-stacking interactions: 

>>>>>>>>>>   ALIGNMENT ENDS   >>>>>>>>>>

<<<<<<<<<<  ALIGNMENT BEGINS  <<<<<<<<<<

#  Aligning sarcin-ricin_consensus and 4ybb_AA:532-534_514-519_535-536:
#  Alignment score:  2.5
#  P-value:  1.000e+00
#  Query aligned region: 
#  Target aligned region: 

	
	

#  Matched base-pairing interactions: 
#  Matched base-stacking interactions: 

>>>>>>>>>>   ALIGNMENT ENDS   >>>>>>>>>>

<<<<<<<<<<  ALIGNMENT BEGINS  <<<<<<<<<<

#  Aligning sarcin-ricin_consensus and 4ybb_AA:492-497_438-440_436-437:
#  Alignment score:  2.5
#  P-value:  1.000e+00
#  Query aligned region: 
#  Target aligned region: 

	
	

#  Matched base-pairing interactions: 
#  Matched base-stacking interactions: 

>>>>>>>>>>   ALIGNMENT ENDS   >>>>>>>>>>

<<<<<<<<<<  ALIGNMENT BEGINS  <<<<<<<<<<

#  Aligning sarcin-ricin_consensus and 4ybb_AA:311-314_112-114_115-116:
#  Alignment score:  2.5
#  P-value:  1.000e+00
#  Query aligned region: 
#  Target aligned region: 

	
	

#  Matched base-pairing interactions: 
#  Matched base-stacking interactions: 

>>>>>>>>>>   ALIGNMENT ENDS   >>>>>>>>>>

<<<<<<<<<<  ALIGNMENT BEGINS  <<<<<<<<<<

#  Aligning sarcin-ricin_consensus and 4ybb_AA:1145-1147_1126-1132_1141-1144:
#  Alignment score:  2.4
#  P-value:  1.000e+00
#  Query aligned region: 
#  Target aligned region: 

	
	

#  Matched base-pairing interactions: 
#  Matched base-stacking interactions: 

>>>>>>>>>>   ALIGNMENT ENDS   >>>>>>>>>>

<<<<<<<<<<  ALIGNMENT BEGINS  <<<<<<<<<<

#  Aligning sarcin-ricin_consensus and 4ybb_AA:173-178_143-147:
#  Alignment score:  2.4
#  P-value:  1.000e+00
#  Query aligned region: 
#  Target aligned region: 

	
	

#  Matched base-pairing interactions: 
#  Matched base-stacking interactions: 

>>>>>>>>>>   ALIGNMENT ENDS   >>>>>>>>>>

<<<<<<<<<<  ALIGNMENT BEGINS  <<<<<<<<<<

#  Aligning sarcin-ricin_consensus and 4ybb_AA:438-440_492-497_436-437:
#  Alignment score:  2.3
#  P-value:  1.000e+00
#  Query aligned region: 
#  Target aligned region: 

	
	

#  Matched base-pairing interactions: 
#  Matched base-stacking interactions: 

>>>>>>>>>>   ALIGNMENT ENDS   >>>>>>>>>>

<<<<<<<<<<  ALIGNMENT BEGINS  <<<<<<<<<<

#  Aligning sarcin-ricin_consensus and 4ybb_AA:311-314_115-116_112-114:
#  Alignment score:  2.3
#  P-value:  1.000e+00
#  Query aligned region: 
#  Target aligned region: 

	
	

#  Matched base-pairing interactions: 
#  Matched base-stacking interactions: 

>>>>>>>>>>   ALIGNMENT ENDS   >>>>>>>>>>

<<<<<<<<<<  ALIGNMENT BEGINS  <<<<<<<<<<

#  Aligning sarcin-ricin_consensus and 4ybb_AA:201-202_464-465:
#  Alignment score:  2.3
#  P-value:  1.000e+00
#  Query aligned region: 
#  Target aligned region: 

	
	

#  Matched base-pairing interactions: 
#  Matched base-stacking interactions: 

>>>>>>>>>>   ALIGNMENT ENDS   >>>>>>>>>>

<<<<<<<<<<  ALIGNMENT BEGINS  <<<<<<<<<<

#  Aligning sarcin-ricin_consensus and 4ybb_AA:143-147_173-178:
#  Alignment score:  2.3
#  P-value:  1.000e+00
#  Query aligned region: 
#  Target aligned region: 

	
	

#  Matched base-pairing interactions: 
#  Matched base-stacking interactions: 

>>>>>>>>>>   ALIGNMENT ENDS   >>>>>>>>>>

<<<<<<<<<<  ALIGNMENT BEGINS  <<<<<<<<<<

#  Aligning sarcin-ricin_consensus and 4ybb_AA:1236-1240_1333-1334_1295-1299:
#  Alignment score:  2.2
#  P-value:  1.000e+00
#  Query aligned region: 
#  Target aligned region: 

	
	

#  Matched base-pairing interactions: 
#  Matched base-stacking interactions: 

>>>>>>>>>>   ALIGNMENT ENDS   >>>>>>>>>>

<<<<<<<<<<  ALIGNMENT BEGINS  <<<<<<<<<<

#  Aligning sarcin-ricin_consensus and 4ybb_AA:514-519_532-534_535-536:
#  Alignment score:  2.1
#  P-value:  1.000e+00
#  Query aligned region: 
#  Target aligned region: 

	
	

#  Matched base-pairing interactions: 
#  Matched base-stacking interactions: 

>>>>>>>>>>   ALIGNMENT ENDS   >>>>>>>>>>

<<<<<<<<<<  ALIGNMENT BEGINS  <<<<<<<<<<

#  Aligning sarcin-ricin_consensus and 4ybb_AA:514-519_535-536_532-534:
#  Alignment score:  2
#  P-value:  1.000e+00
#  Query aligned region: 
#  Target aligned region: 

	
	

#  Matched base-pairing interactions: 
#  Matched base-stacking interactions: 

>>>>>>>>>>   ALIGNMENT ENDS   >>>>>>>>>>

<<<<<<<<<<  ALIGNMENT BEGINS  <<<<<<<<<<

#  Aligning sarcin-ricin_consensus and 4ybb_AA:220-222_140-142:
#  Alignment score:  1.9
#  P-value:  1.000e+00
#  Query aligned region: 
#  Target aligned region: 

	
	

#  Matched base-pairing interactions: 
#  Matched base-stacking interactions: 

>>>>>>>>>>   ALIGNMENT ENDS   >>>>>>>>>>

<<<<<<<<<<  ALIGNMENT BEGINS  <<<<<<<<<<

#  Aligning sarcin-ricin_consensus and 4ybb_AA:535-536_514-519_532-534:
#  Alignment score:  1.9
#  P-value:  1.000e+00
#  Query aligned region: 
#  Target aligned region: 

	
	

#  Matched base-pairing interactions: 
#  Matched base-stacking interactions: 

>>>>>>>>>>   ALIGNMENT ENDS   >>>>>>>>>>

<<<<<<<<<<  ALIGNMENT BEGINS  <<<<<<<<<<

#  Aligning sarcin-ricin_consensus and 4ybb_AA:205-213:
#  Alignment score:  1.8
#  P-value:  1.000e+00
#  Query aligned region: 
#  Target aligned region: 

	
	

#  Matched base-pairing interactions: 
#  Matched base-stacking interactions: 

>>>>>>>>>>   ALIGNMENT ENDS   >>>>>>>>>>

<<<<<<<<<<  ALIGNMENT BEGINS  <<<<<<<<<<

#  Aligning sarcin-ricin_consensus and 4ybb_AA:835-837_848-849:
#  Alignment score:  1.8
#  P-value:  1.000e+00
#  Query aligned region: 
#  Target aligned region: 

	
	

#  Matched base-pairing interactions: 
#  Matched base-stacking interactions: 

>>>>>>>>>>   ALIGNMENT ENDS   >>>>>>>>>>

<<<<<<<<<<  ALIGNMENT BEGINS  <<<<<<<<<<

#  Aligning sarcin-ricin_consensus and 4ybb_AA:159-160_344-346_341-343:
#  Alignment score:  1.8
#  P-value:  1.000e+00
#  Query aligned region: 
#  Target aligned region: 

	
	

#  Matched base-pairing interactions: 
#  Matched base-stacking interactions: 

>>>>>>>>>>   ALIGNMENT ENDS   >>>>>>>>>>

<<<<<<<<<<  ALIGNMENT BEGINS  <<<<<<<<<<

#  Aligning sarcin-ricin_consensus and 4ybb_AA:848-849_835-837:
#  Alignment score:  1.7
#  P-value:  1.000e+00
#  Query aligned region: 
#  Target aligned region: 

	
	

#  Matched base-pairing interactions: 
#  Matched base-stacking interactions: 

>>>>>>>>>>   ALIGNMENT ENDS   >>>>>>>>>>

<<<<<<<<<<  ALIGNMENT BEGINS  <<<<<<<<<<

#  Aligning sarcin-ricin_consensus and 4ybb_AA:140-142_220-222:
#  Alignment score:  1.6
#  P-value:  1.000e+00
#  Query aligned region: 
#  Target aligned region: 

	
	

#  Matched base-pairing interactions: 
#  Matched base-stacking interactions: 

>>>>>>>>>>   ALIGNMENT ENDS   >>>>>>>>>>

<<<<<<<<<<  ALIGNMENT BEGINS  <<<<<<<<<<

#  Aligning sarcin-ricin_consensus and 4ybb_AA:464-465_201-202:
#  Alignment score:  1.5
#  P-value:  1.000e+00
#  Query aligned region: 
#  Target aligned region: 

	
	

#  Matched base-pairing interactions: 
#  Matched base-stacking interactions: 

>>>>>>>>>>   ALIGNMENT ENDS   >>>>>>>>>>

<<<<<<<<<<  ALIGNMENT BEGINS  <<<<<<<<<<

#  Aligning sarcin-ricin_consensus and 4ybb_AA:1279-1280_1123-1125:
#  Alignment score:  1.4
#  P-value:  1.000e+00
#  Query aligned region: 
#  Target aligned region: 

	
	

#  Matched base-pairing interactions: 
#  Matched base-stacking interactions: 

>>>>>>>>>>   ALIGNMENT ENDS   >>>>>>>>>>

<<<<<<<<<<  ALIGNMENT BEGINS  <<<<<<<<<<

#  Aligning sarcin-ricin_consensus and 4ybb_AA:79-88:
#  Alignment score:  0.9
#  P-value:  1.000e+00
#  Query aligned region: 
#  Target aligned region: 

	
	

#  Matched base-pairing interactions: 
#  Matched base-stacking interactions: 

>>>>>>>>>>   ALIGNMENT ENDS   >>>>>>>>>>

<<<<<<<<<<  ALIGNMENT BEGINS  <<<<<<<<<<

#  Aligning sarcin-ricin_consensus and 4ybb_AA:418-423:
#  Alignment score:  0.8
#  P-value:  1.000e+00
#  Query aligned region: 
#  Target aligned region: 

	
	

#  Matched base-pairing interactions: 
#  Matched base-stacking interactions: 

>>>>>>>>>>   ALIGNMENT ENDS   >>>>>>>>>>

