$ /home/s081p868/scratch/RNAMotifScanX-release/bin/scan /home/s081p868/scratch/RNAMotifScanX-release/models/k-turn_consensus.struct /rfs/poseidon_share/s081p868/RNAMotifScanX_nr/rmsx_work_default/5j7l/CA/5j7l_CA.rmsx.in --map_pdb=/rfs/poseidon_share/s081p868/RNAMotifScanX_nr/rmsx_work_default/5j7l/CA/5j7l_CA.rmsx.nch --pvalue 1.0 --num_threads 16 --write_alignment
<<<<<<<<<<  ALIGNMENT BEGINS  <<<<<<<<<<

#  Aligning k-turn_consensus and 5j7l_CA:1106-1113_1040-1052:
#  Alignment score:  128.9
#  P-value:  1.286e-02
#  Query aligned region: 0-4,5-12
#  Target aligned region: 1:'CA'1108-5:'CA'1112,10:'CA'1043-18:'CA'1051

	GGGAG...CGAAGA-AC
	UCGAG...CCCAGACAG

#  Matched base-pairing interactions: 
	<G(1:)-A(11:) trans S/H>                       MATCHES	<C(2:'CA'1109)-A(17:'CA'1050) cis S/W>
	<G(2:)-A(10:) trans S/H>                       MATCHES	<G(3:'CA'1110)-A(15:'CA'1048) trans S/H>
	<G(0:)-C(12:) cis W/W>                         MATCHES	<U(1:'CA'1108)-G(18:'CA'1051) cis W/W>
	<G(4:)-A(10:) trans S/S>                       MATCHES	<G(5:'CA'1112)-A(15:'CA'1048) trans S/S>
	<G(4:)-C(5:) cis W/W>                          MATCHES	<G(5:'CA'1112)-C(10:'CA'1043) cis W/W>
	<A(3:)-G(9:) trans H/S>                        MATCHES	<A(4:'CA'1111)-G(14:'CA'1047) trans H/S>
	<A(3:)-G(6:) trans S/S>                        MATCHES	<A(4:'CA'1111)-C(11:'CA'1044) cis -/->
#  Matched base-stacking interactions: 
	<A(3:)-A(10:) outward>                         MATCHES	<A(4:'CA'1111)-A(15:'CA'1048) outward>

>>>>>>>>>>   ALIGNMENT ENDS   >>>>>>>>>>

<<<<<<<<<<  ALIGNMENT BEGINS  <<<<<<<<<<

#  Aligning k-turn_consensus and 5j7l_CA:1233-1239_1205-1214:
#  Alignment score:  126.2
#  P-value:  1.358e-02
#  Query aligned region: 0-4,5-12
#  Target aligned region: 0:'CA'1234-4:'CA'1238,9:'CA'1208-16:'CA'1215

	GGGAG...CGAAGAAC
	UGGAG...CUGCGAAG

#  Matched base-pairing interactions: 
	<G(1:)-A(11:) trans S/H>                       MATCHES	<G(1:'CA'1235)-A(15:'CA'1214) trans S/H>
	<G(2:)-A(10:) trans S/H>                       MATCHES	<G(2:'CA'1236)-A(14:'CA'1213) trans S/H>
	<A(3:)-G(9:) trans H/S>                        MATCHES	<A(3:'CA'1237)-G(13:'CA'1212) trans H/S>
	<G(4:)-C(5:) cis W/W>                          MATCHES	<G(4:'CA'1238)-C(9:'CA'1208) cis W/W>
	<A(3:)-G(6:) trans S/S>                        MATCHES	<A(3:'CA'1237)-U(10:'CA'1209) cis -/->
	<G(4:)-A(10:) trans S/S>                       MATCHES	<G(4:'CA'1238)-A(14:'CA'1213) cis -/->
	<G(0:)-C(12:) cis W/W>                         MATCHES	<U(0:'CA'1234)-G(16:'CA'1215) cis W/W>
#  Matched base-stacking interactions: 
	<A(3:)-A(10:) outward>                         MATCHES	<A(3:'CA'1237)-A(14:'CA'1213) outward>

>>>>>>>>>>   ALIGNMENT ENDS   >>>>>>>>>>

<<<<<<<<<<  ALIGNMENT BEGINS  <<<<<<<<<<

#  Aligning k-turn_consensus and 5j7l_CA:112-119_176-177_46-55:
#  Alignment score:  84.9
#  P-value:  4.044e-02
#  Query aligned region: 0-4,5-12
#  Target aligned region: 1:'CA'114-5:'CA'118,9:'CA'178-9:'CA'178,10:'CA'47-19:'CA'56

	G-GGA~G...CGAAGA-A-C
	UCCGA~G...CGAUGAAGGA

#  Matched base-pairing interactions: 
	<G(0:)-C(12:) cis W/W>                         MATCHES	<U(1:'CA'114)-A(19:'CA'56) cis W/W>
	<G(1:)-A(11:) trans S/H>                       MATCHES	<C(3:'CA'116)-G(17:'CA'54) cis W/W>
	<A(3:)-G(9:) trans H/S>                        MATCHES	<A(5:'CA'118)-G(14:'CA'51) trans H/S>
	<A(3:)-G(6:) trans S/S>                        MATCHES	<A(5:'CA'118)-G(11:'CA'48) cis -/->
	<G(4:)-A(10:) trans S/S>                       MATCHES	<G(9:'CA'178)-A(15:'CA'52) trans S/S>
	<G(4:)-C(5:) cis W/W>                          MATCHES	<G(9:'CA'178)-C(10:'CA'47) cis W/W>
	<G(2:)-A(10:) trans S/H>                       MATCHES	<G(4:'CA'117)-A(15:'CA'52) cis -/->
#  Matched base-stacking interactions: 
	<A(3:)-A(10:) outward>                         MATCHES	<A(5:'CA'118)-A(15:'CA'52) outward>

>>>>>>>>>>   ALIGNMENT ENDS   >>>>>>>>>>

<<<<<<<<<<  ALIGNMENT BEGINS  <<<<<<<<<<

#  Aligning k-turn_consensus and 5j7l_CA:22-29_579-581_509-517:
#  Alignment score:  78.6
#  P-value:  5.113e-02
#  Query aligned region: 0-3,6-12
#  Target aligned region: 2:'CA'25-5:'CA'28,10:'CA'582-10:'CA'582,13:'CA'512-16:'CA'515

	GGGA...G~GAAC
	UGGA...A~GAAA

#  Matched base-pairing interactions: 
	<A(3:)-G(9:) trans H/S>                        MATCHES	<A(5:'CA'28)-G(13:'CA'512) trans H/S>
	<A(3:)-G(6:) trans S/S>                        MATCHES	<A(5:'CA'28)-A(10:'CA'582) cis S/S>
	<G(2:)-A(10:) trans S/H>                       MATCHES	<G(4:'CA'27)-A(14:'CA'513) trans S/H>
	<G(1:)-A(11:) trans S/H>                       MATCHES	<G(3:'CA'26)-A(15:'CA'514) trans S/H>
	<G(0:)-C(12:) cis W/W>                         MATCHES	<U(2:'CA'25)-A(16:'CA'515) trans W/H>
#  Matched base-stacking interactions: 
	<A(3:)-A(10:) outward>                         MATCHES	<A(5:'CA'28)-A(14:'CA'513) outward>

>>>>>>>>>>   ALIGNMENT ENDS   >>>>>>>>>>

<<<<<<<<<<  ALIGNMENT BEGINS  <<<<<<<<<<

#  Aligning k-turn_consensus and 5j7l_CA:1773-1774_700-706_723-731:
#  Alignment score:  59
#  P-value:  1.362e-01
#  Query aligned region: 0-4,5-12
#  Target aligned region: 0:'CA'1774-0:'CA'1774,4:'CA'703-8:'CA'707,9:'CA'724-14:'CA'729

	G~GGA-G...CGAAGAAC
	C~UGAAG...UG--GAGG

#  Matched base-pairing interactions: 
	<A(3:)-G(9:) trans H/S>                        MATCHES	<A(6:'CA'705)-G(11:'CA'726) trans H/S>
	<A(3:)-G(6:) trans S/S>                        MATCHES	<A(6:'CA'705)-G(10:'CA'725) cis -/->
	<G(4:)-C(5:) cis W/W>                          MATCHES	<G(8:'CA'707)-U(9:'CA'724) cis W/W>
	<G(2:)-A(10:) trans S/H>                       MATCHES	<G(5:'CA'704)-A(12:'CA'727) trans S/H>
	<G(0:)-C(12:) cis W/W>                         MATCHES	<C(0:'CA'1774)-G(14:'CA'729) cis W/W>
	<G(1:)-A(11:) trans S/H>                       MATCHES	<U(4:'CA'703)-G(13:'CA'728) cis W/W>
#  Matched base-stacking interactions: 
	<A(3:)-A(10:) outward>                         MATCHES	<A(6:'CA'705)-A(12:'CA'727) outward>

>>>>>>>>>>   ALIGNMENT ENDS   >>>>>>>>>>

<<<<<<<<<<  ALIGNMENT BEGINS  <<<<<<<<<<

#  Aligning k-turn_consensus and 5j7l_CA:1883-1890_2231-2234_1850-1857:
#  Alignment score:  58.4
#  P-value:  1.416e-01
#  Query aligned region: 0-4,6-12
#  Target aligned region: 2:'CA'1886-6:'CA'1890,8:'CA'2232-10:'CA'2234,13:'CA'1852-17:'CA'1856

	GGG-A~G...G~G-AAC
	UCGAA~C...G~UAAUU

#  Matched base-pairing interactions: 
	<A(3:)-G(6:) trans S/S>                        MATCHES	<A(6:'CA'1890)-G(10:'CA'2234) trans S/S>
	<G(2:)-A(10:) trans S/H>                       MATCHES	<G(4:'CA'1888)-A(15:'CA'1854) trans S/H>
	<A(3:)-G(9:) trans H/S>                        MATCHES	<A(6:'CA'1890)-U(13:'CA'1852) trans H/S>
	<G(4:)-A(10:) trans S/S>                       MATCHES	<C(8:'CA'2232)-A(15:'CA'1854) cis S/S>
	<G(1:)-A(11:) trans S/H>                       MATCHES	<C(3:'CA'1887)-U(16:'CA'1855) cis W/W>
	<G(0:)-C(12:) cis W/W>                         MATCHES	<U(2:'CA'1886)-U(17:'CA'1856) cis W/W>
#  Matched base-stacking interactions: 

>>>>>>>>>>   ALIGNMENT ENDS   >>>>>>>>>>

<<<<<<<<<<  ALIGNMENT BEGINS  <<<<<<<<<<

#  Aligning k-turn_consensus and 5j7l_CA:79-86_94-97_100-106:
#  Alignment score:  56.8
#  P-value:  1.578e-01
#  Query aligned region: 1-4,5-11
#  Target aligned region: 2:'CA'82-5:'CA'85,10:'CA'97-11:'CA'98,14:'CA'103-15:'CA'104

	GGAG...CG~AA
	UAAG...CG~AA

#  Matched base-pairing interactions: 
	<G(2:)-A(10:) trans S/H>                       MATCHES	<A(3:'CA'83)-A(14:'CA'103) trans S/H>
	<G(4:)-A(10:) trans S/S>                       MATCHES	<G(5:'CA'85)-A(14:'CA'103) trans S/S>
	<G(4:)-C(5:) cis W/W>                          MATCHES	<G(5:'CA'85)-C(10:'CA'97) cis W/W>
	<A(3:)-G(6:) trans S/S>                        MATCHES	<A(4:'CA'84)-G(11:'CA'98) cis -/->
	<G(1:)-A(11:) trans S/H>                       MATCHES	<U(2:'CA'82)-A(15:'CA'104) cis W/W>
#  Matched base-stacking interactions: 
	<A(3:)-A(10:) outward>                         MATCHES	<A(4:'CA'84)-A(14:'CA'103) outward>

>>>>>>>>>>   ALIGNMENT ENDS   >>>>>>>>>>

<<<<<<<<<<  ALIGNMENT BEGINS  <<<<<<<<<<

#  Aligning k-turn_consensus and 5j7l_CA:1507-1515_1435-1436_1474-1480:
#  Alignment score:  54
#  P-value:  1.935e-01
#  Query aligned region: 1-3,6-11
#  Target aligned region: 5:'CA'1513-7:'CA'1515,9:'CA'1436-9:'CA'1436,12:'CA'1476-14:'CA'1478

	GGA...G~GAA
	UGA...G~UAG

#  Matched base-pairing interactions: 
	<A(3:)-G(6:) trans S/S>                        MATCHES	<A(7:'CA'1515)-G(9:'CA'1436) trans S/S>
	<A(3:)-G(9:) trans H/S>                        MATCHES	<A(7:'CA'1515)-U(12:'CA'1476) trans H/W>
	<G(2:)-A(10:) trans S/H>                       MATCHES	<G(6:'CA'1514)-A(13:'CA'1477) trans S/H>
	<G(1:)-A(11:) trans S/H>                       MATCHES	<U(5:'CA'1513)-G(14:'CA'1478) cis W/W>
#  Matched base-stacking interactions: 
	<A(3:)-A(10:) outward>                         MATCHES	<A(7:'CA'1515)-A(13:'CA'1477) outward>

>>>>>>>>>>   ALIGNMENT ENDS   >>>>>>>>>>

<<<<<<<<<<  ALIGNMENT BEGINS  <<<<<<<<<<

#  Aligning k-turn_consensus and 5j7l_CA:983-990_1184-1187_968-977:
#  Alignment score:  51.3
#  P-value:  2.409e-01
#  Query aligned region: 0-3,6-12
#  Target aligned region: 1:'CA'985-6:'CA'990,9:'CA'1186-9:'CA'1186,17:'CA'974-21:'CA'978

	G-G-GA...G~GAA-C
	CCCAGA...G~GAGGG

#  Matched base-pairing interactions: 
	<G(0:)-C(12:) cis W/W>                         MATCHES	<C(1:'CA'985)-G(21:'CA'978) cis W/W>
	<G(1:)-A(11:) trans S/H>                       MATCHES	<C(3:'CA'987)-G(19:'CA'976) cis W/W>
	<A(3:)-G(9:) trans H/S>                        MATCHES	<A(6:'CA'990)-G(17:'CA'974) trans H/S>
	<G(2:)-A(10:) trans S/H>                       MATCHES	<G(5:'CA'989)-A(18:'CA'975) trans S/H>
	<A(3:)-G(6:) trans S/S>                        MATCHES	<A(6:'CA'990)-G(9:'CA'1186) cis -/->
#  Matched base-stacking interactions: 
	<A(3:)-A(10:) outward>                         MATCHES	<A(6:'CA'990)-A(18:'CA'975) outward>

>>>>>>>>>>   ALIGNMENT ENDS   >>>>>>>>>>

<<<<<<<<<<  ALIGNMENT BEGINS  <<<<<<<<<<

#  Aligning k-turn_consensus and 5j7l_CA:546-556_536-542_12-17:
#  Alignment score:  50.4
#  P-value:  2.607e-01
#  Query aligned region: 2-3,6-10
#  Target aligned region: 8:'CA'555-10:'CA'557,11:'CA'537-12:'CA'538

	GA...G~GA
	GA...C~GA

#  Matched base-pairing interactions: 
	<A(3:)-G(9:) trans H/S>                        MATCHES	<A(9:'CA'556)-G(11:'CA'537) trans H/S>
	<G(2:)-A(10:) trans S/H>                       MATCHES	<G(8:'CA'555)-A(12:'CA'538) trans S/H>
	<A(3:)-G(6:) trans S/S>                        MATCHES	<A(9:'CA'556)-C(10:'CA'557) cis -/->
#  Matched base-stacking interactions: 
	<A(3:)-A(10:) outward>                         MATCHES	<A(9:'CA'556)-A(12:'CA'538) outward>

>>>>>>>>>>   ALIGNMENT ENDS   >>>>>>>>>>

<<<<<<<<<<  ALIGNMENT BEGINS  <<<<<<<<<<

#  Aligning k-turn_consensus and 5j7l_CA:816-822_940-945_1186-1189:
#  Alignment score:  49.6
#  P-value:  2.803e-01
#  Query aligned region: 1-3,6-11
#  Target aligned region: 0:'CA'817-2:'CA'819,8:'CA'942-8:'CA'942,14:'CA'1188-16:'CA'1190

	GGA...G~GAA
	CGA...G~UAG

#  Matched base-pairing interactions: 
	<A(3:)-G(6:) trans S/S>                        MATCHES	<A(2:'CA'819)-G(8:'CA'942) trans S/S>
	<G(2:)-A(10:) trans S/H>                       MATCHES	<G(1:'CA'818)-A(15:'CA'1189) trans S/H>
	<A(3:)-G(9:) trans H/S>                        MATCHES	<A(2:'CA'819)-U(14:'CA'1188) trans H/W>
	<G(1:)-A(11:) trans S/H>                       MATCHES	<C(0:'CA'817)-G(16:'CA'1190) cis W/W>
#  Matched base-stacking interactions: 
	<A(3:)-A(10:) outward>                         MATCHES	<A(2:'CA'819)-A(15:'CA'1189) outward>

>>>>>>>>>>   ALIGNMENT ENDS   >>>>>>>>>>

<<<<<<<<<<  ALIGNMENT BEGINS  <<<<<<<<<<

#  Aligning k-turn_consensus and 5j7l_CA:581-586_807-811_1248-1258:
#  Alignment score:  48.3
#  P-value:  3.174e-01
#  Query aligned region: 2-4,6-10
#  Target aligned region: 3:'CA'585-4:'CA'586,6:'CA'808-7:'CA'809,13:'CA'1251-16:'CA'1254

	GA~G...G~G--A
	GA~G...G~CGAA

#  Matched base-pairing interactions: 
	<A(3:)-G(6:) trans S/S>                        MATCHES	<A(4:'CA'586)-G(7:'CA'809) trans S/S>
	<G(2:)-A(10:) trans S/H>                       MATCHES	<G(3:'CA'585)-A(16:'CA'1254) trans S/H>
	<A(3:)-G(9:) trans H/S>                        MATCHES	<A(4:'CA'586)-C(13:'CA'1251) trans H/W>
	<G(4:)-A(10:) trans S/S>                       MATCHES	<G(6:'CA'808)-A(16:'CA'1254) cis S/S>
#  Matched base-stacking interactions: 
	<A(3:)-A(10:) outward>                         MATCHES	<A(4:'CA'586)-A(16:'CA'1254) outward>

>>>>>>>>>>   ALIGNMENT ENDS   >>>>>>>>>>

<<<<<<<<<<  ALIGNMENT BEGINS  <<<<<<<<<<

#  Aligning k-turn_consensus and 5j7l_CA:1539-1546_1458-1465_1525-1531:
#  Alignment score:  47.2
#  P-value:  3.547e-01
#  Query aligned region: 3-3,6-9
#  Target aligned region: 5:'CA'1545-5:'CA'1545,14:'CA'1465-14:'CA'1465,17:'CA'1527-17:'CA'1527

	A...G~G
	A...G~G

#  Matched base-pairing interactions: 
	<A(3:)-G(6:) trans S/S>                        MATCHES	<A(5:'CA'1545)-G(14:'CA'1465) trans S/S>
	<A(3:)-G(9:) trans H/S>                        MATCHES	<A(5:'CA'1545)-G(17:'CA'1527) trans H/S>
#  Matched base-stacking interactions: 

>>>>>>>>>>   ALIGNMENT ENDS   >>>>>>>>>>

<<<<<<<<<<  ALIGNMENT BEGINS  <<<<<<<<<<

#  Aligning k-turn_consensus and 5j7l_CA:1348-1354_769-770_1375-1381:
#  Alignment score:  47.2
#  P-value:  3.547e-01
#  Query aligned region: 3-3,6-9
#  Target aligned region: 5:'CA'1354-5:'CA'1354,7:'CA'770-7:'CA'770,10:'CA'1377-10:'CA'1377

	A...G~G
	A...G~G

#  Matched base-pairing interactions: 
	<A(3:)-G(6:) trans S/S>                        MATCHES	<A(5:'CA'1354)-G(7:'CA'770) trans S/S>
	<A(3:)-G(9:) trans H/S>                        MATCHES	<A(5:'CA'1354)-G(10:'CA'1377) trans H/S>
#  Matched base-stacking interactions: 

>>>>>>>>>>   ALIGNMENT ENDS   >>>>>>>>>>

<<<<<<<<<<  ALIGNMENT BEGINS  <<<<<<<<<<

#  Aligning k-turn_consensus and 5j7l_CA:2805-2811_2629-2631_2887-2893:
#  Alignment score:  46.8
#  P-value:  3.700e-01
#  Query aligned region: 3-3,6-9
#  Target aligned region: 4:'CA'2810-4:'CA'2810,8:'CA'2631-8:'CA'2631,12:'CA'2890-12:'CA'2890

	A...G~G
	A...G~G

#  Matched base-pairing interactions: 
	<A(3:)-G(6:) trans S/S>                        MATCHES	<A(4:'CA'2810)-G(8:'CA'2631) trans S/S>
	<A(3:)-G(9:) trans H/S>                        MATCHES	<A(4:'CA'2810)-G(12:'CA'2890) trans H/S>
#  Matched base-stacking interactions: 

>>>>>>>>>>   ALIGNMENT ENDS   >>>>>>>>>>

<<<<<<<<<<  ALIGNMENT BEGINS  <<<<<<<<<<

#  Aligning k-turn_consensus and 5j7l_CA:602-610_258-260_616-624:
#  Alignment score:  46.8
#  P-value:  3.700e-01
#  Query aligned region: 3-3,6-9
#  Target aligned region: 6:'CA'609-6:'CA'609,10:'CA'260-10:'CA'260,14:'CA'619-14:'CA'619

	A...G~G
	A...G~G

#  Matched base-pairing interactions: 
	<A(3:)-G(6:) trans S/S>                        MATCHES	<A(6:'CA'609)-G(10:'CA'260) trans S/S>
	<A(3:)-G(9:) trans H/S>                        MATCHES	<A(6:'CA'609)-G(14:'CA'619) trans H/S>
#  Matched base-stacking interactions: 

>>>>>>>>>>   ALIGNMENT ENDS   >>>>>>>>>>

<<<<<<<<<<  ALIGNMENT BEGINS  <<<<<<<<<<

#  Aligning k-turn_consensus and 5j7l_CA:958-962_2493-2495_953-956:
#  Alignment score:  46
#  P-value:  4.036e-01
#  Query aligned region: 3-3,6-9
#  Target aligned region: 1:'CA'960-1:'CA'960,6:'CA'2495-6:'CA'2495,10:'CA'956-10:'CA'956

	A...G~G
	A...G~G

#  Matched base-pairing interactions: 
	<A(3:)-G(6:) trans S/S>                        MATCHES	<A(1:'CA'960)-G(6:'CA'2495) trans S/S>
	<A(3:)-G(9:) trans H/S>                        MATCHES	<A(1:'CA'960)-G(10:'CA'956) trans H/S>
#  Matched base-stacking interactions: 

>>>>>>>>>>   ALIGNMENT ENDS   >>>>>>>>>>

<<<<<<<<<<  ALIGNMENT BEGINS  <<<<<<<<<<

#  Aligning k-turn_consensus and 5j7l_CA:1852-1859_2085-2086_1881-1888:
#  Alignment score:  45.6
#  P-value:  4.221e-01
#  Query aligned region: 3-3,6-9
#  Target aligned region: 1:'CA'1854-1:'CA'1854,9:'CA'2087-9:'CA'2087,16:'CA'1888-16:'CA'1888

	A...G~G
	A...G~G

#  Matched base-pairing interactions: 
	<A(3:)-G(6:) trans S/S>                        MATCHES	<A(1:'CA'1854)-G(9:'CA'2087) trans S/S>
	<A(3:)-G(9:) trans H/S>                        MATCHES	<A(1:'CA'1854)-G(16:'CA'1888) trans H/S>
#  Matched base-stacking interactions: 

>>>>>>>>>>   ALIGNMENT ENDS   >>>>>>>>>>

<<<<<<<<<<  ALIGNMENT BEGINS  <<<<<<<<<<

#  Aligning k-turn_consensus and 5j7l_CA:995-1001_970-977_1152-1159:
#  Alignment score:  44.8
#  P-value:  4.632e-01
#  Query aligned region: 3-3,6-9
#  Target aligned region: 5:'CA'1001-5:'CA'1001,13:'CA'977-13:'CA'977,16:'CA'1154-16:'CA'1154

	A...G~G
	A...G~G

#  Matched base-pairing interactions: 
	<A(3:)-G(6:) trans S/S>                        MATCHES	<A(5:'CA'1001)-G(13:'CA'977) trans S/S>
	<A(3:)-G(9:) trans H/S>                        MATCHES	<A(5:'CA'1001)-G(16:'CA'1154) trans H/S>
#  Matched base-stacking interactions: 

>>>>>>>>>>   ALIGNMENT ENDS   >>>>>>>>>>

<<<<<<<<<<  ALIGNMENT BEGINS  <<<<<<<<<<

#  Aligning k-turn_consensus and 5j7l_CA:2739-2746_2518-2524_2753-2763:
#  Alignment score:  44
#  P-value:  5.106e-01
#  Query aligned region: 3-3,6-9
#  Target aligned region: 1:'CA'2741-1:'CA'2741,13:'CA'2524-13:'CA'2524,24:'CA'2763-24:'CA'2763

	A...G~G
	A...G~G

#  Matched base-pairing interactions: 
	<A(3:)-G(6:) trans S/S>                        MATCHES	<A(1:'CA'2741)-G(13:'CA'2524) trans S/S>
	<A(3:)-G(9:) trans H/S>                        MATCHES	<A(1:'CA'2741)-G(24:'CA'2763) trans H/S>
#  Matched base-stacking interactions: 

>>>>>>>>>>   ALIGNMENT ENDS   >>>>>>>>>>

<<<<<<<<<<  ALIGNMENT BEGINS  <<<<<<<<<<

#  Aligning k-turn_consensus and 5j7l_CA:1808-1816_1368-1369_1796-1806:
#  Alignment score:  43.6
#  P-value:  5.371e-01
#  Query aligned region: 3-3,6-9
#  Target aligned region: 1:'CA'1810-1:'CA'1810,9:'CA'1369-9:'CA'1369,21:'CA'1807-21:'CA'1807

	A...G~G
	A...G~G

#  Matched base-pairing interactions: 
	<A(3:)-G(6:) trans S/S>                        MATCHES	<A(1:'CA'1810)-G(9:'CA'1369) trans S/S>
	<A(3:)-G(9:) trans H/S>                        MATCHES	<A(1:'CA'1810)-G(21:'CA'1807) trans H/S>
#  Matched base-stacking interactions: 

>>>>>>>>>>   ALIGNMENT ENDS   >>>>>>>>>>

<<<<<<<<<<  ALIGNMENT BEGINS  <<<<<<<<<<

#  Aligning k-turn_consensus and 5j7l_CA:1735-1741_1717-1723:
#  Alignment score:  41.4
#  P-value:  7.277e-01
#  Query aligned region: 0-3,9-12
#  Target aligned region: 0:'CA'1736-3:'CA'1739,10:'CA'1721-13:'CA'1724

	GGGA...GAAC
	UGGA...GAGG

#  Matched base-pairing interactions: 
	<A(3:)-G(9:) trans H/S>                        MATCHES	<A(3:'CA'1739)-G(10:'CA'1721) trans H/S>
	<G(2:)-A(10:) trans S/H>                       MATCHES	<G(2:'CA'1738)-A(11:'CA'1722) trans S/H>
	<G(1:)-A(11:) trans S/H>                       MATCHES	<G(1:'CA'1737)-G(12:'CA'1723) trans S/H>
	<G(0:)-C(12:) cis W/W>                         MATCHES	<U(0:'CA'1736)-G(13:'CA'1724) cis W/W>
#  Matched base-stacking interactions: 
	<A(3:)-A(10:) outward>                         MATCHES	<A(3:'CA'1739)-A(11:'CA'1722) outward>

>>>>>>>>>>   ALIGNMENT ENDS   >>>>>>>>>>

<<<<<<<<<<  ALIGNMENT BEGINS  <<<<<<<<<<

#  Aligning k-turn_consensus and 5j7l_CA:426-429_228-233_218-225:
#  Alignment score:  27.9
#  P-value:  1.000e+00
#  Query aligned region: 0-1,11-12
#  Target aligned region: 6:'CA'231-7:'CA'232,13:'CA'222-15:'CA'224

	GG...A-C
	AG...AAU

#  Matched base-pairing interactions: 
	<G(0:)-C(12:) cis W/W>                         MATCHES	<A(6:'CA'231)-U(15:'CA'224) cis W/W>
	<G(1:)-A(11:) trans S/H>                       MATCHES	<G(7:'CA'232)-A(13:'CA'222) trans S/H>
#  Matched base-stacking interactions: 

>>>>>>>>>>   ALIGNMENT ENDS   >>>>>>>>>>

<<<<<<<<<<  ALIGNMENT BEGINS  <<<<<<<<<<

#  Aligning k-turn_consensus and 5j7l_CA:2734-2743_2760-2764_2765-2768:
#  Alignment score:  27.8
#  P-value:  1.000e+00
#  Query aligned region: 0-1,11-12
#  Target aligned region: 2:'CA'2737-2:'CA'2737,14:'CA'2765-14:'CA'2765,15:'CA'2766-16:'CA'2767

	G~G...AC
	G~A...AC

#  Matched base-pairing interactions: 
	<G(0:)-C(12:) cis W/W>                         MATCHES	<G(2:'CA'2737)-C(16:'CA'2767) cis W/W>
	<G(1:)-A(11:) trans S/H>                       MATCHES	<A(14:'CA'2765)-A(15:'CA'2766) trans S/H>
#  Matched base-stacking interactions: 

>>>>>>>>>>   ALIGNMENT ENDS   >>>>>>>>>>

<<<<<<<<<<  ALIGNMENT BEGINS  <<<<<<<<<<

#  Aligning k-turn_consensus and 5j7l_CA:2283-2290_2367-2382_2340-2348:
#  Alignment score:  27.6
#  P-value:  1.000e+00
#  Query aligned region: 0-1,11-12
#  Target aligned region: 5:'CA'2289-5:'CA'2289,15:'CA'2375-18:'CA'2378,26:'CA'2343-26:'CA'2343

	G~G...A~C
	G~G...A~U

#  Matched base-pairing interactions: 
	<G(0:)-C(12:) cis W/W>                         MATCHES	<G(5:'CA'2289)-U(26:'CA'2343) cis W/W>
	<G(1:)-A(11:) trans S/H>                       MATCHES	<G(15:'CA'2375)-A(18:'CA'2378) trans S/H>
#  Matched base-stacking interactions: 

>>>>>>>>>>   ALIGNMENT ENDS   >>>>>>>>>>

<<<<<<<<<<  ALIGNMENT BEGINS  <<<<<<<<<<

#  Aligning k-turn_consensus and 5j7l_CA:1563-1573_1377-1380_1423-1428:
#  Alignment score:  27.2
#  P-value:  1.000e+00
#  Query aligned region: 3-3,6-9
#  Target aligned region: 8:'CA'1572-8:'CA'1572,14:'CA'1381-14:'CA'1381,17:'CA'1426-17:'CA'1426

	A...G~G
	A...G~G

#  Matched base-pairing interactions: 
	<A(3:)-G(9:) trans H/S>                        MATCHES	<A(8:'CA'1572)-G(17:'CA'1426) trans H/S>
	<A(3:)-G(6:) trans S/S>                        MATCHES	<A(8:'CA'1572)-G(14:'CA'1381) cis -/->
#  Matched base-stacking interactions: 

>>>>>>>>>>   ALIGNMENT ENDS   >>>>>>>>>>

<<<<<<<<<<  ALIGNMENT BEGINS  <<<<<<<<<<

#  Aligning k-turn_consensus and 5j7l_CA:2070-2076_2590-2602_2430-2439:
#  Alignment score:  27
#  P-value:  1.000e+00
#  Query aligned region: 0-1,11-12
#  Target aligned region: 10:'CA'2594-15:'CA'2599

	GG...AC
	CG...AG

#  Matched base-pairing interactions: 
	<G(1:)-A(11:) trans S/H>                       MATCHES	<G(11:'CA'2595)-A(14:'CA'2598) trans S/H>
	<G(0:)-C(12:) cis W/W>                         MATCHES	<C(10:'CA'2594)-G(15:'CA'2599) cis W/W>
#  Matched base-stacking interactions: 

>>>>>>>>>>   ALIGNMENT ENDS   >>>>>>>>>>

<<<<<<<<<<  ALIGNMENT BEGINS  <<<<<<<<<<

#  Aligning k-turn_consensus and 5j7l_CA:390-395_378-387_240-255:
#  Alignment score:  26.8
#  P-value:  1.000e+00
#  Query aligned region: 0-1,11-12
#  Target aligned region: 21:'CA'246-27:'CA'252

	GG...AC
	CG...AG

#  Matched base-pairing interactions: 
	<G(1:)-A(11:) trans S/H>                       MATCHES	<G(22:'CA'247)-A(26:'CA'251) trans S/H>
	<G(0:)-C(12:) cis W/W>                         MATCHES	<C(21:'CA'246)-G(27:'CA'252) cis W/W>
#  Matched base-stacking interactions: 

>>>>>>>>>>   ALIGNMENT ENDS   >>>>>>>>>>

<<<<<<<<<<  ALIGNMENT BEGINS  <<<<<<<<<<

#  Aligning k-turn_consensus and 5j7l_CA:1185-1188_817-821_970-973:
#  Alignment score:  26.4
#  P-value:  1.000e+00
#  Query aligned region: 3-3,6-9
#  Target aligned region: 7:'CA'821-8:'CA'822,10:'CA'972-10:'CA'972

	A...G~G
	A...G~A

#  Matched base-pairing interactions: 
	<A(3:)-G(9:) trans H/S>                        MATCHES	<A(7:'CA'821)-A(10:'CA'972) trans H/S>
	<A(3:)-G(6:) trans S/S>                        MATCHES	<A(7:'CA'821)-G(8:'CA'822) trans S/H>
#  Matched base-stacking interactions: 

>>>>>>>>>>   ALIGNMENT ENDS   >>>>>>>>>>

<<<<<<<<<<  ALIGNMENT BEGINS  <<<<<<<<<<

#  Aligning k-turn_consensus and 5j7l_CA:1771-1777_774-786_1783-1789:
#  Alignment score:  26
#  P-value:  1.000e+00
#  Query aligned region: 0-1,11-12
#  Target aligned region: 4:'CA'1776-4:'CA'1776,12:'CA'780-15:'CA'783,24:'CA'1788-24:'CA'1788

	G~G...A~C
	G~G...A~C

#  Matched base-pairing interactions: 
	<G(0:)-C(12:) cis W/W>                         MATCHES	<G(4:'CA'1776)-C(24:'CA'1788) cis W/W>
	<G(1:)-A(11:) trans S/H>                       MATCHES	<G(12:'CA'780)-A(15:'CA'783) trans S/H>
#  Matched base-stacking interactions: 

>>>>>>>>>>   ALIGNMENT ENDS   >>>>>>>>>>

<<<<<<<<<<  ALIGNMENT BEGINS  <<<<<<<<<<

#  Aligning k-turn_consensus and 5j7l_CA:599-604_623-624_651-657:
#  Alignment score:  25.1
#  P-value:  1.000e+00
#  Query aligned region: 2-4,5-10
#  Target aligned region: 1:'CA'601-4:'CA'604,6:'CA'624-6:'CA'624,11:'CA'655-12:'CA'656

	GA-G...C~GA
	CAAG...C~AG

#  Matched base-pairing interactions: 
	<G(4:)-C(5:) cis W/W>                          MATCHES	<G(4:'CA'604)-C(6:'CA'624) cis W/W>
	<A(3:)-G(9:) trans H/S>                        MATCHES	<A(2:'CA'602)-A(11:'CA'655) cis -/->
	<G(4:)-A(10:) trans S/S>                       MATCHES	<G(4:'CA'604)-G(12:'CA'656) trans S/S>
	<G(2:)-A(10:) trans S/H>                       MATCHES	<C(1:'CA'601)-G(12:'CA'656) cis W/W>
#  Matched base-stacking interactions: 
	<A(3:)-A(10:) outward>                         MATCHES	<A(2:'CA'602)-G(12:'CA'656) outward>

>>>>>>>>>>   ALIGNMENT ENDS   >>>>>>>>>>

<<<<<<<<<<  ALIGNMENT BEGINS  <<<<<<<<<<

#  Aligning k-turn_consensus and 5j7l_CA:2408-2410_1861-1867_1872-1880:
#  Alignment score:  24.9
#  P-value:  1.000e+00
#  Query aligned region: 0-1,11-12
#  Target aligned region: 5:'CA'1864-6:'CA'1865,13:'CA'1876-15:'CA'1878

	GG...A-C
	UU...AAG

#  Matched base-pairing interactions: 
	<G(0:)-C(12:) cis W/W>                         MATCHES	<U(5:'CA'1864)-G(15:'CA'1878) cis W/W>
	<G(1:)-A(11:) trans S/H>                       MATCHES	<U(6:'CA'1865)-A(13:'CA'1876) trans S/H>
#  Matched base-stacking interactions: 

>>>>>>>>>>   ALIGNMENT ENDS   >>>>>>>>>>

<<<<<<<<<<  ALIGNMENT BEGINS  <<<<<<<<<<

#  Aligning k-turn_consensus and 5j7l_CA:2600-2607_2586-2591_1782-1786:
#  Alignment score:  24.8
#  P-value:  1.000e+00
#  Query aligned region: 0-1,11-12
#  Target aligned region: 6:'CA'2607-7:'CA'2608,8:'CA'2587-8:'CA'2587,14:'CA'1783-14:'CA'1783

	GG...A~C
	GG...A~A

#  Matched base-pairing interactions: 
	<G(0:)-C(12:) cis W/W>                         MATCHES	<G(6:'CA'2607)-A(14:'CA'1783) cis S/S>
	<G(1:)-A(11:) trans S/H>                       MATCHES	<G(7:'CA'2608)-A(8:'CA'2587) trans S/H>
#  Matched base-stacking interactions: 

>>>>>>>>>>   ALIGNMENT ENDS   >>>>>>>>>>

<<<<<<<<<<  ALIGNMENT BEGINS  <<<<<<<<<<

#  Aligning k-turn_consensus and 5j7l_CA:696-702_727-735_760-764:
#  Alignment score:  24.8
#  P-value:  1.000e+00
#  Query aligned region: 3-3,6-9
#  Target aligned region: 14:'CA'735-15:'CA'736,16:'CA'761-16:'CA'761

	A...G~G
	A...C~A

#  Matched base-pairing interactions: 
	<A(3:)-G(9:) trans H/S>                        MATCHES	<A(14:'CA'735)-A(16:'CA'761) trans H/S>
	<A(3:)-G(6:) trans S/S>                        MATCHES	<A(14:'CA'735)-C(15:'CA'736) cis -/->
#  Matched base-stacking interactions: 

>>>>>>>>>>   ALIGNMENT ENDS   >>>>>>>>>>

<<<<<<<<<<  ALIGNMENT BEGINS  <<<<<<<<<<

#  Aligning k-turn_consensus and 5j7l_CA:804-810_581-586_1249-1258:
#  Alignment score:  24.7
#  P-value:  1.000e+00
#  Query aligned region: 0-1,11-12
#  Target aligned region: 9:'CA'584-10:'CA'585,17:'CA'1254-19:'CA'1256

	GG...A-C
	CG...AUG

#  Matched base-pairing interactions: 
	<G(0:)-C(12:) cis W/W>                         MATCHES	<C(9:'CA'584)-G(19:'CA'1256) cis W/W>
	<G(1:)-A(11:) trans S/H>                       MATCHES	<G(10:'CA'585)-A(17:'CA'1254) trans S/H>
#  Matched base-stacking interactions: 

>>>>>>>>>>   ALIGNMENT ENDS   >>>>>>>>>>

<<<<<<<<<<  ALIGNMENT BEGINS  <<<<<<<<<<

#  Aligning k-turn_consensus and 5j7l_CA:1382-1385_1388-1397_1401-1404:
#  Alignment score:  24.6
#  P-value:  1.000e+00
#  Query aligned region: 3-3,6-9
#  Target aligned region: 2:'CA'1385-2:'CA'1385,11:'CA'1396-11:'CA'1396,14:'CA'1402-14:'CA'1402

	A...G~G
	A...U~U

#  Matched base-pairing interactions: 
	<A(3:)-G(6:) trans S/S>                        MATCHES	<A(2:'CA'1385)-U(11:'CA'1396) trans S/S>
	<A(3:)-G(9:) trans H/S>                        MATCHES	<A(2:'CA'1385)-U(14:'CA'1402) cis W/W>
#  Matched base-stacking interactions: 

>>>>>>>>>>   ALIGNMENT ENDS   >>>>>>>>>>

<<<<<<<<<<  ALIGNMENT BEGINS  <<<<<<<<<<

#  Aligning k-turn_consensus and 5j7l_CA:1488-1499_1417-1422_1576-1579:
#  Alignment score:  24.6
#  P-value:  1.000e+00
#  Query aligned region: 1-1,11-11
#  Target aligned region: 12:'CA'1418-12:'CA'1418,21:'CA'1580-21:'CA'1580

	G...A
	G...A

#  Matched base-pairing interactions: 
	<G(1:)-A(11:) trans S/H>                       MATCHES	<G(12:'CA'1418)-A(21:'CA'1580) trans S/H>
#  Matched base-stacking interactions: 

>>>>>>>>>>   ALIGNMENT ENDS   >>>>>>>>>>

<<<<<<<<<<  ALIGNMENT BEGINS  <<<<<<<<<<

#  Aligning k-turn_consensus and 5j7l_CA:1696-1704_1681-1689:
#  Alignment score:  24.6
#  P-value:  1.000e+00
#  Query aligned region: 1-1,11-11
#  Target aligned region: 0:'CA'1697-0:'CA'1697,17:'CA'1690-17:'CA'1690

	G...A
	G...A

#  Matched base-pairing interactions: 
	<G(1:)-A(11:) trans S/H>                       MATCHES	<G(0:'CA'1697)-A(17:'CA'1690) trans S/H>
#  Matched base-stacking interactions: 

>>>>>>>>>>   ALIGNMENT ENDS   >>>>>>>>>>

<<<<<<<<<<  ALIGNMENT BEGINS  <<<<<<<<<<

#  Aligning k-turn_consensus and 5j7l_CA:1466-1473_1401-1402_1516-1524:
#  Alignment score:  24.6
#  P-value:  1.000e+00
#  Query aligned region: 3-3,6-9
#  Target aligned region: 3:'CA'1470-3:'CA'1470,8:'CA'1402-8:'CA'1402,14:'CA'1521-14:'CA'1521

	A...G~G
	A...U~G

#  Matched base-pairing interactions: 
	<A(3:)-G(9:) trans H/S>                        MATCHES	<A(3:'CA'1470)-G(14:'CA'1521) trans H/S>
	<A(3:)-G(6:) trans S/S>                        MATCHES	<A(3:'CA'1470)-U(8:'CA'1402) trans W/S>
#  Matched base-stacking interactions: 

>>>>>>>>>>   ALIGNMENT ENDS   >>>>>>>>>>

<<<<<<<<<<  ALIGNMENT BEGINS  <<<<<<<<<<

#  Aligning k-turn_consensus and 5j7l_CA:1686-1692_1693-1700_1975-1976:
#  Alignment score:  24.6
#  P-value:  1.000e+00
#  Query aligned region: 1-1,11-11
#  Target aligned region: 0:'CA'1687-0:'CA'1687,14:'CA'1701-14:'CA'1701

	G...A
	G...A

#  Matched base-pairing interactions: 
	<G(1:)-A(11:) trans S/H>                       MATCHES	<G(0:'CA'1687)-A(14:'CA'1701) trans S/H>
#  Matched base-stacking interactions: 

>>>>>>>>>>   ALIGNMENT ENDS   >>>>>>>>>>

<<<<<<<<<<  ALIGNMENT BEGINS  <<<<<<<<<<

#  Aligning k-turn_consensus and 5j7l_CA:1475-1480_1555-1556_1507-1514:
#  Alignment score:  24.4
#  P-value:  1.000e+00
#  Query aligned region: 3-3,6-9
#  Target aligned region: 1:'CA'1477-1:'CA'1477,7:'CA'1557-7:'CA'1557,14:'CA'1514-14:'CA'1514

	A...G~G
	A...C~G

#  Matched base-pairing interactions: 
	<A(3:)-G(9:) trans H/S>                        MATCHES	<A(1:'CA'1477)-G(14:'CA'1514) trans H/S>
	<A(3:)-G(6:) trans S/S>                        MATCHES	<A(1:'CA'1477)-C(7:'CA'1557) cis -/->
#  Matched base-stacking interactions: 

>>>>>>>>>>   ALIGNMENT ENDS   >>>>>>>>>>

<<<<<<<<<<  ALIGNMENT BEGINS  <<<<<<<<<<

#  Aligning k-turn_consensus and 5j7l_CA:1781-1787_2583-2588_1775-1778:
#  Alignment score:  24.2
#  P-value:  1.000e+00
#  Query aligned region: 3-3,6-9
#  Target aligned region: 5:'CA'1787-5:'CA'1787,12:'CA'2589-12:'CA'2589,14:'CA'1777-14:'CA'1777

	A...G~G
	A...A~U

#  Matched base-pairing interactions: 
	<A(3:)-G(6:) trans S/S>                        MATCHES	<A(5:'CA'1787)-A(12:'CA'2589) trans S/S>
	<A(3:)-G(9:) trans H/S>                        MATCHES	<A(5:'CA'1787)-U(14:'CA'1777) cis W/W>
#  Matched base-stacking interactions: 

>>>>>>>>>>   ALIGNMENT ENDS   >>>>>>>>>>

<<<<<<<<<<  ALIGNMENT BEGINS  <<<<<<<<<<

#  Aligning k-turn_consensus and 5j7l_CA:1949-1955_2546-2550_2556-2561:
#  Alignment score:  24.2
#  P-value:  1.000e+00
#  Query aligned region: 3-3,6-9
#  Target aligned region: 3:'CA'1953-3:'CA'1953,9:'CA'2549-9:'CA'2549,14:'CA'2559-14:'CA'2559

	A...G~G
	A...G~C

#  Matched base-pairing interactions: 
	<A(3:)-G(6:) trans S/S>                        MATCHES	<A(3:'CA'1953)-G(9:'CA'2549) trans S/S>
	<A(3:)-G(9:) trans H/S>                        MATCHES	<A(3:'CA'1953)-C(14:'CA'2559) cis S/S>
#  Matched base-stacking interactions: 

>>>>>>>>>>   ALIGNMENT ENDS   >>>>>>>>>>

<<<<<<<<<<  ALIGNMENT BEGINS  <<<<<<<<<<

#  Aligning k-turn_consensus and 5j7l_CA:452-458_444-451_468-472:
#  Alignment score:  24.2
#  P-value:  1.000e+00
#  Query aligned region: 3-3,6-9
#  Target aligned region: 4:'CA'457-4:'CA'457,14:'CA'452-14:'CA'452,17:'CA'471-17:'CA'471

	A...G~G
	A...G~A

#  Matched base-pairing interactions: 
	<A(3:)-G(6:) trans S/S>                        MATCHES	<A(4:'CA'457)-G(14:'CA'452) trans S/S>
	<A(3:)-G(9:) trans H/S>                        MATCHES	<A(4:'CA'457)-A(17:'CA'471) trans H/H>
#  Matched base-stacking interactions: 

>>>>>>>>>>   ALIGNMENT ENDS   >>>>>>>>>>

<<<<<<<<<<  ALIGNMENT BEGINS  <<<<<<<<<<

#  Aligning k-turn_consensus and 5j7l_CA:441-443_1239-1248_1197-1205:
#  Alignment score:  24.2
#  P-value:  1.000e+00
#  Query aligned region: 3-3,6-9
#  Target aligned region: 1:'CA'443-1:'CA'443,8:'CA'1245-8:'CA'1245,15:'CA'1200-15:'CA'1200

	A...G~G
	A...G~C

#  Matched base-pairing interactions: 
	<A(3:)-G(6:) trans S/S>                        MATCHES	<A(1:'CA'443)-G(8:'CA'1245) trans S/S>
	<A(3:)-G(9:) trans H/S>                        MATCHES	<A(1:'CA'443)-C(15:'CA'1200) cis S/S>
#  Matched base-stacking interactions: 

>>>>>>>>>>   ALIGNMENT ENDS   >>>>>>>>>>

<<<<<<<<<<  ALIGNMENT BEGINS  <<<<<<<<<<

#  Aligning k-turn_consensus and 5j7l_CA:2601-2606_1773-1777_1782-1789:
#  Alignment score:  24.2
#  P-value:  1.000e+00
#  Query aligned region: 1-1,11-11
#  Target aligned region: 4:'CA'2606-4:'CA'2606,14:'CA'1786-14:'CA'1786

	G...A
	C...A

#  Matched base-pairing interactions: 
	<G(1:)-A(11:) trans S/H>                       MATCHES	<C(4:'CA'2606)-A(14:'CA'1786) trans S/H>
#  Matched base-stacking interactions: 

>>>>>>>>>>   ALIGNMENT ENDS   >>>>>>>>>>

<<<<<<<<<<  ALIGNMENT BEGINS  <<<<<<<<<<

#  Aligning k-turn_consensus and 5j7l_CA:1490-1499_1418-1424_1572-1577:
#  Alignment score:  24
#  P-value:  1.000e+00
#  Query aligned region: 0-1,11-12
#  Target aligned region: 15:'CA'1424-16:'CA'1425,17:'CA'1573-18:'CA'1574

	GG...AC
	GG...GC

#  Matched base-pairing interactions: 
	<G(1:)-A(11:) trans S/H>                       MATCHES	<G(16:'CA'1425)-G(17:'CA'1573) trans S/H>
	<G(0:)-C(12:) cis W/W>                         MATCHES	<G(15:'CA'1424)-C(18:'CA'1574) cis W/W>
#  Matched base-stacking interactions: 

>>>>>>>>>>   ALIGNMENT ENDS   >>>>>>>>>>

<<<<<<<<<<  ALIGNMENT BEGINS  <<<<<<<<<<

#  Aligning k-turn_consensus and 5j7l_CA:1026-1033_2484-2488_1120-1127:
#  Alignment score:  23.8
#  P-value:  1.000e+00
#  Query aligned region: 3-3,6-9
#  Target aligned region: 2:'CA'1029-2:'CA'1029,8:'CA'2485-8:'CA'2485,17:'CA'1125-17:'CA'1125

	A...G~G
	A...G~G

#  Matched base-pairing interactions: 
	<A(3:)-G(9:) trans H/S>                        MATCHES	<A(2:'CA'1029)-G(17:'CA'1125) trans H/S>
	<A(3:)-G(6:) trans S/S>                        MATCHES	<A(2:'CA'1029)-G(8:'CA'2485) cis S/S>
#  Matched base-stacking interactions: 

>>>>>>>>>>   ALIGNMENT ENDS   >>>>>>>>>>

<<<<<<<<<<  ALIGNMENT BEGINS  <<<<<<<<<<

#  Aligning k-turn_consensus and 5j7l_CA:1437-1446_1542-1552_1525-1527:
#  Alignment score:  23.8
#  P-value:  1.000e+00
#  Query aligned region: 1-1,11-11
#  Target aligned region: 10:'CA'1543-10:'CA'1543,23:'CA'1528-23:'CA'1528

	G...A
	G...A

#  Matched base-pairing interactions: 
	<G(1:)-A(11:) trans S/H>                       MATCHES	<G(10:'CA'1543)-A(23:'CA'1528) trans S/H>
#  Matched base-stacking interactions: 

>>>>>>>>>>   ALIGNMENT ENDS   >>>>>>>>>>

<<<<<<<<<<  ALIGNMENT BEGINS  <<<<<<<<<<

#  Aligning k-turn_consensus and 5j7l_CA:2739-2746_2753-2763_2518-2524:
#  Alignment score:  23.8
#  P-value:  1.000e+00
#  Query aligned region: 1-1,11-11
#  Target aligned region: 7:'CA'2747-7:'CA'2747,11:'CA'2757-11:'CA'2757

	G...A
	G...A

#  Matched base-pairing interactions: 
	<G(1:)-A(11:) trans S/H>                       MATCHES	<G(7:'CA'2747)-A(11:'CA'2757) trans S/H>
#  Matched base-stacking interactions: 

>>>>>>>>>>   ALIGNMENT ENDS   >>>>>>>>>>

<<<<<<<<<<  ALIGNMENT BEGINS  <<<<<<<<<<

#  Aligning k-turn_consensus and 5j7l_CA:26-29_473-483_496-511:
#  Alignment score:  23.6
#  P-value:  1.000e+00
#  Query aligned region: 0-1,11-12
#  Target aligned region: 3:'CA'30-3:'CA'30,12:'CA'482-13:'CA'483,28:'CA'510-28:'CA'510

	G~G...A~C
	G~A...A~C

#  Matched base-pairing interactions: 
	<G(0:)-C(12:) cis W/W>                         MATCHES	<G(3:'CA'30)-C(28:'CA'510) cis W/W>
	<G(1:)-A(11:) trans S/H>                       MATCHES	<A(12:'CA'482)-A(13:'CA'483) trans S/H>
#  Matched base-stacking interactions: 

>>>>>>>>>>   ALIGNMENT ENDS   >>>>>>>>>>

<<<<<<<<<<  ALIGNMENT BEGINS  <<<<<<<<<<

#  Aligning k-turn_consensus and 5j7l_CA:1929-1944_1971-1973_1960-1968:
#  Alignment score:  23.2
#  P-value:  1.000e+00
#  Query aligned region: 3-3,6-9
#  Target aligned region: 2:'CA'1932-2:'CA'1932,17:'CA'1973-17:'CA'1973,26:'CA'1968-26:'CA'1968

	A...G~G
	A...G~G

#  Matched base-pairing interactions: 
	<A(3:)-G(9:) trans H/S>                        MATCHES	<A(2:'CA'1932)-G(26:'CA'1968) trans H/S>
	<A(3:)-G(6:) trans S/S>                        MATCHES	<A(2:'CA'1932)-G(17:'CA'1973) cis -/->
#  Matched base-stacking interactions: 

>>>>>>>>>>   ALIGNMENT ENDS   >>>>>>>>>>

<<<<<<<<<<  ALIGNMENT BEGINS  <<<<<<<<<<

#  Aligning k-turn_consensus and 5j7l_CA:1401-1402_1467-1476_1514-1523:
#  Alignment score:  23.2
#  P-value:  1.000e+00
#  Query aligned region: 0-1,11-12
#  Target aligned region: 8:'CA'1474-9:'CA'1475,13:'CA'1516-14:'CA'1517

	GG...AC
	UG...GG

#  Matched base-pairing interactions: 
	<G(1:)-A(11:) trans S/H>                       MATCHES	<G(9:'CA'1475)-G(13:'CA'1516) trans S/H>
	<G(0:)-C(12:) cis W/W>                         MATCHES	<U(8:'CA'1474)-G(14:'CA'1517) cis W/W>
#  Matched base-stacking interactions: 

>>>>>>>>>>   ALIGNMENT ENDS   >>>>>>>>>>

<<<<<<<<<<  ALIGNMENT BEGINS  <<<<<<<<<<

#  Aligning k-turn_consensus and 5j7l_CA:1874-1882_1858-1865_409-416:
#  Alignment score:  23
#  P-value:  1.000e+00
#  Query aligned region: 1-1,11-11
#  Target aligned region: 0:'CA'1875-0:'CA'1875,16:'CA'1866-16:'CA'1866

	G...A
	G...A

#  Matched base-pairing interactions: 
	<G(1:)-A(11:) trans S/H>                       MATCHES	<G(0:'CA'1875)-A(16:'CA'1866) trans S/H>
#  Matched base-stacking interactions: 

>>>>>>>>>>   ALIGNMENT ENDS   >>>>>>>>>>

<<<<<<<<<<  ALIGNMENT BEGINS  <<<<<<<<<<

#  Aligning k-turn_consensus and 5j7l_CA:2430-2433_188-193_198-206:
#  Alignment score:  23
#  P-value:  1.000e+00
#  Query aligned region: 1-1,11-11
#  Target aligned region: 4:'CA'189-4:'CA'189,18:'CA'207-18:'CA'207

	G...A
	G...A

#  Matched base-pairing interactions: 
	<G(1:)-A(11:) trans S/H>                       MATCHES	<G(4:'CA'189)-A(18:'CA'207) trans S/H>
#  Matched base-stacking interactions: 

>>>>>>>>>>   ALIGNMENT ENDS   >>>>>>>>>>

<<<<<<<<<<  ALIGNMENT BEGINS  <<<<<<<<<<

#  Aligning k-turn_consensus and 5j7l_CA:1856-1863_1877-1884_412-413:
#  Alignment score:  23
#  P-value:  1.000e+00
#  Query aligned region: 1-1,11-11
#  Target aligned region: 0:'CA'1857-0:'CA'1857,15:'CA'1885-15:'CA'1885

	G...A
	G...A

#  Matched base-pairing interactions: 
	<G(1:)-A(11:) trans S/H>                       MATCHES	<G(0:'CA'1857)-A(15:'CA'1885) trans S/H>
#  Matched base-stacking interactions: 

>>>>>>>>>>   ALIGNMENT ENDS   >>>>>>>>>>

<<<<<<<<<<  ALIGNMENT BEGINS  <<<<<<<<<<

#  Aligning k-turn_consensus and 5j7l_CA:123-126_46-55_112-119:
#  Alignment score:  23
#  P-value:  1.000e+00
#  Query aligned region: 1-1,11-11
#  Target aligned region: 8:'CA'51-8:'CA'51,19:'CA'118-19:'CA'118

	G...A
	G...A

#  Matched base-pairing interactions: 
	<G(1:)-A(11:) trans S/H>                       MATCHES	<G(8:'CA'51)-A(19:'CA'118) trans S/H>
#  Matched base-stacking interactions: 

>>>>>>>>>>   ALIGNMENT ENDS   >>>>>>>>>>

<<<<<<<<<<  ALIGNMENT BEGINS  <<<<<<<<<<

#  Aligning k-turn_consensus and 5j7l_CA:480-481_25-29_505-512:
#  Alignment score:  23
#  P-value:  1.000e+00
#  Query aligned region: 1-1,11-11
#  Target aligned region: 3:'CA'27-3:'CA'27,14:'CA'513-14:'CA'513

	G...A
	G...A

#  Matched base-pairing interactions: 
	<G(1:)-A(11:) trans S/H>                       MATCHES	<G(3:'CA'27)-A(14:'CA'513) trans S/H>
#  Matched base-stacking interactions: 

>>>>>>>>>>   ALIGNMENT ENDS   >>>>>>>>>>

<<<<<<<<<<  ALIGNMENT BEGINS  <<<<<<<<<<

#  Aligning k-turn_consensus and 5j7l_CA:2406-2410_1862-1879_411-415:
#  Alignment score:  22.7
#  P-value:  1.000e+00
#  Query aligned region: 0-4,5-12
#  Target aligned region: 3:'CA'2410-4:'CA'2411,7:'CA'1865-18:'CA'1876,23:'CA'412-24:'CA'413

	GG~GA-G...CGAAGA~AC
	GA~UAGC...G--CGA~AC

#  Matched base-pairing interactions: 
	<A(3:)-G(9:) trans H/S>                        MATCHES	<A(8:'CA'1866)-G(17:'CA'1875) trans H/S>
	<G(1:)-A(11:) trans S/H>                       MATCHES	<A(4:'CA'2411)-A(23:'CA'412) cis -/->
	<G(4:)-C(5:) cis W/W>                          MATCHES	<C(10:'CA'1868)-G(15:'CA'1873) cis W/W>
	<G(2:)-A(10:) trans S/H>                       MATCHES	<U(7:'CA'1865)-A(18:'CA'1876) trans S/H>
	<G(0:)-C(12:) cis W/W>                         MATCHES	<G(3:'CA'2410)-C(24:'CA'413) cis W/W>
#  Matched base-stacking interactions: 
	<A(3:)-A(10:) outward>                         MATCHES	<A(8:'CA'1866)-A(18:'CA'1876) outward>

>>>>>>>>>>   ALIGNMENT ENDS   >>>>>>>>>>

<<<<<<<<<<  ALIGNMENT BEGINS  <<<<<<<<<<

#  Aligning k-turn_consensus and 5j7l_CA:1377-1384_1338-1344_1401-1404:
#  Alignment score:  22.6
#  P-value:  1.000e+00
#  Query aligned region: 3-3,6-9
#  Target aligned region: 6:'CA'1384-6:'CA'1384,12:'CA'1343-12:'CA'1343,17:'CA'1404-17:'CA'1404

	A...G~G
	A...G~C

#  Matched base-pairing interactions: 
	<A(3:)-G(6:) trans S/S>                        MATCHES	<A(6:'CA'1384)-G(12:'CA'1343) trans S/S>
	<A(3:)-G(9:) trans H/S>                        MATCHES	<A(6:'CA'1384)-C(17:'CA'1404) cis S/S>
#  Matched base-stacking interactions: 

>>>>>>>>>>   ALIGNMENT ENDS   >>>>>>>>>>

<<<<<<<<<<  ALIGNMENT BEGINS  <<<<<<<<<<

#  Aligning k-turn_consensus and 5j7l_CA:1923-1930_1898-1905_1833-1841:
#  Alignment score:  22.6
#  P-value:  1.000e+00
#  Query aligned region: 3-3,6-9
#  Target aligned region: 4:'CA'1928-4:'CA'1928,13:'CA'1904-13:'CA'1904,18:'CA'1836-18:'CA'1836

	A...G~G
	A...G~C

#  Matched base-pairing interactions: 
	<A(3:)-G(6:) trans S/S>                        MATCHES	<A(4:'CA'1928)-G(13:'CA'1904) trans S/S>
	<A(3:)-G(9:) trans H/S>                        MATCHES	<A(4:'CA'1928)-C(18:'CA'1836) cis S/S>
#  Matched base-stacking interactions: 

>>>>>>>>>>   ALIGNMENT ENDS   >>>>>>>>>>

<<<<<<<<<<  ALIGNMENT BEGINS  <<<<<<<<<<

#  Aligning k-turn_consensus and 5j7l_CA:2166-2173_2158-2162_2123-2128:
#  Alignment score:  21.8
#  P-value:  1.000e+00
#  Query aligned region: 1-1,11-11
#  Target aligned region: 4:'CA'2171-6:'CA'2173

	G...A
	A...A

#  Matched base-pairing interactions: 
	<G(1:)-A(11:) trans S/H>                       MATCHES	<A(4:'CA'2171)-A(6:'CA'2173) trans S/H>
#  Matched base-stacking interactions: 

>>>>>>>>>>   ALIGNMENT ENDS   >>>>>>>>>>

<<<<<<<<<<  ALIGNMENT BEGINS  <<<<<<<<<<

#  Aligning k-turn_consensus and 5j7l_CA:1708-1709_2858-2863_2853-2857:
#  Alignment score:  21.8
#  P-value:  1.000e+00
#  Query aligned region: 3-3,6-9
#  Target aligned region: 3:'CA'2860-4:'CA'2861,11:'CA'2857-11:'CA'2857

	A...G~G
	A...U~G

#  Matched base-pairing interactions: 
	<A(3:)-G(9:) trans H/S>                        MATCHES	<A(3:'CA'2860)-G(11:'CA'2857) trans H/S>
	<A(3:)-G(6:) trans S/S>                        MATCHES	<A(3:'CA'2860)-U(4:'CA'2861) cis S/S>
#  Matched base-stacking interactions: 

>>>>>>>>>>   ALIGNMENT ENDS   >>>>>>>>>>

<<<<<<<<<<  ALIGNMENT BEGINS  <<<<<<<<<<

#  Aligning k-turn_consensus and 5j7l_CA:502-508_475-486_492-499:
#  Alignment score:  21.6
#  P-value:  1.000e+00
#  Query aligned region: 0-1,11-12
#  Target aligned region: 6:'CA'509-6:'CA'509,7:'CA'476-12:'CA'481

	G~G...AC
	C~G...AG

#  Matched base-pairing interactions: 
	<G(1:)-A(11:) trans S/H>                       MATCHES	<G(7:'CA'476)-A(11:'CA'480) trans S/H>
	<G(0:)-C(12:) cis W/W>                         MATCHES	<C(6:'CA'509)-G(12:'CA'481) cis W/W>
#  Matched base-stacking interactions: 

>>>>>>>>>>   ALIGNMENT ENDS   >>>>>>>>>>

<<<<<<<<<<  ALIGNMENT BEGINS  <<<<<<<<<<

#  Aligning k-turn_consensus and 5j7l_CA:2215-2222_157-167_2199-2208:
#  Alignment score:  21.6
#  P-value:  1.000e+00
#  Query aligned region: 0-1,11-12
#  Target aligned region: 7:'CA'2223-7:'CA'2223,9:'CA'159-17:'CA'167,19:'CA'2200-19:'CA'2200

	G~G...A~C
	G~G...A~C

#  Matched base-pairing interactions: 
	<G(0:)-C(12:) cis W/W>                         MATCHES	<G(7:'CA'2223)-C(19:'CA'2200) cis W/W>
	<G(1:)-A(11:) trans S/H>                       MATCHES	<G(9:'CA'159)-A(17:'CA'167) trans S/H>
#  Matched base-stacking interactions: 

>>>>>>>>>>   ALIGNMENT ENDS   >>>>>>>>>>

<<<<<<<<<<  ALIGNMENT BEGINS  <<<<<<<<<<

#  Aligning k-turn_consensus and 5j7l_CA:2877-2883_2814-2817_2829-2837:
#  Alignment score:  21.4
#  P-value:  1.000e+00
#  Query aligned region: 3-3,6-9
#  Target aligned region: 5:'CA'2883-5:'CA'2883,8:'CA'2816-8:'CA'2816,15:'CA'2834-15:'CA'2834

	A...G~G
	A...G~G

#  Matched base-pairing interactions: 
	<A(3:)-G(9:) trans H/S>                        MATCHES	<A(5:'CA'2883)-G(15:'CA'2834) trans H/S>
	<A(3:)-G(6:) trans S/S>                        MATCHES	<A(5:'CA'2883)-G(8:'CA'2816) cis S/S>
#  Matched base-stacking interactions: 

>>>>>>>>>>   ALIGNMENT ENDS   >>>>>>>>>>

<<<<<<<<<<  ALIGNMENT BEGINS  <<<<<<<<<<

#  Aligning k-turn_consensus and 5j7l_CA:1205-1214_1233-1239:
#  Alignment score:  21.4
#  P-value:  1.000e+00
#  Query aligned region: 1-1,11-11
#  Target aligned region: 6:'CA'1212-6:'CA'1212,13:'CA'1237-13:'CA'1237

	G...A
	G...A

#  Matched base-pairing interactions: 
	<G(1:)-A(11:) trans S/H>                       MATCHES	<G(6:'CA'1212)-A(13:'CA'1237) trans S/H>
#  Matched base-stacking interactions: 

>>>>>>>>>>   ALIGNMENT ENDS   >>>>>>>>>>

<<<<<<<<<<  ALIGNMENT BEGINS  <<<<<<<<<<

#  Aligning k-turn_consensus and 5j7l_CA:2350-2365:
#  Alignment score:  21.2
#  P-value:  1.000e+00
#  Query aligned region: 0-1,11-12
#  Target aligned region: 5:'CA'2356-10:'CA'2361

	GG...AC
	UG...GG

#  Matched base-pairing interactions: 
	<G(1:)-A(11:) trans S/H>                       MATCHES	<G(6:'CA'2357)-G(9:'CA'2360) trans S/H>
	<G(0:)-C(12:) cis W/W>                         MATCHES	<U(5:'CA'2356)-G(10:'CA'2361) cis W/W>
#  Matched base-stacking interactions: 

>>>>>>>>>>   ALIGNMENT ENDS   >>>>>>>>>>

<<<<<<<<<<  ALIGNMENT BEGINS  <<<<<<<<<<

#  Aligning k-turn_consensus and 5j7l_CA:743-750_1270-1271_751-753:
#  Alignment score:  21
#  P-value:  1.000e+00
#  Query aligned region: 3-3,6-9
#  Target aligned region: 5:'CA'749-5:'CA'749,8:'CA'1271-8:'CA'1271,11:'CA'753-11:'CA'753

	A...G~G
	A...G~A

#  Matched base-pairing interactions: 
	<A(3:)-G(6:) trans S/S>                        MATCHES	<A(5:'CA'749)-G(8:'CA'1271) trans S/S>
	<A(3:)-G(9:) trans H/S>                        MATCHES	<A(5:'CA'749)-A(11:'CA'753) cis W/S>
#  Matched base-stacking interactions: 

>>>>>>>>>>   ALIGNMENT ENDS   >>>>>>>>>>

<<<<<<<<<<  ALIGNMENT BEGINS  <<<<<<<<<<

#  Aligning k-turn_consensus and 5j7l_CA:672-677_2067-2069_798-806:
#  Alignment score:  21
#  P-value:  1.000e+00
#  Query aligned region: 3-3,6-9
#  Target aligned region: 4:'CA'677-4:'CA'677,8:'CA'2070-8:'CA'2070,10:'CA'800-10:'CA'800

	A...G~G
	A...A~A

#  Matched base-pairing interactions: 
	<A(3:)-G(6:) trans S/S>                        MATCHES	<A(4:'CA'677)-A(8:'CA'2070) trans S/S>
	<A(3:)-G(9:) trans H/S>                        MATCHES	<A(4:'CA'677)-A(10:'CA'800) trans W/W>
#  Matched base-stacking interactions: 

>>>>>>>>>>   ALIGNMENT ENDS   >>>>>>>>>>

<<<<<<<<<<  ALIGNMENT BEGINS  <<<<<<<<<<

#  Aligning k-turn_consensus and 5j7l_CA:2206-2217_1358-1360_157-167:
#  Alignment score:  21
#  P-value:  1.000e+00
#  Query aligned region: 3-3,6-9
#  Target aligned region: 5:'CA'2212-6:'CA'2213,12:'CA'1359-12:'CA'1359

	A...G~G
	A...U~A

#  Matched base-pairing interactions: 
	<A(3:)-G(6:) trans S/S>                        MATCHES	<A(5:'CA'2212)-U(6:'CA'2213) trans S/S>
	<A(3:)-G(9:) trans H/S>                        MATCHES	<A(5:'CA'2212)-A(12:'CA'1359) trans W/W>
#  Matched base-stacking interactions: 

>>>>>>>>>>   ALIGNMENT ENDS   >>>>>>>>>>

<<<<<<<<<<  ALIGNMENT BEGINS  <<<<<<<<<<

#  Aligning k-turn_consensus and 5j7l_CA:1086-1102_1075-1079_1056-1061:
#  Alignment score:  21
#  P-value:  1.000e+00
#  Query aligned region: 3-3,6-9
#  Target aligned region: 1:'CA'1088-1:'CA'1088,19:'CA'1078-19:'CA'1078,25:'CA'1060-25:'CA'1060

	A...G~G
	A...U~U

#  Matched base-pairing interactions: 
	<A(3:)-G(6:) trans S/S>                        MATCHES	<A(1:'CA'1088)-U(19:'CA'1078) trans S/S>
	<A(3:)-G(9:) trans H/S>                        MATCHES	<A(1:'CA'1088)-U(25:'CA'1060) cis H/W>
#  Matched base-stacking interactions: 

>>>>>>>>>>   ALIGNMENT ENDS   >>>>>>>>>>

<<<<<<<<<<  ALIGNMENT BEGINS  <<<<<<<<<<

#  Aligning k-turn_consensus and 5j7l_CA:1763-1765_1663-1677_1986-1996:
#  Alignment score:  20.8
#  P-value:  1.000e+00
#  Query aligned region: 0-1,11-12
#  Target aligned region: 5:'CA'1666-6:'CA'1667,24:'CA'1993-25:'CA'1994

	GG...AC
	GG...UC

#  Matched base-pairing interactions: 
	<G(1:)-A(11:) trans S/H>                       MATCHES	<G(6:'CA'1667)-U(24:'CA'1993) trans S/H>
	<G(0:)-C(12:) cis W/W>                         MATCHES	<G(5:'CA'1666)-C(25:'CA'1994) cis W/W>
#  Matched base-stacking interactions: 

>>>>>>>>>>   ALIGNMENT ENDS   >>>>>>>>>>

<<<<<<<<<<  ALIGNMENT BEGINS  <<<<<<<<<<

#  Aligning k-turn_consensus and 5j7l_CA:473-483_26-29_496-511:
#  Alignment score:  20.8
#  P-value:  1.000e+00
#  Query aligned region: 3-3,6-9
#  Target aligned region: 9:'CA'483-10:'CA'484,15:'CA'497-15:'CA'497

	A...G~G
	A...C~A

#  Matched base-pairing interactions: 
	<A(3:)-G(9:) trans H/S>                        MATCHES	<A(9:'CA'483)-A(15:'CA'497) trans H/S>
	<A(3:)-G(6:) trans S/S>                        MATCHES	<A(9:'CA'483)-C(10:'CA'484) cis -/->
#  Matched base-stacking interactions: 

>>>>>>>>>>   ALIGNMENT ENDS   >>>>>>>>>>

<<<<<<<<<<  ALIGNMENT BEGINS  <<<<<<<<<<

#  Aligning k-turn_consensus and 5j7l_CA:1217-1231_1194-1195_811-813:
#  Alignment score:  20.6
#  P-value:  1.000e+00
#  Query aligned region: 3-3,6-9
#  Target aligned region: 8:'CA'1226-8:'CA'1226,15:'CA'1195-15:'CA'1195,17:'CA'812-17:'CA'812

	A...G~G
	A...G~C

#  Matched base-pairing interactions: 
	<A(3:)-G(6:) trans S/S>                        MATCHES	<A(8:'CA'1226)-G(15:'CA'1195) trans S/S>
	<A(3:)-G(9:) trans H/S>                        MATCHES	<A(8:'CA'1226)-C(17:'CA'812) cis S/S>
#  Matched base-stacking interactions: 

>>>>>>>>>>   ALIGNMENT ENDS   >>>>>>>>>>

<<<<<<<<<<  ALIGNMENT BEGINS  <<<<<<<<<<

#  Aligning k-turn_consensus and 5j7l_CA:732-741_755-764_697-698:
#  Alignment score:  20.6
#  P-value:  1.000e+00
#  Query aligned region: 1-1,11-11
#  Target aligned region: 0:'CA'733-0:'CA'733,21:'CA'699-21:'CA'699

	G...A
	G...A

#  Matched base-pairing interactions: 
	<G(1:)-A(11:) trans S/H>                       MATCHES	<G(0:'CA'733)-A(21:'CA'699) trans S/H>
#  Matched base-stacking interactions: 

>>>>>>>>>>   ALIGNMENT ENDS   >>>>>>>>>>

<<<<<<<<<<  ALIGNMENT BEGINS  <<<<<<<<<<

#  Aligning k-turn_consensus and 5j7l_CA:2195-2203_2219-2226_2091-2092:
#  Alignment score:  20.4
#  P-value:  1.000e+00
#  Query aligned region: 3-3,6-9
#  Target aligned region: 3:'CA'2199-4:'CA'2200,13:'CA'2224-13:'CA'2224

	A...G~G
	A...C~G

#  Matched base-pairing interactions: 
	<A(3:)-G(9:) trans H/S>                        MATCHES	<A(3:'CA'2199)-G(13:'CA'2224) trans H/S>
	<A(3:)-G(6:) trans S/S>                        MATCHES	<A(3:'CA'2199)-C(4:'CA'2200) cis -/->
#  Matched base-stacking interactions: 

>>>>>>>>>>   ALIGNMENT ENDS   >>>>>>>>>>

<<<<<<<<<<  ALIGNMENT BEGINS  <<<<<<<<<<

#  Aligning k-turn_consensus and 5j7l_CA:189-191_793-801_676-683:
#  Alignment score:  20.2
#  P-value:  1.000e+00
#  Query aligned region: 3-3,6-9
#  Target aligned region: 1:'CA'191-1:'CA'191,8:'CA'799-8:'CA'799,13:'CA'678-13:'CA'678

	A...G~G
	A...G~C

#  Matched base-pairing interactions: 
	<A(3:)-G(6:) trans S/S>                        MATCHES	<A(1:'CA'191)-G(8:'CA'799) trans S/S>
	<A(3:)-G(9:) trans H/S>                        MATCHES	<A(1:'CA'191)-C(13:'CA'678) cis S/S>
#  Matched base-stacking interactions: 

>>>>>>>>>>   ALIGNMENT ENDS   >>>>>>>>>>

<<<<<<<<<<  ALIGNMENT BEGINS  <<<<<<<<<<

#  Aligning k-turn_consensus and 5j7l_CA:1514-1515_1435-1443_1547-1555:
#  Alignment score:  20.2
#  P-value:  1.000e+00
#  Query aligned region: 3-3,6-9
#  Target aligned region: 0:'CA'1515-0:'CA'1515,2:'CA'1436-2:'CA'1436,19:'CA'1556-19:'CA'1556

	A...G~G
	A...G~C

#  Matched base-pairing interactions: 
	<A(3:)-G(6:) trans S/S>                        MATCHES	<A(0:'CA'1515)-G(2:'CA'1436) trans S/S>
	<A(3:)-G(9:) trans H/S>                        MATCHES	<A(0:'CA'1515)-C(19:'CA'1556) cis S/S>
#  Matched base-stacking interactions: 

>>>>>>>>>>   ALIGNMENT ENDS   >>>>>>>>>>

<<<<<<<<<<  ALIGNMENT BEGINS  <<<<<<<<<<

#  Aligning k-turn_consensus and 5j7l_CA:261-265_214-223_425-431:
#  Alignment score:  19.8
#  P-value:  1.000e+00
#  Query aligned region: 0-1,11-12
#  Target aligned region: 0:'CA'262-0:'CA'262,10:'CA'220-10:'CA'220,18:'CA'429-19:'CA'430

	G~G...AC
	A~G...AA

#  Matched base-pairing interactions: 
	<G(0:)-C(12:) cis W/W>                         MATCHES	<A(0:'CA'262)-A(19:'CA'430) cis -/->
	<G(1:)-A(11:) trans S/H>                       MATCHES	<G(10:'CA'220)-A(18:'CA'429) trans S/H>
#  Matched base-stacking interactions: 

>>>>>>>>>>   ALIGNMENT ENDS   >>>>>>>>>>

<<<<<<<<<<  ALIGNMENT BEGINS  <<<<<<<<<<

#  Aligning k-turn_consensus and 5j7l_CA:2635-2643_2770-2781_2625-2626:
#  Alignment score:  19.8
#  P-value:  1.000e+00
#  Query aligned region: 1-1,11-11
#  Target aligned region: 2:'CA'2638-2:'CA'2638,16:'CA'2778-16:'CA'2778

	G...A
	G...A

#  Matched base-pairing interactions: 
	<G(1:)-A(11:) trans S/H>                       MATCHES	<G(2:'CA'2638)-A(16:'CA'2778) trans S/H>
#  Matched base-stacking interactions: 

>>>>>>>>>>   ALIGNMENT ENDS   >>>>>>>>>>

<<<<<<<<<<  ALIGNMENT BEGINS  <<<<<<<<<<

#  Aligning k-turn_consensus and 5j7l_CA:475-486_492-499_502-508:
#  Alignment score:  19
#  P-value:  1.000e+00
#  Query aligned region: 1-1,11-11
#  Target aligned region: 19:'CA'500-19:'CA'500,22:'CA'505-22:'CA'505

	G...A
	G...A

#  Matched base-pairing interactions: 
	<G(1:)-A(11:) trans S/H>                       MATCHES	<G(19:'CA'500)-A(22:'CA'505) trans S/H>
#  Matched base-stacking interactions: 

>>>>>>>>>>   ALIGNMENT ENDS   >>>>>>>>>>

<<<<<<<<<<  ALIGNMENT BEGINS  <<<<<<<<<<

#  Aligning k-turn_consensus and 5j7l_CA:2559-2566_2540-2548_2516-2521:
#  Alignment score:  18.2
#  P-value:  1.000e+00
#  Query aligned region: 3-3,6-9
#  Target aligned region: 5:'CA'2565-5:'CA'2565,12:'CA'2545-12:'CA'2545,20:'CA'2520-20:'CA'2520

	A...G~G
	A...G~C

#  Matched base-pairing interactions: 
	<A(3:)-G(6:) trans S/S>                        MATCHES	<A(5:'CA'2565)-G(12:'CA'2545) trans S/S>
	<A(3:)-G(9:) trans H/S>                        MATCHES	<A(5:'CA'2565)-C(20:'CA'2520) cis S/S>
#  Matched base-stacking interactions: 

>>>>>>>>>>   ALIGNMENT ENDS   >>>>>>>>>>

<<<<<<<<<<  ALIGNMENT BEGINS  <<<<<<<<<<

#  Aligning k-turn_consensus and 5j7l_CA:2263-2266_2267-2275_856-859:
#  Alignment score:  18.1
#  P-value:  1.000e+00
#  Query aligned region: 3-3,6-9
#  Target aligned region: 3:'CA'2267-3:'CA'2267,4:'CA'2268-8:'CA'2272

	A...G-AAG
	A...AGAGU

#  Matched base-pairing interactions: 
	<A(3:)-G(6:) trans S/S>                        MATCHES	<A(3:'CA'2267)-A(4:'CA'2268) trans S/S>
	<A(3:)-G(9:) trans H/S>                        MATCHES	<A(3:'CA'2267)-U(8:'CA'2272) trans W/W>
#  Matched base-stacking interactions: 

>>>>>>>>>>   ALIGNMENT ENDS   >>>>>>>>>>

<<<<<<<<<<  ALIGNMENT BEGINS  <<<<<<<<<<

#  Aligning k-turn_consensus and 5j7l_CA:2705-2714_1751-1759_2693-2700:
#  Alignment score:  17.8
#  P-value:  1.000e+00
#  Query aligned region: 3-3,6-9
#  Target aligned region: 5:'CA'2711-5:'CA'2711,17:'CA'1759-17:'CA'1759,21:'CA'2696-21:'CA'2696

	A...G~G
	A...A~U

#  Matched base-pairing interactions: 
	<A(3:)-G(6:) trans S/S>                        MATCHES	<A(5:'CA'2711)-A(17:'CA'1759) trans S/S>
	<A(3:)-G(9:) trans H/S>                        MATCHES	<A(5:'CA'2711)-U(21:'CA'2696) cis W/W>
#  Matched base-stacking interactions: 

>>>>>>>>>>   ALIGNMENT ENDS   >>>>>>>>>>

<<<<<<<<<<  ALIGNMENT BEGINS  <<<<<<<<<<

#  Aligning k-turn_consensus and 5j7l_CA:1647-1651_2004-2008_1644-1646:
#  Alignment score:  16
#  P-value:  1.000e+00
#  Query aligned region: 0-1,11-12
#  Target aligned region: 3:'CA'1651-4:'CA'1652,5:'CA'2005-6:'CA'2006

	GG...AC
	GA...AC

#  Matched base-pairing interactions: 
	<G(1:)-A(11:) trans S/H>                       MATCHES	<A(4:'CA'1652)-A(5:'CA'2005) cis W/H>
	<G(0:)-C(12:) cis W/W>                         MATCHES	<G(3:'CA'1651)-C(6:'CA'2006) cis W/W>
#  Matched base-stacking interactions: 

>>>>>>>>>>   ALIGNMENT ENDS   >>>>>>>>>>

<<<<<<<<<<  ALIGNMENT BEGINS  <<<<<<<<<<

#  Aligning k-turn_consensus and 5j7l_CA:419-430_215-223_261-267:
#  Alignment score:  15.2
#  P-value:  1.000e+00
#  Query aligned region: 0-1,11-12
#  Target aligned region: 4:'CA'424-4:'CA'424,19:'CA'223-20:'CA'224,27:'CA'268-27:'CA'268

	G~G...A~C
	G~A...U~C

#  Matched base-pairing interactions: 
	<G(0:)-C(12:) cis W/W>                         MATCHES	<G(4:'CA'424)-C(27:'CA'268) cis W/W>
	<G(1:)-A(11:) trans S/H>                       MATCHES	<A(19:'CA'223)-U(20:'CA'224) trans S/H>
#  Matched base-stacking interactions: 

>>>>>>>>>>   ALIGNMENT ENDS   >>>>>>>>>>

<<<<<<<<<<  ALIGNMENT BEGINS  <<<<<<<<<<

#  Aligning k-turn_consensus and 5j7l_CA:2049-2056_2610-2617_561-574:
#  Alignment score:  15
#  P-value:  1.000e+00
#  Query aligned region: 0-1,11-12
#  Target aligned region: 6:'CA'2056-7:'CA'2057,8:'CA'2611-9:'CA'2612

	GG...AC
	GG...CC

#  Matched base-pairing interactions: 
	<G(1:)-A(11:) trans S/H>                       MATCHES	<G(7:'CA'2057)-C(8:'CA'2611) cis W/W>
	<G(0:)-C(12:) cis W/W>                         MATCHES	<G(6:'CA'2056)-C(9:'CA'2612) cis W/W>
#  Matched base-stacking interactions: 

>>>>>>>>>>   ALIGNMENT ENDS   >>>>>>>>>>

<<<<<<<<<<  ALIGNMENT BEGINS  <<<<<<<<<<

#  Aligning k-turn_consensus and 5j7l_CA:2325-2330_2382-2390_2278-2284:
#  Alignment score:  15
#  P-value:  1.000e+00
#  Query aligned region: 0-1,11-12
#  Target aligned region: 6:'CA'2383-7:'CA'2384,20:'CA'2284-21:'CA'2285

	GG...AC
	GU...AC

#  Matched base-pairing interactions: 
	<G(1:)-A(11:) trans S/H>                       MATCHES	<U(7:'CA'2384)-A(20:'CA'2284) cis W/W>
	<G(0:)-C(12:) cis W/W>                         MATCHES	<G(6:'CA'2383)-C(21:'CA'2285) cis W/W>
#  Matched base-stacking interactions: 

>>>>>>>>>>   ALIGNMENT ENDS   >>>>>>>>>>

<<<<<<<<<<  ALIGNMENT BEGINS  <<<<<<<<<<

#  Aligning k-turn_consensus and 5j7l_CA:2805-2812_2886-2894_2786-2789:
#  Alignment score:  15
#  P-value:  1.000e+00
#  Query aligned region: 0-1,11-12
#  Target aligned region: 6:'CA'2812-7:'CA'2813,8:'CA'2887-9:'CA'2888

	GG...AC
	GA...AC

#  Matched base-pairing interactions: 
	<G(1:)-A(11:) trans S/H>                       MATCHES	<A(7:'CA'2813)-A(8:'CA'2887) cis W/W>
	<G(0:)-C(12:) cis W/W>                         MATCHES	<G(6:'CA'2812)-C(9:'CA'2888) cis W/W>
#  Matched base-stacking interactions: 

>>>>>>>>>>   ALIGNMENT ENDS   >>>>>>>>>>

<<<<<<<<<<  ALIGNMENT BEGINS  <<<<<<<<<<

#  Aligning k-turn_consensus and 5j7l_CA:804-809_670-673:
#  Alignment score:  15
#  P-value:  1.000e+00
#  Query aligned region: 0-1,11-12
#  Target aligned region: 3:'CA'808-4:'CA'809,6:'CA'671-7:'CA'672

	GG...AC
	GG...CC

#  Matched base-pairing interactions: 
	<G(1:)-A(11:) trans S/H>                       MATCHES	<G(4:'CA'809)-C(6:'CA'671) cis W/W>
	<G(0:)-C(12:) cis W/W>                         MATCHES	<G(3:'CA'808)-C(7:'CA'672) cis W/W>
#  Matched base-stacking interactions: 

>>>>>>>>>>   ALIGNMENT ENDS   >>>>>>>>>>

<<<<<<<<<<  ALIGNMENT BEGINS  <<<<<<<<<<

#  Aligning k-turn_consensus and 5j7l_CA:1435-1436_1474-1480_1507-1515:
#  Alignment score:  14.6
#  P-value:  1.000e+00
#  Query aligned region: 0-1,11-12
#  Target aligned region: 8:'CA'1481-8:'CA'1481,9:'CA'1508-11:'CA'1510

	G~G...AC
	U~A...AG

#  Matched base-pairing interactions: 
	<G(1:)-A(11:) trans S/H>                       MATCHES	<A(9:'CA'1508)-A(10:'CA'1509) cis -/->
	<G(0:)-C(12:) cis W/W>                         MATCHES	<U(8:'CA'1481)-G(11:'CA'1510) cis W/W>
#  Matched base-stacking interactions: 

>>>>>>>>>>   ALIGNMENT ENDS   >>>>>>>>>>

<<<<<<<<<<  ALIGNMENT BEGINS  <<<<<<<<<<

#  Aligning k-turn_consensus and 5j7l_CA:1596-1603_1337-1347_1309-1313:
#  Alignment score:  14.6
#  P-value:  1.000e+00
#  Query aligned region: 0-1,11-12
#  Target aligned region: 1:'CA'1598-2:'CA'1599,17:'CA'1347-18:'CA'1348

	GG...AC
	AU...AC

#  Matched base-pairing interactions: 
	<G(1:)-A(11:) trans S/H>                       MATCHES	<U(2:'CA'1599)-A(17:'CA'1347) cis W/W>
	<G(0:)-C(12:) cis W/W>                         MATCHES	<A(1:'CA'1598)-C(18:'CA'1348) cis W/W>
#  Matched base-stacking interactions: 

>>>>>>>>>>   ALIGNMENT ENDS   >>>>>>>>>>

<<<<<<<<<<  ALIGNMENT BEGINS  <<<<<<<<<<

#  Aligning k-turn_consensus and 5j7l_CA:416-421_219-226_401-409:
#  Alignment score:  14.3
#  P-value:  1.000e+00
#  Query aligned region: 3-3,6-9
#  Target aligned region: 9:'CA'223-9:'CA'223,19:'CA'407-20:'CA'408

	A...GAAG
	A...G--G

#  Matched base-pairing interactions: 
	<A(3:)-G(6:) trans S/S>                        MATCHES	<A(9:'CA'223)-G(19:'CA'407) trans S/S>
	<A(3:)-G(9:) trans H/S>                        MATCHES	<A(9:'CA'223)-G(20:'CA'408) cis -/->
#  Matched base-stacking interactions: 

>>>>>>>>>>   ALIGNMENT ENDS   >>>>>>>>>>

<<<<<<<<<<  ALIGNMENT BEGINS  <<<<<<<<<<

#  Aligning k-turn_consensus and 5j7l_CA:2610-2617_561-574_2049-2056:
#  Alignment score:  14
#  P-value:  1.000e+00
#  Query aligned region: 0-1,11-12
#  Target aligned region: 7:'CA'2618-7:'CA'2618,14:'CA'568-16:'CA'570,22:'CA'2050-22:'CA'2050

	G~G...A~C
	G~U...G~C

#  Matched base-pairing interactions: 
	<G(0:)-C(12:) cis W/W>                         MATCHES	<G(7:'CA'2618)-C(22:'CA'2050) cis W/W>
	<G(1:)-A(11:) trans S/H>                       MATCHES	<U(14:'CA'568)-G(16:'CA'570) cis -/->
#  Matched base-stacking interactions: 

>>>>>>>>>>   ALIGNMENT ENDS   >>>>>>>>>>

<<<<<<<<<<  ALIGNMENT BEGINS  <<<<<<<<<<

#  Aligning k-turn_consensus and 5j7l_CA:321-324_332-343_294-299:
#  Alignment score:  14
#  P-value:  1.000e+00
#  Query aligned region: 0-1,11-12
#  Target aligned region: 3:'CA'325-3:'CA'325,5:'CA'334-8:'CA'337

	G~G...AC
	G~C...CC

#  Matched base-pairing interactions: 
	<G(0:)-C(12:) cis W/W>                         MATCHES	<G(3:'CA'325)-C(8:'CA'337) cis W/W>
	<G(1:)-A(11:) trans S/H>                       MATCHES	<C(5:'CA'334)-C(7:'CA'336) cis -/->
#  Matched base-stacking interactions: 

>>>>>>>>>>   ALIGNMENT ENDS   >>>>>>>>>>

<<<<<<<<<<  ALIGNMENT BEGINS  <<<<<<<<<<

#  Aligning k-turn_consensus and 5j7l_CA:1056-1061_1086-1102_1075-1079:
#  Alignment score:  14
#  P-value:  1.000e+00
#  Query aligned region: 0-1,11-12
#  Target aligned region: 5:'CA'1062-5:'CA'1062,13:'CA'1094-15:'CA'1096,23:'CA'1076-23:'CA'1076

	G~G...A~C
	G~U...A~C

#  Matched base-pairing interactions: 
	<G(0:)-C(12:) cis W/W>                         MATCHES	<G(5:'CA'1062)-C(23:'CA'1076) cis W/W>
	<G(1:)-A(11:) trans S/H>                       MATCHES	<U(13:'CA'1094)-A(15:'CA'1096) cis -/->
#  Matched base-stacking interactions: 

>>>>>>>>>>   ALIGNMENT ENDS   >>>>>>>>>>

<<<<<<<<<<  ALIGNMENT BEGINS  <<<<<<<<<<

#  Aligning k-turn_consensus and 5j7l_CA:1264-1270_2009-2012_744-749:
#  Alignment score:  13.8
#  P-value:  1.000e+00
#  Query aligned region: 0-1,11-12
#  Target aligned region: 4:'CA'1269-5:'CA'1270,7:'CA'2010-8:'CA'2011

	GG...AC
	AC...GU

#  Matched base-pairing interactions: 
	<G(1:)-A(11:) trans S/H>                       MATCHES	<C(5:'CA'1270)-G(7:'CA'2010) cis W/W>
	<G(0:)-C(12:) cis W/W>                         MATCHES	<A(4:'CA'1269)-U(8:'CA'2011) cis W/W>
#  Matched base-stacking interactions: 

>>>>>>>>>>   ALIGNMENT ENDS   >>>>>>>>>>

<<<<<<<<<<  ALIGNMENT BEGINS  <<<<<<<<<<

#  Aligning k-turn_consensus and 5j7l_CA:1197-1205_1239-1248_441-443:
#  Alignment score:  13.8
#  P-value:  1.000e+00
#  Query aligned region: 0-1,11-12
#  Target aligned region: 4:'CA'1202-5:'CA'1203,11:'CA'1242-12:'CA'1243

	GG...AC
	GU...UC

#  Matched base-pairing interactions: 
	<G(1:)-A(11:) trans S/H>                       MATCHES	<U(5:'CA'1203)-U(11:'CA'1242) cis W/W>
	<G(0:)-C(12:) cis W/W>                         MATCHES	<G(4:'CA'1202)-C(12:'CA'1243) cis W/W>
#  Matched base-stacking interactions: 

>>>>>>>>>>   ALIGNMENT ENDS   >>>>>>>>>>

<<<<<<<<<<  ALIGNMENT BEGINS  <<<<<<<<<<

#  Aligning k-turn_consensus and 5j7l_CA:316-318_326-335_304-311:
#  Alignment score:  13.8
#  P-value:  1.000e+00
#  Query aligned region: 0-1,11-12
#  Target aligned region: 0:'CA'317-1:'CA'318,9:'CA'333-10:'CA'334

	GG...AC
	GC...GC

#  Matched base-pairing interactions: 
	<G(1:)-A(11:) trans S/H>                       MATCHES	<C(1:'CA'318)-G(9:'CA'333) cis W/W>
	<G(0:)-C(12:) cis W/W>                         MATCHES	<G(0:'CA'317)-C(10:'CA'334) cis W/W>
#  Matched base-stacking interactions: 

>>>>>>>>>>   ALIGNMENT ENDS   >>>>>>>>>>

<<<<<<<<<<  ALIGNMENT BEGINS  <<<<<<<<<<

#  Aligning k-turn_consensus and 5j7l_CA:894-903_873-879:
#  Alignment score:  13.6
#  P-value:  1.000e+00
#  Query aligned region: 0-1,11-12
#  Target aligned region: 3:'CA'898-4:'CA'899,14:'CA'878-15:'CA'879

	GG...AC
	CA...AG

#  Matched base-pairing interactions: 
	<G(1:)-A(11:) trans S/H>                       MATCHES	<A(4:'CA'899)-A(14:'CA'878) cis -/->
	<G(0:)-C(12:) cis W/W>                         MATCHES	<C(3:'CA'898)-G(15:'CA'879) cis W/W>
#  Matched base-stacking interactions: 

>>>>>>>>>>   ALIGNMENT ENDS   >>>>>>>>>>

<<<<<<<<<<  ALIGNMENT BEGINS  <<<<<<<<<<

#  Aligning k-turn_consensus and 5j7l_CA:2085-2092_2224-2233_1852-1853:
#  Alignment score:  13.6
#  P-value:  1.000e+00
#  Query aligned region: 0-1,11-12
#  Target aligned region: 5:'CA'2091-6:'CA'2092,10:'CA'2227-11:'CA'2228

	GG...AC
	CU...AG

#  Matched base-pairing interactions: 
	<G(1:)-A(11:) trans S/H>                       MATCHES	<U(6:'CA'2092)-A(10:'CA'2227) trans H/H>
	<G(0:)-C(12:) cis W/W>                         MATCHES	<C(5:'CA'2091)-G(11:'CA'2228) cis W/W>
#  Matched base-stacking interactions: 

>>>>>>>>>>   ALIGNMENT ENDS   >>>>>>>>>>

<<<<<<<<<<  ALIGNMENT BEGINS  <<<<<<<<<<

#  Aligning k-turn_consensus and 5j7l_CA:273-284_355-362:
#  Alignment score:  13.4
#  P-value:  1.000e+00
#  Query aligned region: 0-1,11-12
#  Target aligned region: 0:'CA'274-1:'CA'275,18:'CA'362-19:'CA'363

	GG...AC
	CC...AG

#  Matched base-pairing interactions: 
	<G(1:)-A(11:) trans S/H>                       MATCHES	<C(1:'CA'275)-A(18:'CA'362) cis W/W>
	<G(0:)-C(12:) cis W/W>                         MATCHES	<C(0:'CA'274)-G(19:'CA'363) cis W/W>
#  Matched base-stacking interactions: 

>>>>>>>>>>   ALIGNMENT ENDS   >>>>>>>>>>

<<<<<<<<<<  ALIGNMENT BEGINS  <<<<<<<<<<

#  Aligning k-turn_consensus and 5j7l_CA:1765-1769_1943-1958_1981-1986:
#  Alignment score:  13.2
#  P-value:  1.000e+00
#  Query aligned region: 0-1,11-12
#  Target aligned region: 4:'CA'1770-4:'CA'1770,12:'CA'1951-14:'CA'1953,21:'CA'1982-21:'CA'1982

	G~G...A~C
	G~U...A~U

#  Matched base-pairing interactions: 
	<G(0:)-C(12:) cis W/W>                         MATCHES	<G(4:'CA'1770)-U(21:'CA'1982) cis W/W>
	<G(1:)-A(11:) trans S/H>                       MATCHES	<U(12:'CA'1951)-A(14:'CA'1953) cis -/->
#  Matched base-stacking interactions: 

>>>>>>>>>>   ALIGNMENT ENDS   >>>>>>>>>>

<<<<<<<<<<  ALIGNMENT BEGINS  <<<<<<<<<<

#  Aligning k-turn_consensus and 5j7l_CA:1167-1181:
#  Alignment score:  13
#  P-value:  1.000e+00
#  Query aligned region: 0-1,11-12
#  Target aligned region: 2:'CA'1170-12:'CA'1180

	GG...AC
	CG...GU

#  Matched base-pairing interactions: 
	<G(1:)-A(11:) trans S/H>                       MATCHES	<G(3:'CA'1171)-G(11:'CA'1179) trans S/H>
	<G(0:)-C(12:) cis W/W>                         MATCHES	<C(2:'CA'1170)-U(12:'CA'1180) cis W/W>
#  Matched base-stacking interactions: 

>>>>>>>>>>   ALIGNMENT ENDS   >>>>>>>>>>

<<<<<<<<<<  ALIGNMENT BEGINS  <<<<<<<<<<

#  Aligning k-turn_consensus and 5j7l_CA:2750-2757_2745-2749_1048-1049:
#  Alignment score:  13
#  P-value:  1.000e+00
#  Query aligned region: 0-1,11-12
#  Target aligned region: 0:'CA'2751-1:'CA'2752,12:'CA'2750-12:'CA'2750,13:'CA'1049-13:'CA'1049

	GG...A~C
	GC...A~C

#  Matched base-pairing interactions: 
	<G(1:)-A(11:) trans S/H>                       MATCHES	<C(1:'CA'2752)-A(12:'CA'2750) trans W/S>
	<G(0:)-C(12:) cis W/W>                         MATCHES	<G(0:'CA'2751)-C(13:'CA'1049) cis W/W>
#  Matched base-stacking interactions: 

>>>>>>>>>>   ALIGNMENT ENDS   >>>>>>>>>>

<<<<<<<<<<  ALIGNMENT BEGINS  <<<<<<<<<<

#  Aligning k-turn_consensus and 5j7l_CA:471-472_441-457_31-36:
#  Alignment score:  12.9
#  P-value:  1.000e+00
#  Query aligned region: 0-4,5-12
#  Target aligned region: 2:'CA'442-14:'CA'454,19:'CA'32-24:'CA'37

	G-GG-A--G...C~GAAG-AAC
	GACCGAUAG...A~C--CUGGC

#  Matched base-pairing interactions: 
	<A(3:)-G(6:) trans S/S>                        MATCHES	<A(7:'CA'447)-C(19:'CA'32) cis -/->
	<G(4:)-A(10:) trans S/S>                       MATCHES	<G(10:'CA'450)-G(22:'CA'35) trans S/S>
	<G(2:)-A(10:) trans S/H>                       MATCHES	<C(5:'CA'445)-G(22:'CA'35) cis W/W>
	<G(4:)-C(5:) cis W/W>                          MATCHES	<G(10:'CA'450)-A(14:'CA'454) cis -/->
	<A(3:)-G(9:) trans H/S>                        MATCHES	<A(7:'CA'447)-C(20:'CA'33) trans H/W>
	<G(0:)-C(12:) cis W/W>                         MATCHES	<G(2:'CA'442)-C(24:'CA'37) cis W/W>
	<G(1:)-A(11:) trans S/H>                       MATCHES	<C(4:'CA'444)-G(23:'CA'36) cis W/W>
#  Matched base-stacking interactions: 

>>>>>>>>>>   ALIGNMENT ENDS   >>>>>>>>>>

<<<<<<<<<<  ALIGNMENT BEGINS  <<<<<<<<<<

#  Aligning k-turn_consensus and 5j7l_CA:1808-1810_1368-1375_1354-1361:
#  Alignment score:  12.8
#  P-value:  1.000e+00
#  Query aligned region: 0-1,11-12
#  Target aligned region: 4:'CA'1370-5:'CA'1371,16:'CA'1360-17:'CA'1361

	GG...AC
	CG...GG

#  Matched base-pairing interactions: 
	<G(1:)-A(11:) trans S/H>                       MATCHES	<G(5:'CA'1371)-G(16:'CA'1360) cis -/->
	<G(0:)-C(12:) cis W/W>                         MATCHES	<C(4:'CA'1370)-G(17:'CA'1361) cis W/W>
#  Matched base-stacking interactions: 

>>>>>>>>>>   ALIGNMENT ENDS   >>>>>>>>>>

<<<<<<<<<<  ALIGNMENT BEGINS  <<<<<<<<<<

#  Aligning k-turn_consensus and 5j7l_CA:798-806_2067-2069_672-677:
#  Alignment score:  12.4
#  P-value:  1.000e+00
#  Query aligned region: 0-1,11-12
#  Target aligned region: 7:'CA'806-8:'CA'807,12:'CA'673-13:'CA'674

	GG...AC
	CU...CG

#  Matched base-pairing interactions: 
	<G(1:)-A(11:) trans S/H>                       MATCHES	<U(8:'CA'807)-C(12:'CA'673) cis W/W>
	<G(0:)-C(12:) cis W/W>                         MATCHES	<C(7:'CA'806)-G(13:'CA'674) cis W/W>
#  Matched base-stacking interactions: 

>>>>>>>>>>   ALIGNMENT ENDS   >>>>>>>>>>

<<<<<<<<<<  ALIGNMENT BEGINS  <<<<<<<<<<

#  Aligning k-turn_consensus and 5j7l_CA:1054-1063_1081-1089_1073-1078:
#  Alignment score:  12.4
#  P-value:  1.000e+00
#  Query aligned region: 0-1,11-12
#  Target aligned region: 9:'CA'1064-9:'CA'1064,11:'CA'1083-13:'CA'1085,19:'CA'1074-19:'CA'1074

	G~G...A~C
	C~U...A~G

#  Matched base-pairing interactions: 
	<G(0:)-C(12:) cis W/W>                         MATCHES	<C(9:'CA'1064)-G(19:'CA'1074) cis W/W>
	<G(1:)-A(11:) trans S/H>                       MATCHES	<U(11:'CA'1083)-A(13:'CA'1085) cis -/->
#  Matched base-stacking interactions: 

>>>>>>>>>>   ALIGNMENT ENDS   >>>>>>>>>>

<<<<<<<<<<  ALIGNMENT BEGINS  <<<<<<<<<<

#  Aligning k-turn_consensus and 5j7l_CA:998-1007_1008-1012_1149-1154:
#  Alignment score:  12.4
#  P-value:  1.000e+00
#  Query aligned region: 0-1,11-12
#  Target aligned region: 3:'CA'1002-4:'CA'1003,11:'CA'1010-11:'CA'1010,18:'CA'1153-18:'CA'1153

	GG...A~C
	GG...A~C

#  Matched base-pairing interactions: 
	<G(0:)-C(12:) cis W/W>                         MATCHES	<G(3:'CA'1002)-C(18:'CA'1153) cis W/W>
	<G(1:)-A(11:) trans S/H>                       MATCHES	<G(4:'CA'1003)-A(11:'CA'1010) trans S/S>
#  Matched base-stacking interactions: 

>>>>>>>>>>   ALIGNMENT ENDS   >>>>>>>>>>

<<<<<<<<<<  ALIGNMENT BEGINS  <<<<<<<<<<

#  Aligning k-turn_consensus and 5j7l_CA:2454-2459_2489-2499_2248-2251:
#  Alignment score:  12.2
#  P-value:  1.000e+00
#  Query aligned region: 0-1,11-12
#  Target aligned region: 0:'CA'2455-1:'CA'2456,11:'CA'2495-12:'CA'2496

	GG...AC
	GC...GC

#  Matched base-pairing interactions: 
	<G(1:)-A(11:) trans S/H>                       MATCHES	<C(1:'CA'2456)-G(11:'CA'2495) cis W/W>
	<G(0:)-C(12:) cis W/W>                         MATCHES	<G(0:'CA'2455)-C(12:'CA'2496) cis W/W>
#  Matched base-stacking interactions: 

>>>>>>>>>>   ALIGNMENT ENDS   >>>>>>>>>>

<<<<<<<<<<  ALIGNMENT BEGINS  <<<<<<<<<<

#  Aligning k-turn_consensus and 5j7l_CA:2518-2524_2739-2741_2538-2544:
#  Alignment score:  12.2
#  P-value:  1.000e+00
#  Query aligned region: 0-1,11-12
#  Target aligned region: 4:'CA'2523-5:'CA'2524,7:'CA'2740-7:'CA'2740,11:'CA'2540-11:'CA'2540

	GG...A~C
	GG...A~C

#  Matched base-pairing interactions: 
	<G(0:)-C(12:) cis W/W>                         MATCHES	<G(4:'CA'2523)-C(11:'CA'2540) cis W/W>
	<G(1:)-A(11:) trans S/H>                       MATCHES	<G(5:'CA'2524)-A(7:'CA'2740) cis -/->
#  Matched base-stacking interactions: 

>>>>>>>>>>   ALIGNMENT ENDS   >>>>>>>>>>

<<<<<<<<<<  ALIGNMENT BEGINS  <<<<<<<<<<

#  Aligning k-turn_consensus and 5j7l_CA:1466-1473_1516-1524_1401-1402:
#  Alignment score:  12.2
#  P-value:  1.000e+00
#  Query aligned region: 0-1,11-12
#  Target aligned region: 0:'CA'1467-1:'CA'1468,15:'CA'1524-16:'CA'1525

	GG...AC
	UU...GA

#  Matched base-pairing interactions: 
	<G(1:)-A(11:) trans S/H>                       MATCHES	<U(1:'CA'1468)-G(15:'CA'1524) cis W/W>
	<G(0:)-C(12:) cis W/W>                         MATCHES	<U(0:'CA'1467)-A(16:'CA'1525) cis W/W>
#  Matched base-stacking interactions: 

>>>>>>>>>>   ALIGNMENT ENDS   >>>>>>>>>>

<<<<<<<<<<  ALIGNMENT BEGINS  <<<<<<<<<<

#  Aligning k-turn_consensus and 5j7l_CA:2267-2275_856-859_2263-2266:
#  Alignment score:  12.2
#  P-value:  1.000e+00
#  Query aligned region: 0-1,11-12
#  Target aligned region: 8:'CA'2276-8:'CA'2276,11:'CA'859-12:'CA'860,13:'CA'2264-13:'CA'2264

	G~G...A~C
	G~G...U~C

#  Matched base-pairing interactions: 
	<G(0:)-C(12:) cis W/W>                         MATCHES	<G(8:'CA'2276)-C(13:'CA'2264) cis W/W>
	<G(1:)-A(11:) trans S/H>                       MATCHES	<G(11:'CA'859)-U(12:'CA'860) cis S/H>
#  Matched base-stacking interactions: 

>>>>>>>>>>   ALIGNMENT ENDS   >>>>>>>>>>

<<<<<<<<<<  ALIGNMENT BEGINS  <<<<<<<<<<

#  Aligning k-turn_consensus and 5j7l_CA:2406-2410_411-415_1862-1879:
#  Alignment score:  12.2
#  P-value:  1.000e+00
#  Query aligned region: 0-1,11-12
#  Target aligned region: 14:'CA'1867-21:'CA'1874

	GG...AC
	GC...GC

#  Matched base-pairing interactions: 
	<G(1:)-A(11:) trans S/H>                       MATCHES	<C(15:'CA'1868)-G(20:'CA'1873) cis W/W>
	<G(0:)-C(12:) cis W/W>                         MATCHES	<G(14:'CA'1867)-C(21:'CA'1874) cis W/W>
#  Matched base-stacking interactions: 

>>>>>>>>>>   ALIGNMENT ENDS   >>>>>>>>>>

<<<<<<<<<<  ALIGNMENT BEGINS  <<<<<<<<<<

#  Aligning k-turn_consensus and 5j7l_CA:1576-1586_1493-1495_1414-1420:
#  Alignment score:  12.2
#  P-value:  1.000e+00
#  Query aligned region: 0-1,11-12
#  Target aligned region: 4:'CA'1581-5:'CA'1582,15:'CA'1416-16:'CA'1417

	GG...AC
	GC...GC

#  Matched base-pairing interactions: 
	<G(1:)-A(11:) trans S/H>                       MATCHES	<C(5:'CA'1582)-G(15:'CA'1416) cis W/W>
	<G(0:)-C(12:) cis W/W>                         MATCHES	<G(4:'CA'1581)-C(16:'CA'1417) cis W/W>
#  Matched base-stacking interactions: 

>>>>>>>>>>   ALIGNMENT ENDS   >>>>>>>>>>

<<<<<<<<<<  ALIGNMENT BEGINS  <<<<<<<<<<

#  Aligning k-turn_consensus and 5j7l_CA:2718-2726_1659-1663_2682-2690:
#  Alignment score:  12.2
#  P-value:  1.000e+00
#  Query aligned region: 1-1,11-11
#  Target aligned region: 9:'CA'1660-9:'CA'1660,20:'CA'2689-20:'CA'2689

	G...A
	G...U

#  Matched base-pairing interactions: 
	<G(1:)-A(11:) trans S/H>                       MATCHES	<G(9:'CA'1660)-U(20:'CA'2689) trans S/H>
#  Matched base-stacking interactions: 

>>>>>>>>>>   ALIGNMENT ENDS   >>>>>>>>>>

<<<<<<<<<<  ALIGNMENT BEGINS  <<<<<<<<<<

#  Aligning k-turn_consensus and 5j7l_CA:2074-2085_1888-1890_2232-2240:
#  Alignment score:  12
#  P-value:  1.000e+00
#  Query aligned region: 0-1,11-12
#  Target aligned region: 8:'CA'2083-8:'CA'2083,14:'CA'1891-14:'CA'1891,17:'CA'2235-18:'CA'2236

	G~G...AC
	G~G...GU

#  Matched base-pairing interactions: 
	<G(0:)-C(12:) cis W/W>                         MATCHES	<G(8:'CA'2083)-U(18:'CA'2236) cis W/W>
	<G(1:)-A(11:) trans S/H>                       MATCHES	<G(14:'CA'1891)-G(17:'CA'2235) cis S/S>
#  Matched base-stacking interactions: 

>>>>>>>>>>   ALIGNMENT ENDS   >>>>>>>>>>

<<<<<<<<<<  ALIGNMENT BEGINS  <<<<<<<<<<

#  Aligning k-turn_consensus and 5j7l_CA:2693-2700_2705-2714_1751-1759:
#  Alignment score:  11.8
#  P-value:  1.000e+00
#  Query aligned region: 0-1,11-12
#  Target aligned region: 18:'CA'1752-22:'CA'1756

	GG...AC
	CG...AG

#  Matched base-pairing interactions: 
	<G(1:)-A(11:) trans S/H>                       MATCHES	<G(19:'CA'1753)-A(21:'CA'1755) cis -/->
	<G(0:)-C(12:) cis W/W>                         MATCHES	<C(18:'CA'1752)-G(22:'CA'1756) cis W/W>
#  Matched base-stacking interactions: 

>>>>>>>>>>   ALIGNMENT ENDS   >>>>>>>>>>

<<<<<<<<<<  ALIGNMENT BEGINS  <<<<<<<<<<

#  Aligning k-turn_consensus and 5j7l_CA:1255-1261_1251-1254_576-585:
#  Alignment score:  11.8
#  P-value:  1.000e+00
#  Query aligned region: 0-1,11-12
#  Target aligned region: 5:'CA'1261-5:'CA'1261,7:'CA'1252-7:'CA'1252,12:'CA'578-13:'CA'579

	G~G...AC
	C~G...GG

#  Matched base-pairing interactions: 
	<G(0:)-C(12:) cis W/W>                         MATCHES	<C(5:'CA'1261)-G(13:'CA'579) cis W/W>
	<G(1:)-A(11:) trans S/H>                       MATCHES	<G(7:'CA'1252)-G(12:'CA'578) cis W/S>
#  Matched base-stacking interactions: 

>>>>>>>>>>   ALIGNMENT ENDS   >>>>>>>>>>

<<<<<<<<<<  ALIGNMENT BEGINS  <<<<<<<<<<

#  Aligning k-turn_consensus and 5j7l_CA:2348-2349_646-652_636-645:
#  Alignment score:  11.8
#  P-value:  1.000e+00
#  Query aligned region: 0-1,11-12
#  Target aligned region: 5:'CA'650-6:'CA'651,9:'CA'637-10:'CA'638

	GG...AC
	CG...AG

#  Matched base-pairing interactions: 
	<G(1:)-A(11:) trans S/H>                       MATCHES	<G(6:'CA'651)-A(9:'CA'637) cis -/->
	<G(0:)-C(12:) cis W/W>                         MATCHES	<C(5:'CA'650)-G(10:'CA'638) cis W/W>
#  Matched base-stacking interactions: 

>>>>>>>>>>   ALIGNMENT ENDS   >>>>>>>>>>

<<<<<<<<<<  ALIGNMENT BEGINS  <<<<<<<<<<

#  Aligning k-turn_consensus and 5j7l_CA:2074-2086_1852-1853_2231-2240:
#  Alignment score:  11.8
#  P-value:  1.000e+00
#  Query aligned region: 0-1,11-12
#  Target aligned region: 10:'CA'2085-11:'CA'2086,16:'CA'2233-17:'CA'2234

	GG...AC
	UU...UG

#  Matched base-pairing interactions: 
	<G(1:)-A(11:) trans S/H>                       MATCHES	<U(11:'CA'2086)-U(16:'CA'2233) cis W/W>
	<G(0:)-C(12:) cis W/W>                         MATCHES	<U(10:'CA'2085)-G(17:'CA'2234) cis W/W>
#  Matched base-stacking interactions: 

>>>>>>>>>>   ALIGNMENT ENDS   >>>>>>>>>>

<<<<<<<<<<  ALIGNMENT BEGINS  <<<<<<<<<<

#  Aligning k-turn_consensus and 5j7l_CA:1101-1106_1052-1056_1083-1086:
#  Alignment score:  11.7
#  P-value:  1.000e+00
#  Query aligned region: 0-1,11-12
#  Target aligned region: 0:'CA'1102-1:'CA'1103,9:'CA'1056-9:'CA'1056,14:'CA'1087-14:'CA'1087

	GG...A~C
	CA...G~G

#  Matched base-pairing interactions: 
	<G(0:)-C(12:) cis W/W>                         MATCHES	<C(0:'CA'1102)-G(14:'CA'1087) cis W/W>
	<G(1:)-A(11:) trans S/H>                       MATCHES	<A(1:'CA'1103)-G(9:'CA'1056) trans H/S>
#  Matched base-stacking interactions: 

>>>>>>>>>>   ALIGNMENT ENDS   >>>>>>>>>>

<<<<<<<<<<  ALIGNMENT BEGINS  <<<<<<<<<<

#  Aligning k-turn_consensus and 5j7l_CA:1640-1645_1273-1274_1294-1302:
#  Alignment score:  11.6
#  P-value:  1.000e+00
#  Query aligned region: 0-1,11-12
#  Target aligned region: 4:'CA'1645-5:'CA'1646,7:'CA'1275-7:'CA'1275,8:'CA'1295-8:'CA'1295

	GG...A~C
	GC...A~C

#  Matched base-pairing interactions: 
	<G(1:)-A(11:) trans S/H>                       MATCHES	<C(5:'CA'1646)-A(7:'CA'1275) cis -/->
	<G(0:)-C(12:) cis W/W>                         MATCHES	<G(4:'CA'1645)-C(8:'CA'1295) cis W/W>
#  Matched base-stacking interactions: 

>>>>>>>>>>   ALIGNMENT ENDS   >>>>>>>>>>

<<<<<<<<<<  ALIGNMENT BEGINS  <<<<<<<<<<

#  Aligning k-turn_consensus and 5j7l_CA:411-415_2406-2414_2400-2404:
#  Alignment score:  11.6
#  P-value:  1.000e+00
#  Query aligned region: 0-1,11-12
#  Target aligned region: 11:'CA'2413-12:'CA'2414,16:'CA'2403-17:'CA'2404

	GG...AC
	GG...CU

#  Matched base-pairing interactions: 
	<G(1:)-A(11:) trans S/H>                       MATCHES	<G(12:'CA'2414)-C(16:'CA'2403) cis W/W>
	<G(0:)-C(12:) cis W/W>                         MATCHES	<G(11:'CA'2413)-U(17:'CA'2404) cis W/W>
#  Matched base-stacking interactions: 

>>>>>>>>>>   ALIGNMENT ENDS   >>>>>>>>>>

<<<<<<<<<<  ALIGNMENT BEGINS  <<<<<<<<<<

#  Aligning k-turn_consensus and 5j7l_CA:602-610_616-624_258-260:
#  Alignment score:  11.4
#  P-value:  1.000e+00
#  Query aligned region: 0-1,11-12
#  Target aligned region: 7:'CA'610-8:'CA'611,9:'CA'617-10:'CA'618

	GG...AC
	CC...GG

#  Matched base-pairing interactions: 
	<G(1:)-A(11:) trans S/H>                       MATCHES	<C(8:'CA'611)-G(9:'CA'617) cis W/W>
	<G(0:)-C(12:) cis W/W>                         MATCHES	<C(7:'CA'610)-G(10:'CA'618) cis W/W>
#  Matched base-stacking interactions: 

>>>>>>>>>>   ALIGNMENT ENDS   >>>>>>>>>>

<<<<<<<<<<  ALIGNMENT BEGINS  <<<<<<<<<<

#  Aligning k-turn_consensus and 5j7l_CA:288-294_78-80_342-351:
#  Alignment score:  11.4
#  P-value:  1.000e+00
#  Query aligned region: 0-1,11-12
#  Target aligned region: 4:'CA'293-4:'CA'293,7:'CA'79-7:'CA'79,13:'CA'346-14:'CA'347

	G~G...AC
	U~C...AA

#  Matched base-pairing interactions: 
	<G(0:)-C(12:) cis W/W>                         MATCHES	<U(4:'CA'293)-A(14:'CA'347) cis W/W>
	<G(1:)-A(11:) trans S/H>                       MATCHES	<C(7:'CA'79)-A(13:'CA'346) cis -/->
#  Matched base-stacking interactions: 

>>>>>>>>>>   ALIGNMENT ENDS   >>>>>>>>>>

<<<<<<<<<<  ALIGNMENT BEGINS  <<<<<<<<<<

#  Aligning k-turn_consensus and 5j7l_CA:2717-2721_1995-1998_2685-2691:
#  Alignment score:  11.4
#  P-value:  1.000e+00
#  Query aligned region: 0-1,11-12
#  Target aligned region: 4:'CA'2722-4:'CA'2722,7:'CA'1998-7:'CA'1998,9:'CA'2686-10:'CA'2687

	G~G...AC
	G~A...GU

#  Matched base-pairing interactions: 
	<G(0:)-C(12:) cis W/W>                         MATCHES	<G(4:'CA'2722)-U(10:'CA'2687) cis W/W>
	<G(1:)-A(11:) trans S/H>                       MATCHES	<A(7:'CA'1998)-G(9:'CA'2686) cis -/->
#  Matched base-stacking interactions: 

>>>>>>>>>>   ALIGNMENT ENDS   >>>>>>>>>>

<<<<<<<<<<  ALIGNMENT BEGINS  <<<<<<<<<<

#  Aligning k-turn_consensus and 5j7l_CA:1335-1341_1384-1397_1311-1316:
#  Alignment score:  11.2
#  P-value:  1.000e+00
#  Query aligned region: 0-1,11-12
#  Target aligned region: 2:'CA'1338-2:'CA'1338,13:'CA'1391-15:'CA'1393,23:'CA'1314-23:'CA'1314

	G~G...A~C
	G~U...A~C

#  Matched base-pairing interactions: 
	<G(0:)-C(12:) cis W/W>                         MATCHES	<G(2:'CA'1338)-C(23:'CA'1314) cis W/W>
	<G(1:)-A(11:) trans S/H>                       MATCHES	<U(13:'CA'1391)-A(15:'CA'1393) cis -/->
#  Matched base-stacking interactions: 

>>>>>>>>>>   ALIGNMENT ENDS   >>>>>>>>>>

<<<<<<<<<<  ALIGNMENT BEGINS  <<<<<<<<<<

#  Aligning k-turn_consensus and 5j7l_CA:337-345_78-83_293-298:
#  Alignment score:  10.8
#  P-value:  1.000e+00
#  Query aligned region: 0-1,11-12
#  Target aligned region: 3:'CA'341-3:'CA'341,13:'CA'83-14:'CA'84,18:'CA'297-18:'CA'297

	G~G...A~C
	C~A...A~G

#  Matched base-pairing interactions: 
	<G(0:)-C(12:) cis W/W>                         MATCHES	<C(3:'CA'341)-G(18:'CA'297) cis W/W>
	<G(1:)-A(11:) trans S/H>                       MATCHES	<A(13:'CA'83)-A(14:'CA'84) cis -/->
#  Matched base-stacking interactions: 

>>>>>>>>>>   ALIGNMENT ENDS   >>>>>>>>>>

<<<<<<<<<<  ALIGNMENT BEGINS  <<<<<<<<<<

#  Aligning k-turn_consensus and 5j7l_CA:999-1003_1007-1015_1146-1154:
#  Alignment score:  10.8
#  P-value:  1.000e+00
#  Query aligned region: 0-1,11-12
#  Target aligned region: 4:'CA'1004-4:'CA'1004,8:'CA'1011-8:'CA'1011,17:'CA'1150-18:'CA'1151

	G~G...AC
	U~G...CA

#  Matched base-pairing interactions: 
	<G(0:)-C(12:) cis W/W>                         MATCHES	<U(4:'CA'1004)-A(18:'CA'1151) cis W/W>
	<G(1:)-A(11:) trans S/H>                       MATCHES	<G(8:'CA'1011)-C(17:'CA'1150) cis W/W>
#  Matched base-stacking interactions: 

>>>>>>>>>>   ALIGNMENT ENDS   >>>>>>>>>>

<<<<<<<<<<  ALIGNMENT BEGINS  <<<<<<<<<<

#  Aligning k-turn_consensus and 5j7l_CA:1337-1341_1601-1604_1308-1313:
#  Alignment score:  10.8
#  P-value:  1.000e+00
#  Query aligned region: 0-1,11-12
#  Target aligned region: 7:'CA'1604-8:'CA'1605,9:'CA'1309-10:'CA'1310

	GG...AC
	CC...GG

#  Matched base-pairing interactions: 
	<G(1:)-A(11:) trans S/H>                       MATCHES	<C(8:'CA'1605)-G(9:'CA'1309) cis W/W>
	<G(0:)-C(12:) cis W/W>                         MATCHES	<C(7:'CA'1604)-G(10:'CA'1310) cis W/W>
#  Matched base-stacking interactions: 

>>>>>>>>>>   ALIGNMENT ENDS   >>>>>>>>>>

<<<<<<<<<<  ALIGNMENT BEGINS  <<<<<<<<<<

#  Aligning k-turn_consensus and 5j7l_CA:2718-2727_1995-1998_2681-2688:
#  Alignment score:  10.6
#  P-value:  1.000e+00
#  Query aligned region: 0-1,11-12
#  Target aligned region: 6:'CA'2725-6:'CA'2725,10:'CA'1996-11:'CA'1997,16:'CA'2684-16:'CA'2684

	G~G...A~C
	A~C...C~U

#  Matched base-pairing interactions: 
	<G(0:)-C(12:) cis W/W>                         MATCHES	<A(6:'CA'2725)-U(16:'CA'2684) cis W/W>
	<G(1:)-A(11:) trans S/H>                       MATCHES	<C(10:'CA'1996)-C(11:'CA'1997) cis S/S>
#  Matched base-stacking interactions: 

>>>>>>>>>>   ALIGNMENT ENDS   >>>>>>>>>>

<<<<<<<<<<  ALIGNMENT BEGINS  <<<<<<<<<<

#  Aligning k-turn_consensus and 5j7l_CA:2556-2561_2546-2550_1949-1955:
#  Alignment score:  10.6
#  P-value:  1.000e+00
#  Query aligned region: 0-0,12-12
#  Target aligned region: 0:'CA'2557-0:'CA'2557,10:'CA'2551-10:'CA'2551

	G...C
	G...C

#  Matched base-pairing interactions: 
	<G(0:)-C(12:) cis W/W>                         MATCHES	<G(0:'CA'2557)-C(10:'CA'2551) cis W/W>
#  Matched base-stacking interactions: 

>>>>>>>>>>   ALIGNMENT ENDS   >>>>>>>>>>

<<<<<<<<<<  ALIGNMENT BEGINS  <<<<<<<<<<

#  Aligning k-turn_consensus and 5j7l_CA:2546-2550_1949-1955_2556-2561:
#  Alignment score:  10.6
#  P-value:  1.000e+00
#  Query aligned region: 0-1,11-12
#  Target aligned region: 0:'CA'2547-0:'CA'2547,7:'CA'1952-7:'CA'1952,15:'CA'2560-16:'CA'2561

	G~G...AC
	A~A...AU

#  Matched base-pairing interactions: 
	<G(0:)-C(12:) cis W/W>                         MATCHES	<A(0:'CA'2547)-U(16:'CA'2561) cis W/W>
	<G(1:)-A(11:) trans S/H>                       MATCHES	<A(7:'CA'1952)-A(15:'CA'2560) cis -/->
#  Matched base-stacking interactions: 

>>>>>>>>>>   ALIGNMENT ENDS   >>>>>>>>>>

<<<<<<<<<<  ALIGNMENT BEGINS  <<<<<<<<<<

#  Aligning k-turn_consensus and 5j7l_CA:66-74_53-59_110-115:
#  Alignment score:  10.6
#  P-value:  1.000e+00
#  Query aligned region: 0-0,12-12
#  Target aligned region: 9:'CA'54-9:'CA'54,21:'CA'116-21:'CA'116

	G...C
	G...C

#  Matched base-pairing interactions: 
	<G(0:)-C(12:) cis W/W>                         MATCHES	<G(9:'CA'54)-C(21:'CA'116) cis W/W>
#  Matched base-stacking interactions: 

>>>>>>>>>>   ALIGNMENT ENDS   >>>>>>>>>>

<<<<<<<<<<  ALIGNMENT BEGINS  <<<<<<<<<<

#  Aligning k-turn_consensus and 5j7l_CA:2752-2760_2742-2748:
#  Alignment score:  10.6
#  P-value:  1.000e+00
#  Query aligned region: 0-0,12-12
#  Target aligned region: 6:'CA'2759-6:'CA'2759,11:'CA'2745-11:'CA'2745

	G...C
	G...C

#  Matched base-pairing interactions: 
	<G(0:)-C(12:) cis W/W>                         MATCHES	<G(6:'CA'2759)-C(11:'CA'2745) cis W/W>
#  Matched base-stacking interactions: 

>>>>>>>>>>   ALIGNMENT ENDS   >>>>>>>>>>

<<<<<<<<<<  ALIGNMENT BEGINS  <<<<<<<<<<

#  Aligning k-turn_consensus and 5j7l_CA:2267-2268_857-866_908-918:
#  Alignment score:  10.6
#  P-value:  1.000e+00
#  Query aligned region: 0-0,12-12
#  Target aligned region: 6:'CA'862-6:'CA'862,18:'CA'915-18:'CA'915

	G...C
	G...C

#  Matched base-pairing interactions: 
	<G(0:)-C(12:) cis W/W>                         MATCHES	<G(6:'CA'862)-C(18:'CA'915) cis W/W>
#  Matched base-stacking interactions: 

>>>>>>>>>>   ALIGNMENT ENDS   >>>>>>>>>>

<<<<<<<<<<  ALIGNMENT BEGINS  <<<<<<<<<<

#  Aligning k-turn_consensus and 5j7l_CA:2890-2894_2786-2790_2804-2809:
#  Alignment score:  10.6
#  P-value:  1.000e+00
#  Query aligned region: 0-0,12-12
#  Target aligned region: 9:'CA'2791-9:'CA'2791,10:'CA'2805-10:'CA'2805

	G...C
	G...C

#  Matched base-pairing interactions: 
	<G(0:)-C(12:) cis W/W>                         MATCHES	<G(9:'CA'2791)-C(10:'CA'2805) cis W/W>
#  Matched base-stacking interactions: 

>>>>>>>>>>   ALIGNMENT ENDS   >>>>>>>>>>

<<<<<<<<<<  ALIGNMENT BEGINS  <<<<<<<<<<

#  Aligning k-turn_consensus and 5j7l_CA:737-744_751-757_748-750:
#  Alignment score:  10.6
#  P-value:  1.000e+00
#  Query aligned region: 0-0,12-12
#  Target aligned region: 0:'CA'738-0:'CA'738,14:'CA'758-14:'CA'758

	G...C
	G...C

#  Matched base-pairing interactions: 
	<G(0:)-C(12:) cis W/W>                         MATCHES	<G(0:'CA'738)-C(14:'CA'758) cis W/W>
#  Matched base-stacking interactions: 

>>>>>>>>>>   ALIGNMENT ENDS   >>>>>>>>>>

<<<<<<<<<<  ALIGNMENT BEGINS  <<<<<<<<<<

#  Aligning k-turn_consensus and 5j7l_CA:1348-1354_1375-1381_691-694:
#  Alignment score:  10.6
#  P-value:  1.000e+00
#  Query aligned region: 0-0,12-12
#  Target aligned region: 6:'CA'1355-6:'CA'1355,7:'CA'1376-7:'CA'1376

	G...C
	G...C

#  Matched base-pairing interactions: 
	<G(0:)-C(12:) cis W/W>                         MATCHES	<G(6:'CA'1355)-C(7:'CA'1376) cis W/W>
#  Matched base-stacking interactions: 

>>>>>>>>>>   ALIGNMENT ENDS   >>>>>>>>>>

<<<<<<<<<<  ALIGNMENT BEGINS  <<<<<<<<<<

#  Aligning k-turn_consensus and 5j7l_CA:570-575_561-567_2054-2062:
#  Alignment score:  10.6
#  P-value:  1.000e+00
#  Query aligned region: 0-1,11-12
#  Target aligned region: 4:'CA'575-5:'CA'576,9:'CA'565-10:'CA'566

	GG...AC
	AU...CU

#  Matched base-pairing interactions: 
	<G(1:)-A(11:) trans S/H>                       MATCHES	<U(5:'CA'576)-C(9:'CA'565) cis W/W>
	<G(0:)-C(12:) cis W/W>                         MATCHES	<A(4:'CA'575)-U(10:'CA'566) cis W/W>
#  Matched base-stacking interactions: 

>>>>>>>>>>   ALIGNMENT ENDS   >>>>>>>>>>

<<<<<<<<<<  ALIGNMENT BEGINS  <<<<<<<<<<

#  Aligning k-turn_consensus and 5j7l_CA:1195-1201_1243-1249_441-443:
#  Alignment score:  10.6
#  P-value:  1.000e+00
#  Query aligned region: 0-1,11-12
#  Target aligned region: 0:'CA'1196-1:'CA'1197,12:'CA'1249-13:'CA'1250

	GG...AC
	CG...UG

#  Matched base-pairing interactions: 
	<G(1:)-A(11:) trans S/H>                       MATCHES	<G(1:'CA'1197)-U(12:'CA'1249) cis -/->
	<G(0:)-C(12:) cis W/W>                         MATCHES	<C(0:'CA'1196)-G(13:'CA'1250) cis W/W>
#  Matched base-stacking interactions: 

>>>>>>>>>>   ALIGNMENT ENDS   >>>>>>>>>>

<<<<<<<<<<  ALIGNMENT BEGINS  <<<<<<<<<<

#  Aligning k-turn_consensus and 5j7l_CA:411-415_2410-2412_2403-2409:
#  Alignment score:  10.6
#  P-value:  1.000e+00
#  Query aligned region: 0-1,11-12
#  Target aligned region: 4:'CA'416-4:'CA'416,6:'CA'2412-6:'CA'2412,9:'CA'2405-11:'CA'2407

	G~G...A-C
	U~A...GAA

#  Matched base-pairing interactions: 
	<G(0:)-C(12:) cis W/W>                         MATCHES	<U(4:'CA'416)-A(11:'CA'2407) cis W/W>
	<G(1:)-A(11:) trans S/H>                       MATCHES	<A(6:'CA'2412)-G(9:'CA'2405) trans H/S>
#  Matched base-stacking interactions: 

>>>>>>>>>>   ALIGNMENT ENDS   >>>>>>>>>>

<<<<<<<<<<  ALIGNMENT BEGINS  <<<<<<<<<<

#  Aligning k-turn_consensus and 5j7l_CA:2410-2412_2403-2409_411-415:
#  Alignment score:  10.6
#  P-value:  1.000e+00
#  Query aligned region: 0-0,12-12
#  Target aligned region: 9:'CA'2410-9:'CA'2410,11:'CA'413-11:'CA'413

	G...C
	G...C

#  Matched base-pairing interactions: 
	<G(0:)-C(12:) cis W/W>                         MATCHES	<G(9:'CA'2410)-C(11:'CA'413) cis W/W>
#  Matched base-stacking interactions: 

>>>>>>>>>>   ALIGNMENT ENDS   >>>>>>>>>>

<<<<<<<<<<  ALIGNMENT BEGINS  <<<<<<<<<<

#  Aligning k-turn_consensus and 5j7l_CA:2326-2332_2334-2336_2384-2387:
#  Alignment score:  10.4
#  P-value:  1.000e+00
#  Query aligned region: 0-1,11-12
#  Target aligned region: 3:'CA'2330-4:'CA'2331,8:'CA'2336-8:'CA'2336,10:'CA'2385-10:'CA'2385

	GG...A~C
	GG...A~C

#  Matched base-pairing interactions: 
	<G(0:)-C(12:) cis W/W>                         MATCHES	<G(3:'CA'2330)-C(10:'CA'2385) cis W/W>
	<G(1:)-A(11:) trans S/H>                       MATCHES	<G(4:'CA'2331)-A(8:'CA'2336) trans S/S>
#  Matched base-stacking interactions: 

>>>>>>>>>>   ALIGNMENT ENDS   >>>>>>>>>>

<<<<<<<<<<  ALIGNMENT BEGINS  <<<<<<<<<<

#  Aligning k-turn_consensus and 5j7l_CA:2069-2076_2434-2442_674-676:
#  Alignment score:  10.4
#  P-value:  1.000e+00
#  Query aligned region: 0-1,11-12
#  Target aligned region: 4:'CA'2074-7:'CA'2077,8:'CA'2435-8:'CA'2435

	GG...A~C
	UU...A~A

#  Matched base-pairing interactions: 
	<G(1:)-A(11:) trans S/H>                       MATCHES	<U(5:'CA'2075)-A(7:'CA'2077) cis W/H>
	<G(0:)-C(12:) cis W/W>                         MATCHES	<U(4:'CA'2074)-A(8:'CA'2435) cis W/W>
#  Matched base-stacking interactions: 

>>>>>>>>>>   ALIGNMENT ENDS   >>>>>>>>>>

<<<<<<<<<<  ALIGNMENT BEGINS  <<<<<<<<<<

#  Aligning k-turn_consensus and 5j7l_CA:2540-2548_2559-2566_2516-2521:
#  Alignment score:  10.2
#  P-value:  1.000e+00
#  Query aligned region: 0-0,12-12
#  Target aligned region: 2:'CA'2543-2:'CA'2543,22:'CA'2522-22:'CA'2522

	G...C
	G...U

#  Matched base-pairing interactions: 
	<G(0:)-C(12:) cis W/W>                         MATCHES	<G(2:'CA'2543)-U(22:'CA'2522) cis W/W>
#  Matched base-stacking interactions: 

>>>>>>>>>>   ALIGNMENT ENDS   >>>>>>>>>>

<<<<<<<<<<  ALIGNMENT BEGINS  <<<<<<<<<<

#  Aligning k-turn_consensus and 5j7l_CA:1772-1775_1787-1793_1825-1828:
#  Alignment score:  10.2
#  P-value:  1.000e+00
#  Query aligned region: 0-0,12-12
#  Target aligned region: 8:'CA'1792-8:'CA'1792,12:'CA'1827-12:'CA'1827

	G...C
	G...U

#  Matched base-pairing interactions: 
	<G(0:)-C(12:) cis W/W>                         MATCHES	<G(8:'CA'1792)-U(12:'CA'1827) cis W/W>
#  Matched base-stacking interactions: 

>>>>>>>>>>   ALIGNMENT ENDS   >>>>>>>>>>

<<<<<<<<<<  ALIGNMENT BEGINS  <<<<<<<<<<

#  Aligning k-turn_consensus and 5j7l_CA:654-660_621-624_596-605:
#  Alignment score:  10.2
#  P-value:  1.000e+00
#  Query aligned region: 0-0,12-12
#  Target aligned region: 7:'CA'622-7:'CA'622,20:'CA'606-20:'CA'606

	G...C
	G...U

#  Matched base-pairing interactions: 
	<G(0:)-C(12:) cis W/W>                         MATCHES	<G(7:'CA'622)-U(20:'CA'606) cis W/W>
#  Matched base-stacking interactions: 

>>>>>>>>>>   ALIGNMENT ENDS   >>>>>>>>>>

<<<<<<<<<<  ALIGNMENT BEGINS  <<<<<<<<<<

#  Aligning k-turn_consensus and 5j7l_CA:1101-1106_1083-1086_1052-1056:
#  Alignment score:  10.2
#  P-value:  1.000e+00
#  Query aligned region: 0-1,11-12
#  Target aligned region: 2:'CA'1104-3:'CA'1105,6:'CA'1084-6:'CA'1084,12:'CA'1055-12:'CA'1055

	GG...A~C
	CU...A~G

#  Matched base-pairing interactions: 
	<G(0:)-C(12:) cis W/W>                         MATCHES	<C(2:'CA'1104)-G(12:'CA'1055) cis W/W>
	<G(1:)-A(11:) trans S/H>                       MATCHES	<U(3:'CA'1105)-A(6:'CA'1084) cis -/->
#  Matched base-stacking interactions: 

>>>>>>>>>>   ALIGNMENT ENDS   >>>>>>>>>>

<<<<<<<<<<  ALIGNMENT BEGINS  <<<<<<<<<<

#  Aligning k-turn_consensus and 5j7l_CA:2296-2303_2311-2321:
#  Alignment score:  10.2
#  P-value:  1.000e+00
#  Query aligned region: 0-0,12-12
#  Target aligned region: 7:'CA'2304-7:'CA'2304,8:'CA'2312-8:'CA'2312

	G...C
	G...U

#  Matched base-pairing interactions: 
	<G(0:)-C(12:) cis W/W>                         MATCHES	<G(7:'CA'2304)-U(8:'CA'2312) cis W/W>
#  Matched base-stacking interactions: 

>>>>>>>>>>   ALIGNMENT ENDS   >>>>>>>>>>

<<<<<<<<<<  ALIGNMENT BEGINS  <<<<<<<<<<

#  Aligning k-turn_consensus and 5j7l_CA:791-792_781-786_774-780:
#  Alignment score:  10.2
#  P-value:  1.000e+00
#  Query aligned region: 0-0,12-12
#  Target aligned region: 5:'CA'785-5:'CA'785,12:'CA'779-12:'CA'779

	G...C
	G...U

#  Matched base-pairing interactions: 
	<G(0:)-C(12:) cis W/W>                         MATCHES	<G(5:'CA'785)-U(12:'CA'779) cis W/W>
#  Matched base-stacking interactions: 

>>>>>>>>>>   ALIGNMENT ENDS   >>>>>>>>>>

<<<<<<<<<<  ALIGNMENT BEGINS  <<<<<<<<<<

#  Aligning k-turn_consensus and 5j7l_CA:421-422_370-378_394-405:
#  Alignment score:  10.2
#  P-value:  1.000e+00
#  Query aligned region: 0-0,12-12
#  Target aligned region: 6:'CA'375-6:'CA'375,15:'CA'399-15:'CA'399

	G...C
	G...U

#  Matched base-pairing interactions: 
	<G(0:)-C(12:) cis W/W>                         MATCHES	<G(6:'CA'375)-U(15:'CA'399) cis W/W>
#  Matched base-stacking interactions: 

>>>>>>>>>>   ALIGNMENT ENDS   >>>>>>>>>>

<<<<<<<<<<  ALIGNMENT BEGINS  <<<<<<<<<<

#  Aligning k-turn_consensus and 5j7l_CA:1318-1327_1282-1287_1328-1332:
#  Alignment score:  10
#  P-value:  1.000e+00
#  Query aligned region: 0-1,11-12
#  Target aligned region: 5:'CA'1324-5:'CA'1324,10:'CA'1283-13:'CA'1286,17:'CA'1330-17:'CA'1330

	G~G...A~C
	G~G...A~C

#  Matched base-pairing interactions: 
	<G(0:)-C(12:) cis W/W>                         MATCHES	<G(5:'CA'1324)-C(17:'CA'1330) cis W/W>
	<G(1:)-A(11:) trans S/H>                       MATCHES	<G(10:'CA'1283)-A(13:'CA'1286) cis -/->
#  Matched base-stacking interactions: 

>>>>>>>>>>   ALIGNMENT ENDS   >>>>>>>>>>

<<<<<<<<<<  ALIGNMENT BEGINS  <<<<<<<<<<

#  Aligning k-turn_consensus and 5j7l_CA:2882-2883_2814-2818_2826-2831:
#  Alignment score:  9.8
#  P-value:  1.000e+00
#  Query aligned region: 0-0,12-12
#  Target aligned region: 6:'CA'2819-6:'CA'2819,7:'CA'2827-7:'CA'2827

	G...C
	G...C

#  Matched base-pairing interactions: 
	<G(0:)-C(12:) cis W/W>                         MATCHES	<G(6:'CA'2819)-C(7:'CA'2827) cis W/W>
#  Matched base-stacking interactions: 

>>>>>>>>>>   ALIGNMENT ENDS   >>>>>>>>>>

<<<<<<<<<<  ALIGNMENT BEGINS  <<<<<<<<<<

#  Aligning k-turn_consensus and 5j7l_CA:1395-1403_1521-1524_1383-1388:
#  Alignment score:  9.8
#  P-value:  1.000e+00
#  Query aligned region: 0-0,12-12
#  Target aligned region: 2:'CA'1398-2:'CA'1398,18:'CA'1389-18:'CA'1389

	G...C
	C...G

#  Matched base-pairing interactions: 
	<G(0:)-C(12:) cis W/W>                         MATCHES	<C(2:'CA'1398)-G(18:'CA'1389) cis W/W>
#  Matched base-stacking interactions: 

>>>>>>>>>>   ALIGNMENT ENDS   >>>>>>>>>>

<<<<<<<<<<  ALIGNMENT BEGINS  <<<<<<<<<<

#  Aligning k-turn_consensus and 5j7l_CA:751-753_1270-1271_743-750:
#  Alignment score:  9.8
#  P-value:  1.000e+00
#  Query aligned region: 0-1,11-12
#  Target aligned region: 1:'CA'753-2:'CA'754,4:'CA'1272-4:'CA'1272,5:'CA'744-5:'CA'744

	GG...A~C
	AU...A~U

#  Matched base-pairing interactions: 
	<G(1:)-A(11:) trans S/H>                       MATCHES	<U(2:'CA'754)-A(4:'CA'1272) cis -/->
	<G(0:)-C(12:) cis W/W>                         MATCHES	<A(1:'CA'753)-U(5:'CA'744) cis W/W>
#  Matched base-stacking interactions: 

>>>>>>>>>>   ALIGNMENT ENDS   >>>>>>>>>>

<<<<<<<<<<  ALIGNMENT BEGINS  <<<<<<<<<<

#  Aligning k-turn_consensus and 5j7l_CA:2866-2875_2841-2847_2689-2691:
#  Alignment score:  9.8
#  P-value:  1.000e+00
#  Query aligned region: 0-0,12-12
#  Target aligned region: 7:'CA'2874-7:'CA'2874,11:'CA'2843-11:'CA'2843

	G...C
	C...G

#  Matched base-pairing interactions: 
	<G(0:)-C(12:) cis W/W>                         MATCHES	<C(7:'CA'2874)-G(11:'CA'2843) cis W/W>
#  Matched base-stacking interactions: 

>>>>>>>>>>   ALIGNMENT ENDS   >>>>>>>>>>

<<<<<<<<<<  ALIGNMENT BEGINS  <<<<<<<<<<

#  Aligning k-turn_consensus and 5j7l_CA:2384-2387_2334-2336_2326-2332:
#  Alignment score:  9.8
#  P-value:  1.000e+00
#  Query aligned region: 0-0,12-12
#  Target aligned region: 2:'CA'2387-2:'CA'2387,8:'CA'2328-8:'CA'2328

	G...C
	U...A

#  Matched base-pairing interactions: 
	<G(0:)-C(12:) cis W/W>                         MATCHES	<U(2:'CA'2387)-A(8:'CA'2328) cis W/W>
#  Matched base-stacking interactions: 

>>>>>>>>>>   ALIGNMENT ENDS   >>>>>>>>>>

<<<<<<<<<<  ALIGNMENT BEGINS  <<<<<<<<<<

#  Aligning k-turn_consensus and 5j7l_CA:1348-1354_1375-1381_769-770:
#  Alignment score:  9.8
#  P-value:  1.000e+00
#  Query aligned region: 0-0,12-12
#  Target aligned region: 0:'CA'1349-0:'CA'1349,13:'CA'1382-13:'CA'1382

	G...C
	C...G

#  Matched base-pairing interactions: 
	<G(0:)-C(12:) cis W/W>                         MATCHES	<C(0:'CA'1349)-G(13:'CA'1382) cis W/W>
#  Matched base-stacking interactions: 

>>>>>>>>>>   ALIGNMENT ENDS   >>>>>>>>>>

<<<<<<<<<<  ALIGNMENT BEGINS  <<<<<<<<<<

#  Aligning k-turn_consensus and 5j7l_CA:2864-2871_2844-2851_2689-2691:
#  Alignment score:  9.8
#  P-value:  1.000e+00
#  Query aligned region: 0-0,12-12
#  Target aligned region: 0:'CA'2865-0:'CA'2865,15:'CA'2852-15:'CA'2852

	G...C
	U...G

#  Matched base-pairing interactions: 
	<G(0:)-C(12:) cis W/W>                         MATCHES	<U(0:'CA'2865)-G(15:'CA'2852) cis W/W>
#  Matched base-stacking interactions: 

>>>>>>>>>>   ALIGNMENT ENDS   >>>>>>>>>>

<<<<<<<<<<  ALIGNMENT BEGINS  <<<<<<<<<<

#  Aligning k-turn_consensus and 5j7l_CA:2560-2570_2512-2521_2541-2546:
#  Alignment score:  9.8
#  P-value:  1.000e+00
#  Query aligned region: 0-0,12-12
#  Target aligned region: 10:'CA'2571-10:'CA'2571,11:'CA'2513-11:'CA'2513

	G...C
	U...A

#  Matched base-pairing interactions: 
	<G(0:)-C(12:) cis W/W>                         MATCHES	<U(10:'CA'2571)-A(11:'CA'2513) cis W/W>
#  Matched base-stacking interactions: 

>>>>>>>>>>   ALIGNMENT ENDS   >>>>>>>>>>

<<<<<<<<<<  ALIGNMENT BEGINS  <<<<<<<<<<

#  Aligning k-turn_consensus and 5j7l_CA:2321-2323_2334-2336_2330-2332:
#  Alignment score:  9.8
#  P-value:  1.000e+00
#  Query aligned region: 0-1,11-12
#  Target aligned region: 1:'CA'2323-2:'CA'2324,6:'CA'2331-7:'CA'2332

	GG...AC
	GU...GC

#  Matched base-pairing interactions: 
	<G(1:)-A(11:) trans S/H>                       MATCHES	<U(2:'CA'2324)-G(6:'CA'2331) cis W/W>
	<G(0:)-C(12:) cis W/W>                         MATCHES	<G(1:'CA'2323)-C(7:'CA'2332) cis W/W>
#  Matched base-stacking interactions: 

>>>>>>>>>>   ALIGNMENT ENDS   >>>>>>>>>>

<<<<<<<<<<  ALIGNMENT BEGINS  <<<<<<<<<<

#  Aligning k-turn_consensus and 5j7l_CA:1833-1841_1898-1905_1923-1930:
#  Alignment score:  9.8
#  P-value:  1.000e+00
#  Query aligned region: 0-0,12-12
#  Target aligned region: 16:'CA'1906-16:'CA'1906,17:'CA'1924-17:'CA'1924

	G...C
	G...C

#  Matched base-pairing interactions: 
	<G(0:)-C(12:) cis W/W>                         MATCHES	<G(16:'CA'1906)-C(17:'CA'1924) cis W/W>
#  Matched base-stacking interactions: 

>>>>>>>>>>   ALIGNMENT ENDS   >>>>>>>>>>

<<<<<<<<<<  ALIGNMENT BEGINS  <<<<<<<<<<

#  Aligning k-turn_consensus and 5j7l_CA:94-97_100-106_79-86:
#  Alignment score:  9.8
#  P-value:  1.000e+00
#  Query aligned region: 0-0,12-12
#  Target aligned region: 0:'CA'95-0:'CA'95,18:'CA'87-18:'CA'87

	G...C
	A...U

#  Matched base-pairing interactions: 
	<G(0:)-C(12:) cis W/W>                         MATCHES	<A(0:'CA'95)-U(18:'CA'87) cis W/W>
#  Matched base-stacking interactions: 

>>>>>>>>>>   ALIGNMENT ENDS   >>>>>>>>>>

<<<<<<<<<<  ALIGNMENT BEGINS  <<<<<<<<<<

#  Aligning k-turn_consensus and 5j7l_CA:471-472_31-36_441-457:
#  Alignment score:  9.8
#  P-value:  1.000e+00
#  Query aligned region: 0-0,12-12
#  Target aligned region: 1:'CA'473-1:'CA'473,2:'CA'32-2:'CA'32

	G...C
	G...C

#  Matched base-pairing interactions: 
	<G(0:)-C(12:) cis W/W>                         MATCHES	<G(1:'CA'473)-C(2:'CA'32) cis W/W>
#  Matched base-stacking interactions: 

>>>>>>>>>>   ALIGNMENT ENDS   >>>>>>>>>>

<<<<<<<<<<  ALIGNMENT BEGINS  <<<<<<<<<<

#  Aligning k-turn_consensus and 5j7l_CA:31-36_471-472_441-457:
#  Alignment score:  9.8
#  P-value:  1.000e+00
#  Query aligned region: 0-0,12-12
#  Target aligned region: 4:'CA'36-4:'CA'36,10:'CA'444-10:'CA'444

	G...C
	G...C

#  Matched base-pairing interactions: 
	<G(0:)-C(12:) cis W/W>                         MATCHES	<G(4:'CA'36)-C(10:'CA'444) cis W/W>
#  Matched base-stacking interactions: 

>>>>>>>>>>   ALIGNMENT ENDS   >>>>>>>>>>

<<<<<<<<<<  ALIGNMENT BEGINS  <<<<<<<<<<

#  Aligning k-turn_consensus and 5j7l_CA:2334-2336_2294-2302_2313-2321:
#  Alignment score:  9.8
#  P-value:  1.000e+00
#  Query aligned region: 0-0,12-12
#  Target aligned region: 7:'CA'2299-7:'CA'2299,15:'CA'2317-15:'CA'2317

	G...C
	U...A

#  Matched base-pairing interactions: 
	<G(0:)-C(12:) cis W/W>                         MATCHES	<U(7:'CA'2299)-A(15:'CA'2317) cis W/W>
#  Matched base-stacking interactions: 

>>>>>>>>>>   ALIGNMENT ENDS   >>>>>>>>>>

<<<<<<<<<<  ALIGNMENT BEGINS  <<<<<<<<<<

#  Aligning k-turn_consensus and 5j7l_CA:1816-1820_1797-1805_1810-1815:
#  Alignment score:  9.8
#  P-value:  1.000e+00
#  Query aligned region: 0-0,12-12
#  Target aligned region: 13:'CA'1806-13:'CA'1806,14:'CA'1811-14:'CA'1811

	G...C
	C...G

#  Matched base-pairing interactions: 
	<G(0:)-C(12:) cis W/W>                         MATCHES	<C(13:'CA'1806)-G(14:'CA'1811) cis W/W>
#  Matched base-stacking interactions: 

>>>>>>>>>>   ALIGNMENT ENDS   >>>>>>>>>>

<<<<<<<<<<  ALIGNMENT BEGINS  <<<<<<<<<<

#  Aligning k-turn_consensus and 5j7l_CA:958-962_953-956_2493-2495:
#  Alignment score:  9.8
#  P-value:  1.000e+00
#  Query aligned region: 0-0,12-12
#  Target aligned region: 4:'CA'963-4:'CA'963,5:'CA'954-5:'CA'954

	G...C
	U...G

#  Matched base-pairing interactions: 
	<G(0:)-C(12:) cis W/W>                         MATCHES	<U(4:'CA'963)-G(5:'CA'954) cis W/W>
#  Matched base-stacking interactions: 

>>>>>>>>>>   ALIGNMENT ENDS   >>>>>>>>>>

<<<<<<<<<<  ALIGNMENT BEGINS  <<<<<<<<<<

#  Aligning k-turn_consensus and 5j7l_CA:96-106_293-294_79-85:
#  Alignment score:  9.6
#  P-value:  1.000e+00
#  Query aligned region: 0-1,11-12
#  Target aligned region: 7:'CA'104-7:'CA'104,12:'CA'295-12:'CA'295,14:'CA'81-15:'CA'82

	G~G...AC
	A~G...GU

#  Matched base-pairing interactions: 
	<G(0:)-C(12:) cis W/W>                         MATCHES	<A(7:'CA'104)-U(15:'CA'82) cis W/W>
	<G(1:)-A(11:) trans S/H>                       MATCHES	<G(12:'CA'295)-G(14:'CA'81) trans S/S>
#  Matched base-stacking interactions: 

>>>>>>>>>>   ALIGNMENT ENDS   >>>>>>>>>>

<<<<<<<<<<  ALIGNMENT BEGINS  <<<<<<<<<<

#  Aligning k-turn_consensus and 5j7l_CA:2434-2442_674-676_2069-2076:
#  Alignment score:  9.4
#  P-value:  1.000e+00
#  Query aligned region: 0-1,11-12
#  Target aligned region: 6:'CA'2441-7:'CA'2442,10:'CA'676-10:'CA'676,12:'CA'2070-12:'CA'2070

	GG...A~C
	UC...A~A

#  Matched base-pairing interactions: 
	<G(0:)-C(12:) cis W/W>                         MATCHES	<U(6:'CA'2441)-A(12:'CA'2070) cis W/W>
	<G(1:)-A(11:) trans S/H>                       MATCHES	<C(7:'CA'2442)-A(10:'CA'676) cis S/S>
#  Matched base-stacking interactions: 

>>>>>>>>>>   ALIGNMENT ENDS   >>>>>>>>>>

<<<<<<<<<<  ALIGNMENT BEGINS  <<<<<<<<<<

#  Aligning k-turn_consensus and 5j7l_CA:2834-2841_2875-2882_2815-2820:
#  Alignment score:  9.4
#  P-value:  1.000e+00
#  Query aligned region: 0-0,12-12
#  Target aligned region: 4:'CA'2839-4:'CA'2839,10:'CA'2878-10:'CA'2878

	G...C
	G...U

#  Matched base-pairing interactions: 
	<G(0:)-C(12:) cis W/W>                         MATCHES	<G(4:'CA'2839)-U(10:'CA'2878) cis W/W>
#  Matched base-stacking interactions: 

>>>>>>>>>>   ALIGNMENT ENDS   >>>>>>>>>>

<<<<<<<<<<  ALIGNMENT BEGINS  <<<<<<<<<<

#  Aligning k-turn_consensus and 5j7l_CA:1075-1079_1056-1061_1086-1102:
#  Alignment score:  9.4
#  P-value:  1.000e+00
#  Query aligned region: 0-1,11-12
#  Target aligned region: 15:'CA'1091-25:'CA'1101

	GG...AC
	GC...CU

#  Matched base-pairing interactions: 
	<G(1:)-A(11:) trans S/H>                       MATCHES	<C(16:'CA'1092)-C(24:'CA'1100) cis W/W>
	<G(0:)-C(12:) cis W/W>                         MATCHES	<G(15:'CA'1091)-U(25:'CA'1101) cis W/W>
#  Matched base-stacking interactions: 

>>>>>>>>>>   ALIGNMENT ENDS   >>>>>>>>>>

<<<<<<<<<<  ALIGNMENT BEGINS  <<<<<<<<<<

#  Aligning k-turn_consensus and 5j7l_CA:1833-1841_1923-1930_1898-1905:
#  Alignment score:  9.4
#  P-value:  1.000e+00
#  Query aligned region: 0-1,11-12
#  Target aligned region: 6:'CA'1840-7:'CA'1841,19:'CA'1901-20:'CA'1902

	GG...AC
	GU...AC

#  Matched base-pairing interactions: 
	<G(1:)-A(11:) trans S/H>                       MATCHES	<U(7:'CA'1841)-A(19:'CA'1901) cis W/W>
	<G(0:)-C(12:) cis W/W>                         MATCHES	<G(6:'CA'1840)-C(20:'CA'1902) cis W/W>
#  Matched base-stacking interactions: 

>>>>>>>>>>   ALIGNMENT ENDS   >>>>>>>>>>

<<<<<<<<<<  ALIGNMENT BEGINS  <<<<<<<<<<

#  Aligning k-turn_consensus and 5j7l_CA:87-88_65-73_56-61:
#  Alignment score:  9.4
#  P-value:  1.000e+00
#  Query aligned region: 0-0,12-12
#  Target aligned region: 4:'CA'68-4:'CA'68,13:'CA'59-13:'CA'59

	G...C
	G...U

#  Matched base-pairing interactions: 
	<G(0:)-C(12:) cis W/W>                         MATCHES	<G(4:'CA'68)-U(13:'CA'59) cis W/W>
#  Matched base-stacking interactions: 

>>>>>>>>>>   ALIGNMENT ENDS   >>>>>>>>>>

<<<<<<<<<<  ALIGNMENT BEGINS  <<<<<<<<<<

#  Aligning k-turn_consensus and 5j7l_CA:676-683_793-801_189-191:
#  Alignment score:  9
#  P-value:  1.000e+00
#  Query aligned region: 0-0,12-12
#  Target aligned region: 6:'CA'683-6:'CA'683,8:'CA'794-8:'CA'794

	G...C
	U...A

#  Matched base-pairing interactions: 
	<G(0:)-C(12:) cis W/W>                         MATCHES	<U(6:'CA'683)-A(8:'CA'794) cis W/W>
#  Matched base-stacking interactions: 

>>>>>>>>>>   ALIGNMENT ENDS   >>>>>>>>>>

<<<<<<<<<<  ALIGNMENT BEGINS  <<<<<<<<<<

#  Aligning k-turn_consensus and 5j7l_CA:1435-1443_1547-1555_1514-1515:
#  Alignment score:  9
#  P-value:  1.000e+00
#  Query aligned region: 0-0,12-12
#  Target aligned region: 4:'CA'1440-4:'CA'1440,12:'CA'1551-12:'CA'1551

	G...C
	U...A

#  Matched base-pairing interactions: 
	<G(0:)-C(12:) cis W/W>                         MATCHES	<U(4:'CA'1440)-A(12:'CA'1551) cis W/W>
#  Matched base-stacking interactions: 

>>>>>>>>>>   ALIGNMENT ENDS   >>>>>>>>>>

<<<<<<<<<<  ALIGNMENT BEGINS  <<<<<<<<<<

#  Aligning k-turn_consensus and 5j7l_CA:1243-1249_1195-1201_441-443:
#  Alignment score:  9
#  P-value:  1.000e+00
#  Query aligned region: 0-0,12-12
#  Target aligned region: 3:'CA'1247-3:'CA'1247,9:'CA'1198-9:'CA'1198

	G...C
	A...U

#  Matched base-pairing interactions: 
	<G(0:)-C(12:) cis W/W>                         MATCHES	<A(3:'CA'1247)-U(9:'CA'1198) cis W/W>
#  Matched base-stacking interactions: 

>>>>>>>>>>   ALIGNMENT ENDS   >>>>>>>>>>

<<<<<<<<<<  ALIGNMENT BEGINS  <<<<<<<<<<

#  Aligning k-turn_consensus and 5j7l_CA:1633-1636_1629-1632_698-699:
#  Alignment score:  9
#  P-value:  1.000e+00
#  Query aligned region: 0-0,12-12
#  Target aligned region: 2:'CA'1636-2:'CA'1636,4:'CA'1630-4:'CA'1630

	G...C
	U...A

#  Matched base-pairing interactions: 
	<G(0:)-C(12:) cis W/W>                         MATCHES	<U(2:'CA'1636)-A(4:'CA'1630) cis W/W>
#  Matched base-stacking interactions: 

>>>>>>>>>>   ALIGNMENT ENDS   >>>>>>>>>>

<<<<<<<<<<  ALIGNMENT BEGINS  <<<<<<<<<<

#  Aligning k-turn_consensus and 5j7l_CA:819-822_965-973_942-951:
#  Alignment score:  9
#  P-value:  1.000e+00
#  Query aligned region: 0-0,12-12
#  Target aligned region: 9:'CA'971-9:'CA'971,16:'CA'946-16:'CA'946

	G...C
	G...C

#  Matched base-pairing interactions: 
	<G(0:)-C(12:) cis W/W>                         MATCHES	<G(9:'CA'971)-C(16:'CA'946) cis W/W>
#  Matched base-stacking interactions: 

>>>>>>>>>>   ALIGNMENT ENDS   >>>>>>>>>>

<<<<<<<<<<  ALIGNMENT BEGINS  <<<<<<<<<<

#  Aligning k-turn_consensus and 5j7l_CA:416-421_401-409_219-226:
#  Alignment score:  8.8
#  P-value:  1.000e+00
#  Query aligned region: 0-1,11-12
#  Target aligned region: 1:'CA'418-2:'CA'419,20:'CA'225-21:'CA'226

	GG...AC
	CU...CA

#  Matched base-pairing interactions: 
	<G(1:)-A(11:) trans S/H>                       MATCHES	<U(2:'CA'419)-C(20:'CA'225) cis -/->
	<G(0:)-C(12:) cis W/W>                         MATCHES	<C(1:'CA'418)-A(21:'CA'226) cis -/->
#  Matched base-stacking interactions: 

>>>>>>>>>>   ALIGNMENT ENDS   >>>>>>>>>>

<<<<<<<<<<  ALIGNMENT BEGINS  <<<<<<<<<<

#  Aligning k-turn_consensus and 5j7l_CA:1096-1103_1084-1093_1054-1059:
#  Alignment score:  8.8
#  P-value:  1.000e+00
#  Query aligned region: 0-1,11-12
#  Target aligned region: 0:'CA'1097-1:'CA'1098,16:'CA'1093-17:'CA'1094

	GG...AC
	UA...GU

#  Matched base-pairing interactions: 
	<G(1:)-A(11:) trans S/H>                       MATCHES	<A(1:'CA'1098)-G(16:'CA'1093) cis -/->
	<G(0:)-C(12:) cis W/W>                         MATCHES	<U(0:'CA'1097)-U(17:'CA'1094) cis -/->
#  Matched base-stacking interactions: 

>>>>>>>>>>   ALIGNMENT ENDS   >>>>>>>>>>

<<<<<<<<<<  ALIGNMENT BEGINS  <<<<<<<<<<

#  Aligning k-turn_consensus and 5j7l_CA:651-657_623-624_599-604:
#  Alignment score:  8.6
#  P-value:  1.000e+00
#  Query aligned region: 0-1,11-12
#  Target aligned region: 7:'CA'624-8:'CA'625,12:'CA'603-13:'CA'604

	GG...AC
	CG...AG

#  Matched base-pairing interactions: 
	<G(1:)-A(11:) trans S/H>                       MATCHES	<G(8:'CA'625)-A(12:'CA'603) cis -/->
	<G(0:)-C(12:) cis W/W>                         MATCHES	<C(7:'CA'624)-G(13:'CA'604) cis W/W>
#  Matched base-stacking interactions: 

>>>>>>>>>>   ALIGNMENT ENDS   >>>>>>>>>>

<<<<<<<<<<  ALIGNMENT BEGINS  <<<<<<<<<<

#  Aligning k-turn_consensus and 5j7l_CA:1273-1274_1640-1645_1294-1302:
#  Alignment score:  8.2
#  P-value:  1.000e+00
#  Query aligned region: 0-0,12-12
#  Target aligned region: 3:'CA'1642-3:'CA'1642,11:'CA'1298-11:'CA'1298

	G...C
	G...C

#  Matched base-pairing interactions: 
	<G(0:)-C(12:) cis W/W>                         MATCHES	<G(3:'CA'1642)-C(11:'CA'1298) cis W/W>
#  Matched base-stacking interactions: 

>>>>>>>>>>   ALIGNMENT ENDS   >>>>>>>>>>

<<<<<<<<<<  ALIGNMENT BEGINS  <<<<<<<<<<

#  Aligning k-turn_consensus and 5j7l_CA:2348-2349_636-645_646-652:
#  Alignment score:  8.2
#  P-value:  1.000e+00
#  Query aligned region: 0-1,11-12
#  Target aligned region: 6:'CA'641-9:'CA'644,12:'CA'647-12:'CA'647

	GG...A~C
	UU...A~G

#  Matched base-pairing interactions: 
	<G(0:)-C(12:) cis W/W>                         MATCHES	<U(6:'CA'641)-G(12:'CA'647) cis W/W>
	<G(1:)-A(11:) trans S/H>                       MATCHES	<U(7:'CA'642)-A(9:'CA'644) cis -/->
#  Matched base-stacking interactions: 

>>>>>>>>>>   ALIGNMENT ENDS   >>>>>>>>>>

<<<<<<<<<<  ALIGNMENT BEGINS  <<<<<<<<<<

#  Aligning k-turn_consensus and 5j7l_CA:2434-2442_2069-2076_674-676:
#  Alignment score:  7.4
#  P-value:  1.000e+00
#  Query aligned region: 0-0,12-12
#  Target aligned region: 3:'CA'2438-3:'CA'2438,10:'CA'2071-10:'CA'2071

	G...C
	U...A

#  Matched base-pairing interactions: 
	<G(0:)-C(12:) cis W/W>                         MATCHES	<U(3:'CA'2438)-A(10:'CA'2071) cis W/W>
#  Matched base-stacking interactions: 

>>>>>>>>>>   ALIGNMENT ENDS   >>>>>>>>>>

<<<<<<<<<<  ALIGNMENT BEGINS  <<<<<<<<<<

#  Aligning k-turn_consensus and 5j7l_CA:678-688_203-207_187-190:
#  Alignment score:  7.4
#  P-value:  1.000e+00
#  Query aligned region: 0-0,12-12
#  Target aligned region: 15:'CA'208-15:'CA'208,16:'CA'188-16:'CA'188

	G...C
	C...G

#  Matched base-pairing interactions: 
	<G(0:)-C(12:) cis W/W>                         MATCHES	<C(15:'CA'208)-G(16:'CA'188) cis W/W>
#  Matched base-stacking interactions: 

>>>>>>>>>>   ALIGNMENT ENDS   >>>>>>>>>>

<<<<<<<<<<  ALIGNMENT BEGINS  <<<<<<<<<<

#  Aligning k-turn_consensus and 5j7l_CA:2775-2786_2625-2635_8-9:
#  Alignment score:  7.4
#  P-value:  1.000e+00
#  Query aligned region: 0-0,12-12
#  Target aligned region: 6:'CA'2782-6:'CA'2782,22:'CA'2636-22:'CA'2636

	G...C
	G...C

#  Matched base-pairing interactions: 
	<G(0:)-C(12:) cis W/W>                         MATCHES	<G(6:'CA'2782)-C(22:'CA'2636) cis W/W>
#  Matched base-stacking interactions: 

>>>>>>>>>>   ALIGNMENT ENDS   >>>>>>>>>>

<<<<<<<<<<  ALIGNMENT BEGINS  <<<<<<<<<<

#  Aligning k-turn_consensus and 5j7l_CA:1929-1940_1962-1973_1832-1833:
#  Alignment score:  7.4
#  P-value:  1.000e+00
#  Query aligned region: 0-0,12-12
#  Target aligned region: 21:'CA'1972-21:'CA'1972,24:'CA'1833-24:'CA'1833

	G...C
	G...C

#  Matched base-pairing interactions: 
	<G(0:)-C(12:) cis W/W>                         MATCHES	<G(21:'CA'1972)-C(24:'CA'1833) cis W/W>
#  Matched base-stacking interactions: 

>>>>>>>>>>   ALIGNMENT ENDS   >>>>>>>>>>

<<<<<<<<<<  ALIGNMENT BEGINS  <<<<<<<<<<

#  Aligning k-turn_consensus and 5j7l_CA:1971-1973_1929-1944_1960-1968:
#  Alignment score:  7.4
#  P-value:  1.000e+00
#  Query aligned region: 0-0,12-12
#  Target aligned region: 18:'CA'1945-18:'CA'1945,19:'CA'1961-19:'CA'1961

	G...C
	G...C

#  Matched base-pairing interactions: 
	<G(0:)-C(12:) cis W/W>                         MATCHES	<G(18:'CA'1945)-C(19:'CA'1961) cis W/W>
#  Matched base-stacking interactions: 

>>>>>>>>>>   ALIGNMENT ENDS   >>>>>>>>>>

<<<<<<<<<<  ALIGNMENT BEGINS  <<<<<<<<<<

#  Aligning k-turn_consensus and 5j7l_CA:2389-2392_2428-2433_2421-2424:
#  Alignment score:  7.2
#  P-value:  1.000e+00
#  Query aligned region: 0-1,11-12
#  Target aligned region: 3:'CA'2393-3:'CA'2393,6:'CA'2431-8:'CA'2433,10:'CA'2422-10:'CA'2422

	G~G...A~C
	U~U...A~C

#  Matched base-pairing interactions: 
	<G(0:)-C(12:) cis W/W>                         MATCHES	<U(3:'CA'2393)-C(10:'CA'2422) trans H/W>
	<G(1:)-A(11:) trans S/H>                       MATCHES	<U(6:'CA'2431)-A(8:'CA'2433) cis -/->
#  Matched base-stacking interactions: 

>>>>>>>>>>   ALIGNMENT ENDS   >>>>>>>>>>

<<<<<<<<<<  ALIGNMENT BEGINS  <<<<<<<<<<

#  Aligning k-turn_consensus and 5j7l_CA:2581-2582_2548-2559_2504-2507:
#  Alignment score:  7
#  P-value:  1.000e+00
#  Query aligned region: 0-0,12-12
#  Target aligned region: 1:'CA'2583-1:'CA'2583,15:'CA'2506-15:'CA'2506

	G...C
	G...U

#  Matched base-pairing interactions: 
	<G(0:)-C(12:) cis W/W>                         MATCHES	<G(1:'CA'2583)-U(15:'CA'2506) cis W/W>
#  Matched base-stacking interactions: 

>>>>>>>>>>   ALIGNMENT ENDS   >>>>>>>>>>

<<<<<<<<<<  ALIGNMENT BEGINS  <<<<<<<<<<

#  Aligning k-turn_consensus and 5j7l_CA:1576-1579_1488-1499_1417-1422:
#  Alignment score:  6.6
#  P-value:  1.000e+00
#  Query aligned region: 0-0,12-12
#  Target aligned region: 0:'CA'1577-0:'CA'1577,19:'CA'1421-19:'CA'1421

	G...C
	C...G

#  Matched base-pairing interactions: 
	<G(0:)-C(12:) cis W/W>                         MATCHES	<C(0:'CA'1577)-G(19:'CA'1421) cis W/W>
#  Matched base-stacking interactions: 

>>>>>>>>>>   ALIGNMENT ENDS   >>>>>>>>>>

<<<<<<<<<<  ALIGNMENT BEGINS  <<<<<<<<<<

#  Aligning k-turn_consensus and 5j7l_CA:2054-2062_570-575_561-567:
#  Alignment score:  5.4
#  P-value:  1.000e+00
#  Query aligned region: 
#  Target aligned region: 

	
	

#  Matched base-pairing interactions: 
#  Matched base-stacking interactions: 

>>>>>>>>>>   ALIGNMENT ENDS   >>>>>>>>>>

<<<<<<<<<<  ALIGNMENT BEGINS  <<<<<<<<<<

#  Aligning k-turn_consensus and 5j7l_CA:2279-2282_2421-2433_2387-2391:
#  Alignment score:  5
#  P-value:  1.000e+00
#  Query aligned region: 0-0,12-12
#  Target aligned region: 2:'CA'2282-2:'CA'2282,9:'CA'2427-9:'CA'2427

	G...C
	G...C

#  Matched base-pairing interactions: 
	<G(0:)-C(12:) cis W/W>                         MATCHES	<G(2:'CA'2282)-C(9:'CA'2427) cis W/W>
#  Matched base-stacking interactions: 

>>>>>>>>>>   ALIGNMENT ENDS   >>>>>>>>>>

<<<<<<<<<<  ALIGNMENT BEGINS  <<<<<<<<<<

#  Aligning k-turn_consensus and 5j7l_CA:2054-2062_561-567_570-575:
#  Alignment score:  4.8
#  P-value:  1.000e+00
#  Query aligned region: 
#  Target aligned region: 

	
	

#  Matched base-pairing interactions: 
#  Matched base-stacking interactions: 

>>>>>>>>>>   ALIGNMENT ENDS   >>>>>>>>>>

<<<<<<<<<<  ALIGNMENT BEGINS  <<<<<<<<<<

#  Aligning k-turn_consensus and 5j7l_CA:1765-1770_1956-1957_1979-1986:
#  Alignment score:  4.7
#  P-value:  1.000e+00
#  Query aligned region: 
#  Target aligned region: 

	
	

#  Matched base-pairing interactions: 
#  Matched base-stacking interactions: 

>>>>>>>>>>   ALIGNMENT ENDS   >>>>>>>>>>

<<<<<<<<<<  ALIGNMENT BEGINS  <<<<<<<<<<

#  Aligning k-turn_consensus and 5j7l_CA:2548-2559_2506-2507_1949-1955:
#  Alignment score:  4.6
#  P-value:  1.000e+00
#  Query aligned region: 
#  Target aligned region: 

	
	

#  Matched base-pairing interactions: 
#  Matched base-stacking interactions: 

>>>>>>>>>>   ALIGNMENT ENDS   >>>>>>>>>>

<<<<<<<<<<  ALIGNMENT BEGINS  <<<<<<<<<<

#  Aligning k-turn_consensus and 5j7l_CA:444-451_452-458_468-472:
#  Alignment score:  4.5
#  P-value:  1.000e+00
#  Query aligned region: 
#  Target aligned region: 

	
	

#  Matched base-pairing interactions: 
#  Matched base-stacking interactions: 

>>>>>>>>>>   ALIGNMENT ENDS   >>>>>>>>>>

<<<<<<<<<<  ALIGNMENT BEGINS  <<<<<<<<<<

#  Aligning k-turn_consensus and 5j7l_CA:941-946_567-570_818-822:
#  Alignment score:  4.4
#  P-value:  1.000e+00
#  Query aligned region: 
#  Target aligned region: 

	
	

#  Matched base-pairing interactions: 
#  Matched base-stacking interactions: 

>>>>>>>>>>   ALIGNMENT ENDS   >>>>>>>>>>

<<<<<<<<<<  ALIGNMENT BEGINS  <<<<<<<<<<

#  Aligning k-turn_consensus and 5j7l_CA:1273-1274_1643-1646:
#  Alignment score:  4.2
#  P-value:  1.000e+00
#  Query aligned region: 0-0,12-12
#  Target aligned region: 0:'CA'1274-0:'CA'1274,2:'CA'1644-2:'CA'1644

	G...C
	A...C

#  Matched base-pairing interactions: 
	<G(0:)-C(12:) cis W/W>                         MATCHES	<A(0:'CA'1274)-C(2:'CA'1644) cis -/->
#  Matched base-stacking interactions: 

>>>>>>>>>>   ALIGNMENT ENDS   >>>>>>>>>>

<<<<<<<<<<  ALIGNMENT BEGINS  <<<<<<<<<<

#  Aligning k-turn_consensus and 5j7l_CA:818-822_941-946_567-570:
#  Alignment score:  4.2
#  P-value:  1.000e+00
#  Query aligned region: 1-1,11-11
#  Target aligned region: 1:'CA'820-1:'CA'820,6:'CA'943-6:'CA'943

	G...A
	A...A

#  Matched base-pairing interactions: 
	<G(1:)-A(11:) trans S/H>                       MATCHES	<A(1:'CA'820)-A(6:'CA'943) cis -/->
#  Matched base-stacking interactions: 

>>>>>>>>>>   ALIGNMENT ENDS   >>>>>>>>>>

<<<<<<<<<<  ALIGNMENT BEGINS  <<<<<<<<<<

#  Aligning k-turn_consensus and 5j7l_CA:1956-1957_1765-1770_1979-1986:
#  Alignment score:  4.2
#  P-value:  1.000e+00
#  Query aligned region: 
#  Target aligned region: 

	
	

#  Matched base-pairing interactions: 
#  Matched base-stacking interactions: 

>>>>>>>>>>   ALIGNMENT ENDS   >>>>>>>>>>

<<<<<<<<<<  ALIGNMENT BEGINS  <<<<<<<<<<

#  Aligning k-turn_consensus and 5j7l_CA:1765-1770_1979-1986_1956-1957:
#  Alignment score:  4.2
#  P-value:  1.000e+00
#  Query aligned region: 
#  Target aligned region: 

	
	

#  Matched base-pairing interactions: 
#  Matched base-stacking interactions: 

>>>>>>>>>>   ALIGNMENT ENDS   >>>>>>>>>>

<<<<<<<<<<  ALIGNMENT BEGINS  <<<<<<<<<<

#  Aligning k-turn_consensus and 5j7l_CA:2548-2559_1949-1955_2506-2507:
#  Alignment score:  4.2
#  P-value:  1.000e+00
#  Query aligned region: 
#  Target aligned region: 

	
	

#  Matched base-pairing interactions: 
#  Matched base-stacking interactions: 

>>>>>>>>>>   ALIGNMENT ENDS   >>>>>>>>>>

<<<<<<<<<<  ALIGNMENT BEGINS  <<<<<<<<<<

#  Aligning k-turn_consensus and 5j7l_CA:763-769_692-697:
#  Alignment score:  4.1
#  P-value:  1.000e+00
#  Query aligned region: 
#  Target aligned region: 

	
	

#  Matched base-pairing interactions: 
#  Matched base-stacking interactions: 

>>>>>>>>>>   ALIGNMENT ENDS   >>>>>>>>>>

<<<<<<<<<<  ALIGNMENT BEGINS  <<<<<<<<<<

#  Aligning k-turn_consensus and 5j7l_CA:1979-1986_1765-1770_1956-1957:
#  Alignment score:  4.1
#  P-value:  1.000e+00
#  Query aligned region: 
#  Target aligned region: 

	
	

#  Matched base-pairing interactions: 
#  Matched base-stacking interactions: 

>>>>>>>>>>   ALIGNMENT ENDS   >>>>>>>>>>

<<<<<<<<<<  ALIGNMENT BEGINS  <<<<<<<<<<

#  Aligning k-turn_consensus and 5j7l_CA:561-567_2054-2062_570-575:
#  Alignment score:  4.1
#  P-value:  1.000e+00
#  Query aligned region: 
#  Target aligned region: 

	
	

#  Matched base-pairing interactions: 
#  Matched base-stacking interactions: 

>>>>>>>>>>   ALIGNMENT ENDS   >>>>>>>>>>

<<<<<<<<<<  ALIGNMENT BEGINS  <<<<<<<<<<

#  Aligning k-turn_consensus and 5j7l_CA:468-472_444-451_452-458:
#  Alignment score:  4
#  P-value:  1.000e+00
#  Query aligned region: 
#  Target aligned region: 

	
	

#  Matched base-pairing interactions: 
#  Matched base-stacking interactions: 

>>>>>>>>>>   ALIGNMENT ENDS   >>>>>>>>>>

<<<<<<<<<<  ALIGNMENT BEGINS  <<<<<<<<<<

#  Aligning k-turn_consensus and 5j7l_CA:444-451_468-472_452-458:
#  Alignment score:  3.9
#  P-value:  1.000e+00
#  Query aligned region: 
#  Target aligned region: 

	
	

#  Matched base-pairing interactions: 
#  Matched base-stacking interactions: 

>>>>>>>>>>   ALIGNMENT ENDS   >>>>>>>>>>

<<<<<<<<<<  ALIGNMENT BEGINS  <<<<<<<<<<

#  Aligning k-turn_consensus and 5j7l_CA:2506-2507_2548-2559_1949-1955:
#  Alignment score:  3.9
#  P-value:  1.000e+00
#  Query aligned region: 
#  Target aligned region: 

	
	

#  Matched base-pairing interactions: 
#  Matched base-stacking interactions: 

>>>>>>>>>>   ALIGNMENT ENDS   >>>>>>>>>>

<<<<<<<<<<  ALIGNMENT BEGINS  <<<<<<<<<<

#  Aligning k-turn_consensus and 5j7l_CA:692-697_763-769:
#  Alignment score:  3.8
#  P-value:  1.000e+00
#  Query aligned region: 
#  Target aligned region: 

	
	

#  Matched base-pairing interactions: 
#  Matched base-stacking interactions: 

>>>>>>>>>>   ALIGNMENT ENDS   >>>>>>>>>>

<<<<<<<<<<  ALIGNMENT BEGINS  <<<<<<<<<<

#  Aligning k-turn_consensus and 5j7l_CA:1979-1986_1956-1957_1765-1770:
#  Alignment score:  3.8
#  P-value:  1.000e+00
#  Query aligned region: 
#  Target aligned region: 

	
	

#  Matched base-pairing interactions: 
#  Matched base-stacking interactions: 

>>>>>>>>>>   ALIGNMENT ENDS   >>>>>>>>>>

<<<<<<<<<<  ALIGNMENT BEGINS  <<<<<<<<<<

#  Aligning k-turn_consensus and 5j7l_CA:1956-1957_1979-1986_1765-1770:
#  Alignment score:  3.8
#  P-value:  1.000e+00
#  Query aligned region: 
#  Target aligned region: 

	
	

#  Matched base-pairing interactions: 
#  Matched base-stacking interactions: 

>>>>>>>>>>   ALIGNMENT ENDS   >>>>>>>>>>

<<<<<<<<<<  ALIGNMENT BEGINS  <<<<<<<<<<

#  Aligning k-turn_consensus and 5j7l_CA:1645-1651_2004-2008:
#  Alignment score:  3.7
#  P-value:  1.000e+00
#  Query aligned region: 
#  Target aligned region: 

	
	

#  Matched base-pairing interactions: 
#  Matched base-stacking interactions: 

>>>>>>>>>>   ALIGNMENT ENDS   >>>>>>>>>>

<<<<<<<<<<  ALIGNMENT BEGINS  <<<<<<<<<<

#  Aligning k-turn_consensus and 5j7l_CA:468-472_452-458_444-451:
#  Alignment score:  3.5
#  P-value:  1.000e+00
#  Query aligned region: 
#  Target aligned region: 

	
	

#  Matched base-pairing interactions: 
#  Matched base-stacking interactions: 

>>>>>>>>>>   ALIGNMENT ENDS   >>>>>>>>>>

<<<<<<<<<<  ALIGNMENT BEGINS  <<<<<<<<<<

#  Aligning k-turn_consensus and 5j7l_CA:452-458_468-472_444-451:
#  Alignment score:  3.4
#  P-value:  1.000e+00
#  Query aligned region: 
#  Target aligned region: 

	
	

#  Matched base-pairing interactions: 
#  Matched base-stacking interactions: 

>>>>>>>>>>   ALIGNMENT ENDS   >>>>>>>>>>

<<<<<<<<<<  ALIGNMENT BEGINS  <<<<<<<<<<

#  Aligning k-turn_consensus and 5j7l_CA:2004-2008_1645-1651:
#  Alignment score:  3.3
#  P-value:  1.000e+00
#  Query aligned region: 
#  Target aligned region: 

	
	

#  Matched base-pairing interactions: 
#  Matched base-stacking interactions: 

>>>>>>>>>>   ALIGNMENT ENDS   >>>>>>>>>>

<<<<<<<<<<  ALIGNMENT BEGINS  <<<<<<<<<<

#  Aligning k-turn_consensus and 5j7l_CA:2142-2147:
#  Alignment score:  1.3
#  P-value:  1.000e+00
#  Query aligned region: 
#  Target aligned region: 

	
	

#  Matched base-pairing interactions: 
#  Matched base-stacking interactions: 

>>>>>>>>>>   ALIGNMENT ENDS   >>>>>>>>>>

