$ /home/s081p868/scratch/RNAMotifScanX-release/bin/scan /home/s081p868/scratch/RNAMotifScanX-release/models/k-turn_consensus.struct /rfs/poseidon_share/s081p868/RNAMotifScanX_nr/rmsx_work_default/3ccj/0/3ccj_0.rmsx.in --map_pdb=/rfs/poseidon_share/s081p868/RNAMotifScanX_nr/rmsx_work_default/3ccj/0/3ccj_0.rmsx.nch --pvalue 1.0 --num_threads 8 --write_alignment
<<<<<<<<<<  ALIGNMENT BEGINS  <<<<<<<<<<

#  Aligning k-turn_consensus and 3ccj_0:73-82_90-103:
#  Alignment score:  150.6
#  P-value:  7.109e-03
#  Query aligned region: 0-4,5-12
#  Target aligned region: 3:'0'77-7:'0'81,12:'0'93-19:'0'100

	GGGAG...CGAAGAAC
	GGGAG...CGAAGAAC

#  Matched base-pairing interactions: 
	<G(1:)-A(11:) trans S/H>                       MATCHES	<G(4:'0'78)-A(18:'0'99) trans S/H>
	<G(2:)-A(10:) trans S/H>                       MATCHES	<G(5:'0'79)-A(17:'0'98) trans S/H>
	<A(3:)-G(9:) trans H/S>                        MATCHES	<A(6:'0'80)-G(16:'0'97) trans H/S>
	<A(3:)-G(6:) trans S/S>                        MATCHES	<A(6:'0'80)-G(13:'0'94) cis -/->
	<G(4:)-A(10:) trans S/S>                       MATCHES	<G(7:'0'81)-A(17:'0'98) trans S/S>
	<G(4:)-C(5:) cis W/W>                          MATCHES	<G(7:'0'81)-C(12:'0'93) cis W/W>
	<G(0:)-C(12:) cis W/W>                         MATCHES	<G(3:'0'77)-C(19:'0'100) cis W/W>
#  Matched base-stacking interactions: 
	<A(3:)-A(10:) outward>                         MATCHES	<A(6:'0'80)-A(17:'0'98) outward>

>>>>>>>>>>   ALIGNMENT ENDS   >>>>>>>>>>

<<<<<<<<<<  ALIGNMENT BEGINS  <<<<<<<<<<

#  Aligning k-turn_consensus and 3ccj_0:1207-1215_1187-1188_1146-1158:
#  Alignment score:  128.9
#  P-value:  1.049e-02
#  Query aligned region: 0-4,5-12
#  Target aligned region: 4:'0'1212-8:'0'1216,11:'0'1147-19:'0'1155

	GGGAG...CGAAGA-AC
	CCGAG...CCUAGACAG

#  Matched base-pairing interactions: 
	<G(1:)-A(11:) trans S/H>                       MATCHES	<C(5:'0'1213)-A(18:'0'1154) cis W/W>
	<G(0:)-C(12:) cis W/W>                         MATCHES	<C(4:'0'1212)-G(19:'0'1155) cis W/W>
	<G(2:)-A(10:) trans S/H>                       MATCHES	<G(6:'0'1214)-A(16:'0'1152) trans S/H>
	<G(4:)-A(10:) trans S/S>                       MATCHES	<G(8:'0'1216)-A(16:'0'1152) trans S/S>
	<G(4:)-C(5:) cis W/W>                          MATCHES	<G(8:'0'1216)-C(11:'0'1147) cis W/W>
	<A(3:)-G(9:) trans H/S>                        MATCHES	<A(7:'0'1215)-G(15:'0'1151) trans H/S>
	<A(3:)-G(6:) trans S/S>                        MATCHES	<A(7:'0'1215)-C(12:'0'1148) cis -/->
#  Matched base-stacking interactions: 
	<A(3:)-A(10:) outward>                         MATCHES	<A(7:'0'1215)-A(16:'0'1152) outward>

>>>>>>>>>>   ALIGNMENT ENDS   >>>>>>>>>>

<<<<<<<<<<  ALIGNMENT BEGINS  <<<<<<<<<<

#  Aligning k-turn_consensus and 3ccj_0:1336-1343_1309-1320_336-337:
#  Alignment score:  125.8
#  P-value:  1.116e-02
#  Query aligned region: 0-4,5-12
#  Target aligned region: 1:'0'1338-5:'0'1342,10:'0'1312-17:'0'1319

	GGGAG...CGAAGAAC
	UGGAC...GAUGGAAG

#  Matched base-pairing interactions: 
	<G(1:)-A(11:) trans S/H>                       MATCHES	<G(2:'0'1339)-A(16:'0'1318) trans S/H>
	<G(2:)-A(10:) trans S/H>                       MATCHES	<G(3:'0'1340)-A(15:'0'1317) trans S/H>
	<A(3:)-G(9:) trans H/S>                        MATCHES	<A(4:'0'1341)-G(14:'0'1316) trans H/S>
	<G(4:)-C(5:) cis W/W>                          MATCHES	<C(5:'0'1342)-G(10:'0'1312) cis W/W>
	<A(3:)-G(6:) trans S/S>                        MATCHES	<A(4:'0'1341)-A(11:'0'1313) cis -/->
	<G(4:)-A(10:) trans S/S>                       MATCHES	<C(5:'0'1342)-A(15:'0'1317) cis -/->
	<G(0:)-C(12:) cis W/W>                         MATCHES	<U(1:'0'1338)-G(17:'0'1319) cis W/W>
#  Matched base-stacking interactions: 
	<A(3:)-A(10:) outward>                         MATCHES	<A(4:'0'1341)-A(15:'0'1317) outward>

>>>>>>>>>>   ALIGNMENT ENDS   >>>>>>>>>>

<<<<<<<<<<  ALIGNMENT BEGINS  <<<<<<<<<<

#  Aligning k-turn_consensus and 3ccj_0:934-943_1022-1035:
#  Alignment score:  123
#  P-value:  1.183e-02
#  Query aligned region: 0-4,5-12
#  Target aligned region: 1:'0'936-5:'0'940,13:'0'1026-21:'0'1034

	GGGAG...CG-AAGAAC
	CCGAG...UGUUUGACG

#  Matched base-pairing interactions: 
	<G(1:)-A(11:) trans S/H>                       MATCHES	<C(2:'0'937)-C(20:'0'1033) cis -/->
	<G(0:)-C(12:) cis W/W>                         MATCHES	<C(1:'0'936)-G(21:'0'1034) cis W/W>
	<G(2:)-A(10:) trans S/H>                       MATCHES	<G(3:'0'938)-A(19:'0'1032) cis -/->
	<A(3:)-G(9:) trans H/S>                        MATCHES	<A(4:'0'939)-G(18:'0'1031) trans H/S>
	<G(4:)-A(10:) trans S/S>                       MATCHES	<G(5:'0'940)-A(19:'0'1032) trans S/S>
	<G(4:)-C(5:) cis W/W>                          MATCHES	<G(5:'0'940)-U(13:'0'1026) cis W/W>
	<A(3:)-G(6:) trans S/S>                        MATCHES	<A(4:'0'939)-G(14:'0'1027) trans S/S>
#  Matched base-stacking interactions: 
	<A(3:)-A(10:) outward>                         MATCHES	<A(4:'0'939)-A(19:'0'1032) outward>

>>>>>>>>>>   ALIGNMENT ENDS   >>>>>>>>>>

<<<<<<<<<<  ALIGNMENT BEGINS  <<<<<<<<<<

#  Aligning k-turn_consensus and 3ccj_0:2911-2913_2666-2667_2819-2827:
#  Alignment score:  120.2
#  P-value:  1.256e-02
#  Query aligned region: 1-4,5-11
#  Target aligned region: 0:'0'2912-2:'0'2914,3:'0'2667-3:'0'2667,7:'0'2822-13:'0'2828

	GGA~G...CGAAGAA
	CAA~G...CGCCGAG

#  Matched base-pairing interactions: 
	<G(1:)-A(11:) trans S/H>                       MATCHES	<C(0:'0'2912)-G(13:'0'2828) cis W/W>
	<G(2:)-A(10:) trans S/H>                       MATCHES	<A(1:'0'2913)-A(12:'0'2827) trans S/H>
	<A(3:)-G(9:) trans H/S>                        MATCHES	<A(2:'0'2914)-G(11:'0'2826) trans H/S>
	<A(3:)-G(6:) trans S/S>                        MATCHES	<A(2:'0'2914)-G(8:'0'2823) cis -/->
	<G(4:)-A(10:) trans S/S>                       MATCHES	<G(3:'0'2667)-A(12:'0'2827) trans S/S>
	<G(4:)-C(5:) cis W/W>                          MATCHES	<G(3:'0'2667)-C(7:'0'2822) cis W/W>
#  Matched base-stacking interactions: 
	<A(3:)-A(10:) outward>                         MATCHES	<A(2:'0'2914)-A(12:'0'2827) outward>

>>>>>>>>>>   ALIGNMENT ENDS   >>>>>>>>>>

<<<<<<<<<<  ALIGNMENT BEGINS  <<<<<<<<<<

#  Aligning k-turn_consensus and 3ccj_0:1585-1591_1600-1609:
#  Alignment score:  87.8
#  P-value:  2.977e-02
#  Query aligned region: 0-4,6-12
#  Target aligned region: 1:'0'1587-4:'0'1590,7:'0'1601-14:'0'1608

	GGGA~G...GAAGAAC
	UGGA~G...CAGGAAG

#  Matched base-pairing interactions: 
	<A(3:)-G(9:) trans H/S>                        MATCHES	<A(4:'0'1590)-G(11:'0'1605) trans H/S>
	<A(3:)-G(6:) trans S/S>                        MATCHES	<A(4:'0'1590)-C(8:'0'1602) cis -/->
	<G(2:)-A(10:) trans S/H>                       MATCHES	<G(3:'0'1589)-A(12:'0'1606) trans S/H>
	<G(4:)-A(10:) trans S/S>                       MATCHES	<G(7:'0'1601)-A(12:'0'1606) cis -/->
	<G(1:)-A(11:) trans S/H>                       MATCHES	<G(2:'0'1588)-A(13:'0'1607) trans S/H>
	<G(0:)-C(12:) cis W/W>                         MATCHES	<U(1:'0'1587)-G(14:'0'1608) cis W/W>
#  Matched base-stacking interactions: 
	<A(3:)-A(10:) outward>                         MATCHES	<A(4:'0'1590)-A(12:'0'1606) outward>

>>>>>>>>>>   ALIGNMENT ENDS   >>>>>>>>>>

<<<<<<<<<<  ALIGNMENT BEGINS  <<<<<<<<<<

#  Aligning k-turn_consensus and 3ccj_0:813-822_1829-1830_791-799:
#  Alignment score:  83.8
#  P-value:  3.418e-02
#  Query aligned region: 0-4,5-12
#  Target aligned region: 1:'0'815-6:'0'820,10:'0'1830-10:'0'1830,14:'0'794-18:'0'798

	GGGA-G...C~GAAGAAC
	UGGAAG...C~U--GAAG

#  Matched base-pairing interactions: 
	<A(3:)-G(9:) trans H/S>                        MATCHES	<A(4:'0'818)-G(15:'0'795) trans H/S>
	<G(2:)-A(10:) trans S/H>                       MATCHES	<G(3:'0'817)-A(16:'0'796) trans S/H>
	<A(3:)-G(6:) trans S/S>                        MATCHES	<A(4:'0'818)-U(14:'0'794) trans W/W>
	<G(4:)-C(5:) cis W/W>                          MATCHES	<G(6:'0'820)-C(10:'0'1830) cis W/W>
	<G(1:)-A(11:) trans S/H>                       MATCHES	<G(2:'0'816)-A(17:'0'797) trans S/H>
	<G(0:)-C(12:) cis W/W>                         MATCHES	<U(1:'0'815)-G(18:'0'798) cis W/W>
#  Matched base-stacking interactions: 
	<A(3:)-A(10:) outward>                         MATCHES	<A(4:'0'818)-A(16:'0'796) outward>

>>>>>>>>>>   ALIGNMENT ENDS   >>>>>>>>>>

<<<<<<<<<<  ALIGNMENT BEGINS  <<<<<<<<<<

#  Aligning k-turn_consensus and 3ccj_0:243-248_259-266:
#  Alignment score:  82.1
#  P-value:  3.635e-02
#  Query aligned region: 0-4,5-12
#  Target aligned region: 0:'0'244-5:'0'249,6:'0'260-13:'0'267

	GGGA-G...CGAAGAAC
	CCGAAG...CAAUGUGG

#  Matched base-pairing interactions: 
	<A(3:)-G(9:) trans H/S>                        MATCHES	<A(3:'0'247)-G(10:'0'264) trans H/S>
	<A(3:)-G(6:) trans S/S>                        MATCHES	<A(3:'0'247)-A(7:'0'261) cis -/->
	<G(4:)-C(5:) cis W/W>                          MATCHES	<G(5:'0'249)-C(6:'0'260) cis W/W>
	<G(2:)-A(10:) trans S/H>                       MATCHES	<G(2:'0'246)-U(11:'0'265) trans S/H>
	<G(4:)-A(10:) trans S/S>                       MATCHES	<G(5:'0'249)-U(11:'0'265) cis -/->
	<G(1:)-A(11:) trans S/H>                       MATCHES	<C(1:'0'245)-G(12:'0'266) cis W/W>
	<G(0:)-C(12:) cis W/W>                         MATCHES	<C(0:'0'244)-G(13:'0'267) cis W/W>
#  Matched base-stacking interactions: 
	<A(3:)-A(10:) outward>                         MATCHES	<A(3:'0'247)-U(11:'0'265) outward>

>>>>>>>>>>   ALIGNMENT ENDS   >>>>>>>>>>

<<<<<<<<<<  ALIGNMENT BEGINS  <<<<<<<<<<

#  Aligning k-turn_consensus and 3ccj_0:19-27_636-638_515-523:
#  Alignment score:  78.6
#  P-value:  4.153e-02
#  Query aligned region: 0-3,6-12
#  Target aligned region: 2:'0'22-5:'0'25,11:'0'639-11:'0'639,14:'0'518-17:'0'521

	GGGA...G~GAAC
	UGGA...A~GAAA

#  Matched base-pairing interactions: 
	<A(3:)-G(9:) trans H/S>                        MATCHES	<A(5:'0'25)-G(14:'0'518) trans H/S>
	<A(3:)-G(6:) trans S/S>                        MATCHES	<A(5:'0'25)-A(11:'0'639) cis S/S>
	<G(2:)-A(10:) trans S/H>                       MATCHES	<G(4:'0'24)-A(15:'0'519) trans S/H>
	<G(1:)-A(11:) trans S/H>                       MATCHES	<G(3:'0'23)-A(16:'0'520) trans S/H>
	<G(0:)-C(12:) cis W/W>                         MATCHES	<U(2:'0'22)-A(17:'0'521) trans W/H>
#  Matched base-stacking interactions: 
	<A(3:)-A(10:) outward>                         MATCHES	<A(5:'0'25)-A(15:'0'519) outward>

>>>>>>>>>>   ALIGNMENT ENDS   >>>>>>>>>>

<<<<<<<<<<  ALIGNMENT BEGINS  <<<<<<<<<<

#  Aligning k-turn_consensus and 3ccj_0:1068-1074_1258-1262_1083-1097:
#  Alignment score:  72.5
#  P-value:  5.364e-02
#  Query aligned region: 2-4,5-10
#  Target aligned region: 3:'0'1072-4:'0'1073,8:'0'1260-9:'0'1261,14:'0'1086-16:'0'1088

	GA~G...C~GAAGA
	GA~G...A~A--GA

#  Matched base-pairing interactions: 
	<A(3:)-G(9:) trans H/S>                        MATCHES	<A(4:'0'1073)-G(15:'0'1087) trans H/S>
	<G(2:)-A(10:) trans S/H>                       MATCHES	<G(3:'0'1072)-A(16:'0'1088) trans S/H>
	<A(3:)-G(6:) trans S/S>                        MATCHES	<A(4:'0'1073)-A(14:'0'1086) trans H/S>
	<G(4:)-C(5:) cis W/W>                          MATCHES	<G(8:'0'1260)-A(9:'0'1261) cis S/H>
	<G(4:)-A(10:) trans S/S>                       MATCHES	<G(8:'0'1260)-A(16:'0'1088) cis S/S>
#  Matched base-stacking interactions: 
	<A(3:)-A(10:) outward>                         MATCHES	<A(4:'0'1073)-A(16:'0'1088) outward>

>>>>>>>>>>   ALIGNMENT ENDS   >>>>>>>>>>

<<<<<<<<<<  ALIGNMENT BEGINS  <<<<<<<<<<

#  Aligning k-turn_consensus and 3ccj_0:2899-2906_2832-2834_2846-2856:
#  Alignment score:  58.9
#  P-value:  1.108e-01
#  Query aligned region: 2-4,6-10
#  Target aligned region: 5:'0'2905-6:'0'2906,9:'0'2834-9:'0'2834,11:'0'2847-17:'0'2853

	GA~G...G-AAG-A
	AA~G...GGUCGAU

#  Matched base-pairing interactions: 
	<G(4:)-A(10:) trans S/S>                       MATCHES	<G(9:'0'2834)-U(17:'0'2853) trans S/S>
	<G(2:)-A(10:) trans S/H>                       MATCHES	<A(5:'0'2905)-U(17:'0'2853) cis W/W>
	<A(3:)-G(6:) trans S/S>                        MATCHES	<A(6:'0'2906)-G(11:'0'2847) trans S/S>
	<A(3:)-G(9:) trans H/S>                        MATCHES	<A(6:'0'2906)-G(15:'0'2851) trans H/S>
#  Matched base-stacking interactions: 
	<A(3:)-A(10:) outward>                         MATCHES	<A(6:'0'2906)-U(17:'0'2853) outward>

>>>>>>>>>>   ALIGNMENT ENDS   >>>>>>>>>>

<<<<<<<<<<  ALIGNMENT BEGINS  <<<<<<<<<<

#  Aligning k-turn_consensus and 3ccj_0:2870-2876_1786-1788_2878-2886:
#  Alignment score:  50.8
#  P-value:  2.025e-01
#  Query aligned region: 1-3,6-11
#  Target aligned region: 2:'0'2873-4:'0'2875,7:'0'1787-7:'0'1787,13:'0'2882-15:'0'2884

	GGA...G~GAA
	CGA...C~GAG

#  Matched base-pairing interactions: 
	<A(3:)-G(9:) trans H/S>                        MATCHES	<A(4:'0'2875)-G(13:'0'2882) trans H/S>
	<G(2:)-A(10:) trans S/H>                       MATCHES	<G(3:'0'2874)-A(14:'0'2883) trans S/H>
	<A(3:)-G(6:) trans S/S>                        MATCHES	<A(4:'0'2875)-C(7:'0'1787) cis -/->
	<G(1:)-A(11:) trans S/H>                       MATCHES	<C(2:'0'2873)-G(15:'0'2884) cis W/W>
#  Matched base-stacking interactions: 
	<A(3:)-A(10:) outward>                         MATCHES	<A(4:'0'2875)-A(14:'0'2883) outward>

>>>>>>>>>>   ALIGNMENT ENDS   >>>>>>>>>>

<<<<<<<<<<  ALIGNMENT BEGINS  <<<<<<<<<<

#  Aligning k-turn_consensus and 3ccj_0:1453-1459_860-863_1482-1489:
#  Alignment score:  47.2
#  P-value:  2.846e-01
#  Query aligned region: 3-3,6-9
#  Target aligned region: 5:'0'1459-5:'0'1459,9:'0'863-9:'0'863,12:'0'1484-12:'0'1484

	A...G~G
	A...G~G

#  Matched base-pairing interactions: 
	<A(3:)-G(6:) trans S/S>                        MATCHES	<A(5:'0'1459)-G(9:'0'863) trans S/S>
	<A(3:)-G(9:) trans H/S>                        MATCHES	<A(5:'0'1459)-G(12:'0'1484) trans H/S>
#  Matched base-stacking interactions: 

>>>>>>>>>>   ALIGNMENT ENDS   >>>>>>>>>>

<<<<<<<<<<  ALIGNMENT BEGINS  <<<<<<<<<<

#  Aligning k-turn_consensus and 3ccj_0:561-568_1091-1093_586-594:
#  Alignment score:  44.8
#  P-value:  3.705e-01
#  Query aligned region: 3-3,6-9
#  Target aligned region: 4:'0'566-4:'0'566,9:'0'1093-9:'0'1093,16:'0'592-16:'0'592

	A...G~G
	A...G~G

#  Matched base-pairing interactions: 
	<A(3:)-G(6:) trans S/S>                        MATCHES	<A(4:'0'566)-G(9:'0'1093) trans S/S>
	<A(3:)-G(9:) trans H/S>                        MATCHES	<A(4:'0'566)-G(16:'0'592) trans H/S>
#  Matched base-stacking interactions: 

>>>>>>>>>>   ALIGNMENT ENDS   >>>>>>>>>>

<<<<<<<<<<  ALIGNMENT BEGINS  <<<<<<<<<<

#  Aligning k-turn_consensus and 3ccj_0:2305-2313_2294-2301_1061-1062:
#  Alignment score:  39.2
#  P-value:  8.234e-01
#  Query aligned region: 3-3,6-9
#  Target aligned region: 15:'0'2301-16:'0'2302,18:'0'1063-18:'0'1063

	A...G~G
	A...A~G

#  Matched base-pairing interactions: 
	<A(3:)-G(6:) trans S/S>                        MATCHES	<A(15:'0'2301)-A(16:'0'2302) trans S/S>
	<A(3:)-G(9:) trans H/S>                        MATCHES	<A(15:'0'2301)-G(18:'0'1063) trans H/S>
#  Matched base-stacking interactions: 

>>>>>>>>>>   ALIGNMENT ENDS   >>>>>>>>>>

<<<<<<<<<<  ALIGNMENT BEGINS  <<<<<<<<<<

#  Aligning k-turn_consensus and 3ccj_0:718-725_936-937_702-708:
#  Alignment score:  38.2
#  P-value:  9.891e-01
#  Query aligned region: 0-3,6-12
#  Target aligned region: 0:'0'719-3:'0'722,9:'0'938-9:'0'938,13:'0'706-16:'0'709

	GGGA...G~GAAC
	CGAG...G~GCAG

#  Matched base-pairing interactions: 
	<A(3:)-G(9:) trans H/S>                        MATCHES	<G(3:'0'722)-G(13:'0'706) trans H/S>
	<G(2:)-A(10:) trans S/H>                       MATCHES	<A(2:'0'721)-C(14:'0'707) trans H/W>
	<A(3:)-G(6:) trans S/S>                        MATCHES	<G(3:'0'722)-G(9:'0'938) cis -/->
	<G(1:)-A(11:) trans S/H>                       MATCHES	<G(1:'0'720)-A(15:'0'708) trans S/H>
	<G(0:)-C(12:) cis W/W>                         MATCHES	<C(0:'0'719)-G(16:'0'709) cis W/W>
#  Matched base-stacking interactions: 
	<A(3:)-A(10:) outward>                         MATCHES	<G(3:'0'722)-C(14:'0'707) outward>

>>>>>>>>>>   ALIGNMENT ENDS   >>>>>>>>>>

<<<<<<<<<<  ALIGNMENT BEGINS  <<<<<<<<<<

#  Aligning k-turn_consensus and 3ccj_0:1763-1779:
#  Alignment score:  27.6
#  P-value:  1.000e+00
#  Query aligned region: 0-1,11-12
#  Target aligned region: 0:'0'1764-16:'0'1780

	GG...AC
	CG...AG

#  Matched base-pairing interactions: 
	<G(1:)-A(11:) trans S/H>                       MATCHES	<G(1:'0'1765)-A(15:'0'1779) trans S/H>
	<G(0:)-C(12:) cis W/W>                         MATCHES	<C(0:'0'1764)-G(16:'0'1780) cis W/W>
#  Matched base-stacking interactions: 

>>>>>>>>>>   ALIGNMENT ENDS   >>>>>>>>>>

<<<<<<<<<<  ALIGNMENT BEGINS  <<<<<<<<<<

#  Aligning k-turn_consensus and 3ccj_0:433-437_188-195_198-205:
#  Alignment score:  27.3
#  P-value:  1.000e+00
#  Query aligned region: 0-1,11-12
#  Target aligned region: 11:'0'195-12:'0'196,13:'0'199-15:'0'201

	GG...A-C
	CG...ACG

#  Matched base-pairing interactions: 
	<G(0:)-C(12:) cis W/W>                         MATCHES	<C(11:'0'195)-G(15:'0'201) cis W/W>
	<G(1:)-A(11:) trans S/H>                       MATCHES	<G(12:'0'196)-A(13:'0'199) trans S/H>
#  Matched base-stacking interactions: 

>>>>>>>>>>   ALIGNMENT ENDS   >>>>>>>>>>

<<<<<<<<<<  ALIGNMENT BEGINS  <<<<<<<<<<

#  Aligning k-turn_consensus and 3ccj_0:263-273_375-378_239-248:
#  Alignment score:  27.3
#  P-value:  1.000e+00
#  Query aligned region: 0-4,5-12
#  Target aligned region: 2:'0'266-10:'0'274,11:'0'376-11:'0'376,16:'0'241-20:'0'245

	GGGA----G...C~GAAGAAC
	GGUGUCAGG...C~A--AACC

#  Matched base-pairing interactions: 
	<A(3:)-G(6:) trans S/S>                        MATCHES	<G(5:'0'269)-A(16:'0'241) cis -/->
	<G(4:)-A(10:) trans S/S>                       MATCHES	<G(10:'0'274)-A(18:'0'243) trans S/S>
	<G(4:)-C(5:) cis W/W>                          MATCHES	<G(10:'0'274)-C(11:'0'376) cis W/W>
	<A(3:)-G(9:) trans H/S>                        MATCHES	<G(5:'0'269)-A(17:'0'242) trans S/H>
	<G(2:)-A(10:) trans S/H>                       MATCHES	<U(4:'0'268)-A(18:'0'243) trans W/H>
	<G(1:)-A(11:) trans S/H>                       MATCHES	<G(3:'0'267)-C(19:'0'244) cis W/W>
	<G(0:)-C(12:) cis W/W>                         MATCHES	<G(2:'0'266)-C(20:'0'245) cis W/W>
#  Matched base-stacking interactions: 

>>>>>>>>>>   ALIGNMENT ENDS   >>>>>>>>>>

<<<<<<<<<<  ALIGNMENT BEGINS  <<<<<<<<<<

#  Aligning k-turn_consensus and 3ccj_0:660-667_229-231_678-685:
#  Alignment score:  27.2
#  P-value:  1.000e+00
#  Query aligned region: 3-3,6-9
#  Target aligned region: 5:'0'666-5:'0'666,9:'0'231-9:'0'231,12:'0'680-12:'0'680

	A...G~G
	A...G~G

#  Matched base-pairing interactions: 
	<A(3:)-G(6:) trans S/S>                        MATCHES	<A(5:'0'666)-G(9:'0'231) trans S/S>
	<A(3:)-G(9:) trans H/S>                        MATCHES	<A(5:'0'666)-G(12:'0'680) cis -/->
#  Matched base-stacking interactions: 

>>>>>>>>>>   ALIGNMENT ENDS   >>>>>>>>>>

<<<<<<<<<<  ALIGNMENT BEGINS  <<<<<<<<<<

#  Aligning k-turn_consensus and 3ccj_0:1642-1645_1609-1618_1577-1585:
#  Alignment score:  27.2
#  P-value:  1.000e+00
#  Query aligned region: 0-1,11-12
#  Target aligned region: 7:'0'1613-8:'0'1614,17:'0'1581-18:'0'1582

	GG...AC
	CG...AC

#  Matched base-pairing interactions: 
	<G(1:)-A(11:) trans S/H>                       MATCHES	<G(8:'0'1614)-A(17:'0'1581) trans S/H>
	<G(0:)-C(12:) cis W/W>                         MATCHES	<C(7:'0'1613)-C(18:'0'1582) cis W/W>
#  Matched base-stacking interactions: 

>>>>>>>>>>   ALIGNMENT ENDS   >>>>>>>>>>

<<<<<<<<<<  ALIGNMENT BEGINS  <<<<<<<<<<

#  Aligning k-turn_consensus and 3ccj_0:424-428_197-203_189-195:
#  Alignment score:  27.1
#  P-value:  1.000e+00
#  Query aligned region: 0-1,11-12
#  Target aligned region: 9:'0'202-10:'0'203,14:'0'192-16:'0'194

	GG...A-C
	UG...AAA

#  Matched base-pairing interactions: 
	<G(0:)-C(12:) cis W/W>                         MATCHES	<U(9:'0'202)-A(16:'0'194) cis W/W>
	<G(1:)-A(11:) trans S/H>                       MATCHES	<G(10:'0'203)-A(14:'0'192) trans S/H>
#  Matched base-stacking interactions: 

>>>>>>>>>>   ALIGNMENT ENDS   >>>>>>>>>>

<<<<<<<<<<  ALIGNMENT BEGINS  <<<<<<<<<<

#  Aligning k-turn_consensus and 3ccj_0:1161-1165_1179-1183_1190-1204:
#  Alignment score:  27
#  P-value:  1.000e+00
#  Query aligned region: 0-1,11-12
#  Target aligned region: 16:'0'1197-21:'0'1202

	GG...AC
	GU...CA

#  Matched base-pairing interactions: 
	<G(1:)-A(11:) trans S/H>                       MATCHES	<U(17:'0'1198)-C(20:'0'1201) trans S/H>
	<G(0:)-C(12:) cis W/W>                         MATCHES	<G(16:'0'1197)-A(21:'0'1202) trans S/H>
#  Matched base-stacking interactions: 

>>>>>>>>>>   ALIGNMENT ENDS   >>>>>>>>>>

<<<<<<<<<<  ALIGNMENT BEGINS  <<<<<<<<<<

#  Aligning k-turn_consensus and 3ccj_0:2560-2572_2502-2506_2509-2515:
#  Alignment score:  26.8
#  P-value:  1.000e+00
#  Query aligned region: 0-1,11-12
#  Target aligned region: 16:'0'2506-17:'0'2507,21:'0'2513-22:'0'2514

	GG...AC
	AG...AU

#  Matched base-pairing interactions: 
	<G(1:)-A(11:) trans S/H>                       MATCHES	<G(17:'0'2507)-A(21:'0'2513) trans S/H>
	<G(0:)-C(12:) cis W/W>                         MATCHES	<A(16:'0'2506)-U(22:'0'2514) cis W/W>
#  Matched base-stacking interactions: 

>>>>>>>>>>   ALIGNMENT ENDS   >>>>>>>>>>

<<<<<<<<<<  ALIGNMENT BEGINS  <<<<<<<<<<

#  Aligning k-turn_consensus and 3ccj_0:1163-1167_1188-1193_1177-1186:
#  Alignment score:  26.8
#  P-value:  1.000e+00
#  Query aligned region: 0-1,11-12
#  Target aligned region: 2:'0'1166-2:'0'1166,8:'0'1192-9:'0'1193,13:'0'1180-13:'0'1180

	G~G...A~C
	A~A...A~U

#  Matched base-pairing interactions: 
	<G(0:)-C(12:) cis W/W>                         MATCHES	<A(2:'0'1166)-U(13:'0'1180) cis W/W>
	<G(1:)-A(11:) trans S/H>                       MATCHES	<A(8:'0'1192)-A(9:'0'1193) trans S/H>
#  Matched base-stacking interactions: 

>>>>>>>>>>   ALIGNMENT ENDS   >>>>>>>>>>

<<<<<<<<<<  ALIGNMENT BEGINS  <<<<<<<<<<

#  Aligning k-turn_consensus and 3ccj_0:768-771_155-161_172-180:
#  Alignment score:  26.8
#  P-value:  1.000e+00
#  Query aligned region: 0-1,11-12
#  Target aligned region: 6:'0'158-7:'0'159,15:'0'177-16:'0'178

	GG...AC
	AG...AU

#  Matched base-pairing interactions: 
	<G(1:)-A(11:) trans S/H>                       MATCHES	<G(7:'0'159)-A(15:'0'177) trans S/H>
	<G(0:)-C(12:) cis W/W>                         MATCHES	<A(6:'0'158)-U(16:'0'178) cis W/W>
#  Matched base-stacking interactions: 

>>>>>>>>>>   ALIGNMENT ENDS   >>>>>>>>>>

<<<<<<<<<<  ALIGNMENT BEGINS  <<<<<<<<<<

#  Aligning k-turn_consensus and 3ccj_0:498-514_480-492:
#  Alignment score:  26.4
#  P-value:  1.000e+00
#  Query aligned region: 0-1,11-12
#  Target aligned region: 3:'0'502-4:'0'503,25:'0'489-26:'0'490

	GG...AC
	AG...AC

#  Matched base-pairing interactions: 
	<G(1:)-A(11:) trans S/H>                       MATCHES	<G(4:'0'503)-A(25:'0'489) trans S/H>
	<G(0:)-C(12:) cis W/W>                         MATCHES	<A(3:'0'502)-C(26:'0'490) cis W/W>
#  Matched base-stacking interactions: 

>>>>>>>>>>   ALIGNMENT ENDS   >>>>>>>>>>

<<<<<<<<<<  ALIGNMENT BEGINS  <<<<<<<<<<

#  Aligning k-turn_consensus and 3ccj_0:2771-2776_2553-2559_2794-2802:
#  Alignment score:  26
#  P-value:  1.000e+00
#  Query aligned region: 3-3,6-9
#  Target aligned region: 4:'0'2776-4:'0'2776,11:'0'2559-11:'0'2559,16:'0'2798-16:'0'2798

	A...G~G
	A...C~G

#  Matched base-pairing interactions: 
	<A(3:)-G(9:) trans H/S>                        MATCHES	<A(4:'0'2776)-G(16:'0'2798) trans H/S>
	<A(3:)-G(6:) trans S/S>                        MATCHES	<A(4:'0'2776)-C(11:'0'2559) cis -/->
#  Matched base-stacking interactions: 

>>>>>>>>>>   ALIGNMENT ENDS   >>>>>>>>>>

<<<<<<<<<<  ALIGNMENT BEGINS  <<<<<<<<<<

#  Aligning k-turn_consensus and 3ccj_0:692-697_729-732_687-690:
#  Alignment score:  26
#  P-value:  1.000e+00
#  Query aligned region: 3-3,6-9
#  Target aligned region: 1:'0'694-1:'0'694,8:'0'732-8:'0'732,13:'0'691-13:'0'691

	A...G~G
	A...C~G

#  Matched base-pairing interactions: 
	<A(3:)-G(9:) trans H/S>                        MATCHES	<A(1:'0'694)-G(13:'0'691) trans H/S>
	<A(3:)-G(6:) trans S/S>                        MATCHES	<A(1:'0'694)-C(8:'0'732) cis -/->
#  Matched base-stacking interactions: 

>>>>>>>>>>   ALIGNMENT ENDS   >>>>>>>>>>

<<<<<<<<<<  ALIGNMENT BEGINS  <<<<<<<<<<

#  Aligning k-turn_consensus and 3ccj_0:411-417_389-398_423-427:
#  Alignment score:  25.6
#  P-value:  1.000e+00
#  Query aligned region: 0-1,11-12
#  Target aligned region: 4:'0'416-5:'0'417,12:'0'395-12:'0'395,17:'0'424-17:'0'424

	GG...A~C
	GG...A~C

#  Matched base-pairing interactions: 
	<G(0:)-C(12:) cis W/W>                         MATCHES	<G(4:'0'416)-C(17:'0'424) cis W/W>
	<G(1:)-A(11:) trans S/H>                       MATCHES	<G(5:'0'417)-A(12:'0'395) trans S/H>
#  Matched base-stacking interactions: 

>>>>>>>>>>   ALIGNMENT ENDS   >>>>>>>>>>

<<<<<<<<<<  ALIGNMENT BEGINS  <<<<<<<<<<

#  Aligning k-turn_consensus and 3ccj_0:1105-1109_1094-1100_1253-1260:
#  Alignment score:  25.4
#  P-value:  1.000e+00
#  Query aligned region: 3-3,6-9
#  Target aligned region: 1:'0'1107-1:'0'1107,10:'0'1100-10:'0'1100,14:'0'1256-14:'0'1256

	A...G~G
	A...G~C

#  Matched base-pairing interactions: 
	<A(3:)-G(6:) trans S/S>                        MATCHES	<A(1:'0'1107)-G(10:'0'1100) trans S/S>
	<A(3:)-G(9:) trans H/S>                        MATCHES	<A(1:'0'1107)-C(14:'0'1256) cis S/S>
#  Matched base-stacking interactions: 

>>>>>>>>>>   ALIGNMENT ENDS   >>>>>>>>>>

<<<<<<<<<<  ALIGNMENT BEGINS  <<<<<<<<<<

#  Aligning k-turn_consensus and 3ccj_0:1291-1295_1037-1041_909-912:
#  Alignment score:  25.2
#  P-value:  1.000e+00
#  Query aligned region: 3-3,6-9
#  Target aligned region: 2:'0'1294-2:'0'1294,8:'0'1041-8:'0'1041,11:'0'911-11:'0'911

	A...G~G
	A...U~G

#  Matched base-pairing interactions: 
	<A(3:)-G(9:) trans H/S>                        MATCHES	<A(2:'0'1294)-G(11:'0'911) trans H/S>
	<A(3:)-G(6:) trans S/S>                        MATCHES	<A(2:'0'1294)-U(8:'0'1041) cis -/->
#  Matched base-stacking interactions: 

>>>>>>>>>>   ALIGNMENT ENDS   >>>>>>>>>>

<<<<<<<<<<  ALIGNMENT BEGINS  <<<<<<<<<<

#  Aligning k-turn_consensus and 3ccj_0:1130-1137_2499-2500_1224-1229:
#  Alignment score:  25.2
#  P-value:  1.000e+00
#  Query aligned region: 3-3,6-9
#  Target aligned region: 2:'0'1133-2:'0'1133,8:'0'2500-8:'0'2500,14:'0'1229-14:'0'1229

	A...G~G
	A...C~C

#  Matched base-pairing interactions: 
	<A(3:)-G(9:) trans H/S>                        MATCHES	<A(2:'0'1133)-C(14:'0'1229) trans H/S>
	<A(3:)-G(6:) trans S/S>                        MATCHES	<A(2:'0'1133)-C(8:'0'2500) cis -/->
#  Matched base-stacking interactions: 

>>>>>>>>>>   ALIGNMENT ENDS   >>>>>>>>>>

<<<<<<<<<<  ALIGNMENT BEGINS  <<<<<<<<<<

#  Aligning k-turn_consensus and 3ccj_0:2635-2642_2621-2626_1838-1842:
#  Alignment score:  24.8
#  P-value:  1.000e+00
#  Query aligned region: 0-1,11-12
#  Target aligned region: 6:'0'2642-7:'0'2643,8:'0'2622-8:'0'2622,14:'0'1839-14:'0'1839

	GG...A~C
	GG...A~A

#  Matched base-pairing interactions: 
	<G(0:)-C(12:) cis W/W>                         MATCHES	<G(6:'0'2642)-A(14:'0'1839) cis S/S>
	<G(1:)-A(11:) trans S/H>                       MATCHES	<G(7:'0'2643)-A(8:'0'2622) trans S/H>
#  Matched base-stacking interactions: 

>>>>>>>>>>   ALIGNMENT ENDS   >>>>>>>>>>

<<<<<<<<<<  ALIGNMENT BEGINS  <<<<<<<<<<

#  Aligning k-turn_consensus and 3ccj_0:2769-2776_2799-2804_2794-2798:
#  Alignment score:  24.6
#  P-value:  1.000e+00
#  Query aligned region: 0-1,11-12
#  Target aligned region: 2:'0'2772-2:'0'2772,8:'0'2800-10:'0'2802

	G~G...AC
	G~A...AC

#  Matched base-pairing interactions: 
	<G(0:)-C(12:) cis W/W>                         MATCHES	<G(2:'0'2772)-C(10:'0'2802) cis W/W>
	<G(1:)-A(11:) trans S/H>                       MATCHES	<A(8:'0'2800)-A(9:'0'2801) trans S/H>
#  Matched base-stacking interactions: 

>>>>>>>>>>   ALIGNMENT ENDS   >>>>>>>>>>

<<<<<<<<<<  ALIGNMENT BEGINS  <<<<<<<<<<

#  Aligning k-turn_consensus and 3ccj_0:853-857_787-793_818-826:
#  Alignment score:  24.6
#  P-value:  1.000e+00
#  Query aligned region: 1-1,11-11
#  Target aligned region: 0:'0'854-0:'0'854,20:'0'827-20:'0'827

	G...A
	G...A

#  Matched base-pairing interactions: 
	<G(1:)-A(11:) trans S/H>                       MATCHES	<G(0:'0'854)-A(20:'0'827) trans S/H>
#  Matched base-stacking interactions: 

>>>>>>>>>>   ALIGNMENT ENDS   >>>>>>>>>>

<<<<<<<<<<  ALIGNMENT BEGINS  <<<<<<<<<<

#  Aligning k-turn_consensus and 3ccj_0:1650-1661_1488-1489_1528-1534:
#  Alignment score:  24.4
#  P-value:  1.000e+00
#  Query aligned region: 3-3,6-9
#  Target aligned region: 8:'0'1659-8:'0'1659,13:'0'1490-13:'0'1490,17:'0'1532-17:'0'1532

	A...G~G
	A...G~G

#  Matched base-pairing interactions: 
	<A(3:)-G(9:) trans H/S>                        MATCHES	<A(8:'0'1659)-G(17:'0'1532) trans H/S>
	<A(3:)-G(6:) trans S/S>                        MATCHES	<A(8:'0'1659)-G(13:'0'1490) cis -/->
#  Matched base-stacking interactions: 

>>>>>>>>>>   ALIGNMENT ENDS   >>>>>>>>>>

<<<<<<<<<<  ALIGNMENT BEGINS  <<<<<<<<<<

#  Aligning k-turn_consensus and 3ccj_0:1843-1850_1828-1831_1880-1884:
#  Alignment score:  24.4
#  P-value:  1.000e+00
#  Query aligned region: 3-3,6-9
#  Target aligned region: 3:'0'1847-3:'0'1847,8:'0'1829-8:'0'1829,15:'0'1884-15:'0'1884

	A...G~G
	A...A~G

#  Matched base-pairing interactions: 
	<A(3:)-G(9:) trans H/S>                        MATCHES	<A(3:'0'1847)-G(15:'0'1884) trans H/S>
	<A(3:)-G(6:) trans S/S>                        MATCHES	<A(3:'0'1847)-A(8:'0'1829) cis -/->
#  Matched base-stacking interactions: 

>>>>>>>>>>   ALIGNMENT ENDS   >>>>>>>>>>

<<<<<<<<<<  ALIGNMENT BEGINS  <<<<<<<<<<

#  Aligning k-turn_consensus and 3ccj_0:364-369_279-286:
#  Alignment score:  24.3
#  P-value:  1.000e+00
#  Query aligned region: 0-1,11-12
#  Target aligned region: 0:'0'365-1:'0'366,11:'0'285-13:'0'287

	GG...A-C
	GU...AUC

#  Matched base-pairing interactions: 
	<G(0:)-C(12:) cis W/W>                         MATCHES	<G(0:'0'365)-C(13:'0'287) cis W/W>
	<G(1:)-A(11:) trans S/H>                       MATCHES	<U(1:'0'366)-A(11:'0'285) trans S/H>
#  Matched base-stacking interactions: 

>>>>>>>>>>   ALIGNMENT ENDS   >>>>>>>>>>

<<<<<<<<<<  ALIGNMENT BEGINS  <<<<<<<<<<

#  Aligning k-turn_consensus and 3ccj_0:1989-1997_2581-2585_2591-2595:
#  Alignment score:  24.2
#  P-value:  1.000e+00
#  Query aligned region: 3-3,6-9
#  Target aligned region: 4:'0'1994-4:'0'1994,11:'0'2584-11:'0'2584,16:'0'2594-16:'0'2594

	A...G~G
	A...G~C

#  Matched base-pairing interactions: 
	<A(3:)-G(6:) trans S/S>                        MATCHES	<A(4:'0'1994)-G(11:'0'2584) trans S/S>
	<A(3:)-G(9:) trans H/S>                        MATCHES	<A(4:'0'1994)-C(16:'0'2594) cis S/S>
#  Matched base-stacking interactions: 

>>>>>>>>>>   ALIGNMENT ENDS   >>>>>>>>>>

<<<<<<<<<<  ALIGNMENT BEGINS  <<<<<<<<<<

#  Aligning k-turn_consensus and 3ccj_0:676-682_207-209_662-669:
#  Alignment score:  24.2
#  P-value:  1.000e+00
#  Query aligned region: 3-3,6-9
#  Target aligned region: 5:'0'682-5:'0'682,8:'0'209-8:'0'209,11:'0'664-11:'0'664

	A...G~G
	A...G~U

#  Matched base-pairing interactions: 
	<A(3:)-G(6:) trans S/S>                        MATCHES	<A(5:'0'682)-G(8:'0'209) trans S/S>
	<A(3:)-G(9:) trans H/S>                        MATCHES	<A(5:'0'682)-U(11:'0'664) trans H/W>
#  Matched base-stacking interactions: 

>>>>>>>>>>   ALIGNMENT ENDS   >>>>>>>>>>

<<<<<<<<<<  ALIGNMENT BEGINS  <<<<<<<<<<

#  Aligning k-turn_consensus and 3ccj_0:1290-1293_1068-1071_910-913:
#  Alignment score:  24.2
#  P-value:  1.000e+00
#  Query aligned region: 1-1,11-11
#  Target aligned region: 5:'0'1070-5:'0'1070,11:'0'914-11:'0'914

	G...A
	A...A

#  Matched base-pairing interactions: 
	<G(1:)-A(11:) trans S/H>                       MATCHES	<A(5:'0'1070)-A(11:'0'914) trans S/H>
#  Matched base-stacking interactions: 

>>>>>>>>>>   ALIGNMENT ENDS   >>>>>>>>>>

<<<<<<<<<<  ALIGNMENT BEGINS  <<<<<<<<<<

#  Aligning k-turn_consensus and 3ccj_0:2775-2782_2788-2799_2557-2559:
#  Alignment score:  24.2
#  P-value:  1.000e+00
#  Query aligned region: 3-3,6-9
#  Target aligned region: 18:'0'2799-19:'0'2800,20:'0'2558-20:'0'2558

	A...G~G
	A...A~G

#  Matched base-pairing interactions: 
	<A(3:)-G(6:) trans S/S>                        MATCHES	<A(18:'0'2799)-A(19:'0'2800) trans S/S>
	<A(3:)-G(9:) trans H/S>                        MATCHES	<A(18:'0'2799)-G(20:'0'2558) cis S/S>
#  Matched base-stacking interactions: 

>>>>>>>>>>   ALIGNMENT ENDS   >>>>>>>>>>

<<<<<<<<<<  ALIGNMENT BEGINS  <<<<<<<<<<

#  Aligning k-turn_consensus and 3ccj_0:2640-2641_1829-1834_1838-1845:
#  Alignment score:  24.2
#  P-value:  1.000e+00
#  Query aligned region: 1-1,11-11
#  Target aligned region: 0:'0'2641-0:'0'2641,11:'0'1842-11:'0'1842

	G...A
	C...A

#  Matched base-pairing interactions: 
	<G(1:)-A(11:) trans S/H>                       MATCHES	<C(0:'0'2641)-A(11:'0'1842) trans S/H>
#  Matched base-stacking interactions: 

>>>>>>>>>>   ALIGNMENT ENDS   >>>>>>>>>>

<<<<<<<<<<  ALIGNMENT BEGINS  <<<<<<<<<<

#  Aligning k-turn_consensus and 3ccj_0:578-583_1109-1111_573-577:
#  Alignment score:  24.2
#  P-value:  1.000e+00
#  Query aligned region: 3-3,6-9
#  Target aligned region: 1:'0'580-1:'0'580,6:'0'1110-6:'0'1110,12:'0'577-12:'0'577

	A...G~G
	A...G~G

#  Matched base-pairing interactions: 
	<A(3:)-G(9:) trans H/S>                        MATCHES	<A(1:'0'580)-G(12:'0'577) trans H/S>
	<A(3:)-G(6:) trans S/S>                        MATCHES	<A(1:'0'580)-G(6:'0'1110) cis S/S>
#  Matched base-stacking interactions: 

>>>>>>>>>>   ALIGNMENT ENDS   >>>>>>>>>>

<<<<<<<<<<  ALIGNMENT BEGINS  <<<<<<<<<<

#  Aligning k-turn_consensus and 3ccj_0:2528-2530_2281-2285_1051-1062:
#  Alignment score:  23.9
#  P-value:  1.000e+00
#  Query aligned region: 0-1,11-12
#  Target aligned region: 10:'0'1054-16:'0'1060

	GG...A-C
	GG...AGC

#  Matched base-pairing interactions: 
	<G(0:)-C(12:) cis W/W>                         MATCHES	<G(10:'0'1054)-C(16:'0'1060) cis W/W>
	<G(1:)-A(11:) trans S/H>                       MATCHES	<G(11:'0'1055)-A(14:'0'1058) trans S/H>
#  Matched base-stacking interactions: 

>>>>>>>>>>   ALIGNMENT ENDS   >>>>>>>>>>

<<<<<<<<<<  ALIGNMENT BEGINS  <<<<<<<<<<

#  Aligning k-turn_consensus and 3ccj_0:823-827_852-860_785-789:
#  Alignment score:  23.8
#  P-value:  1.000e+00
#  Query aligned region: 1-1,11-11
#  Target aligned region: 0:'0'824-0:'0'824,18:'0'790-18:'0'790

	G...A
	G...A

#  Matched base-pairing interactions: 
	<G(1:)-A(11:) trans S/H>                       MATCHES	<G(0:'0'824)-A(18:'0'790) trans S/H>
#  Matched base-stacking interactions: 

>>>>>>>>>>   ALIGNMENT ENDS   >>>>>>>>>>

<<<<<<<<<<  ALIGNMENT BEGINS  <<<<<<<<<<

#  Aligning k-turn_consensus and 3ccj_0:2269-2276_2117-2122_162-171:
#  Alignment score:  23.8
#  P-value:  1.000e+00
#  Query aligned region: 1-1,11-11
#  Target aligned region: 0:'0'2270-0:'0'2270,13:'0'2123-13:'0'2123

	G...A
	G...A

#  Matched base-pairing interactions: 
	<G(1:)-A(11:) trans S/H>                       MATCHES	<G(0:'0'2270)-A(13:'0'2123) trans S/H>
#  Matched base-stacking interactions: 

>>>>>>>>>>   ALIGNMENT ENDS   >>>>>>>>>>

<<<<<<<<<<  ALIGNMENT BEGINS  <<<<<<<<<<

#  Aligning k-turn_consensus and 3ccj_0:762-767_2107-2110_892-900:
#  Alignment score:  23.8
#  P-value:  1.000e+00
#  Query aligned region: 3-3,6-9
#  Target aligned region: 4:'0'767-4:'0'767,8:'0'2110-8:'0'2110,12:'0'895-12:'0'895

	A...G~G
	A...G~A

#  Matched base-pairing interactions: 
	<A(3:)-G(6:) trans S/S>                        MATCHES	<A(4:'0'767)-G(8:'0'2110) trans S/S>
	<A(3:)-G(9:) trans H/S>                        MATCHES	<A(4:'0'767)-A(12:'0'895) trans H/W>
#  Matched base-stacking interactions: 

>>>>>>>>>>   ALIGNMENT ENDS   >>>>>>>>>>

<<<<<<<<<<  ALIGNMENT BEGINS  <<<<<<<<<<

#  Aligning k-turn_consensus and 3ccj_0:172-179_891-894_156-161:
#  Alignment score:  23.8
#  P-value:  1.000e+00
#  Query aligned region: 1-1,11-11
#  Target aligned region: 0:'0'173-0:'0'173,17:'0'162-17:'0'162

	G...A
	C...C

#  Matched base-pairing interactions: 
	<G(1:)-A(11:) trans S/H>                       MATCHES	<C(0:'0'173)-C(17:'0'162) trans S/H>
#  Matched base-stacking interactions: 

>>>>>>>>>>   ALIGNMENT ENDS   >>>>>>>>>>

<<<<<<<<<<  ALIGNMENT BEGINS  <<<<<<<<<<

#  Aligning k-turn_consensus and 3ccj_0:1774-1779_1759-1767:
#  Alignment score:  23.8
#  P-value:  1.000e+00
#  Query aligned region: 1-1,11-11
#  Target aligned region: 0:'0'1775-0:'0'1775,14:'0'1768-14:'0'1768

	G...A
	A...C

#  Matched base-pairing interactions: 
	<G(1:)-A(11:) trans S/H>                       MATCHES	<A(0:'0'1775)-C(14:'0'1768) trans S/H>
#  Matched base-stacking interactions: 

>>>>>>>>>>   ALIGNMENT ENDS   >>>>>>>>>>

<<<<<<<<<<  ALIGNMENT BEGINS  <<<<<<<<<<

#  Aligning k-turn_consensus and 3ccj_0:1542-1551_1633-1641:
#  Alignment score:  23.8
#  P-value:  1.000e+00
#  Query aligned region: 1-1,11-11
#  Target aligned region: 0:'0'1543-0:'0'1543,18:'0'1642-18:'0'1642

	G...A
	G...A

#  Matched base-pairing interactions: 
	<G(1:)-A(11:) trans S/H>                       MATCHES	<G(0:'0'1543)-A(18:'0'1642) trans S/H>
#  Matched base-stacking interactions: 

>>>>>>>>>>   ALIGNMENT ENDS   >>>>>>>>>>

<<<<<<<<<<  ALIGNMENT BEGINS  <<<<<<<<<<

#  Aligning k-turn_consensus and 3ccj_0:281-290_360-367:
#  Alignment score:  23.8
#  P-value:  1.000e+00
#  Query aligned region: 1-1,11-11
#  Target aligned region: 0:'0'282-0:'0'282,17:'0'368-17:'0'368

	G...A
	C...C

#  Matched base-pairing interactions: 
	<G(1:)-A(11:) trans S/H>                       MATCHES	<C(0:'0'282)-C(17:'0'368) trans S/H>
#  Matched base-stacking interactions: 

>>>>>>>>>>   ALIGNMENT ENDS   >>>>>>>>>>

<<<<<<<<<<  ALIGNMENT BEGINS  <<<<<<<<<<

#  Aligning k-turn_consensus and 3ccj_0:1970-1985_2012-2013_2001-2009:
#  Alignment score:  23.6
#  P-value:  1.000e+00
#  Query aligned region: 3-3,6-9
#  Target aligned region: 2:'0'1973-2:'0'1973,17:'0'2014-17:'0'2014,25:'0'2009-25:'0'2009

	A...G~G
	A...G~G

#  Matched base-pairing interactions: 
	<A(3:)-G(9:) trans H/S>                        MATCHES	<A(2:'0'1973)-G(25:'0'2009) trans H/S>
	<A(3:)-G(6:) trans S/S>                        MATCHES	<A(2:'0'1973)-G(17:'0'2014) cis -/->
#  Matched base-stacking interactions: 

>>>>>>>>>>   ALIGNMENT ENDS   >>>>>>>>>>

<<<<<<<<<<  ALIGNMENT BEGINS  <<<<<<<<<<

#  Aligning k-turn_consensus and 3ccj_0:2368-2373_2326-2329_2364-2367:
#  Alignment score:  23.4
#  P-value:  1.000e+00
#  Query aligned region: 3-3,6-9
#  Target aligned region: 0:'0'2369-0:'0'2369,9:'0'2330-9:'0'2330,13:'0'2368-13:'0'2368

	A...G~G
	A...U~A

#  Matched base-pairing interactions: 
	<A(3:)-G(9:) trans H/S>                        MATCHES	<A(0:'0'2369)-A(13:'0'2368) trans H/S>
	<A(3:)-G(6:) trans S/S>                        MATCHES	<A(0:'0'2369)-U(9:'0'2330) trans H/W>
#  Matched base-stacking interactions: 

>>>>>>>>>>   ALIGNMENT ENDS   >>>>>>>>>>

<<<<<<<<<<  ALIGNMENT BEGINS  <<<<<<<<<<

#  Aligning k-turn_consensus and 3ccj_0:1180-1192_1206-1209_1157-1160:
#  Alignment score:  23
#  P-value:  1.000e+00
#  Query aligned region: 3-3,6-9
#  Target aligned region: 8:'0'1189-8:'0'1189,14:'0'1208-14:'0'1208,18:'0'1159-18:'0'1159

	A...G~G
	A...C~G

#  Matched base-pairing interactions: 
	<A(3:)-G(9:) trans H/S>                        MATCHES	<A(8:'0'1189)-G(18:'0'1159) trans H/S>
	<A(3:)-G(6:) trans S/S>                        MATCHES	<A(8:'0'1189)-C(14:'0'1208) cis S/S>
#  Matched base-stacking interactions: 

>>>>>>>>>>   ALIGNMENT ENDS   >>>>>>>>>>

<<<<<<<<<<  ALIGNMENT BEGINS  <<<<<<<<<<

#  Aligning k-turn_consensus and 3ccj_0:2825-2832_2906-2913_2666-2667:
#  Alignment score:  23
#  P-value:  1.000e+00
#  Query aligned region: 1-1,11-11
#  Target aligned region: 0:'0'2826-0:'0'2826,15:'0'2914-15:'0'2914

	G...A
	G...A

#  Matched base-pairing interactions: 
	<G(1:)-A(11:) trans S/H>                       MATCHES	<G(0:'0'2826)-A(15:'0'2914) trans S/H>
#  Matched base-stacking interactions: 

>>>>>>>>>>   ALIGNMENT ENDS   >>>>>>>>>>

<<<<<<<<<<  ALIGNMENT BEGINS  <<<<<<<<<<

#  Aligning k-turn_consensus and 3ccj_0:65-66_43-52_106-113:
#  Alignment score:  23
#  P-value:  1.000e+00
#  Query aligned region: 1-1,11-11
#  Target aligned region: 5:'0'47-5:'0'47,18:'0'113-18:'0'113

	G...A
	G...A

#  Matched base-pairing interactions: 
	<G(1:)-A(11:) trans S/H>                       MATCHES	<G(5:'0'47)-A(18:'0'113) trans S/H>
#  Matched base-stacking interactions: 

>>>>>>>>>>   ALIGNMENT ENDS   >>>>>>>>>>

<<<<<<<<<<  ALIGNMENT BEGINS  <<<<<<<<<<

#  Aligning k-turn_consensus and 3ccj_0:486-487_22-27_511-518:
#  Alignment score:  23
#  P-value:  1.000e+00
#  Query aligned region: 1-1,11-11
#  Target aligned region: 3:'0'24-3:'0'24,15:'0'519-15:'0'519

	G...A
	G...A

#  Matched base-pairing interactions: 
	<G(1:)-A(11:) trans S/H>                       MATCHES	<G(3:'0'24)-A(15:'0'519) trans S/H>
#  Matched base-stacking interactions: 

>>>>>>>>>>   ALIGNMENT ENDS   >>>>>>>>>>

<<<<<<<<<<  ALIGNMENT BEGINS  <<<<<<<<<<

#  Aligning k-turn_consensus and 3ccj_0:527-531_603-610_10-15:
#  Alignment score:  22.6
#  P-value:  1.000e+00
#  Query aligned region: 0-1,11-12
#  Target aligned region: 2:'0'530-3:'0'531,14:'0'12-15:'0'13

	GG...AC
	CG...UG

#  Matched base-pairing interactions: 
	<G(1:)-A(11:) trans S/H>                       MATCHES	<G(3:'0'531)-U(14:'0'12) trans S/H>
	<G(0:)-C(12:) cis W/W>                         MATCHES	<C(2:'0'530)-G(15:'0'13) cis W/W>
#  Matched base-stacking interactions: 

>>>>>>>>>>   ALIGNMENT ENDS   >>>>>>>>>>

<<<<<<<<<<  ALIGNMENT BEGINS  <<<<<<<<<<

#  Aligning k-turn_consensus and 3ccj_0:2297-2300_951-953_2301-2309:
#  Alignment score:  22.4
#  P-value:  1.000e+00
#  Query aligned region: 0-4,5-12
#  Target aligned region: 0:'0'2298-3:'0'2301,5:'0'953-6:'0'954,7:'0'2302-15:'0'2310

	GGGA~G...C~G-AAGAA-C
	CGAA~G...U~AAGAUAUCG

#  Matched base-pairing interactions: 
	<A(3:)-G(6:) trans S/S>                        MATCHES	<A(3:'0'2301)-A(7:'0'2302) trans S/S>
	<G(2:)-A(10:) trans S/H>                       MATCHES	<A(2:'0'2300)-A(12:'0'2307) trans H/H>
	<G(4:)-C(5:) cis W/W>                          MATCHES	<G(5:'0'953)-U(6:'0'954) cis S/H>
	<A(3:)-G(9:) trans H/S>                        MATCHES	<A(3:'0'2301)-U(11:'0'2306) trans W/W>
	<G(0:)-C(12:) cis W/W>                         MATCHES	<C(0:'0'2298)-G(15:'0'2310) cis W/W>
	<G(1:)-A(11:) trans S/H>                       MATCHES	<G(1:'0'2299)-U(13:'0'2308) trans S/H>
#  Matched base-stacking interactions: 

>>>>>>>>>>   ALIGNMENT ENDS   >>>>>>>>>>

<<<<<<<<<<  ALIGNMENT BEGINS  <<<<<<<<<<

#  Aligning k-turn_consensus and 3ccj_0:531-532_2655-2659_2083-2088:
#  Alignment score:  22.2
#  P-value:  1.000e+00
#  Query aligned region: 3-3,6-9
#  Target aligned region: 0:'0'532-0:'0'532,6:'0'2660-6:'0'2660,8:'0'2085-8:'0'2085

	A...G~G
	A...G~A

#  Matched base-pairing interactions: 
	<A(3:)-G(6:) trans S/S>                        MATCHES	<A(0:'0'532)-G(6:'0'2660) trans S/S>
	<A(3:)-G(9:) trans H/S>                        MATCHES	<A(0:'0'532)-A(8:'0'2085) cis S/S>
#  Matched base-stacking interactions: 

>>>>>>>>>>   ALIGNMENT ENDS   >>>>>>>>>>

<<<<<<<<<<  ALIGNMENT BEGINS  <<<<<<<<<<

#  Aligning k-turn_consensus and 3ccj_0:373-378_266-274_239-243:
#  Alignment score:  22.2
#  P-value:  1.000e+00
#  Query aligned region: 1-1,11-11
#  Target aligned region: 8:'0'269-8:'0'269,17:'0'242-17:'0'242

	G...A
	G...A

#  Matched base-pairing interactions: 
	<G(1:)-A(11:) trans S/H>                       MATCHES	<G(8:'0'269)-A(17:'0'242) trans S/H>
#  Matched base-stacking interactions: 

>>>>>>>>>>   ALIGNMENT ENDS   >>>>>>>>>>

<<<<<<<<<<  ALIGNMENT BEGINS  <<<<<<<<<<

#  Aligning k-turn_consensus and 3ccj_0:1325-1330_1298-1300_904-906:
#  Alignment score:  22.2
#  P-value:  1.000e+00
#  Query aligned region: 3-3,6-9
#  Target aligned region: 4:'0'1330-4:'0'1330,7:'0'1300-7:'0'1300,9:'0'905-9:'0'905

	A...G~G
	A...G~C

#  Matched base-pairing interactions: 
	<A(3:)-G(6:) trans S/S>                        MATCHES	<A(4:'0'1330)-G(7:'0'1300) trans S/S>
	<A(3:)-G(9:) trans H/S>                        MATCHES	<A(4:'0'1330)-C(9:'0'905) cis S/S>
#  Matched base-stacking interactions: 

>>>>>>>>>>   ALIGNMENT ENDS   >>>>>>>>>>

<<<<<<<<<<  ALIGNMENT BEGINS  <<<<<<<<<<

#  Aligning k-turn_consensus and 3ccj_0:1188-1193_1177-1186_1163-1167:
#  Alignment score:  22
#  P-value:  1.000e+00
#  Query aligned region: 3-3,6-9
#  Target aligned region: 3:'0'1192-3:'0'1192,10:'0'1182-10:'0'1182,16:'0'1164-16:'0'1164

	A...G~G
	A...C~U

#  Matched base-pairing interactions: 
	<A(3:)-G(6:) trans S/S>                        MATCHES	<A(3:'0'1192)-C(10:'0'1182) trans S/S>
	<A(3:)-G(9:) trans H/S>                        MATCHES	<A(3:'0'1192)-U(16:'0'1164) cis -/->
#  Matched base-stacking interactions: 

>>>>>>>>>>   ALIGNMENT ENDS   >>>>>>>>>>

<<<<<<<<<<  ALIGNMENT BEGINS  <<<<<<<<<<

#  Aligning k-turn_consensus and 3ccj_0:458-464_450-457_474-478:
#  Alignment score:  21.8
#  P-value:  1.000e+00
#  Query aligned region: 3-3,6-9
#  Target aligned region: 4:'0'463-4:'0'463,14:'0'458-14:'0'458,17:'0'477-17:'0'477

	A...G~G
	A...G~A

#  Matched base-pairing interactions: 
	<A(3:)-G(6:) trans S/S>                        MATCHES	<A(4:'0'463)-G(14:'0'458) trans S/S>
	<A(3:)-G(9:) trans H/S>                        MATCHES	<A(4:'0'463)-A(17:'0'477) trans H/H>
#  Matched base-stacking interactions: 

>>>>>>>>>>   ALIGNMENT ENDS   >>>>>>>>>>

<<<<<<<<<<  ALIGNMENT BEGINS  <<<<<<<<<<

#  Aligning k-turn_consensus and 3ccj_0:1142-1153_1212-1220:
#  Alignment score:  21.4
#  P-value:  1.000e+00
#  Query aligned region: 1-1,11-11
#  Target aligned region: 8:'0'1151-8:'0'1151,14:'0'1215-14:'0'1215

	G...A
	G...A

#  Matched base-pairing interactions: 
	<G(1:)-A(11:) trans S/H>                       MATCHES	<G(8:'0'1151)-A(14:'0'1215) trans S/H>
#  Matched base-stacking interactions: 

>>>>>>>>>>   ALIGNMENT ENDS   >>>>>>>>>>

<<<<<<<<<<  ALIGNMENT BEGINS  <<<<<<<<<<

#  Aligning k-turn_consensus and 3ccj_0:1727-1738_2040-2047:
#  Alignment score:  21.2
#  P-value:  1.000e+00
#  Query aligned region: 3-3,6-9
#  Target aligned region: 5:'0'1733-6:'0'1734,17:'0'2046-17:'0'2046

	A...G~G
	A...C~G

#  Matched base-pairing interactions: 
	<A(3:)-G(9:) trans H/S>                        MATCHES	<A(5:'0'1733)-G(17:'0'2046) trans H/S>
	<A(3:)-G(6:) trans S/S>                        MATCHES	<A(5:'0'1733)-C(6:'0'1734) cis -/->
#  Matched base-stacking interactions: 

>>>>>>>>>>   ALIGNMENT ENDS   >>>>>>>>>>

<<<<<<<<<<  ALIGNMENT BEGINS  <<<<<<<<<<

#  Aligning k-turn_consensus and 3ccj_0:638-644_897-903_1354-1362:
#  Alignment score:  21
#  P-value:  1.000e+00
#  Query aligned region: 3-3,6-9
#  Target aligned region: 4:'0'643-4:'0'643,11:'0'902-11:'0'902,14:'0'1355-14:'0'1355

	A...G~G
	A...G~A

#  Matched base-pairing interactions: 
	<A(3:)-G(6:) trans S/S>                        MATCHES	<A(4:'0'643)-G(11:'0'902) trans S/S>
	<A(3:)-G(9:) trans H/S>                        MATCHES	<A(4:'0'643)-A(14:'0'1355) trans H/H>
#  Matched base-stacking interactions: 

>>>>>>>>>>   ALIGNMENT ENDS   >>>>>>>>>>

<<<<<<<<<<  ALIGNMENT BEGINS  <<<<<<<<<<

#  Aligning k-turn_consensus and 3ccj_0:1206-1209_1182-1191_1157-1163:
#  Alignment score:  20.8
#  P-value:  1.000e+00
#  Query aligned region: 3-3,6-9
#  Target aligned region: 0:'0'1207-0:'0'1207,11:'0'1190-11:'0'1190,16:'0'1160-16:'0'1160

	A...G~G
	A...G~G

#  Matched base-pairing interactions: 
	<A(3:)-G(9:) trans H/S>                        MATCHES	<A(0:'0'1207)-G(16:'0'1160) trans H/S>
	<A(3:)-G(6:) trans S/S>                        MATCHES	<A(0:'0'1207)-G(11:'0'1190) cis -/->
#  Matched base-stacking interactions: 

>>>>>>>>>>   ALIGNMENT ENDS   >>>>>>>>>>

<<<<<<<<<<  ALIGNMENT BEGINS  <<<<<<<<<<

#  Aligning k-turn_consensus and 3ccj_0:1488-1493_1447-1455_1510-1513:
#  Alignment score:  20.6
#  P-value:  1.000e+00
#  Query aligned region: 3-3,6-9
#  Target aligned region: 4:'0'1493-4:'0'1493,7:'0'1449-7:'0'1449,17:'0'1513-17:'0'1513

	A...G~G
	A...G~C

#  Matched base-pairing interactions: 
	<A(3:)-G(6:) trans S/S>                        MATCHES	<A(4:'0'1493)-G(7:'0'1449) trans S/S>
	<A(3:)-G(9:) trans H/S>                        MATCHES	<A(4:'0'1493)-C(17:'0'1513) cis S/S>
#  Matched base-stacking interactions: 

>>>>>>>>>>   ALIGNMENT ENDS   >>>>>>>>>>

<<<<<<<<<<  ALIGNMENT BEGINS  <<<<<<<<<<

#  Aligning k-turn_consensus and 3ccj_0:2557-2559_2773-2782_2789-2800:
#  Alignment score:  20.6
#  P-value:  1.000e+00
#  Query aligned region: 1-1,11-11
#  Target aligned region: 11:'0'2782-11:'0'2782,15:'0'2792-15:'0'2792

	G...A
	G...A

#  Matched base-pairing interactions: 
	<G(1:)-A(11:) trans S/H>                       MATCHES	<G(11:'0'2782)-A(15:'0'2792) trans S/H>
#  Matched base-stacking interactions: 

>>>>>>>>>>   ALIGNMENT ENDS   >>>>>>>>>>

<<<<<<<<<<  ALIGNMENT BEGINS  <<<<<<<<<<

#  Aligning k-turn_consensus and 3ccj_0:1964-1971_1939-1946_1889-1897:
#  Alignment score:  20.2
#  P-value:  1.000e+00
#  Query aligned region: 3-3,6-9
#  Target aligned region: 4:'0'1969-4:'0'1969,13:'0'1945-13:'0'1945,18:'0'1892-18:'0'1892

	A...G~G
	A...G~C

#  Matched base-pairing interactions: 
	<A(3:)-G(6:) trans S/S>                        MATCHES	<A(4:'0'1969)-G(13:'0'1945) trans S/S>
	<A(3:)-G(9:) trans H/S>                        MATCHES	<A(4:'0'1969)-C(18:'0'1892) cis S/S>
#  Matched base-stacking interactions: 

>>>>>>>>>>   ALIGNMENT ENDS   >>>>>>>>>>

<<<<<<<<<<  ALIGNMENT BEGINS  <<<<<<<<<<

#  Aligning k-turn_consensus and 3ccj_0:1751-1753_1741-1746_2030-2037:
#  Alignment score:  20.2
#  P-value:  1.000e+00
#  Query aligned region: 0-1,11-12
#  Target aligned region: 5:'0'1744-6:'0'1745,12:'0'2034-13:'0'2035

	GG...AC
	GG...UC

#  Matched base-pairing interactions: 
	<G(1:)-A(11:) trans S/H>                       MATCHES	<G(6:'0'1745)-U(12:'0'2034) trans S/H>
	<G(0:)-C(12:) cis W/W>                         MATCHES	<G(5:'0'1744)-C(13:'0'2035) cis W/W>
#  Matched base-stacking interactions: 

>>>>>>>>>>   ALIGNMENT ENDS   >>>>>>>>>>

<<<<<<<<<<  ALIGNMENT BEGINS  <<<<<<<<<<

#  Aligning k-turn_consensus and 3ccj_0:2594-2601_2575-2583_2551-2556:
#  Alignment score:  19.8
#  P-value:  1.000e+00
#  Query aligned region: 3-3,6-9
#  Target aligned region: 5:'0'2600-5:'0'2600,12:'0'2580-12:'0'2580,20:'0'2555-20:'0'2555

	A...G~G
	A...G~C

#  Matched base-pairing interactions: 
	<A(3:)-G(6:) trans S/S>                        MATCHES	<A(5:'0'2600)-G(12:'0'2580) trans S/S>
	<A(3:)-G(9:) trans H/S>                        MATCHES	<A(5:'0'2600)-C(20:'0'2555) cis S/S>
#  Matched base-stacking interactions: 

>>>>>>>>>>   ALIGNMENT ENDS   >>>>>>>>>>

<<<<<<<<<<  ALIGNMENT BEGINS  <<<<<<<<<<

#  Aligning k-turn_consensus and 3ccj_0:260-267_242-248:
#  Alignment score:  19.8
#  P-value:  1.000e+00
#  Query aligned region: 1-1,11-11
#  Target aligned region: 3:'0'264-3:'0'264,12:'0'247-12:'0'247

	G...A
	G...A

#  Matched base-pairing interactions: 
	<G(1:)-A(11:) trans S/H>                       MATCHES	<G(3:'0'264)-A(12:'0'247) trans S/H>
#  Matched base-stacking interactions: 

>>>>>>>>>>   ALIGNMENT ENDS   >>>>>>>>>>

<<<<<<<<<<  ALIGNMENT BEGINS  <<<<<<<<<<

#  Aligning k-turn_consensus and 3ccj_0:2672-2678_2805-2813_2660-2661:
#  Alignment score:  19.8
#  P-value:  1.000e+00
#  Query aligned region: 1-1,11-11
#  Target aligned region: 1:'0'2674-1:'0'2674,14:'0'2813-14:'0'2813

	G...A
	G...A

#  Matched base-pairing interactions: 
	<G(1:)-A(11:) trans S/H>                       MATCHES	<G(1:'0'2674)-A(14:'0'2813) trans S/H>
#  Matched base-stacking interactions: 

>>>>>>>>>>   ALIGNMENT ENDS   >>>>>>>>>>

<<<<<<<<<<  ALIGNMENT BEGINS  <<<<<<<<<<

#  Aligning k-turn_consensus and 3ccj_0:146-155_180-186_41-44:
#  Alignment score:  19.4
#  P-value:  1.000e+00
#  Query aligned region: 0-1,11-12
#  Target aligned region: 2:'0'149-3:'0'150,14:'0'185-14:'0'185,17:'0'42-17:'0'42

	GG...A~C
	GG...G~C

#  Matched base-pairing interactions: 
	<G(0:)-C(12:) cis W/W>                         MATCHES	<G(2:'0'149)-C(17:'0'42) cis W/W>
	<G(1:)-A(11:) trans S/H>                       MATCHES	<G(3:'0'150)-G(14:'0'185) trans S/H>
#  Matched base-stacking interactions: 

>>>>>>>>>>   ALIGNMENT ENDS   >>>>>>>>>>

<<<<<<<<<<  ALIGNMENT BEGINS  <<<<<<<<<<

#  Aligning k-turn_consensus and 3ccj_0:936-937_702-708_718-725:
#  Alignment score:  19.2
#  P-value:  1.000e+00
#  Query aligned region: 0-1,11-12
#  Target aligned region: 4:'0'705-5:'0'706,12:'0'722-13:'0'723

	GG...AC
	CG...GG

#  Matched base-pairing interactions: 
	<G(1:)-A(11:) trans S/H>                       MATCHES	<G(5:'0'706)-G(12:'0'722) trans S/H>
	<G(0:)-C(12:) cis W/W>                         MATCHES	<C(4:'0'705)-G(13:'0'723) cis W/W>
#  Matched base-stacking interactions: 

>>>>>>>>>>   ALIGNMENT ENDS   >>>>>>>>>>

<<<<<<<<<<  ALIGNMENT BEGINS  <<<<<<<<<<

#  Aligning k-turn_consensus and 3ccj_0:2785-2796_2776-2784_1152-1153:
#  Alignment score:  19
#  P-value:  1.000e+00
#  Query aligned region: 1-1,11-11
#  Target aligned region: 4:'0'2790-4:'0'2790,15:'0'2780-15:'0'2780

	G...A
	C...C

#  Matched base-pairing interactions: 
	<G(1:)-A(11:) trans S/H>                       MATCHES	<C(4:'0'2790)-C(15:'0'2780) trans S/H>
#  Matched base-stacking interactions: 

>>>>>>>>>>   ALIGNMENT ENDS   >>>>>>>>>>

<<<<<<<<<<  ALIGNMENT BEGINS  <<<<<<<<<<

#  Aligning k-turn_consensus and 3ccj_0:2012-2013_1970-1985_2001-2009:
#  Alignment score:  18.4
#  P-value:  1.000e+00
#  Query aligned region: 0-1,11-12
#  Target aligned region: 0:'0'2013-0:'0'2013,12:'0'1981-14:'0'1983,26:'0'2010-26:'0'2010

	G~G...A~C
	G~A...C~A

#  Matched base-pairing interactions: 
	<G(0:)-C(12:) cis W/W>                         MATCHES	<G(0:'0'2013)-A(26:'0'2010) cis -/->
	<G(1:)-A(11:) trans S/H>                       MATCHES	<A(12:'0'1981)-C(14:'0'1983) trans S/H>
#  Matched base-stacking interactions: 

>>>>>>>>>>   ALIGNMENT ENDS   >>>>>>>>>>

<<<<<<<<<<  ALIGNMENT BEGINS  <<<<<<<<<<

#  Aligning k-turn_consensus and 3ccj_0:866-879_1826-1833_1839-1846:
#  Alignment score:  18.2
#  P-value:  1.000e+00
#  Query aligned region: 3-3,6-9
#  Target aligned region: 7:'0'874-7:'0'874,19:'0'1832-19:'0'1832,27:'0'1845-27:'0'1845

	A...G~G
	A...G~A

#  Matched base-pairing interactions: 
	<A(3:)-G(6:) trans S/S>                        MATCHES	<A(7:'0'874)-G(19:'0'1832) trans S/S>
	<A(3:)-G(9:) trans H/S>                        MATCHES	<A(7:'0'874)-A(27:'0'1845) cis S/S>
#  Matched base-stacking interactions: 

>>>>>>>>>>   ALIGNMENT ENDS   >>>>>>>>>>

<<<<<<<<<<  ALIGNMENT BEGINS  <<<<<<<<<<

#  Aligning k-turn_consensus and 3ccj_0:2830-2834_2846-2854_2900-2908:
#  Alignment score:  18.2
#  P-value:  1.000e+00
#  Query aligned region: 0-1,11-12
#  Target aligned region: 2:'0'2833-2:'0'2833,9:'0'2851-9:'0'2851,19:'0'2906-20:'0'2907

	G~G...AC
	C~G...AC

#  Matched base-pairing interactions: 
	<G(0:)-C(12:) cis W/W>                         MATCHES	<C(2:'0'2833)-C(20:'0'2907) cis S/H>
	<G(1:)-A(11:) trans S/H>                       MATCHES	<G(9:'0'2851)-A(19:'0'2906) trans S/H>
#  Matched base-stacking interactions: 

>>>>>>>>>>   ALIGNMENT ENDS   >>>>>>>>>>

<<<<<<<<<<  ALIGNMENT BEGINS  <<<<<<<<<<

#  Aligning k-turn_consensus and 3ccj_0:2241-2259:
#  Alignment score:  17.9
#  P-value:  1.000e+00
#  Query aligned region: 0-1,11-12
#  Target aligned region: 6:'0'2248-11:'0'2253

	GG...A-C
	CG...GAG

#  Matched base-pairing interactions: 
	<G(0:)-C(12:) cis W/W>                         MATCHES	<C(6:'0'2248)-G(11:'0'2253) cis W/W>
	<G(1:)-A(11:) trans S/H>                       MATCHES	<G(7:'0'2249)-G(9:'0'2251) trans S/H>
#  Matched base-stacking interactions: 

>>>>>>>>>>   ALIGNMENT ENDS   >>>>>>>>>>

<<<<<<<<<<  ALIGNMENT BEGINS  <<<<<<<<<<

#  Aligning k-turn_consensus and 3ccj_0:23-27_480-488_502-517:
#  Alignment score:  16
#  P-value:  1.000e+00
#  Query aligned region: 0-1,11-12
#  Target aligned region: 3:'0'27-3:'0'27,6:'0'482-10:'0'486,27:'0'516-27:'0'516

	G~G...A~C
	U~G...A~A

#  Matched base-pairing interactions: 
	<G(0:)-C(12:) cis W/W>                         MATCHES	<U(3:'0'27)-A(27:'0'516) cis W/W>
	<G(1:)-A(11:) trans S/H>                       MATCHES	<G(6:'0'482)-A(10:'0'486) trans S/H>
#  Matched base-stacking interactions: 

>>>>>>>>>>   ALIGNMENT ENDS   >>>>>>>>>>

<<<<<<<<<<  ALIGNMENT BEGINS  <<<<<<<<<<

#  Aligning k-turn_consensus and 3ccj_0:1022-1035_934-943:
#  Alignment score:  15.8
#  P-value:  1.000e+00
#  Query aligned region: 1-1,11-11
#  Target aligned region: 8:'0'1031-8:'0'1031,18:'0'939-18:'0'939

	G...A
	G...A

#  Matched base-pairing interactions: 
	<G(1:)-A(11:) trans S/H>                       MATCHES	<G(8:'0'1031)-A(18:'0'939) trans S/H>
#  Matched base-stacking interactions: 

>>>>>>>>>>   ALIGNMENT ENDS   >>>>>>>>>>

<<<<<<<<<<  ALIGNMENT BEGINS  <<<<<<<<<<

#  Aligning k-turn_consensus and 3ccj_0:928-930_1037-1040_752-753:
#  Alignment score:  15.2
#  P-value:  1.000e+00
#  Query aligned region: 0-1,11-12
#  Target aligned region: 0:'0'929-1:'0'930,5:'0'1040-6:'0'1041

	GG...AC
	AC...AU

#  Matched base-pairing interactions: 
	<G(1:)-A(11:) trans S/H>                       MATCHES	<C(1:'0'930)-A(5:'0'1040) cis -/->
	<G(0:)-C(12:) cis W/W>                         MATCHES	<A(0:'0'929)-U(6:'0'1041) cis W/W>
#  Matched base-stacking interactions: 

>>>>>>>>>>   ALIGNMENT ENDS   >>>>>>>>>>

<<<<<<<<<<  ALIGNMENT BEGINS  <<<<<<<<<<

#  Aligning k-turn_consensus and 3ccj_0:1510-1513_1488-1493_1447-1455:
#  Alignment score:  15
#  P-value:  1.000e+00
#  Query aligned region: 0-1,11-12
#  Target aligned region: 4:'0'1489-5:'0'1490,17:'0'1455-18:'0'1456

	GG...AC
	GG...CC

#  Matched base-pairing interactions: 
	<G(1:)-A(11:) trans S/H>                       MATCHES	<G(5:'0'1490)-C(17:'0'1455) cis W/W>
	<G(0:)-C(12:) cis W/W>                         MATCHES	<G(4:'0'1489)-C(18:'0'1456) cis W/W>
#  Matched base-stacking interactions: 

>>>>>>>>>>   ALIGNMENT ENDS   >>>>>>>>>>

<<<<<<<<<<  ALIGNMENT BEGINS  <<<<<<<<<<

#  Aligning k-turn_consensus and 3ccj_0:2126-2127_1924-1931_1906-1914:
#  Alignment score:  15
#  P-value:  1.000e+00
#  Query aligned region: 0-1,11-12
#  Target aligned region: 3:'0'1926-4:'0'1927,15:'0'1912-16:'0'1913

	GG...AC
	GA...AC

#  Matched base-pairing interactions: 
	<G(1:)-A(11:) trans S/H>                       MATCHES	<A(4:'0'1927)-A(15:'0'1912) cis W/W>
	<G(0:)-C(12:) cis W/W>                         MATCHES	<G(3:'0'1926)-C(16:'0'1913) cis W/W>
#  Matched base-stacking interactions: 

>>>>>>>>>>   ALIGNMENT ENDS   >>>>>>>>>>

<<<<<<<<<<  ALIGNMENT BEGINS  <<<<<<<<<<

#  Aligning k-turn_consensus and 3ccj_0:825-833_847-853_787-789:
#  Alignment score:  15
#  P-value:  1.000e+00
#  Query aligned region: 0-1,11-12
#  Target aligned region: 7:'0'833-8:'0'834,9:'0'848-10:'0'849

	GG...AC
	GG...CC

#  Matched base-pairing interactions: 
	<G(1:)-A(11:) trans S/H>                       MATCHES	<G(8:'0'834)-C(9:'0'848) cis W/W>
	<G(0:)-C(12:) cis W/W>                         MATCHES	<G(7:'0'833)-C(10:'0'849) cis W/W>
#  Matched base-stacking interactions: 

>>>>>>>>>>   ALIGNMENT ENDS   >>>>>>>>>>

<<<<<<<<<<  ALIGNMENT BEGINS  <<<<<<<<<<

#  Aligning k-turn_consensus and 3ccj_0:2127-2133_2257-2265_1908-1909:
#  Alignment score:  14.8
#  P-value:  1.000e+00
#  Query aligned region: 0-1,11-12
#  Target aligned region: 3:'0'2131-4:'0'2132,10:'0'2261-11:'0'2262

	GG...AC
	GC...CC

#  Matched base-pairing interactions: 
	<G(1:)-A(11:) trans S/H>                       MATCHES	<C(4:'0'2132)-C(10:'0'2261) cis -/->
	<G(0:)-C(12:) cis W/W>                         MATCHES	<G(3:'0'2131)-C(11:'0'2262) cis W/W>
#  Matched base-stacking interactions: 

>>>>>>>>>>   ALIGNMENT ENDS   >>>>>>>>>>

<<<<<<<<<<  ALIGNMENT BEGINS  <<<<<<<<<<

#  Aligning k-turn_consensus and 3ccj_0:1632-1633_1620-1627_1568-1575:
#  Alignment score:  14.8
#  P-value:  1.000e+00
#  Query aligned region: 0-1,11-12
#  Target aligned region: 3:'0'1622-4:'0'1623,14:'0'1573-15:'0'1574

	GG...AC
	GC...AC

#  Matched base-pairing interactions: 
	<G(1:)-A(11:) trans S/H>                       MATCHES	<C(4:'0'1623)-A(14:'0'1573) cis -/->
	<G(0:)-C(12:) cis W/W>                         MATCHES	<G(3:'0'1622)-C(15:'0'1574) cis W/W>
#  Matched base-stacking interactions: 

>>>>>>>>>>   ALIGNMENT ENDS   >>>>>>>>>>

<<<<<<<<<<  ALIGNMENT BEGINS  <<<<<<<<<<

#  Aligning k-turn_consensus and 3ccj_0:2292-2297_2419-2426_2309-2318:
#  Alignment score:  14.4
#  P-value:  1.000e+00
#  Query aligned region: 0-1,11-12
#  Target aligned region: 6:'0'2420-7:'0'2421,22:'0'2318-23:'0'2319

	GG...AC
	GG...CC

#  Matched base-pairing interactions: 
	<G(1:)-A(11:) trans S/H>                       MATCHES	<G(7:'0'2421)-C(22:'0'2318) cis W/W>
	<G(0:)-C(12:) cis W/W>                         MATCHES	<G(6:'0'2420)-C(23:'0'2319) cis W/W>
#  Matched base-stacking interactions: 

>>>>>>>>>>   ALIGNMENT ENDS   >>>>>>>>>>

<<<<<<<<<<  ALIGNMENT BEGINS  <<<<<<<<<<

#  Aligning k-turn_consensus and 3ccj_0:2899-2908_2851-2856_2830-2837:
#  Alignment score:  14.2
#  P-value:  1.000e+00
#  Query aligned region: 0-1,11-12
#  Target aligned region: 0:'0'2900-1:'0'2901,14:'0'2856-15:'0'2857

	GG...AC
	GC...AC

#  Matched base-pairing interactions: 
	<G(1:)-A(11:) trans S/H>                       MATCHES	<C(1:'0'2901)-A(14:'0'2856) cis W/W>
	<G(0:)-C(12:) cis W/W>                         MATCHES	<G(0:'0'2900)-C(15:'0'2857) cis W/W>
#  Matched base-stacking interactions: 

>>>>>>>>>>   ALIGNMENT ENDS   >>>>>>>>>>

<<<<<<<<<<  ALIGNMENT BEGINS  <<<<<<<<<<

#  Aligning k-turn_consensus and 3ccj_0:2851-2856_2830-2837_2899-2908:
#  Alignment score:  14.2
#  P-value:  1.000e+00
#  Query aligned region: 0-1,11-12
#  Target aligned region: 6:'0'2831-7:'0'2832,22:'0'2908-23:'0'2909

	GG...AC
	CC...AG

#  Matched base-pairing interactions: 
	<G(1:)-A(11:) trans S/H>                       MATCHES	<C(7:'0'2832)-A(22:'0'2908) cis S/W>
	<G(0:)-C(12:) cis W/W>                         MATCHES	<C(6:'0'2831)-G(23:'0'2909) cis W/W>
#  Matched base-stacking interactions: 

>>>>>>>>>>   ALIGNMENT ENDS   >>>>>>>>>>

<<<<<<<<<<  ALIGNMENT BEGINS  <<<<<<<<<<

#  Aligning k-turn_consensus and 3ccj_0:459-477_450-458_31-32:
#  Alignment score:  14.2
#  P-value:  1.000e+00
#  Query aligned region: 0-1,11-12
#  Target aligned region: 7:'0'467-14:'0'474

	GG...AC
	GU...AC

#  Matched base-pairing interactions: 
	<G(1:)-A(11:) trans S/H>                       MATCHES	<U(8:'0'468)-A(13:'0'473) cis W/W>
	<G(0:)-C(12:) cis W/W>                         MATCHES	<G(7:'0'467)-C(14:'0'474) cis W/W>
#  Matched base-stacking interactions: 

>>>>>>>>>>   ALIGNMENT ENDS   >>>>>>>>>>

<<<<<<<<<<  ALIGNMENT BEGINS  <<<<<<<<<<

#  Aligning k-turn_consensus and 3ccj_0:323-325_333-342_311-318:
#  Alignment score:  14.2
#  P-value:  1.000e+00
#  Query aligned region: 0-1,11-12
#  Target aligned region: 0:'0'324-1:'0'325,9:'0'340-10:'0'341

	GG...AC
	GU...AC

#  Matched base-pairing interactions: 
	<G(1:)-A(11:) trans S/H>                       MATCHES	<U(1:'0'325)-A(9:'0'340) cis W/W>
	<G(0:)-C(12:) cis W/W>                         MATCHES	<G(0:'0'324)-C(10:'0'341) cis W/W>
#  Matched base-stacking interactions: 

>>>>>>>>>>   ALIGNMENT ENDS   >>>>>>>>>>

<<<<<<<<<<  ALIGNMENT BEGINS  <<<<<<<<<<

#  Aligning k-turn_consensus and 3ccj_0:1724-1727_1368-1373_2047-2054:
#  Alignment score:  14.2
#  P-value:  1.000e+00
#  Query aligned region: 0-1,11-12
#  Target aligned region: 8:'0'1373-9:'0'1374,13:'0'2051-14:'0'2052

	GG...AC
	GC...GU

#  Matched base-pairing interactions: 
	<G(1:)-A(11:) trans S/H>                       MATCHES	<C(9:'0'1374)-G(13:'0'2051) cis W/W>
	<G(0:)-C(12:) cis W/W>                         MATCHES	<G(8:'0'1373)-U(14:'0'2052) cis W/W>
#  Matched base-stacking interactions: 

>>>>>>>>>>   ALIGNMENT ENDS   >>>>>>>>>>

<<<<<<<<<<  ALIGNMENT BEGINS  <<<<<<<<<<

#  Aligning k-turn_consensus and 3ccj_0:2356-2365_2288-2295_2313-2316:
#  Alignment score:  13.8
#  P-value:  1.000e+00
#  Query aligned region: 0-1,11-12
#  Target aligned region: 2:'0'2359-2:'0'2359,10:'0'2289-12:'0'2291,21:'0'2317-21:'0'2317

	G~G...A~C
	G~G...A~C

#  Matched base-pairing interactions: 
	<G(0:)-C(12:) cis W/W>                         MATCHES	<G(2:'0'2359)-C(21:'0'2317) cis W/W>
	<G(1:)-A(11:) trans S/H>                       MATCHES	<G(10:'0'2289)-A(12:'0'2291) trans S/W>
#  Matched base-stacking interactions: 

>>>>>>>>>>   ALIGNMENT ENDS   >>>>>>>>>>

<<<<<<<<<<  ALIGNMENT BEGINS  <<<<<<<<<<

#  Aligning k-turn_consensus and 3ccj_0:679-688_659-665_207-209:
#  Alignment score:  13.8
#  P-value:  1.000e+00
#  Query aligned region: 0-1,11-12
#  Target aligned region: 5:'0'685-6:'0'686,10:'0'660-11:'0'661

	GG...AC
	CA...AG

#  Matched base-pairing interactions: 
	<G(1:)-A(11:) trans S/H>                       MATCHES	<A(6:'0'686)-A(10:'0'660) cis -/->
	<G(0:)-C(12:) cis W/W>                         MATCHES	<C(5:'0'685)-G(11:'0'661) cis W/W>
#  Matched base-stacking interactions: 

>>>>>>>>>>   ALIGNMENT ENDS   >>>>>>>>>>

<<<<<<<<<<  ALIGNMENT BEGINS  <<<<<<<<<<

#  Aligning k-turn_consensus and 3ccj_0:692-697_687-690_729-732:
#  Alignment score:  13.8
#  P-value:  1.000e+00
#  Query aligned region: 0-1,11-12
#  Target aligned region: 2:'0'695-3:'0'696,7:'0'689-8:'0'690

	GG...AC
	CC...GG

#  Matched base-pairing interactions: 
	<G(1:)-A(11:) trans S/H>                       MATCHES	<C(3:'0'696)-G(7:'0'689) cis W/W>
	<G(0:)-C(12:) cis W/W>                         MATCHES	<C(2:'0'695)-G(8:'0'690) cis W/W>
#  Matched base-stacking interactions: 

>>>>>>>>>>   ALIGNMENT ENDS   >>>>>>>>>>

<<<<<<<<<<  ALIGNMENT BEGINS  <<<<<<<<<<

#  Aligning k-turn_consensus and 3ccj_0:1914-1918_1919-1924_418-420:
#  Alignment score:  13.6
#  P-value:  1.000e+00
#  Query aligned region: 0-1,11-12
#  Target aligned region: 1:'0'1916-2:'0'1917,7:'0'1922-8:'0'1923

	GG...AC
	CG...AG

#  Matched base-pairing interactions: 
	<G(1:)-A(11:) trans S/H>                       MATCHES	<G(2:'0'1917)-A(7:'0'1922) cis -/->
	<G(0:)-C(12:) cis W/W>                         MATCHES	<C(1:'0'1916)-G(8:'0'1923) cis W/W>
#  Matched base-stacking interactions: 

>>>>>>>>>>   ALIGNMENT ENDS   >>>>>>>>>>

<<<<<<<<<<  ALIGNMENT BEGINS  <<<<<<<<<<

#  Aligning k-turn_consensus and 3ccj_0:680-685_744-753_651-663:
#  Alignment score:  13.6
#  P-value:  1.000e+00
#  Query aligned region: 0-1,11-12
#  Target aligned region: 2:'0'683-2:'0'683,14:'0'753-15:'0'754,27:'0'663-27:'0'663

	G~G...A~C
	G~U...G~C

#  Matched base-pairing interactions: 
	<G(0:)-C(12:) cis W/W>                         MATCHES	<G(2:'0'683)-C(27:'0'663) cis W/W>
	<G(1:)-A(11:) trans S/H>                       MATCHES	<U(14:'0'753)-G(15:'0'754) cis S/H>
#  Matched base-stacking interactions: 

>>>>>>>>>>   ALIGNMENT ENDS   >>>>>>>>>>

<<<<<<<<<<  ALIGNMENT BEGINS  <<<<<<<<<<

#  Aligning k-turn_consensus and 3ccj_0:270-279_368-377:
#  Alignment score:  13.6
#  P-value:  1.000e+00
#  Query aligned region: 0-1,11-12
#  Target aligned region: 2:'0'273-3:'0'274,17:'0'376-18:'0'377

	GG...AC
	GG...CC

#  Matched base-pairing interactions: 
	<G(1:)-A(11:) trans S/H>                       MATCHES	<G(3:'0'274)-C(17:'0'376) cis W/W>
	<G(0:)-C(12:) cis W/W>                         MATCHES	<G(2:'0'273)-C(18:'0'377) cis W/W>
#  Matched base-stacking interactions: 

>>>>>>>>>>   ALIGNMENT ENDS   >>>>>>>>>>

<<<<<<<<<<  ALIGNMENT BEGINS  <<<<<<<<<<

#  Aligning k-turn_consensus and 3ccj_0:1061-1068_624-626_1043-1051:
#  Alignment score:  13.6
#  P-value:  1.000e+00
#  Query aligned region: 0-1,11-12
#  Target aligned region: 7:'0'1069-7:'0'1069,8:'0'625-8:'0'625,11:'0'1044-12:'0'1045

	G~G...AC
	C~U...CG

#  Matched base-pairing interactions: 
	<G(1:)-A(11:) trans S/H>                       MATCHES	<U(8:'0'625)-C(11:'0'1044) cis -/->
	<G(0:)-C(12:) cis W/W>                         MATCHES	<C(7:'0'1069)-G(12:'0'1045) cis W/W>
#  Matched base-stacking interactions: 

>>>>>>>>>>   ALIGNMENT ENDS   >>>>>>>>>>

<<<<<<<<<<  ALIGNMENT BEGINS  <<<<<<<<<<

#  Aligning k-turn_consensus and 3ccj_0:2887-2894_2860-2868_2727-2728:
#  Alignment score:  13.4
#  P-value:  1.000e+00
#  Query aligned region: 0-1,11-12
#  Target aligned region: 0:'0'2888-1:'0'2889,15:'0'2868-16:'0'2869

	GG...AC
	UU...CG

#  Matched base-pairing interactions: 
	<G(1:)-A(11:) trans S/H>                       MATCHES	<U(1:'0'2889)-C(15:'0'2868) cis H/H>
	<G(0:)-C(12:) cis W/W>                         MATCHES	<U(0:'0'2888)-G(16:'0'2869) cis W/W>
#  Matched base-stacking interactions: 

>>>>>>>>>>   ALIGNMENT ENDS   >>>>>>>>>>

<<<<<<<<<<  ALIGNMENT BEGINS  <<<<<<<<<<

#  Aligning k-turn_consensus and 3ccj_0:2022-2027_1984-1999_1821-1825:
#  Alignment score:  13.2
#  P-value:  1.000e+00
#  Query aligned region: 0-1,11-12
#  Target aligned region: 0:'0'2023-0:'0'2023,13:'0'1992-15:'0'1994,26:'0'1826-26:'0'1826

	G~G...A~C
	G~U...A~C

#  Matched base-pairing interactions: 
	<G(0:)-C(12:) cis W/W>                         MATCHES	<G(0:'0'2023)-C(26:'0'1826) cis W/W>
	<G(1:)-A(11:) trans S/H>                       MATCHES	<U(13:'0'1992)-A(15:'0'1994) cis -/->
#  Matched base-stacking interactions: 

>>>>>>>>>>   ALIGNMENT ENDS   >>>>>>>>>>

<<<<<<<<<<  ALIGNMENT BEGINS  <<<<<<<<<<

#  Aligning k-turn_consensus and 3ccj_0:2301-2310_1005-1006_2296-2300:
#  Alignment score:  13.2
#  P-value:  1.000e+00
#  Query aligned region: 0-1,11-12
#  Target aligned region: 8:'0'2310-8:'0'2310,11:'0'1007-11:'0'1007,12:'0'2297-13:'0'2298

	G~G...AC
	G~A...UC

#  Matched base-pairing interactions: 
	<G(0:)-C(12:) cis W/W>                         MATCHES	<G(8:'0'2310)-C(13:'0'2298) cis W/W>
	<G(1:)-A(11:) trans S/H>                       MATCHES	<A(11:'0'1007)-U(12:'0'2297) cis S/S>
#  Matched base-stacking interactions: 

>>>>>>>>>>   ALIGNMENT ENDS   >>>>>>>>>>

<<<<<<<<<<  ALIGNMENT BEGINS  <<<<<<<<<<

#  Aligning k-turn_consensus and 3ccj_0:2530-2537_2484-2489_2281-2285:
#  Alignment score:  13.2
#  P-value:  1.000e+00
#  Query aligned region: 0-1,11-12
#  Target aligned region: 3:'0'2534-4:'0'2535,10:'0'2487-11:'0'2488

	GG...AC
	UU...CA

#  Matched base-pairing interactions: 
	<G(1:)-A(11:) trans S/H>                       MATCHES	<U(4:'0'2535)-C(10:'0'2487) cis W/W>
	<G(0:)-C(12:) cis W/W>                         MATCHES	<U(3:'0'2534)-A(11:'0'2488) cis W/W>
#  Matched base-stacking interactions: 

>>>>>>>>>>   ALIGNMENT ENDS   >>>>>>>>>>

<<<<<<<<<<  ALIGNMENT BEGINS  <<<<<<<<<<

#  Aligning k-turn_consensus and 3ccj_0:653-664_744-749_679-685:
#  Alignment score:  13
#  P-value:  1.000e+00
#  Query aligned region: 0-1,11-12
#  Target aligned region: 4:'0'658-5:'0'659,13:'0'746-14:'0'747

	GG...AC
	CA...AG

#  Matched base-pairing interactions: 
	<G(1:)-A(11:) trans S/H>                       MATCHES	<A(5:'0'659)-A(13:'0'746) cis -/->
	<G(0:)-C(12:) cis W/W>                         MATCHES	<C(4:'0'658)-G(14:'0'747) cis W/W>
#  Matched base-stacking interactions: 

>>>>>>>>>>   ALIGNMENT ENDS   >>>>>>>>>>

<<<<<<<<<<  ALIGNMENT BEGINS  <<<<<<<<<<

#  Aligning k-turn_consensus and 3ccj_0:862-863_1458-1465_1476-1483:
#  Alignment score:  13
#  P-value:  1.000e+00
#  Query aligned region: 0-1,11-12
#  Target aligned region: 8:'0'1465-9:'0'1466,10:'0'1477-11:'0'1478

	GG...AC
	AC...CU

#  Matched base-pairing interactions: 
	<G(1:)-A(11:) trans S/H>                       MATCHES	<C(9:'0'1466)-C(10:'0'1477) cis W/W>
	<G(0:)-C(12:) cis W/W>                         MATCHES	<A(8:'0'1465)-U(11:'0'1478) cis W/W>
#  Matched base-stacking interactions: 

>>>>>>>>>>   ALIGNMENT ENDS   >>>>>>>>>>

<<<<<<<<<<  ALIGNMENT BEGINS  <<<<<<<<<<

#  Aligning k-turn_consensus and 3ccj_0:272-279_239-242_368-378:
#  Alignment score:  13
#  P-value:  1.000e+00
#  Query aligned region: 0-1,11-12
#  Target aligned region: 8:'0'240-9:'0'241,21:'0'378-22:'0'379

	GG...AC
	CA...AG

#  Matched base-pairing interactions: 
	<G(1:)-A(11:) trans S/H>                       MATCHES	<A(9:'0'241)-A(21:'0'378) cis -/->
	<G(0:)-C(12:) cis W/W>                         MATCHES	<C(8:'0'240)-G(22:'0'379) cis W/W>
#  Matched base-stacking interactions: 

>>>>>>>>>>   ALIGNMENT ENDS   >>>>>>>>>>

<<<<<<<<<<  ALIGNMENT BEGINS  <<<<<<<<<<

#  Aligning k-turn_consensus and 3ccj_0:583-590_566-573:
#  Alignment score:  13
#  P-value:  1.000e+00
#  Query aligned region: 0-1,11-12
#  Target aligned region: 1:'0'585-2:'0'586,12:'0'571-13:'0'572

	GG...AC
	CC...CG

#  Matched base-pairing interactions: 
	<G(1:)-A(11:) trans S/H>                       MATCHES	<C(2:'0'586)-C(12:'0'571) cis W/W>
	<G(0:)-C(12:) cis W/W>                         MATCHES	<C(1:'0'585)-G(13:'0'572) cis W/W>
#  Matched base-stacking interactions: 

>>>>>>>>>>   ALIGNMENT ENDS   >>>>>>>>>>

<<<<<<<<<<  ALIGNMENT BEGINS  <<<<<<<<<<

#  Aligning k-turn_consensus and 3ccj_0:1343-1352_447-449_1302-1310:
#  Alignment score:  12.8
#  P-value:  1.000e+00
#  Query aligned region: 0-1,11-12
#  Target aligned region: 7:'0'1351-8:'0'1352,12:'0'450-12:'0'450,13:'0'1303-13:'0'1303

	GG...A~C
	GA...C~C

#  Matched base-pairing interactions: 
	<G(1:)-A(11:) trans S/H>                       MATCHES	<A(8:'0'1352)-C(12:'0'450) cis -/->
	<G(0:)-C(12:) cis W/W>                         MATCHES	<G(7:'0'1351)-C(13:'0'1303) cis W/W>
#  Matched base-stacking interactions: 

>>>>>>>>>>   ALIGNMENT ENDS   >>>>>>>>>>

<<<<<<<<<<  ALIGNMENT BEGINS  <<<<<<<<<<

#  Aligning k-turn_consensus and 3ccj_0:1043-1045_1075-1082_624-625:
#  Alignment score:  12.6
#  P-value:  1.000e+00
#  Query aligned region: 3-3,6-9
#  Target aligned region: 2:'0'1046-2:'0'1046,9:'0'1082-9:'0'1082,12:'0'626-12:'0'626

	A...G~G
	G...A~U

#  Matched base-pairing interactions: 
	<A(3:)-G(6:) trans S/S>                        MATCHES	<G(2:'0'1046)-A(9:'0'1082) trans S/S>
	<A(3:)-G(9:) trans H/S>                        MATCHES	<G(2:'0'1046)-U(12:'0'626) trans S/S>
#  Matched base-stacking interactions: 

>>>>>>>>>>   ALIGNMENT ENDS   >>>>>>>>>>

<<<<<<<<<<  ALIGNMENT BEGINS  <<<<<<<<<<

#  Aligning k-turn_consensus and 3ccj_0:2107-2110_762-767_892-900:
#  Alignment score:  12.6
#  P-value:  1.000e+00
#  Query aligned region: 0-1,11-12
#  Target aligned region: 4:'0'763-5:'0'764,17:'0'900-18:'0'901

	GG...AC
	CC...UG

#  Matched base-pairing interactions: 
	<G(1:)-A(11:) trans S/H>                       MATCHES	<C(5:'0'764)-U(17:'0'900) cis W/W>
	<G(0:)-C(12:) cis W/W>                         MATCHES	<C(4:'0'763)-G(18:'0'901) cis W/W>
#  Matched base-stacking interactions: 

>>>>>>>>>>   ALIGNMENT ENDS   >>>>>>>>>>

<<<<<<<<<<  ALIGNMENT BEGINS  <<<<<<<<<<

#  Aligning k-turn_consensus and 3ccj_0:2769-2776_2800-2803_2794-2799:
#  Alignment score:  12.4
#  P-value:  1.000e+00
#  Query aligned region: 0-1,11-12
#  Target aligned region: 7:'0'2777-7:'0'2777,12:'0'2795-14:'0'2797

	G~G...AC
	G~C...UC

#  Matched base-pairing interactions: 
	<G(0:)-C(12:) cis W/W>                         MATCHES	<G(7:'0'2777)-C(14:'0'2797) cis W/W>
	<G(1:)-A(11:) trans S/H>                       MATCHES	<C(12:'0'2795)-U(13:'0'2796) cis S/S>
#  Matched base-stacking interactions: 

>>>>>>>>>>   ALIGNMENT ENDS   >>>>>>>>>>

<<<<<<<<<<  ALIGNMENT BEGINS  <<<<<<<<<<

#  Aligning k-turn_consensus and 3ccj_0:1343-1352_1302-1310_447-449:
#  Alignment score:  12.2
#  P-value:  1.000e+00
#  Query aligned region: 0-1,11-12
#  Target aligned region: 5:'0'1349-6:'0'1350,11:'0'1304-12:'0'1305

	GG...AC
	GU...UC

#  Matched base-pairing interactions: 
	<G(1:)-A(11:) trans S/H>                       MATCHES	<U(6:'0'1350)-U(11:'0'1304) cis W/W>
	<G(0:)-C(12:) cis W/W>                         MATCHES	<G(5:'0'1349)-C(12:'0'1305) cis W/W>
#  Matched base-stacking interactions: 

>>>>>>>>>>   ALIGNMENT ENDS   >>>>>>>>>>

<<<<<<<<<<  ALIGNMENT BEGINS  <<<<<<<<<<

#  Aligning k-turn_consensus and 3ccj_0:1456-1459_1685-1696_1482-1488:
#  Alignment score:  12
#  P-value:  1.000e+00
#  Query aligned region: 0-1,11-12
#  Target aligned region: 3:'0'1460-3:'0'1460,7:'0'1689-10:'0'1692,16:'0'1483-16:'0'1483

	G~G...A~C
	G~A...C~C

#  Matched base-pairing interactions: 
	<G(0:)-C(12:) cis W/W>                         MATCHES	<G(3:'0'1460)-C(16:'0'1483) cis W/W>
	<G(1:)-A(11:) trans S/H>                       MATCHES	<A(7:'0'1689)-C(10:'0'1692) cis -/->
#  Matched base-stacking interactions: 

>>>>>>>>>>   ALIGNMENT ENDS   >>>>>>>>>>

<<<<<<<<<<  ALIGNMENT BEGINS  <<<<<<<<<<

#  Aligning k-turn_consensus and 3ccj_0:2107-2117_2469-2477_765-767:
#  Alignment score:  12
#  P-value:  1.000e+00
#  Query aligned region: 0-1,11-12
#  Target aligned region: 7:'0'2115-10:'0'2118,11:'0'2470-11:'0'2470

	GG...A~C
	UU...A~A

#  Matched base-pairing interactions: 
	<G(1:)-A(11:) trans S/H>                       MATCHES	<U(8:'0'2116)-A(10:'0'2118) cis W/H>
	<G(0:)-C(12:) cis W/W>                         MATCHES	<U(7:'0'2115)-A(11:'0'2470) cis W/W>
#  Matched base-stacking interactions: 

>>>>>>>>>>   ALIGNMENT ENDS   >>>>>>>>>>

<<<<<<<<<<  ALIGNMENT BEGINS  <<<<<<<<<<

#  Aligning k-turn_consensus and 3ccj_0:2480-2489_2067-2076_2532-2535:
#  Alignment score:  12
#  P-value:  1.000e+00
#  Query aligned region: 0-1,11-12
#  Target aligned region: 8:'0'2489-9:'0'2490,14:'0'2072-14:'0'2072,20:'0'2533-20:'0'2533

	GG...A~C
	GA...G~C

#  Matched base-pairing interactions: 
	<G(0:)-C(12:) cis W/W>                         MATCHES	<G(8:'0'2489)-C(20:'0'2533) cis W/W>
	<G(1:)-A(11:) trans S/H>                       MATCHES	<A(9:'0'2490)-G(14:'0'2072) cis S/S>
#  Matched base-stacking interactions: 

>>>>>>>>>>   ALIGNMENT ENDS   >>>>>>>>>>

<<<<<<<<<<  ALIGNMENT BEGINS  <<<<<<<<<<

#  Aligning k-turn_consensus and 3ccj_0:2376-2381_2406-2419_2318-2325:
#  Alignment score:  11.8
#  P-value:  1.000e+00
#  Query aligned region: 0-1,11-12
#  Target aligned region: 10:'0'2411-15:'0'2416

	GG...AC
	CG...AG

#  Matched base-pairing interactions: 
	<G(1:)-A(11:) trans S/H>                       MATCHES	<G(11:'0'2412)-A(14:'0'2415) cis -/->
	<G(0:)-C(12:) cis W/W>                         MATCHES	<C(10:'0'2411)-G(15:'0'2416) cis W/W>
#  Matched base-stacking interactions: 

>>>>>>>>>>   ALIGNMENT ENDS   >>>>>>>>>>

<<<<<<<<<<  ALIGNMENT BEGINS  <<<<<<<<<<

#  Aligning k-turn_consensus and 3ccj_0:1439-1446_1498-1503_1417-1426:
#  Alignment score:  11.8
#  P-value:  1.000e+00
#  Query aligned region: 3-3,6-9
#  Target aligned region: 4:'0'1444-4:'0'1444,11:'0'1502-11:'0'1502,16:'0'1420-16:'0'1420

	A...G~G
	G...A~C

#  Matched base-pairing interactions: 
	<A(3:)-G(6:) trans S/S>                        MATCHES	<G(4:'0'1444)-A(11:'0'1502) trans S/S>
	<A(3:)-G(9:) trans H/S>                        MATCHES	<G(4:'0'1444)-C(16:'0'1420) cis W/W>
#  Matched base-stacking interactions: 

>>>>>>>>>>   ALIGNMENT ENDS   >>>>>>>>>>

<<<<<<<<<<  ALIGNMENT BEGINS  <<<<<<<<<<

#  Aligning k-turn_consensus and 3ccj_0:2073-2083_532-537_2058-2069:
#  Alignment score:  11.8
#  P-value:  1.000e+00
#  Query aligned region: 3-3,6-9
#  Target aligned region: 1:'0'2075-1:'0'2075,14:'0'536-14:'0'536,19:'0'2061-19:'0'2061

	A...G~G
	G...A~C

#  Matched base-pairing interactions: 
	<A(3:)-G(6:) trans S/S>                        MATCHES	<G(1:'0'2075)-A(14:'0'536) trans S/S>
	<A(3:)-G(9:) trans H/S>                        MATCHES	<G(1:'0'2075)-C(19:'0'2061) cis W/W>
#  Matched base-stacking interactions: 

>>>>>>>>>>   ALIGNMENT ENDS   >>>>>>>>>>

<<<<<<<<<<  ALIGNMENT BEGINS  <<<<<<<<<<

#  Aligning k-turn_consensus and 3ccj_0:423-427_389-398_411-417:
#  Alignment score:  11.6
#  P-value:  1.000e+00
#  Query aligned region: 0-1,11-12
#  Target aligned region: 4:'0'428-4:'0'428,11:'0'396-12:'0'397,15:'0'412-15:'0'412

	G~G...A~C
	G~U...A~C

#  Matched base-pairing interactions: 
	<G(0:)-C(12:) cis W/W>                         MATCHES	<G(4:'0'428)-C(15:'0'412) cis W/W>
	<G(1:)-A(11:) trans S/H>                       MATCHES	<U(11:'0'396)-A(12:'0'397) cis -/->
#  Matched base-stacking interactions: 

>>>>>>>>>>   ALIGNMENT ENDS   >>>>>>>>>>

<<<<<<<<<<  ALIGNMENT BEGINS  <<<<<<<<<<

#  Aligning k-turn_consensus and 3ccj_0:2594-2601_2551-2556_2575-2583:
#  Alignment score:  11.4
#  P-value:  1.000e+00
#  Query aligned region: 0-1,11-12
#  Target aligned region: 0:'0'2595-1:'0'2596,20:'0'2582-21:'0'2583

	GG...AC
	UA...GA

#  Matched base-pairing interactions: 
	<G(1:)-A(11:) trans S/H>                       MATCHES	<A(1:'0'2596)-G(20:'0'2582) cis W/W>
	<G(0:)-C(12:) cis W/W>                         MATCHES	<U(0:'0'2595)-A(21:'0'2583) cis W/W>
#  Matched base-stacking interactions: 

>>>>>>>>>>   ALIGNMENT ENDS   >>>>>>>>>>

<<<<<<<<<<  ALIGNMENT BEGINS  <<<<<<<<<<

#  Aligning k-turn_consensus and 3ccj_0:2691-2701_2562-2569_2506-2509:
#  Alignment score:  11.4
#  P-value:  1.000e+00
#  Query aligned region: 3-3,6-9
#  Target aligned region: 2:'0'2694-9:'0'2701

	A...G---AAG
	A...CGAGAGG

#  Matched base-pairing interactions: 
	<A(3:)-G(9:) trans H/S>                        MATCHES	<A(2:'0'2694)-G(9:'0'2701) trans H/S>
	<A(3:)-G(6:) trans S/S>                        MATCHES	<A(2:'0'2694)-C(3:'0'2695) cis -/->
#  Matched base-stacking interactions: 

>>>>>>>>>>   ALIGNMENT ENDS   >>>>>>>>>>

<<<<<<<<<<  ALIGNMENT BEGINS  <<<<<<<<<<

#  Aligning k-turn_consensus and 3ccj_0:1456-1459_1482-1488_1685-1696:
#  Alignment score:  11.4
#  P-value:  1.000e+00
#  Query aligned region: 0-1,11-12
#  Target aligned region: 11:'0'1686-20:'0'1695

	GG...AC
	CC...GG

#  Matched base-pairing interactions: 
	<G(1:)-A(11:) trans S/H>                       MATCHES	<C(12:'0'1687)-G(19:'0'1694) cis W/W>
	<G(0:)-C(12:) cis W/W>                         MATCHES	<C(11:'0'1686)-G(20:'0'1695) cis W/W>
#  Matched base-stacking interactions: 

>>>>>>>>>>   ALIGNMENT ENDS   >>>>>>>>>>

<<<<<<<<<<  ALIGNMENT BEGINS  <<<<<<<<<<

#  Aligning k-turn_consensus and 3ccj_0:1354-1362_897-903_638-644:
#  Alignment score:  11.4
#  P-value:  1.000e+00
#  Query aligned region: 0-1,11-12
#  Target aligned region: 5:'0'1360-5:'0'1360,9:'0'898-10:'0'899,18:'0'641-18:'0'641

	G~G...A~C
	C~G...C~G

#  Matched base-pairing interactions: 
	<G(0:)-C(12:) cis W/W>                         MATCHES	<C(5:'0'1360)-G(18:'0'641) cis W/W>
	<G(1:)-A(11:) trans S/H>                       MATCHES	<G(9:'0'898)-C(10:'0'899) cis S/H>
#  Matched base-stacking interactions: 

>>>>>>>>>>   ALIGNMENT ENDS   >>>>>>>>>>

<<<<<<<<<<  ALIGNMENT BEGINS  <<<<<<<<<<

#  Aligning k-turn_consensus and 3ccj_0:103-110_61-73_50-55:
#  Alignment score:  11.4
#  P-value:  1.000e+00
#  Query aligned region: 0-1,11-12
#  Target aligned region: 1:'0'105-2:'0'106,17:'0'71-18:'0'72

	GG...AC
	GA...GC

#  Matched base-pairing interactions: 
	<G(1:)-A(11:) trans S/H>                       MATCHES	<A(2:'0'106)-G(17:'0'71) cis W/W>
	<G(0:)-C(12:) cis W/W>                         MATCHES	<G(1:'0'105)-C(18:'0'72) cis W/W>
#  Matched base-stacking interactions: 

>>>>>>>>>>   ALIGNMENT ENDS   >>>>>>>>>>

<<<<<<<<<<  ALIGNMENT BEGINS  <<<<<<<<<<

#  Aligning k-turn_consensus and 3ccj_0:354-361_289-295:
#  Alignment score:  11.4
#  P-value:  1.000e+00
#  Query aligned region: 0-1,11-12
#  Target aligned region: 0:'0'355-1:'0'356,13:'0'295-14:'0'296

	GG...AC
	CC...CG

#  Matched base-pairing interactions: 
	<G(1:)-A(11:) trans S/H>                       MATCHES	<C(1:'0'356)-C(13:'0'295) cis W/W>
	<G(0:)-C(12:) cis W/W>                         MATCHES	<C(0:'0'355)-G(14:'0'296) cis W/W>
#  Matched base-stacking interactions: 

>>>>>>>>>>   ALIGNMENT ENDS   >>>>>>>>>>

<<<<<<<<<<  ALIGNMENT BEGINS  <<<<<<<<<<

#  Aligning k-turn_consensus and 3ccj_0:2523-2532_2281-2285_2488-2494:
#  Alignment score:  11.2
#  P-value:  1.000e+00
#  Query aligned region: 0-1,11-12
#  Target aligned region: 5:'0'2529-5:'0'2529,10:'0'2282-14:'0'2286,18:'0'2492-18:'0'2492

	G~G...A~C
	G~U...G~U

#  Matched base-pairing interactions: 
	<G(0:)-C(12:) cis W/W>                         MATCHES	<G(5:'0'2529)-U(18:'0'2492) cis W/W>
	<G(1:)-A(11:) trans S/H>                       MATCHES	<U(10:'0'2282)-G(14:'0'2286) cis -/->
#  Matched base-stacking interactions: 

>>>>>>>>>>   ALIGNMENT ENDS   >>>>>>>>>>

<<<<<<<<<<  ALIGNMENT BEGINS  <<<<<<<<<<

#  Aligning k-turn_consensus and 3ccj_0:1096-1100_1104-1111_1251-1258:
#  Alignment score:  11.2
#  P-value:  1.000e+00
#  Query aligned region: 0-1,11-12
#  Target aligned region: 2:'0'1099-2:'0'1099,5:'0'1105-6:'0'1106,18:'0'1257-18:'0'1257

	G~G...A~C
	G~C...A~C

#  Matched base-pairing interactions: 
	<G(0:)-C(12:) cis W/W>                         MATCHES	<G(2:'0'1099)-C(18:'0'1257) cis W/W>
	<G(1:)-A(11:) trans S/H>                       MATCHES	<C(5:'0'1105)-A(6:'0'1106) cis W/H>
#  Matched base-stacking interactions: 

>>>>>>>>>>   ALIGNMENT ENDS   >>>>>>>>>>

<<<<<<<<<<  ALIGNMENT BEGINS  <<<<<<<<<<

#  Aligning k-turn_consensus and 3ccj_0:1826-1833_1839-1846_866-879:
#  Alignment score:  11
#  P-value:  1.000e+00
#  Query aligned region: 0-1,11-12
#  Target aligned region: 5:'0'1832-6:'0'1833,11:'0'1843-12:'0'1844

	GG...AC
	GU...AC

#  Matched base-pairing interactions: 
	<G(1:)-A(11:) trans S/H>                       MATCHES	<U(6:'0'1833)-A(11:'0'1843) cis W/W>
	<G(0:)-C(12:) cis W/W>                         MATCHES	<G(5:'0'1832)-C(12:'0'1844) cis W/W>
#  Matched base-stacking interactions: 

>>>>>>>>>>   ALIGNMENT ENDS   >>>>>>>>>>

<<<<<<<<<<  ALIGNMENT BEGINS  <<<<<<<<<<

#  Aligning k-turn_consensus and 3ccj_0:2058-2063_2067-2076_534-536:
#  Alignment score:  11
#  P-value:  1.000e+00
#  Query aligned region: 0-1,11-12
#  Target aligned region: 0:'0'2059-0:'0'2059,7:'0'2069-12:'0'2074,18:'0'537-18:'0'537

	G~G...A~C
	U~U...A~G

#  Matched base-pairing interactions: 
	<G(0:)-C(12:) cis W/W>                         MATCHES	<U(0:'0'2059)-G(18:'0'537) cis W/W>
	<G(1:)-A(11:) trans S/H>                       MATCHES	<U(7:'0'2069)-A(12:'0'2074) trans W/H>
#  Matched base-stacking interactions: 

>>>>>>>>>>   ALIGNMENT ENDS   >>>>>>>>>>

<<<<<<<<<<  ALIGNMENT BEGINS  <<<<<<<<<<

#  Aligning k-turn_consensus and 3ccj_0:2301-2302_951-957_1004-1014:
#  Alignment score:  11
#  P-value:  1.000e+00
#  Query aligned region: 0-1,11-12
#  Target aligned region: 7:'0'957-8:'0'958,12:'0'1008-13:'0'1009

	GG...AC
	AG...CU

#  Matched base-pairing interactions: 
	<G(1:)-A(11:) trans S/H>                       MATCHES	<G(8:'0'958)-C(12:'0'1008) cis W/W>
	<G(0:)-C(12:) cis W/W>                         MATCHES	<A(7:'0'957)-U(13:'0'1009) cis W/W>
#  Matched base-stacking interactions: 

>>>>>>>>>>   ALIGNMENT ENDS   >>>>>>>>>>

<<<<<<<<<<  ALIGNMENT BEGINS  <<<<<<<<<<

#  Aligning k-turn_consensus and 3ccj_0:1502-1513_1446-1450_1491-1498:
#  Alignment score:  11
#  P-value:  1.000e+00
#  Query aligned region: 0-1,11-12
#  Target aligned region: 8:'0'1511-9:'0'1512,15:'0'1450-15:'0'1450,19:'0'1494-19:'0'1494

	GG...A~C
	UG...C~A

#  Matched base-pairing interactions: 
	<G(0:)-C(12:) cis W/W>                         MATCHES	<U(8:'0'1511)-A(19:'0'1494) cis W/W>
	<G(1:)-A(11:) trans S/H>                       MATCHES	<G(9:'0'1512)-C(15:'0'1450) cis W/W>
#  Matched base-stacking interactions: 

>>>>>>>>>>   ALIGNMENT ENDS   >>>>>>>>>>

<<<<<<<<<<  ALIGNMENT BEGINS  <<<<<<<<<<

#  Aligning k-turn_consensus and 3ccj_0:675-681_664-672_229-231:
#  Alignment score:  11
#  P-value:  1.000e+00
#  Query aligned region: 0-1,11-12
#  Target aligned region: 3:'0'679-5:'0'681,9:'0'667-9:'0'667

	GG...A~C
	GG...G~C

#  Matched base-pairing interactions: 
	<G(0:)-C(12:) cis W/W>                         MATCHES	<G(3:'0'679)-C(9:'0'667) cis W/W>
	<G(1:)-A(11:) trans S/H>                       MATCHES	<G(4:'0'680)-G(5:'0'681) cis -/->
#  Matched base-stacking interactions: 

>>>>>>>>>>   ALIGNMENT ENDS   >>>>>>>>>>

<<<<<<<<<<  ALIGNMENT BEGINS  <<<<<<<<<<

#  Aligning k-turn_consensus and 3ccj_0:179-186_438-441_149-156:
#  Alignment score:  11
#  P-value:  1.000e+00
#  Query aligned region: 0-1,11-12
#  Target aligned region: 2:'0'182-2:'0'182,10:'0'441-11:'0'442,16:'0'154-16:'0'154

	G~G...A~C
	G~A...A~C

#  Matched base-pairing interactions: 
	<G(0:)-C(12:) cis W/W>                         MATCHES	<G(2:'0'182)-C(16:'0'154) cis W/W>
	<G(1:)-A(11:) trans S/H>                       MATCHES	<A(10:'0'441)-A(11:'0'442) cis S/H>
#  Matched base-stacking interactions: 

>>>>>>>>>>   ALIGNMENT ENDS   >>>>>>>>>>

<<<<<<<<<<  ALIGNMENT BEGINS  <<<<<<<<<<

#  Aligning k-turn_consensus and 3ccj_0:2752-2761_2721-2729_2039-2040:
#  Alignment score:  10.7
#  P-value:  1.000e+00
#  Query aligned region: 0-1,11-12
#  Target aligned region: 1:'0'2754-2:'0'2755,14:'0'2726-16:'0'2728

	GG...A-C
	GG...UAC

#  Matched base-pairing interactions: 
	<G(0:)-C(12:) cis W/W>                         MATCHES	<G(1:'0'2754)-C(16:'0'2728) cis W/W>
	<G(1:)-A(11:) trans S/H>                       MATCHES	<G(2:'0'2755)-U(14:'0'2726) cis -/->
#  Matched base-stacking interactions: 

>>>>>>>>>>   ALIGNMENT ENDS   >>>>>>>>>>

<<<<<<<<<<  ALIGNMENT BEGINS  <<<<<<<<<<

#  Aligning k-turn_consensus and 3ccj_0:788-790_1707-1715_1700-1706:
#  Alignment score:  10.6
#  P-value:  1.000e+00
#  Query aligned region: 0-0,12-12
#  Target aligned region: 8:'0'1713-8:'0'1713,16:'0'1705-16:'0'1705

	G...C
	G...C

#  Matched base-pairing interactions: 
	<G(0:)-C(12:) cis W/W>                         MATCHES	<G(8:'0'1713)-C(16:'0'1705) cis W/W>
#  Matched base-stacking interactions: 

>>>>>>>>>>   ALIGNMENT ENDS   >>>>>>>>>>

<<<<<<<<<<  ALIGNMENT BEGINS  <<<<<<<<<<

#  Aligning k-turn_consensus and 3ccj_0:2123-2130_2261-2268_1929-1930:
#  Alignment score:  10.6
#  P-value:  1.000e+00
#  Query aligned region: 0-0,12-12
#  Target aligned region: 0:'0'2124-0:'0'2124,15:'0'2269-15:'0'2269

	G...C
	G...C

#  Matched base-pairing interactions: 
	<G(0:)-C(12:) cis W/W>                         MATCHES	<G(0:'0'2124)-C(15:'0'2269) cis W/W>
#  Matched base-stacking interactions: 

>>>>>>>>>>   ALIGNMENT ENDS   >>>>>>>>>>

<<<<<<<<<<  ALIGNMENT BEGINS  <<<<<<<<<<

#  Aligning k-turn_consensus and 3ccj_0:330-338_341-344_311-318:
#  Alignment score:  10.6
#  P-value:  1.000e+00
#  Query aligned region: 0-0,12-12
#  Target aligned region: 1:'0'332-1:'0'332,11:'0'344-11:'0'344

	G...C
	G...C

#  Matched base-pairing interactions: 
	<G(0:)-C(12:) cis W/W>                         MATCHES	<G(1:'0'332)-C(11:'0'344) cis W/W>
#  Matched base-stacking interactions: 

>>>>>>>>>>   ALIGNMENT ENDS   >>>>>>>>>>

<<<<<<<<<<  ALIGNMENT BEGINS  <<<<<<<<<<

#  Aligning k-turn_consensus and 3ccj_0:2666-2671_2810-2821_2660-2661:
#  Alignment score:  10.6
#  P-value:  1.000e+00
#  Query aligned region: 0-0,12-12
#  Target aligned region: 0:'0'2667-0:'0'2667,17:'0'2822-17:'0'2822

	G...C
	G...C

#  Matched base-pairing interactions: 
	<G(0:)-C(12:) cis W/W>                         MATCHES	<G(0:'0'2667)-C(17:'0'2822) cis W/W>
#  Matched base-stacking interactions: 

>>>>>>>>>>   ALIGNMENT ENDS   >>>>>>>>>>

<<<<<<<<<<  ALIGNMENT BEGINS  <<<<<<<<<<

#  Aligning k-turn_consensus and 3ccj_0:2666-2671_2660-2661_2810-2821:
#  Alignment score:  10.6
#  P-value:  1.000e+00
#  Query aligned region: 0-1,11-12
#  Target aligned region: 5:'0'2672-5:'0'2672,7:'0'2662-7:'0'2662,13:'0'2816-14:'0'2817

	G~G...AC
	C~G...AG

#  Matched base-pairing interactions: 
	<G(0:)-C(12:) cis W/W>                         MATCHES	<C(5:'0'2672)-G(14:'0'2817) cis W/W>
	<G(1:)-A(11:) trans S/H>                       MATCHES	<G(7:'0'2662)-A(13:'0'2816) trans S/S>
#  Matched base-stacking interactions: 

>>>>>>>>>>   ALIGNMENT ENDS   >>>>>>>>>>

<<<<<<<<<<  ALIGNMENT BEGINS  <<<<<<<<<<

#  Aligning k-turn_consensus and 3ccj_0:2595-2605_2547-2556_2576-2581:
#  Alignment score:  10.6
#  P-value:  1.000e+00
#  Query aligned region: 0-0,12-12
#  Target aligned region: 10:'0'2606-10:'0'2606,11:'0'2548-11:'0'2548

	G...C
	G...C

#  Matched base-pairing interactions: 
	<G(0:)-C(12:) cis W/W>                         MATCHES	<G(10:'0'2606)-C(11:'0'2548) cis W/W>
#  Matched base-stacking interactions: 

>>>>>>>>>>   ALIGNMENT ENDS   >>>>>>>>>>

<<<<<<<<<<  ALIGNMENT BEGINS  <<<<<<<<<<

#  Aligning k-turn_consensus and 3ccj_0:2519-2523_1130-1137_1224-1231:
#  Alignment score:  10.6
#  P-value:  1.000e+00
#  Query aligned region: 0-0,12-12
#  Target aligned region: 8:'0'1134-8:'0'1134,16:'0'1228-16:'0'1228

	G...C
	G...C

#  Matched base-pairing interactions: 
	<G(0:)-C(12:) cis W/W>                         MATCHES	<G(8:'0'1134)-C(16:'0'1228) cis W/W>
#  Matched base-stacking interactions: 

>>>>>>>>>>   ALIGNMENT ENDS   >>>>>>>>>>

<<<<<<<<<<  ALIGNMENT BEGINS  <<<<<<<<<<

#  Aligning k-turn_consensus and 3ccj_0:960-961_952-957_1004-1014:
#  Alignment score:  10.6
#  P-value:  1.000e+00
#  Query aligned region: 0-0,12-12
#  Target aligned region: 5:'0'956-5:'0'956,14:'0'1011-14:'0'1011

	G...C
	G...C

#  Matched base-pairing interactions: 
	<G(0:)-C(12:) cis W/W>                         MATCHES	<G(5:'0'956)-C(14:'0'1011) cis W/W>
#  Matched base-stacking interactions: 

>>>>>>>>>>   ALIGNMENT ENDS   >>>>>>>>>>

<<<<<<<<<<  ALIGNMENT BEGINS  <<<<<<<<<<

#  Aligning k-turn_consensus and 3ccj_0:1037-1041_1291-1295_909-912:
#  Alignment score:  10.6
#  P-value:  1.000e+00
#  Query aligned region: 0-0,12-12
#  Target aligned region: 8:'0'1295-8:'0'1295,10:'0'910-10:'0'910

	G...C
	G...C

#  Matched base-pairing interactions: 
	<G(0:)-C(12:) cis W/W>                         MATCHES	<G(8:'0'1295)-C(10:'0'910) cis W/W>
#  Matched base-stacking interactions: 

>>>>>>>>>>   ALIGNMENT ENDS   >>>>>>>>>>

<<<<<<<<<<  ALIGNMENT BEGINS  <<<<<<<<<<

#  Aligning k-turn_consensus and 3ccj_0:428-429_379-385_403-407:
#  Alignment score:  10.6
#  P-value:  1.000e+00
#  Query aligned region: 0-0,12-12
#  Target aligned region: 6:'0'384-6:'0'384,10:'0'405-10:'0'405

	G...C
	G...C

#  Matched base-pairing interactions: 
	<G(0:)-C(12:) cis W/W>                         MATCHES	<G(6:'0'384)-C(10:'0'405) cis W/W>
#  Matched base-stacking interactions: 

>>>>>>>>>>   ALIGNMENT ENDS   >>>>>>>>>>

<<<<<<<<<<  ALIGNMENT BEGINS  <<<<<<<<<<

#  Aligning k-turn_consensus and 3ccj_0:2330-2337_2344-2355:
#  Alignment score:  10.6
#  P-value:  1.000e+00
#  Query aligned region: 0-0,12-12
#  Target aligned region: 2:'0'2333-2:'0'2333,14:'0'2351-14:'0'2351

	G...C
	G...C

#  Matched base-pairing interactions: 
	<G(0:)-C(12:) cis W/W>                         MATCHES	<G(2:'0'2333)-C(14:'0'2351) cis W/W>
#  Matched base-stacking interactions: 

>>>>>>>>>>   ALIGNMENT ENDS   >>>>>>>>>>

<<<<<<<<<<  ALIGNMENT BEGINS  <<<<<<<<<<

#  Aligning k-turn_consensus and 3ccj_0:787-789_823-831_849-858:
#  Alignment score:  10.4
#  P-value:  1.000e+00
#  Query aligned region: 0-1,11-12
#  Target aligned region: 9:'0'830-11:'0'832,13:'0'851-13:'0'851

	GG...A~C
	GU...U~C

#  Matched base-pairing interactions: 
	<G(0:)-C(12:) cis W/W>                         MATCHES	<G(9:'0'830)-C(13:'0'851) cis W/W>
	<G(1:)-A(11:) trans S/H>                       MATCHES	<U(10:'0'831)-U(11:'0'832) cis S/H>
#  Matched base-stacking interactions: 

>>>>>>>>>>   ALIGNMENT ENDS   >>>>>>>>>>

<<<<<<<<<<  ALIGNMENT BEGINS  <<<<<<<<<<

#  Aligning k-turn_consensus and 3ccj_0:2575-2583_2594-2601_2551-2556:
#  Alignment score:  10.2
#  P-value:  1.000e+00
#  Query aligned region: 0-0,12-12
#  Target aligned region: 2:'0'2578-2:'0'2578,22:'0'2557-22:'0'2557

	G...C
	G...U

#  Matched base-pairing interactions: 
	<G(0:)-C(12:) cis W/W>                         MATCHES	<G(2:'0'2578)-U(22:'0'2557) cis W/W>
#  Matched base-stacking interactions: 

>>>>>>>>>>   ALIGNMENT ENDS   >>>>>>>>>>

<<<<<<<<<<  ALIGNMENT BEGINS  <<<<<<<<<<

#  Aligning k-turn_consensus and 3ccj_0:2591-2595_2581-2585_1989-1997:
#  Alignment score:  10.2
#  P-value:  1.000e+00
#  Query aligned region: 0-0,12-12
#  Target aligned region: 0:'0'2592-0:'0'2592,9:'0'2586-9:'0'2586

	G...C
	G...U

#  Matched base-pairing interactions: 
	<G(0:)-C(12:) cis W/W>                         MATCHES	<G(0:'0'2592)-U(9:'0'2586) cis W/W>
#  Matched base-stacking interactions: 

>>>>>>>>>>   ALIGNMENT ENDS   >>>>>>>>>>

<<<<<<<<<<  ALIGNMENT BEGINS  <<<<<<<<<<

#  Aligning k-turn_consensus and 3ccj_0:2126-2127_1926-1933_1902-1911:
#  Alignment score:  10.2
#  P-value:  1.000e+00
#  Query aligned region: 0-0,12-12
#  Target aligned region: 7:'0'1932-7:'0'1932,14:'0'1907-14:'0'1907

	G...C
	G...U

#  Matched base-pairing interactions: 
	<G(0:)-C(12:) cis W/W>                         MATCHES	<G(7:'0'1932)-U(14:'0'1907) cis W/W>
#  Matched base-stacking interactions: 

>>>>>>>>>>   ALIGNMENT ENDS   >>>>>>>>>>

<<<<<<<<<<  ALIGNMENT BEGINS  <<<<<<<<<<

#  Aligning k-turn_consensus and 3ccj_0:1488-1489_1650-1661_1528-1534:
#  Alignment score:  10.2
#  P-value:  1.000e+00
#  Query aligned region: 0-0,12-12
#  Target aligned region: 11:'0'1660-11:'0'1660,16:'0'1531-16:'0'1531

	G...C
	G...U

#  Matched base-pairing interactions: 
	<G(0:)-C(12:) cis W/W>                         MATCHES	<G(11:'0'1660)-U(16:'0'1531) cis W/W>
#  Matched base-stacking interactions: 

>>>>>>>>>>   ALIGNMENT ENDS   >>>>>>>>>>

<<<<<<<<<<  ALIGNMENT BEGINS  <<<<<<<<<<

#  Aligning k-turn_consensus and 3ccj_0:1545-1554_1631-1638_1566-1568:
#  Alignment score:  10.2
#  P-value:  1.000e+00
#  Query aligned region: 0-0,12-12
#  Target aligned region: 0:'0'1546-0:'0'1546,17:'0'1639-17:'0'1639

	G...C
	G...U

#  Matched base-pairing interactions: 
	<G(0:)-C(12:) cis W/W>                         MATCHES	<G(0:'0'1546)-U(17:'0'1639) cis W/W>
#  Matched base-stacking interactions: 

>>>>>>>>>>   ALIGNMENT ENDS   >>>>>>>>>>

<<<<<<<<<<  ALIGNMENT BEGINS  <<<<<<<<<<

#  Aligning k-turn_consensus and 3ccj_0:272-279_368-378_239-242:
#  Alignment score:  10.2
#  P-value:  1.000e+00
#  Query aligned region: 0-0,12-12
#  Target aligned region: 2:'0'275-2:'0'275,13:'0'374-13:'0'374

	G...C
	G...U

#  Matched base-pairing interactions: 
	<G(0:)-C(12:) cis W/W>                         MATCHES	<G(2:'0'275)-U(13:'0'374) cis W/W>
#  Matched base-stacking interactions: 

>>>>>>>>>>   ALIGNMENT ENDS   >>>>>>>>>>

<<<<<<<<<<  ALIGNMENT BEGINS  <<<<<<<<<<

#  Aligning k-turn_consensus and 3ccj_0:2891-2895_2751-2757_2723-2730:
#  Alignment score:  10.2
#  P-value:  1.000e+00
#  Query aligned region: 0-0,12-12
#  Target aligned region: 11:'0'2758-11:'0'2758,12:'0'2724-12:'0'2724

	G...C
	G...U

#  Matched base-pairing interactions: 
	<G(0:)-C(12:) cis W/W>                         MATCHES	<G(11:'0'2758)-U(12:'0'2724) cis W/W>
#  Matched base-stacking interactions: 

>>>>>>>>>>   ALIGNMENT ENDS   >>>>>>>>>>

<<<<<<<<<<  ALIGNMENT BEGINS  <<<<<<<<<<

#  Aligning k-turn_consensus and 3ccj_0:1828-1831_1843-1850_1880-1884:
#  Alignment score:  10.2
#  P-value:  1.000e+00
#  Query aligned region: 0-0,12-12
#  Target aligned region: 8:'0'1848-8:'0'1848,14:'0'1883-14:'0'1883

	G...C
	G...U

#  Matched base-pairing interactions: 
	<G(0:)-C(12:) cis W/W>                         MATCHES	<G(8:'0'1848)-U(14:'0'1883) cis W/W>
#  Matched base-stacking interactions: 

>>>>>>>>>>   ALIGNMENT ENDS   >>>>>>>>>>

<<<<<<<<<<  ALIGNMENT BEGINS  <<<<<<<<<<

#  Aligning k-turn_consensus and 3ccj_0:2117-2122_162-171_2269-2276:
#  Alignment score:  10
#  P-value:  1.000e+00
#  Query aligned region: 0-1,11-12
#  Target aligned region: 0:'0'2118-0:'0'2118,10:'0'167-11:'0'168,22:'0'2276-22:'0'2276

	G~G...A~C
	A~A...C~U

#  Matched base-pairing interactions: 
	<G(0:)-C(12:) cis W/W>                         MATCHES	<A(0:'0'2118)-U(22:'0'2276) cis W/W>
	<G(1:)-A(11:) trans S/H>                       MATCHES	<A(10:'0'167)-C(11:'0'168) cis -/->
#  Matched base-stacking interactions: 

>>>>>>>>>>   ALIGNMENT ENDS   >>>>>>>>>>

<<<<<<<<<<  ALIGNMENT BEGINS  <<<<<<<<<<

#  Aligning k-turn_consensus and 3ccj_0:2240-2248_2252-2259_2132-2133:
#  Alignment score:  10
#  P-value:  1.000e+00
#  Query aligned region: 0-1,11-12
#  Target aligned region: 0:'0'2241-1:'0'2242,14:'0'2258-14:'0'2258,18:'0'2134-18:'0'2134

	GG...A~C
	CU...A~G

#  Matched base-pairing interactions: 
	<G(0:)-C(12:) cis W/W>                         MATCHES	<C(0:'0'2241)-G(18:'0'2134) cis W/W>
	<G(1:)-A(11:) trans S/H>                       MATCHES	<U(1:'0'2242)-A(14:'0'2258) trans W/H>
#  Matched base-stacking interactions: 

>>>>>>>>>>   ALIGNMENT ENDS   >>>>>>>>>>

<<<<<<<<<<  ALIGNMENT BEGINS  <<<<<<<<<<

#  Aligning k-turn_consensus and 3ccj_0:2790-2792_2777-2789_1152-1153:
#  Alignment score:  9.8
#  P-value:  1.000e+00
#  Query aligned region: 0-0,12-12
#  Target aligned region: 11:'0'2786-11:'0'2786,16:'0'1153-16:'0'1153

	G...C
	G...C

#  Matched base-pairing interactions: 
	<G(0:)-C(12:) cis W/W>                         MATCHES	<G(11:'0'2786)-C(16:'0'1153) cis W/W>
#  Matched base-stacking interactions: 

>>>>>>>>>>   ALIGNMENT ENDS   >>>>>>>>>>

<<<<<<<<<<  ALIGNMENT BEGINS  <<<<<<<<<<

#  Aligning k-turn_consensus and 3ccj_0:2313-2316_2356-2365_2288-2295:
#  Alignment score:  9.8
#  P-value:  1.000e+00
#  Query aligned region: 0-1,11-12
#  Target aligned region: 4:'0'2357-13:'0'2366

	GG...AC
	GU...GC

#  Matched base-pairing interactions: 
	<G(1:)-A(11:) trans S/H>                       MATCHES	<U(5:'0'2358)-G(12:'0'2365) cis W/W>
	<G(0:)-C(12:) cis W/W>                         MATCHES	<G(4:'0'2357)-C(13:'0'2366) cis W/W>
#  Matched base-stacking interactions: 

>>>>>>>>>>   ALIGNMENT ENDS   >>>>>>>>>>

<<<<<<<<<<  ALIGNMENT BEGINS  <<<<<<<<<<

#  Aligning k-turn_consensus and 3ccj_0:373-378_239-243_266-274:
#  Alignment score:  9.8
#  P-value:  1.000e+00
#  Query aligned region: 0-0,12-12
#  Target aligned region: 10:'0'244-10:'0'244,11:'0'267-11:'0'267

	G...C
	C...G

#  Matched base-pairing interactions: 
	<G(0:)-C(12:) cis W/W>                         MATCHES	<C(10:'0'244)-G(11:'0'267) cis W/W>
#  Matched base-stacking interactions: 

>>>>>>>>>>   ALIGNMENT ENDS   >>>>>>>>>>

<<<<<<<<<<  ALIGNMENT BEGINS  <<<<<<<<<<

#  Aligning k-turn_consensus and 3ccj_0:62-70_49-55_105-110:
#  Alignment score:  9.8
#  P-value:  1.000e+00
#  Query aligned region: 0-0,12-12
#  Target aligned region: 9:'0'50-9:'0'50,21:'0'111-21:'0'111

	G...C
	G...C

#  Matched base-pairing interactions: 
	<G(0:)-C(12:) cis W/W>                         MATCHES	<G(9:'0'50)-C(21:'0'111) cis W/W>
#  Matched base-stacking interactions: 

>>>>>>>>>>   ALIGNMENT ENDS   >>>>>>>>>>

<<<<<<<<<<  ALIGNMENT BEGINS  <<<<<<<<<<

#  Aligning k-turn_consensus and 3ccj_0:2240-2248_2132-2133_2252-2259:
#  Alignment score:  9.8
#  P-value:  1.000e+00
#  Query aligned region: 0-0,12-12
#  Target aligned region: 4:'0'2245-4:'0'2245,14:'0'2256-14:'0'2256

	G...C
	C...G

#  Matched base-pairing interactions: 
	<G(0:)-C(12:) cis W/W>                         MATCHES	<C(4:'0'2245)-G(14:'0'2256) cis W/W>
#  Matched base-stacking interactions: 

>>>>>>>>>>   ALIGNMENT ENDS   >>>>>>>>>>

<<<<<<<<<<  ALIGNMENT BEGINS  <<<<<<<<<<

#  Aligning k-turn_consensus and 3ccj_0:1889-1897_1939-1946_1964-1971:
#  Alignment score:  9.8
#  P-value:  1.000e+00
#  Query aligned region: 0-0,12-12
#  Target aligned region: 16:'0'1947-16:'0'1947,17:'0'1965-17:'0'1965

	G...C
	G...C

#  Matched base-pairing interactions: 
	<G(0:)-C(12:) cis W/W>                         MATCHES	<G(16:'0'1947)-C(17:'0'1965) cis W/W>
#  Matched base-stacking interactions: 

>>>>>>>>>>   ALIGNMENT ENDS   >>>>>>>>>>

<<<<<<<<<<  ALIGNMENT BEGINS  <<<<<<<<<<

#  Aligning k-turn_consensus and 3ccj_0:2010-2012_1845-1859_1868-1883:
#  Alignment score:  9.8
#  P-value:  1.000e+00
#  Query aligned region: 0-1,11-12
#  Target aligned region: 16:'0'1859-17:'0'1860,18:'0'1869-19:'0'1870

	GG...AC
	AU...AC

#  Matched base-pairing interactions: 
	<G(1:)-A(11:) trans S/H>                       MATCHES	<U(17:'0'1860)-A(18:'0'1869) cis W/W>
	<G(0:)-C(12:) cis W/W>                         MATCHES	<A(16:'0'1859)-C(19:'0'1870) cis W/W>
#  Matched base-stacking interactions: 

>>>>>>>>>>   ALIGNMENT ENDS   >>>>>>>>>>

<<<<<<<<<<  ALIGNMENT BEGINS  <<<<<<<<<<

#  Aligning k-turn_consensus and 3ccj_0:1491-1498_1502-1513_1446-1450:
#  Alignment score:  9.8
#  P-value:  1.000e+00
#  Query aligned region: 0-0,12-12
#  Target aligned region: 6:'0'1498-6:'0'1498,12:'0'1507-12:'0'1507

	G...C
	G...C

#  Matched base-pairing interactions: 
	<G(0:)-C(12:) cis W/W>                         MATCHES	<G(6:'0'1498)-C(12:'0'1507) cis W/W>
#  Matched base-stacking interactions: 

>>>>>>>>>>   ALIGNMENT ENDS   >>>>>>>>>>

<<<<<<<<<<  ALIGNMENT BEGINS  <<<<<<<<<<

#  Aligning k-turn_consensus and 3ccj_0:2469-2477_2107-2117_765-767:
#  Alignment score:  9.8
#  P-value:  1.000e+00
#  Query aligned region: 0-0,12-12
#  Target aligned region: 3:'0'2473-3:'0'2473,13:'0'2112-13:'0'2112

	G...C
	U...A

#  Matched base-pairing interactions: 
	<G(0:)-C(12:) cis W/W>                         MATCHES	<U(3:'0'2473)-A(13:'0'2112) cis W/W>
#  Matched base-stacking interactions: 

>>>>>>>>>>   ALIGNMENT ENDS   >>>>>>>>>>

<<<<<<<<<<  ALIGNMENT BEGINS  <<<<<<<<<<

#  Aligning k-turn_consensus and 3ccj_0:2058-2069_2073-2083_532-537:
#  Alignment score:  9.8
#  P-value:  1.000e+00
#  Query aligned region: 0-0,12-12
#  Target aligned region: 5:'0'2064-5:'0'2064,19:'0'2081-19:'0'2081

	G...C
	U...A

#  Matched base-pairing interactions: 
	<G(0:)-C(12:) cis W/W>                         MATCHES	<U(5:'0'2064)-A(19:'0'2081) cis W/W>
#  Matched base-stacking interactions: 

>>>>>>>>>>   ALIGNMENT ENDS   >>>>>>>>>>

<<<<<<<<<<  ALIGNMENT BEGINS  <<<<<<<<<<

#  Aligning k-turn_consensus and 3ccj_0:664-672_675-681_229-231:
#  Alignment score:  9.8
#  P-value:  1.000e+00
#  Query aligned region: 0-0,12-12
#  Target aligned region: 5:'0'670-5:'0'670,9:'0'676-9:'0'676

	G...C
	G...C

#  Matched base-pairing interactions: 
	<G(0:)-C(12:) cis W/W>                         MATCHES	<G(5:'0'670)-C(9:'0'676) cis W/W>
#  Matched base-stacking interactions: 

>>>>>>>>>>   ALIGNMENT ENDS   >>>>>>>>>>

<<<<<<<<<<  ALIGNMENT BEGINS  <<<<<<<<<<

#  Aligning k-turn_consensus and 3ccj_0:50-55_61-73_103-110:
#  Alignment score:  9.8
#  P-value:  1.000e+00
#  Query aligned region: 0-0,12-12
#  Target aligned region: 5:'0'56-5:'0'56,6:'0'62-6:'0'62

	G...C
	G...C

#  Matched base-pairing interactions: 
	<G(0:)-C(12:) cis W/W>                         MATCHES	<G(5:'0'56)-C(6:'0'62) cis W/W>
#  Matched base-stacking interactions: 

>>>>>>>>>>   ALIGNMENT ENDS   >>>>>>>>>>

<<<<<<<<<<  ALIGNMENT BEGINS  <<<<<<<<<<

#  Aligning k-turn_consensus and 3ccj_0:477-478_447-464_28-33:
#  Alignment score:  9.8
#  P-value:  1.000e+00
#  Query aligned region: 0-0,12-12
#  Target aligned region: 1:'0'479-1:'0'479,20:'0'29-20:'0'29

	G...C
	G...C

#  Matched base-pairing interactions: 
	<G(0:)-C(12:) cis W/W>                         MATCHES	<G(1:'0'479)-C(20:'0'29) cis W/W>
#  Matched base-stacking interactions: 

>>>>>>>>>>   ALIGNMENT ENDS   >>>>>>>>>>

<<<<<<<<<<  ALIGNMENT BEGINS  <<<<<<<<<<

#  Aligning k-turn_consensus and 3ccj_0:28-33_447-464_477-478:
#  Alignment score:  9.8
#  P-value:  1.000e+00
#  Query aligned region: 0-1,11-12
#  Target aligned region: 4:'0'33-4:'0'33,6:'0'448-8:'0'450

	G~G...AC
	G~G...AC

#  Matched base-pairing interactions: 
	<G(0:)-C(12:) cis W/W>                         MATCHES	<G(4:'0'33)-C(8:'0'450) cis W/W>
	<G(1:)-A(11:) trans S/H>                       MATCHES	<G(6:'0'448)-A(7:'0'449) trans S/S>
#  Matched base-stacking interactions: 

>>>>>>>>>>   ALIGNMENT ENDS   >>>>>>>>>>

<<<<<<<<<<  ALIGNMENT BEGINS  <<<<<<<<<<

#  Aligning k-turn_consensus and 3ccj_0:1819-1821_2027-2037_1743-1753:
#  Alignment score:  9.8
#  P-value:  1.000e+00
#  Query aligned region: 0-0,12-12
#  Target aligned region: 0:'0'1820-0:'0'1820,4:'0'2029-4:'0'2029

	G...C
	G...C

#  Matched base-pairing interactions: 
	<G(0:)-C(12:) cis W/W>                         MATCHES	<G(0:'0'1820)-C(4:'0'2029) cis W/W>
#  Matched base-stacking interactions: 

>>>>>>>>>>   ALIGNMENT ENDS   >>>>>>>>>>

<<<<<<<<<<  ALIGNMENT BEGINS  <<<<<<<<<<

#  Aligning k-turn_consensus and 3ccj_0:2499-2500_1130-1137_1224-1229:
#  Alignment score:  9.8
#  P-value:  1.000e+00
#  Query aligned region: 0-0,12-12
#  Target aligned region: 9:'0'1138-9:'0'1138,10:'0'1225-10:'0'1225

	G...C
	G...C

#  Matched base-pairing interactions: 
	<G(0:)-C(12:) cis W/W>                         MATCHES	<G(9:'0'1138)-C(10:'0'1225) cis W/W>
#  Matched base-stacking interactions: 

>>>>>>>>>>   ALIGNMENT ENDS   >>>>>>>>>>

<<<<<<<<<<  ALIGNMENT BEGINS  <<<<<<<<<<

#  Aligning k-turn_consensus and 3ccj_0:578-583_573-577_1109-1111:
#  Alignment score:  9.8
#  P-value:  1.000e+00
#  Query aligned region: 0-0,12-12
#  Target aligned region: 2:'0'581-2:'0'581,8:'0'576-8:'0'576

	G...C
	G...C

#  Matched base-pairing interactions: 
	<G(0:)-C(12:) cis W/W>                         MATCHES	<G(2:'0'581)-C(8:'0'576) cis W/W>
#  Matched base-stacking interactions: 

>>>>>>>>>>   ALIGNMENT ENDS   >>>>>>>>>>

<<<<<<<<<<  ALIGNMENT BEGINS  <<<<<<<<<<

#  Aligning k-turn_consensus and 3ccj_0:447-464_28-33_477-478:
#  Alignment score:  9.7
#  P-value:  1.000e+00
#  Query aligned region: 0-4,5-12
#  Target aligned region: 0:'0'448-12:'0'460,18:'0'29-23:'0'34

	G-GG-A--G...C~GAAG-AAC
	GACCGAUAG...A~C--UCGGC

#  Matched base-pairing interactions: 
	<A(3:)-G(6:) trans S/S>                        MATCHES	<A(5:'0'453)-C(18:'0'29) cis -/->
	<G(4:)-A(10:) trans S/S>                       MATCHES	<G(8:'0'456)-G(21:'0'32) trans S/S>
	<G(2:)-A(10:) trans S/H>                       MATCHES	<C(3:'0'451)-G(21:'0'32) cis W/W>
	<A(3:)-G(9:) trans H/S>                        MATCHES	<A(5:'0'453)-U(19:'0'30) trans H/W>
	<G(0:)-C(12:) cis W/W>                         MATCHES	<G(0:'0'448)-C(23:'0'34) cis W/W>
	<G(4:)-C(5:) cis W/W>                          MATCHES	<G(8:'0'456)-A(12:'0'460) cis -/->
	<G(1:)-A(11:) trans S/H>                       MATCHES	<C(2:'0'450)-G(22:'0'33) cis W/W>
#  Matched base-stacking interactions: 

>>>>>>>>>>   ALIGNMENT ENDS   >>>>>>>>>>

<<<<<<<<<<  ALIGNMENT BEGINS  <<<<<<<<<<

#  Aligning k-turn_consensus and 3ccj_0:1721-1723_1412-1418_1677-1685:
#  Alignment score:  9.6
#  P-value:  1.000e+00
#  Query aligned region: 0-1,11-12
#  Target aligned region: 5:'0'1415-6:'0'1416,11:'0'1679-12:'0'1680

	GG...AC
	GG...CC

#  Matched base-pairing interactions: 
	<G(1:)-A(11:) trans S/H>                       MATCHES	<G(6:'0'1416)-C(11:'0'1679) cis W/W>
	<G(0:)-C(12:) cis W/W>                         MATCHES	<G(5:'0'1415)-C(12:'0'1680) cis W/W>
#  Matched base-stacking interactions: 

>>>>>>>>>>   ALIGNMENT ENDS   >>>>>>>>>>

<<<<<<<<<<  ALIGNMENT BEGINS  <<<<<<<<<<

#  Aligning k-turn_consensus and 3ccj_0:105-110_62-70_49-55:
#  Alignment score:  9.4
#  P-value:  1.000e+00
#  Query aligned region: 0-0,12-12
#  Target aligned region: 7:'0'64-7:'0'64,20:'0'55-20:'0'55

	G...C
	G...U

#  Matched base-pairing interactions: 
	<G(0:)-C(12:) cis W/W>                         MATCHES	<G(7:'0'64)-U(20:'0'55) cis W/W>
#  Matched base-stacking interactions: 

>>>>>>>>>>   ALIGNMENT ENDS   >>>>>>>>>>

<<<<<<<<<<  ALIGNMENT BEGINS  <<<<<<<<<<

#  Aligning k-turn_consensus and 3ccj_0:1889-1897_1964-1971_1939-1946:
#  Alignment score:  9.4
#  P-value:  1.000e+00
#  Query aligned region: 0-1,11-12
#  Target aligned region: 6:'0'1896-7:'0'1897,19:'0'1942-20:'0'1943

	GG...AC
	GU...AC

#  Matched base-pairing interactions: 
	<G(1:)-A(11:) trans S/H>                       MATCHES	<U(7:'0'1897)-A(19:'0'1942) cis W/W>
	<G(0:)-C(12:) cis W/W>                         MATCHES	<G(6:'0'1896)-C(20:'0'1943) cis W/W>
#  Matched base-stacking interactions: 

>>>>>>>>>>   ALIGNMENT ENDS   >>>>>>>>>>

<<<<<<<<<<  ALIGNMENT BEGINS  <<<<<<<<<<

#  Aligning k-turn_consensus and 3ccj_0:2890-2897_2859-2864_2727-2728:
#  Alignment score:  9
#  P-value:  1.000e+00
#  Query aligned region: 0-0,12-12
#  Target aligned region: 6:'0'2897-6:'0'2897,8:'0'2860-8:'0'2860

	G...C
	C...G

#  Matched base-pairing interactions: 
	<G(0:)-C(12:) cis W/W>                         MATCHES	<C(6:'0'2897)-G(8:'0'2860) cis W/W>
#  Matched base-stacking interactions: 

>>>>>>>>>>   ALIGNMENT ENDS   >>>>>>>>>>

<<<<<<<<<<  ALIGNMENT BEGINS  <<<<<<<<<<

#  Aligning k-turn_consensus and 3ccj_0:785-789_823-827_852-860:
#  Alignment score:  9
#  P-value:  1.000e+00
#  Query aligned region: 0-0,12-12
#  Target aligned region: 2:'0'788-2:'0'788,15:'0'858-15:'0'858

	G...C
	A...U

#  Matched base-pairing interactions: 
	<G(0:)-C(12:) cis W/W>                         MATCHES	<A(2:'0'788)-U(15:'0'858) cis W/W>
#  Matched base-stacking interactions: 

>>>>>>>>>>   ALIGNMENT ENDS   >>>>>>>>>>

<<<<<<<<<<  ALIGNMENT BEGINS  <<<<<<<<<<

#  Aligning k-turn_consensus and 3ccj_0:1087-1094_1259-1267_564-566:
#  Alignment score:  9
#  P-value:  1.000e+00
#  Query aligned region: 0-0,12-12
#  Target aligned region: 1:'0'1089-1:'0'1089,15:'0'1267-15:'0'1267

	G...C
	G...C

#  Matched base-pairing interactions: 
	<G(0:)-C(12:) cis W/W>                         MATCHES	<G(1:'0'1089)-C(15:'0'1267) cis W/W>
#  Matched base-stacking interactions: 

>>>>>>>>>>   ALIGNMENT ENDS   >>>>>>>>>>

<<<<<<<<<<  ALIGNMENT BEGINS  <<<<<<<<<<

#  Aligning k-turn_consensus and 3ccj_0:1998-2007_1974-1977:
#  Alignment score:  9
#  P-value:  1.000e+00
#  Query aligned region: 1-3,6-11
#  Target aligned region: 4:'0'2003-7:'0'2006,10:'0'1975-12:'0'1977

	GGA...G~GAA
	UUG...C~CGU

#  Matched base-pairing interactions: 
	<G(2:)-A(10:) trans S/H>                       MATCHES	<U(5:'0'2004)-G(11:'0'1976) cis -/->
	<A(3:)-G(6:) trans S/S>                        MATCHES	<G(6:'0'2005)-C(7:'0'2006) trans S/S>
	<A(3:)-G(9:) trans H/S>                        MATCHES	<G(6:'0'2005)-C(10:'0'1975) cis W/W>
	<G(1:)-A(11:) trans S/H>                       MATCHES	<U(4:'0'2003)-U(12:'0'1977) cis -/->
#  Matched base-stacking interactions: 
	<A(3:)-A(10:) outward>                         MATCHES	<G(6:'0'2005)-G(11:'0'1976) outward>

>>>>>>>>>>   ALIGNMENT ENDS   >>>>>>>>>>

<<<<<<<<<<  ALIGNMENT BEGINS  <<<<<<<<<<

#  Aligning k-turn_consensus and 3ccj_0:787-793_818-826_853-857:
#  Alignment score:  9
#  P-value:  1.000e+00
#  Query aligned region: 0-0,12-12
#  Target aligned region: 6:'0'794-6:'0'794,7:'0'819-7:'0'819

	G...C
	U...A

#  Matched base-pairing interactions: 
	<G(0:)-C(12:) cis W/W>                         MATCHES	<U(6:'0'794)-A(7:'0'819) cis W/W>
#  Matched base-stacking interactions: 

>>>>>>>>>>   ALIGNMENT ENDS   >>>>>>>>>>

<<<<<<<<<<  ALIGNMENT BEGINS  <<<<<<<<<<

#  Aligning k-turn_consensus and 3ccj_0:2114-2115_2631-2637_2626-2630:
#  Alignment score:  9
#  P-value:  1.000e+00
#  Query aligned region: 0-0,12-12
#  Target aligned region: 6:'0'2636-6:'0'2636,9:'0'2627-9:'0'2627

	G...C
	C...G

#  Matched base-pairing interactions: 
	<G(0:)-C(12:) cis W/W>                         MATCHES	<C(6:'0'2636)-G(9:'0'2627) cis W/W>
#  Matched base-stacking interactions: 

>>>>>>>>>>   ALIGNMENT ENDS   >>>>>>>>>>

<<<<<<<<<<  ALIGNMENT BEGINS  <<<<<<<<<<

#  Aligning k-turn_consensus and 3ccj_0:2459-2465_2424-2429_2313-2316:
#  Alignment score:  8.8
#  P-value:  1.000e+00
#  Query aligned region: 0-1,11-12
#  Target aligned region: 4:'0'2464-4:'0'2464,8:'0'2426-8:'0'2426,14:'0'2315-15:'0'2316

	G~G...AC
	C~G...CG

#  Matched base-pairing interactions: 
	<G(0:)-C(12:) cis W/W>                         MATCHES	<C(4:'0'2464)-G(15:'0'2316) cis W/W>
	<G(1:)-A(11:) trans S/H>                       MATCHES	<G(8:'0'2426)-C(14:'0'2315) cis -/->
#  Matched base-stacking interactions: 

>>>>>>>>>>   ALIGNMENT ENDS   >>>>>>>>>>

<<<<<<<<<<  ALIGNMENT BEGINS  <<<<<<<<<<

#  Aligning k-turn_consensus and 3ccj_0:1199-1204_1192-1197_1173-1175:
#  Alignment score:  8.8
#  P-value:  1.000e+00
#  Query aligned region: 0-1,11-12
#  Target aligned region: 4:'0'1204-5:'0'1205,7:'0'1194-8:'0'1195

	GG...AC
	CU...AG

#  Matched base-pairing interactions: 
	<G(1:)-A(11:) trans S/H>                       MATCHES	<U(5:'0'1205)-A(7:'0'1194) cis W/W>
	<G(0:)-C(12:) cis W/W>                         MATCHES	<C(4:'0'1204)-G(8:'0'1195) cis W/W>
#  Matched base-stacking interactions: 

>>>>>>>>>>   ALIGNMENT ENDS   >>>>>>>>>>

<<<<<<<<<<  ALIGNMENT BEGINS  <<<<<<<<<<

#  Aligning k-turn_consensus and 3ccj_0:345-354_297-303_38-39:
#  Alignment score:  8.6
#  P-value:  1.000e+00
#  Query aligned region: 0-1,11-12
#  Target aligned region: 9:'0'355-9:'0'355,10:'0'298-10:'0'298,17:'0'39-18:'0'40

	G~G...AC
	C~C...GC

#  Matched base-pairing interactions: 
	<G(1:)-A(11:) trans S/H>                       MATCHES	<C(10:'0'298)-G(17:'0'39) trans S/S>
	<G(0:)-C(12:) cis W/W>                         MATCHES	<C(9:'0'355)-C(18:'0'40) trans S/S>
#  Matched base-stacking interactions: 

>>>>>>>>>>   ALIGNMENT ENDS   >>>>>>>>>>

<<<<<<<<<<  ALIGNMENT BEGINS  <<<<<<<<<<

#  Aligning k-turn_consensus and 3ccj_0:624-625_1075-1082_1043-1045:
#  Alignment score:  7.4
#  P-value:  1.000e+00
#  Query aligned region: 0-0,12-12
#  Target aligned region: 2:'0'1076-9:'0'1083

	G...C
	G...C

#  Matched base-pairing interactions: 
	<G(0:)-C(12:) cis W/W>                         MATCHES	<G(2:'0'1076)-C(9:'0'1083) cis W/W>
#  Matched base-stacking interactions: 

>>>>>>>>>>   ALIGNMENT ENDS   >>>>>>>>>>

<<<<<<<<<<  ALIGNMENT BEGINS  <<<<<<<<<<

#  Aligning k-turn_consensus and 3ccj_0:345-354_38-39_297-303:
#  Alignment score:  7.4
#  P-value:  1.000e+00
#  Query aligned region: 0-1,11-12
#  Target aligned region: 2:'0'348-3:'0'349,16:'0'302-17:'0'303

	GG...AC
	CU...AC

#  Matched base-pairing interactions: 
	<G(1:)-A(11:) trans S/H>                       MATCHES	<U(3:'0'349)-A(16:'0'302) cis W/W>
	<G(0:)-C(12:) cis W/W>                         MATCHES	<C(2:'0'348)-C(17:'0'303) cis W/W>
#  Matched base-stacking interactions: 

>>>>>>>>>>   ALIGNMENT ENDS   >>>>>>>>>>

<<<<<<<<<<  ALIGNMENT BEGINS  <<<<<<<<<<

#  Aligning k-turn_consensus and 3ccj_0:1969-1981_2004-2013_1945-1946:
#  Alignment score:  7
#  P-value:  1.000e+00
#  Query aligned region: 0-0,12-12
#  Target aligned region: 4:'0'1974-4:'0'1974,16:'0'2008-16:'0'2008

	G...C
	G...U

#  Matched base-pairing interactions: 
	<G(0:)-C(12:) cis W/W>                         MATCHES	<G(4:'0'1974)-U(16:'0'2008) cis W/W>
#  Matched base-stacking interactions: 

>>>>>>>>>>   ALIGNMENT ENDS   >>>>>>>>>>

<<<<<<<<<<  ALIGNMENT BEGINS  <<<<<<<<<<

#  Aligning k-turn_consensus and 3ccj_0:1325-1330_904-906_1298-1300:
#  Alignment score:  7
#  P-value:  1.000e+00
#  Query aligned region: 0-1,11-12
#  Target aligned region: 2:'0'1328-3:'0'1329,7:'0'906-8:'0'907

	GG...AC
	AG...CA

#  Matched base-pairing interactions: 
	<G(1:)-A(11:) trans S/H>                       MATCHES	<G(3:'0'1329)-C(7:'0'906) cis -/->
	<G(0:)-C(12:) cis W/W>                         MATCHES	<A(2:'0'1328)-A(8:'0'907) cis -/->
#  Matched base-stacking interactions: 

>>>>>>>>>>   ALIGNMENT ENDS   >>>>>>>>>>

<<<<<<<<<<  ALIGNMENT BEGINS  <<<<<<<<<<

#  Aligning k-turn_consensus and 3ccj_0:2368-2373_2364-2367_2326-2329:
#  Alignment score:  6.6
#  P-value:  1.000e+00
#  Query aligned region: 0-0,12-12
#  Target aligned region: 2:'0'2371-2:'0'2371,12:'0'2329-12:'0'2329

	G...C
	G...C

#  Matched base-pairing interactions: 
	<G(0:)-C(12:) cis W/W>                         MATCHES	<G(2:'0'2371)-C(12:'0'2329) cis W/W>
#  Matched base-stacking interactions: 

>>>>>>>>>>   ALIGNMENT ENDS   >>>>>>>>>>

<<<<<<<<<<  ALIGNMENT BEGINS  <<<<<<<<<<

#  Aligning k-turn_consensus and 3ccj_0:904-906_1298-1300_1325-1330:
#  Alignment score:  6.4
#  P-value:  1.000e+00
#  Query aligned region: 0-1,11-12
#  Target aligned region: 6:'0'1326-11:'0'1331

	GG...AC
	CG...AG

#  Matched base-pairing interactions: 
	<G(1:)-A(11:) trans S/H>                       MATCHES	<G(7:'0'1327)-A(10:'0'1330) cis -/->
	<G(0:)-C(12:) cis W/W>                         MATCHES	<C(6:'0'1326)-G(11:'0'1331) cis W/W>
#  Matched base-stacking interactions: 

>>>>>>>>>>   ALIGNMENT ENDS   >>>>>>>>>>

<<<<<<<<<<  ALIGNMENT BEGINS  <<<<<<<<<<

#  Aligning k-turn_consensus and 3ccj_0:2466-2470_2275-2277_163-170:
#  Alignment score:  5.9
#  P-value:  1.000e+00
#  Query aligned region: 0-1,11-12
#  Target aligned region: 8:'0'164-15:'0'171

	GG...A-C
	GA...AUC

#  Matched base-pairing interactions: 
	<G(0:)-C(12:) cis W/W>                         MATCHES	<G(8:'0'164)-C(15:'0'171) cis W/W>
	<G(1:)-A(11:) trans S/H>                       MATCHES	<A(9:'0'165)-A(13:'0'169) cis -/->
#  Matched base-stacking interactions: 

>>>>>>>>>>   ALIGNMENT ENDS   >>>>>>>>>>

<<<<<<<<<<  ALIGNMENT BEGINS  <<<<<<<<<<

#  Aligning k-turn_consensus and 3ccj_0:870-878_775-779_1831-1844:
#  Alignment score:  5.6
#  P-value:  1.000e+00
#  Query aligned region: 
#  Target aligned region: 

	
	

#  Matched base-pairing interactions: 
#  Matched base-stacking interactions: 

>>>>>>>>>>   ALIGNMENT ENDS   >>>>>>>>>>

<<<<<<<<<<  ALIGNMENT BEGINS  <<<<<<<<<<

#  Aligning k-turn_consensus and 3ccj_0:705-721:
#  Alignment score:  5.5
#  P-value:  1.000e+00
#  Query aligned region: 0-1,11-12
#  Target aligned region: 6:'0'712-10:'0'716

	GG...A-C
	CU...UUG

#  Matched base-pairing interactions: 
	<G(0:)-C(12:) cis W/W>                         MATCHES	<C(6:'0'712)-G(10:'0'716) cis W/W>
	<G(1:)-A(11:) trans S/H>                       MATCHES	<U(7:'0'713)-U(8:'0'714) cis S/H>
#  Matched base-stacking interactions: 

>>>>>>>>>>   ALIGNMENT ENDS   >>>>>>>>>>

<<<<<<<<<<  ALIGNMENT BEGINS  <<<<<<<<<<

#  Aligning k-turn_consensus and 3ccj_0:769-779_173-179_156-159:
#  Alignment score:  5.4
#  P-value:  1.000e+00
#  Query aligned region: 
#  Target aligned region: 

	
	

#  Matched base-pairing interactions: 
#  Matched base-stacking interactions: 

>>>>>>>>>>   ALIGNMENT ENDS   >>>>>>>>>>

<<<<<<<<<<  ALIGNMENT BEGINS  <<<<<<<<<<

#  Aligning k-turn_consensus and 3ccj_0:173-179_769-779_156-159:
#  Alignment score:  5.4
#  P-value:  1.000e+00
#  Query aligned region: 0-1,11-12
#  Target aligned region: 13:'0'776-16:'0'779

	GG...AC
	AU...CU

#  Matched base-pairing interactions: 
	<G(1:)-A(11:) trans S/H>                       MATCHES	<U(14:'0'777)-C(15:'0'778) cis S/H>
	<G(0:)-C(12:) cis W/W>                         MATCHES	<A(13:'0'776)-U(16:'0'779) trans S/W>
#  Matched base-stacking interactions: 

>>>>>>>>>>   ALIGNMENT ENDS   >>>>>>>>>>

<<<<<<<<<<  ALIGNMENT BEGINS  <<<<<<<<<<

#  Aligning k-turn_consensus and 3ccj_0:2492-2500_2525-2527_2519-2524:
#  Alignment score:  5.4
#  P-value:  1.000e+00
#  Query aligned region: 0-0,12-12
#  Target aligned region: 1:'0'2494-1:'0'2494,11:'0'2528-11:'0'2528

	G...C
	G...U

#  Matched base-pairing interactions: 
	<G(0:)-C(12:) cis W/W>                         MATCHES	<G(1:'0'2494)-U(11:'0'2528) cis W/W>
#  Matched base-stacking interactions: 

>>>>>>>>>>   ALIGNMENT ENDS   >>>>>>>>>>

<<<<<<<<<<  ALIGNMENT BEGINS  <<<<<<<<<<

#  Aligning k-turn_consensus and 3ccj_0:2655-2659_2083-2088_531-532:
#  Alignment score:  5
#  P-value:  1.000e+00
#  Query aligned region: 0-0,12-12
#  Target aligned region: 4:'0'2660-4:'0'2660,5:'0'2084-5:'0'2084

	G...C
	G...C

#  Matched base-pairing interactions: 
	<G(0:)-C(12:) cis W/W>                         MATCHES	<G(4:'0'2660)-C(5:'0'2084) cis W/W>
#  Matched base-stacking interactions: 

>>>>>>>>>>   ALIGNMENT ENDS   >>>>>>>>>>

<<<<<<<<<<  ALIGNMENT BEGINS  <<<<<<<<<<

#  Aligning k-turn_consensus and 3ccj_0:450-457_458-464_474-478:
#  Alignment score:  4.8
#  P-value:  1.000e+00
#  Query aligned region: 
#  Target aligned region: 

	
	

#  Matched base-pairing interactions: 
#  Matched base-stacking interactions: 

>>>>>>>>>>   ALIGNMENT ENDS   >>>>>>>>>>

<<<<<<<<<<  ALIGNMENT BEGINS  <<<<<<<<<<

#  Aligning k-turn_consensus and 3ccj_0:173-179_156-159_769-779:
#  Alignment score:  4.8
#  P-value:  1.000e+00
#  Query aligned region: 
#  Target aligned region: 

	
	

#  Matched base-pairing interactions: 
#  Matched base-stacking interactions: 

>>>>>>>>>>   ALIGNMENT ENDS   >>>>>>>>>>

<<<<<<<<<<  ALIGNMENT BEGINS  <<<<<<<<<<

#  Aligning k-turn_consensus and 3ccj_0:870-878_1831-1844_775-779:
#  Alignment score:  4.8
#  P-value:  1.000e+00
#  Query aligned region: 
#  Target aligned region: 

	
	

#  Matched base-pairing interactions: 
#  Matched base-stacking interactions: 

>>>>>>>>>>   ALIGNMENT ENDS   >>>>>>>>>>

<<<<<<<<<<  ALIGNMENT BEGINS  <<<<<<<<<<

#  Aligning k-turn_consensus and 3ccj_0:775-779_870-878_1831-1844:
#  Alignment score:  4.8
#  P-value:  1.000e+00
#  Query aligned region: 
#  Target aligned region: 

	
	

#  Matched base-pairing interactions: 
#  Matched base-stacking interactions: 

>>>>>>>>>>   ALIGNMENT ENDS   >>>>>>>>>>

<<<<<<<<<<  ALIGNMENT BEGINS  <<<<<<<<<<

#  Aligning k-turn_consensus and 3ccj_0:2749-2754_2724-2732:
#  Alignment score:  4.6
#  P-value:  1.000e+00
#  Query aligned region: 
#  Target aligned region: 

	
	

#  Matched base-pairing interactions: 
#  Matched base-stacking interactions: 

>>>>>>>>>>   ALIGNMENT ENDS   >>>>>>>>>>

<<<<<<<<<<  ALIGNMENT BEGINS  <<<<<<<<<<

#  Aligning k-turn_consensus and 3ccj_0:1831-1844_775-779_870-878:
#  Alignment score:  4.4
#  P-value:  1.000e+00
#  Query aligned region: 
#  Target aligned region: 

	
	

#  Matched base-pairing interactions: 
#  Matched base-stacking interactions: 

>>>>>>>>>>   ALIGNMENT ENDS   >>>>>>>>>>

<<<<<<<<<<  ALIGNMENT BEGINS  <<<<<<<<<<

#  Aligning k-turn_consensus and 3ccj_0:1831-1844_870-878_775-779:
#  Alignment score:  4.1
#  P-value:  1.000e+00
#  Query aligned region: 
#  Target aligned region: 

	
	

#  Matched base-pairing interactions: 
#  Matched base-stacking interactions: 

>>>>>>>>>>   ALIGNMENT ENDS   >>>>>>>>>>

<<<<<<<<<<  ALIGNMENT BEGINS  <<<<<<<<<<

#  Aligning k-turn_consensus and 3ccj_0:775-779_1831-1844_870-878:
#  Alignment score:  4.1
#  P-value:  1.000e+00
#  Query aligned region: 
#  Target aligned region: 

	
	

#  Matched base-pairing interactions: 
#  Matched base-stacking interactions: 

>>>>>>>>>>   ALIGNMENT ENDS   >>>>>>>>>>

<<<<<<<<<<  ALIGNMENT BEGINS  <<<<<<<<<<

#  Aligning k-turn_consensus and 3ccj_0:450-457_474-478_458-464:
#  Alignment score:  4
#  P-value:  1.000e+00
#  Query aligned region: 
#  Target aligned region: 

	
	

#  Matched base-pairing interactions: 
#  Matched base-stacking interactions: 

>>>>>>>>>>   ALIGNMENT ENDS   >>>>>>>>>>

<<<<<<<<<<  ALIGNMENT BEGINS  <<<<<<<<<<

#  Aligning k-turn_consensus and 3ccj_0:1294-1299_903-909:
#  Alignment score:  4
#  P-value:  1.000e+00
#  Query aligned region: 
#  Target aligned region: 

	
	

#  Matched base-pairing interactions: 
#  Matched base-stacking interactions: 

>>>>>>>>>>   ALIGNMENT ENDS   >>>>>>>>>>

<<<<<<<<<<  ALIGNMENT BEGINS  <<<<<<<<<<

#  Aligning k-turn_consensus and 3ccj_0:2659-2661_2811-2815_531-532:
#  Alignment score:  4
#  P-value:  1.000e+00
#  Query aligned region: 
#  Target aligned region: 

	
	

#  Matched base-pairing interactions: 
#  Matched base-stacking interactions: 

>>>>>>>>>>   ALIGNMENT ENDS   >>>>>>>>>>

<<<<<<<<<<  ALIGNMENT BEGINS  <<<<<<<<<<

#  Aligning k-turn_consensus and 3ccj_0:2659-2661_531-532_2811-2815:
#  Alignment score:  4
#  P-value:  1.000e+00
#  Query aligned region: 
#  Target aligned region: 

	
	

#  Matched base-pairing interactions: 
#  Matched base-stacking interactions: 

>>>>>>>>>>   ALIGNMENT ENDS   >>>>>>>>>>

<<<<<<<<<<  ALIGNMENT BEGINS  <<<<<<<<<<

#  Aligning k-turn_consensus and 3ccj_0:458-464_474-478_450-457:
#  Alignment score:  3.8
#  P-value:  1.000e+00
#  Query aligned region: 
#  Target aligned region: 

	
	

#  Matched base-pairing interactions: 
#  Matched base-stacking interactions: 

>>>>>>>>>>   ALIGNMENT ENDS   >>>>>>>>>>

<<<<<<<<<<  ALIGNMENT BEGINS  <<<<<<<<<<

#  Aligning k-turn_consensus and 3ccj_0:2811-2815_2659-2661_531-532:
#  Alignment score:  3.8
#  P-value:  1.000e+00
#  Query aligned region: 1-1,11-11
#  Target aligned region: 0:'0'2812-0:'0'2812,9:'0'533-9:'0'533

	G...A
	A...U

#  Matched base-pairing interactions: 
	<G(1:)-A(11:) trans S/H>                       MATCHES	<A(0:'0'2812)-U(9:'0'533) trans S/H>
#  Matched base-stacking interactions: 

>>>>>>>>>>   ALIGNMENT ENDS   >>>>>>>>>>

<<<<<<<<<<  ALIGNMENT BEGINS  <<<<<<<<<<

#  Aligning k-turn_consensus and 3ccj_0:897-902_761-764:
#  Alignment score:  3.7
#  P-value:  1.000e+00
#  Query aligned region: 
#  Target aligned region: 

	
	

#  Matched base-pairing interactions: 
#  Matched base-stacking interactions: 

>>>>>>>>>>   ALIGNMENT ENDS   >>>>>>>>>>

<<<<<<<<<<  ALIGNMENT BEGINS  <<<<<<<<<<

#  Aligning k-turn_consensus and 3ccj_0:531-532_2659-2661_2811-2815:
#  Alignment score:  3.7
#  P-value:  1.000e+00
#  Query aligned region: 
#  Target aligned region: 

	
	

#  Matched base-pairing interactions: 
#  Matched base-stacking interactions: 

>>>>>>>>>>   ALIGNMENT ENDS   >>>>>>>>>>

<<<<<<<<<<  ALIGNMENT BEGINS  <<<<<<<<<<

#  Aligning k-turn_consensus and 3ccj_0:474-478_450-457_458-464:
#  Alignment score:  3.6
#  P-value:  1.000e+00
#  Query aligned region: 
#  Target aligned region: 

	
	

#  Matched base-pairing interactions: 
#  Matched base-stacking interactions: 

>>>>>>>>>>   ALIGNMENT ENDS   >>>>>>>>>>

<<<<<<<<<<  ALIGNMENT BEGINS  <<<<<<<<<<

#  Aligning k-turn_consensus and 3ccj_0:474-478_458-464_450-457:
#  Alignment score:  3.4
#  P-value:  1.000e+00
#  Query aligned region: 
#  Target aligned region: 

	
	

#  Matched base-pairing interactions: 
#  Matched base-stacking interactions: 

>>>>>>>>>>   ALIGNMENT ENDS   >>>>>>>>>>

<<<<<<<<<<  ALIGNMENT BEGINS  <<<<<<<<<<

#  Aligning k-turn_consensus and 3ccj_0:2724-2732_2749-2754:
#  Alignment score:  3.4
#  P-value:  1.000e+00
#  Query aligned region: 
#  Target aligned region: 

	
	

#  Matched base-pairing interactions: 
#  Matched base-stacking interactions: 

>>>>>>>>>>   ALIGNMENT ENDS   >>>>>>>>>>

<<<<<<<<<<  ALIGNMENT BEGINS  <<<<<<<<<<

#  Aligning k-turn_consensus and 3ccj_0:903-909_1294-1299:
#  Alignment score:  3.3
#  P-value:  1.000e+00
#  Query aligned region: 
#  Target aligned region: 

	
	

#  Matched base-pairing interactions: 
#  Matched base-stacking interactions: 

>>>>>>>>>>   ALIGNMENT ENDS   >>>>>>>>>>

<<<<<<<<<<  ALIGNMENT BEGINS  <<<<<<<<<<

#  Aligning k-turn_consensus and 3ccj_0:531-532_2811-2815_2659-2661:
#  Alignment score:  2.9
#  P-value:  1.000e+00
#  Query aligned region: 
#  Target aligned region: 

	
	

#  Matched base-pairing interactions: 
#  Matched base-stacking interactions: 

>>>>>>>>>>   ALIGNMENT ENDS   >>>>>>>>>>

<<<<<<<<<<  ALIGNMENT BEGINS  <<<<<<<<<<

#  Aligning k-turn_consensus and 3ccj_0:761-764_897-902:
#  Alignment score:  2.5
#  P-value:  1.000e+00
#  Query aligned region: 
#  Target aligned region: 

	
	

#  Matched base-pairing interactions: 
#  Matched base-stacking interactions: 

>>>>>>>>>>   ALIGNMENT ENDS   >>>>>>>>>>

<<<<<<<<<<  ALIGNMENT BEGINS  <<<<<<<<<<

#  Aligning k-turn_consensus and 3ccj_0:2531-2536_2099-2103:
#  Alignment score:  2.3
#  P-value:  1.000e+00
#  Query aligned region: 
#  Target aligned region: 

	
	

#  Matched base-pairing interactions: 
#  Matched base-stacking interactions: 

>>>>>>>>>>   ALIGNMENT ENDS   >>>>>>>>>>

<<<<<<<<<<  ALIGNMENT BEGINS  <<<<<<<<<<

#  Aligning k-turn_consensus and 3ccj_0:2099-2103_2531-2536:
#  Alignment score:  2
#  P-value:  1.000e+00
#  Query aligned region: 
#  Target aligned region: 

	
	

#  Matched base-pairing interactions: 
#  Matched base-stacking interactions: 

>>>>>>>>>>   ALIGNMENT ENDS   >>>>>>>>>>

