$ /home/s081p868/scratch/RNAMotifScanX-release/bin/scan /home/s081p868/scratch/RNAMotifScanX-release/models/k-turn_consensus.struct /rfs/poseidon_share/s081p868/RNAMotifScanX_nr/rmsx_work_default/3cc7/0/3cc7_0.rmsx.in --map_pdb=/rfs/poseidon_share/s081p868/RNAMotifScanX_nr/rmsx_work_default/3cc7/0/3cc7_0.rmsx.nch --pvalue 1.0 --num_threads 8 --write_alignment
<<<<<<<<<<  ALIGNMENT BEGINS  <<<<<<<<<<

#  Aligning k-turn_consensus and 3cc7_0:73-82_90-103:
#  Alignment score:  154.2
#  P-value:  6.591e-03
#  Query aligned region: 0-4,5-12
#  Target aligned region: 3:'0'77-7:'0'81,12:'0'93-19:'0'100

	GGGAG...CGAAGAAC
	GGGAG...CGAAGAAC

#  Matched base-pairing interactions: 
	<G(1:)-A(11:) trans S/H>                       MATCHES	<G(4:'0'78)-A(18:'0'99) trans S/H>
	<G(2:)-A(10:) trans S/H>                       MATCHES	<G(5:'0'79)-A(17:'0'98) trans S/H>
	<A(3:)-G(9:) trans H/S>                        MATCHES	<A(6:'0'80)-G(16:'0'97) trans H/S>
	<A(3:)-G(6:) trans S/S>                        MATCHES	<A(6:'0'80)-G(13:'0'94) cis -/->
	<G(4:)-A(10:) trans S/S>                       MATCHES	<G(7:'0'81)-A(17:'0'98) trans S/S>
	<G(4:)-C(5:) cis W/W>                          MATCHES	<G(7:'0'81)-C(12:'0'93) cis W/W>
	<G(0:)-C(12:) cis W/W>                         MATCHES	<G(3:'0'77)-C(19:'0'100) cis W/W>
#  Matched base-stacking interactions: 
	<A(3:)-A(10:) outward>                         MATCHES	<A(6:'0'80)-A(17:'0'98) outward>

>>>>>>>>>>   ALIGNMENT ENDS   >>>>>>>>>>

<<<<<<<<<<  ALIGNMENT BEGINS  <<<<<<<<<<

#  Aligning k-turn_consensus and 3cc7_0:934-942_1023-1026_1030-1035:
#  Alignment score:  130.6
#  P-value:  9.946e-03
#  Query aligned region: 0-4,5-12
#  Target aligned region: 1:'0'936-5:'0'940,11:'0'1026-12:'0'1027,13:'0'1031-16:'0'1034

	GGGAG...CG~GAAC
	CCGAG...UG~GACG

#  Matched base-pairing interactions: 
	<G(1:)-A(11:) trans S/H>                       MATCHES	<C(2:'0'937)-C(15:'0'1033) cis W/W>
	<G(0:)-C(12:) cis W/W>                         MATCHES	<C(1:'0'936)-G(16:'0'1034) cis W/W>
	<G(2:)-A(10:) trans S/H>                       MATCHES	<G(3:'0'938)-A(14:'0'1032) trans S/H>
	<A(3:)-G(9:) trans H/S>                        MATCHES	<A(4:'0'939)-G(13:'0'1031) trans H/S>
	<G(4:)-A(10:) trans S/S>                       MATCHES	<G(5:'0'940)-A(14:'0'1032) trans S/S>
	<G(4:)-C(5:) cis W/W>                          MATCHES	<G(5:'0'940)-U(11:'0'1026) cis W/W>
	<A(3:)-G(6:) trans S/S>                        MATCHES	<A(4:'0'939)-G(12:'0'1027) cis -/->
#  Matched base-stacking interactions: 
	<A(3:)-A(10:) outward>                         MATCHES	<A(4:'0'939)-A(14:'0'1032) outward>

>>>>>>>>>>   ALIGNMENT ENDS   >>>>>>>>>>

<<<<<<<<<<  ALIGNMENT BEGINS  <<<<<<<<<<

#  Aligning k-turn_consensus and 3cc7_0:550-551_1333-1342_1311-1322:
#  Alignment score:  128.2
#  P-value:  1.042e-02
#  Query aligned region: 0-4,5-12
#  Target aligned region: 6:'0'1338-10:'0'1342,12:'0'1312-19:'0'1319

	GGGAG...CGAAGAAC
	UGGAC...GAUGGAAG

#  Matched base-pairing interactions: 
	<G(1:)-A(11:) trans S/H>                       MATCHES	<G(7:'0'1339)-A(18:'0'1318) trans S/H>
	<G(2:)-A(10:) trans S/H>                       MATCHES	<G(8:'0'1340)-A(17:'0'1317) trans S/H>
	<A(3:)-G(9:) trans H/S>                        MATCHES	<A(9:'0'1341)-G(16:'0'1316) trans H/S>
	<G(4:)-C(5:) cis W/W>                          MATCHES	<C(10:'0'1342)-G(12:'0'1312) cis W/W>
	<A(3:)-G(6:) trans S/S>                        MATCHES	<A(9:'0'1341)-A(13:'0'1313) cis -/->
	<G(4:)-A(10:) trans S/S>                       MATCHES	<C(10:'0'1342)-A(17:'0'1317) cis -/->
	<G(0:)-C(12:) cis W/W>                         MATCHES	<U(6:'0'1338)-G(19:'0'1319) cis W/W>
#  Matched base-stacking interactions: 
	<A(3:)-A(10:) outward>                         MATCHES	<A(9:'0'1341)-A(17:'0'1317) outward>

>>>>>>>>>>   ALIGNMENT ENDS   >>>>>>>>>>

<<<<<<<<<<  ALIGNMENT BEGINS  <<<<<<<<<<

#  Aligning k-turn_consensus and 3cc7_0:1207-1215_1187-1188_1146-1158:
#  Alignment score:  126.9
#  P-value:  1.070e-02
#  Query aligned region: 0-4,5-12
#  Target aligned region: 4:'0'1212-8:'0'1216,11:'0'1147-19:'0'1155

	GGGAG...CGAAGA-AC
	CCGAG...CCUAGACAG

#  Matched base-pairing interactions: 
	<A(3:)-G(9:) trans H/S>                        MATCHES	<A(7:'0'1215)-G(15:'0'1151) trans H/S>
	<A(3:)-G(6:) trans S/S>                        MATCHES	<A(7:'0'1215)-C(12:'0'1148) cis -/->
	<G(4:)-A(10:) trans S/S>                       MATCHES	<G(8:'0'1216)-A(16:'0'1152) trans S/S>
	<G(4:)-C(5:) cis W/W>                          MATCHES	<G(8:'0'1216)-C(11:'0'1147) cis W/W>
	<G(1:)-A(11:) trans S/H>                       MATCHES	<C(5:'0'1213)-A(18:'0'1154) cis W/W>
	<G(2:)-A(10:) trans S/H>                       MATCHES	<G(6:'0'1214)-A(16:'0'1152) trans S/H>
	<G(0:)-C(12:) cis W/W>                         MATCHES	<C(4:'0'1212)-G(19:'0'1155) cis W/W>
#  Matched base-stacking interactions: 
	<A(3:)-A(10:) outward>                         MATCHES	<A(7:'0'1215)-A(16:'0'1152) outward>

>>>>>>>>>>   ALIGNMENT ENDS   >>>>>>>>>>

<<<<<<<<<<  ALIGNMENT BEGINS  <<<<<<<<<<

#  Aligning k-turn_consensus and 3cc7_0:2911-2913_2666-2667_2821-2827:
#  Alignment score:  117.8
#  P-value:  1.296e-02
#  Query aligned region: 1-4,5-11
#  Target aligned region: 0:'0'2912-2:'0'2914,3:'0'2667-3:'0'2667,5:'0'2822-11:'0'2828

	GGA~G...CGAAGAA
	CAA~G...CGCCGAG

#  Matched base-pairing interactions: 
	<G(1:)-A(11:) trans S/H>                       MATCHES	<C(0:'0'2912)-G(11:'0'2828) cis W/W>
	<G(2:)-A(10:) trans S/H>                       MATCHES	<A(1:'0'2913)-A(10:'0'2827) trans S/H>
	<A(3:)-G(9:) trans H/S>                        MATCHES	<A(2:'0'2914)-G(9:'0'2826) trans H/S>
	<A(3:)-G(6:) trans S/S>                        MATCHES	<A(2:'0'2914)-G(6:'0'2823) cis -/->
	<G(4:)-A(10:) trans S/S>                       MATCHES	<G(3:'0'2667)-A(10:'0'2827) trans S/S>
	<G(4:)-C(5:) cis W/W>                          MATCHES	<G(3:'0'2667)-C(5:'0'2822) cis W/W>
#  Matched base-stacking interactions: 
	<A(3:)-A(10:) outward>                         MATCHES	<A(2:'0'2914)-A(10:'0'2827) outward>

>>>>>>>>>>   ALIGNMENT ENDS   >>>>>>>>>>

<<<<<<<<<<  ALIGNMENT BEGINS  <<<<<<<<<<

#  Aligning k-turn_consensus and 3cc7_0:1585-1591_1600-1609:
#  Alignment score:  95.8
#  P-value:  2.261e-02
#  Query aligned region: 0-4,6-12
#  Target aligned region: 1:'0'1587-4:'0'1590,7:'0'1601-14:'0'1608

	GGGA~G...GAAGAAC
	UGGA~G...CAGGAAG

#  Matched base-pairing interactions: 
	<A(3:)-G(9:) trans H/S>                        MATCHES	<A(4:'0'1590)-G(11:'0'1605) trans H/S>
	<A(3:)-G(6:) trans S/S>                        MATCHES	<A(4:'0'1590)-C(8:'0'1602) cis -/->
	<G(2:)-A(10:) trans S/H>                       MATCHES	<G(3:'0'1589)-A(12:'0'1606) trans S/H>
	<G(4:)-A(10:) trans S/S>                       MATCHES	<G(7:'0'1601)-A(12:'0'1606) cis -/->
	<G(1:)-A(11:) trans S/H>                       MATCHES	<G(2:'0'1588)-A(13:'0'1607) trans S/H>
	<G(0:)-C(12:) cis W/W>                         MATCHES	<U(1:'0'1587)-G(14:'0'1608) cis W/W>
#  Matched base-stacking interactions: 
	<A(3:)-A(10:) outward>                         MATCHES	<A(4:'0'1590)-A(12:'0'1606) outward>

>>>>>>>>>>   ALIGNMENT ENDS   >>>>>>>>>>

<<<<<<<<<<  ALIGNMENT BEGINS  <<<<<<<<<<

#  Aligning k-turn_consensus and 3cc7_0:243-248_259-266:
#  Alignment score:  87.3
#  P-value:  2.947e-02
#  Query aligned region: 0-4,5-12
#  Target aligned region: 0:'0'244-5:'0'249,6:'0'260-13:'0'267

	GGGA-G...CGAAGAAC
	CCGAAG...CAAUGUGG

#  Matched base-pairing interactions: 
	<G(1:)-A(11:) trans S/H>                       MATCHES	<C(1:'0'245)-G(12:'0'266) cis W/W>
	<G(2:)-A(10:) trans S/H>                       MATCHES	<G(2:'0'246)-U(11:'0'265) trans S/H>
	<A(3:)-G(9:) trans H/S>                        MATCHES	<A(3:'0'247)-G(10:'0'264) trans H/S>
	<A(3:)-G(6:) trans S/S>                        MATCHES	<A(3:'0'247)-A(7:'0'261) cis -/->
	<G(4:)-C(5:) cis W/W>                          MATCHES	<G(5:'0'249)-C(6:'0'260) cis W/W>
	<G(4:)-A(10:) trans S/S>                       MATCHES	<G(5:'0'249)-U(11:'0'265) cis -/->
	<G(0:)-C(12:) cis W/W>                         MATCHES	<C(0:'0'244)-G(13:'0'267) cis W/W>
#  Matched base-stacking interactions: 
	<A(3:)-A(10:) outward>                         MATCHES	<A(3:'0'247)-U(11:'0'265) outward>

>>>>>>>>>>   ALIGNMENT ENDS   >>>>>>>>>>

<<<<<<<<<<  ALIGNMENT BEGINS  <<<<<<<<<<

#  Aligning k-turn_consensus and 3cc7_0:19-27_636-638_515-523:
#  Alignment score:  78.6
#  P-value:  4.030e-02
#  Query aligned region: 0-3,6-12
#  Target aligned region: 2:'0'22-5:'0'25,11:'0'639-11:'0'639,14:'0'518-17:'0'521

	GGGA...G~GAAC
	UGGA...A~GAAA

#  Matched base-pairing interactions: 
	<A(3:)-G(9:) trans H/S>                        MATCHES	<A(5:'0'25)-G(14:'0'518) trans H/S>
	<A(3:)-G(6:) trans S/S>                        MATCHES	<A(5:'0'25)-A(11:'0'639) cis S/S>
	<G(2:)-A(10:) trans S/H>                       MATCHES	<G(4:'0'24)-A(15:'0'519) trans S/H>
	<G(1:)-A(11:) trans S/H>                       MATCHES	<G(3:'0'23)-A(16:'0'520) trans S/H>
	<G(0:)-C(12:) cis W/W>                         MATCHES	<U(2:'0'22)-A(17:'0'521) trans S/H>
#  Matched base-stacking interactions: 
	<A(3:)-A(10:) outward>                         MATCHES	<A(5:'0'25)-A(15:'0'519) outward>

>>>>>>>>>>   ALIGNMENT ENDS   >>>>>>>>>>

<<<<<<<<<<  ALIGNMENT BEGINS  <<<<<<<<<<

#  Aligning k-turn_consensus and 3cc7_0:2881-2888_1804-1806_2866-2874:
#  Alignment score:  76.4
#  P-value:  4.399e-02
#  Query aligned region: 2-4,6-10
#  Target aligned region: 0:'0'2882-1:'0'2883,8:'0'1805-9:'0'1806,18:'0'2874-19:'0'2875

	GA~G...G~GA
	GA~G...G~GA

#  Matched base-pairing interactions: 
	<A(3:)-G(9:) trans H/S>                        MATCHES	<A(1:'0'2883)-G(18:'0'2874) trans H/S>
	<G(2:)-A(10:) trans S/H>                       MATCHES	<G(0:'0'2882)-A(19:'0'2875) trans S/H>
	<A(3:)-G(6:) trans S/S>                        MATCHES	<A(1:'0'2883)-G(9:'0'1806) trans S/S>
	<G(4:)-A(10:) trans S/S>                       MATCHES	<G(8:'0'1805)-A(19:'0'2875) cis S/S>
#  Matched base-stacking interactions: 
	<A(3:)-A(10:) outward>                         MATCHES	<A(1:'0'2883)-A(19:'0'2875) outward>

>>>>>>>>>>   ALIGNMENT ENDS   >>>>>>>>>>

<<<<<<<<<<  ALIGNMENT BEGINS  <<<<<<<<<<

#  Aligning k-turn_consensus and 3cc7_0:813-817_1593-1599_794-799:
#  Alignment score:  60.2
#  P-value:  9.790e-02
#  Query aligned region: 0-4,5-12
#  Target aligned region: 1:'0'815-4:'0'818,5:'0'1594-11:'0'1600,12:'0'795-15:'0'798

	GGGA~G...C~GAAC
	UGGA~C...G~GAAG

#  Matched base-pairing interactions: 
	<G(4:)-C(5:) cis W/W>                          MATCHES	<C(5:'0'1594)-G(11:'0'1600) cis W/W>
	<A(3:)-G(9:) trans H/S>                        MATCHES	<A(4:'0'818)-G(12:'0'795) trans H/S>
	<G(2:)-A(10:) trans S/H>                       MATCHES	<G(3:'0'817)-A(13:'0'796) trans S/H>
	<G(1:)-A(11:) trans S/H>                       MATCHES	<G(2:'0'816)-A(14:'0'797) trans S/H>
	<G(0:)-C(12:) cis W/W>                         MATCHES	<U(1:'0'815)-G(15:'0'798) cis W/W>
#  Matched base-stacking interactions: 
	<A(3:)-A(10:) outward>                         MATCHES	<A(4:'0'818)-A(13:'0'796) outward>

>>>>>>>>>>   ALIGNMENT ENDS   >>>>>>>>>>

<<<<<<<<<<  ALIGNMENT BEGINS  <<<<<<<<<<

#  Aligning k-turn_consensus and 3cc7_0:2904-2911_2827-2835_2843-2853:
#  Alignment score:  57.3
#  P-value:  1.177e-01
#  Query aligned region: 2-4,6-10
#  Target aligned region: 0:'0'2905-1:'0'2906,14:'0'2834-14:'0'2834,20:'0'2847-26:'0'2853

	GA~G...G-AAG-A
	AA~G...GGUCGAU

#  Matched base-pairing interactions: 
	<G(4:)-A(10:) trans S/S>                       MATCHES	<G(14:'0'2834)-U(26:'0'2853) trans S/S>
	<G(2:)-A(10:) trans S/H>                       MATCHES	<A(0:'0'2905)-U(26:'0'2853) cis W/W>
	<A(3:)-G(6:) trans S/S>                        MATCHES	<A(1:'0'2906)-G(20:'0'2847) trans S/S>
	<A(3:)-G(9:) trans H/S>                        MATCHES	<A(1:'0'2906)-G(24:'0'2851) trans H/S>
#  Matched base-stacking interactions: 
	<A(3:)-A(10:) outward>                         MATCHES	<A(1:'0'2906)-U(26:'0'2853) outward>

>>>>>>>>>>   ALIGNMENT ENDS   >>>>>>>>>>

<<<<<<<<<<  ALIGNMENT BEGINS  <<<<<<<<<<

#  Aligning k-turn_consensus and 3cc7_0:1071-1078_1079-1087_1096-1098:
#  Alignment score:  53.3
#  P-value:  1.567e-01
#  Query aligned region: 2-4,5-10
#  Target aligned region: 0:'0'1072-2:'0'1074,13:'0'1085-16:'0'1088

	GAG...CGAAGA
	GAG...CA--GA

#  Matched base-pairing interactions: 
	<G(4:)-C(5:) cis W/W>                          MATCHES	<G(2:'0'1074)-C(13:'0'1085) cis W/W>
	<A(3:)-G(9:) trans H/S>                        MATCHES	<A(1:'0'1073)-G(15:'0'1087) trans H/S>
	<G(2:)-A(10:) trans S/H>                       MATCHES	<G(0:'0'1072)-A(16:'0'1088) trans S/H>
	<A(3:)-G(6:) trans S/S>                        MATCHES	<A(1:'0'1073)-A(14:'0'1086) trans H/S>
#  Matched base-stacking interactions: 
	<A(3:)-A(10:) outward>                         MATCHES	<A(1:'0'1073)-A(16:'0'1088) outward>

>>>>>>>>>>   ALIGNMENT ENDS   >>>>>>>>>>

<<<<<<<<<<  ALIGNMENT BEGINS  <<<<<<<<<<

#  Aligning k-turn_consensus and 3cc7_0:107-114_146-147_42-51:
#  Alignment score:  53.1
#  P-value:  1.591e-01
#  Query aligned region: 0-4,5-12
#  Target aligned region: 3:'0'111-5:'0'113,9:'0'148-9:'0'148,10:'0'43-17:'0'50

	GGGA~G...CGAAGAAC
	CG-A~A...UGAUGAAG

#  Matched base-pairing interactions: 
	<A(3:)-G(9:) trans H/S>                        MATCHES	<A(5:'0'113)-G(14:'0'47) trans H/S>
	<A(3:)-G(6:) trans S/S>                        MATCHES	<A(5:'0'113)-G(11:'0'44) cis -/->
	<G(1:)-A(11:) trans S/H>                       MATCHES	<G(4:'0'112)-A(16:'0'49) trans S/H>
	<G(4:)-C(5:) cis W/W>                          MATCHES	<A(9:'0'148)-U(10:'0'43) cis W/W>
	<G(4:)-A(10:) trans S/S>                       MATCHES	<A(9:'0'148)-A(15:'0'48) cis -/->
	<G(0:)-C(12:) cis W/W>                         MATCHES	<C(3:'0'111)-G(17:'0'50) cis W/W>
#  Matched base-stacking interactions: 
	<A(3:)-A(10:) outward>                         MATCHES	<A(5:'0'113)-A(15:'0'48) outward>

>>>>>>>>>>   ALIGNMENT ENDS   >>>>>>>>>>

<<<<<<<<<<  ALIGNMENT BEGINS  <<<<<<<<<<

#  Aligning k-turn_consensus and 3cc7_0:264-273_375-378_239-248:
#  Alignment score:  50.5
#  P-value:  1.967e-01
#  Query aligned region: 0-4,5-12
#  Target aligned region: 1:'0'266-9:'0'274,10:'0'376-10:'0'376,15:'0'241-19:'0'245

	GGGA----G...C~GAAGAAC
	GGUGUCAGG...C~A--AACC

#  Matched base-pairing interactions: 
	<A(3:)-G(6:) trans S/S>                        MATCHES	<G(4:'0'269)-A(15:'0'241) cis -/->
	<G(4:)-A(10:) trans S/S>                       MATCHES	<G(9:'0'274)-A(17:'0'243) trans S/S>
	<G(4:)-C(5:) cis W/W>                          MATCHES	<G(9:'0'274)-C(10:'0'376) cis W/W>
	<A(3:)-G(9:) trans H/S>                        MATCHES	<G(4:'0'269)-A(16:'0'242) trans S/H>
	<G(2:)-A(10:) trans S/H>                       MATCHES	<U(3:'0'268)-A(17:'0'243) trans S/H>
	<G(1:)-A(11:) trans S/H>                       MATCHES	<G(2:'0'267)-C(18:'0'244) cis W/W>
	<G(0:)-C(12:) cis W/W>                         MATCHES	<G(1:'0'266)-C(19:'0'245) cis W/W>
#  Matched base-stacking interactions: 

>>>>>>>>>>   ALIGNMENT ENDS   >>>>>>>>>>

<<<<<<<<<<  ALIGNMENT BEGINS  <<<<<<<<<<

#  Aligning k-turn_consensus and 3cc7_0:2252-2259_2132-2134_2240-2248:
#  Alignment score:  48.3
#  P-value:  2.400e-01
#  Query aligned region: 1-4,5-11
#  Target aligned region: 3:'0'2256-6:'0'2259,8:'0'2133-8:'0'2133,12:'0'2242-15:'0'2245

	GGAG...C~GAAGAA
	GGAC...U~U--CAC

#  Matched base-pairing interactions: 
	<A(3:)-G(6:) trans S/S>                        MATCHES	<A(5:'0'2258)-U(12:'0'2242) trans H/W>
	<G(2:)-A(10:) trans S/H>                       MATCHES	<G(4:'0'2257)-A(14:'0'2244) trans S/H>
	<A(3:)-G(9:) trans H/S>                        MATCHES	<A(5:'0'2258)-C(13:'0'2243) cis -/->
	<G(4:)-C(5:) cis W/W>                          MATCHES	<C(6:'0'2259)-U(8:'0'2133) cis -/->
	<G(4:)-A(10:) trans S/S>                       MATCHES	<C(6:'0'2259)-A(14:'0'2244) trans H/W>
	<G(1:)-A(11:) trans S/H>                       MATCHES	<G(3:'0'2256)-C(15:'0'2245) cis W/W>
#  Matched base-stacking interactions: 
	<A(3:)-A(10:) outward>                         MATCHES	<A(5:'0'2258)-A(14:'0'2244) outward>

>>>>>>>>>>   ALIGNMENT ENDS   >>>>>>>>>>

<<<<<<<<<<  ALIGNMENT BEGINS  <<<<<<<<<<

#  Aligning k-turn_consensus and 3cc7_0:1453-1459_860-863_1482-1490:
#  Alignment score:  47.2
#  P-value:  2.672e-01
#  Query aligned region: 3-3,6-9
#  Target aligned region: 5:'0'1459-5:'0'1459,9:'0'863-9:'0'863,12:'0'1484-12:'0'1484

	A...G~G
	A...G~G

#  Matched base-pairing interactions: 
	<A(3:)-G(6:) trans S/S>                        MATCHES	<A(5:'0'1459)-G(9:'0'863) trans S/S>
	<A(3:)-G(9:) trans H/S>                        MATCHES	<A(5:'0'1459)-G(12:'0'1484) trans H/S>
#  Matched base-stacking interactions: 

>>>>>>>>>>   ALIGNMENT ENDS   >>>>>>>>>>

<<<<<<<<<<  ALIGNMENT BEGINS  <<<<<<<<<<

#  Aligning k-turn_consensus and 3cc7_0:660-666_229-231_678-685:
#  Alignment score:  44.8
#  P-value:  3.454e-01
#  Query aligned region: 3-3,6-9
#  Target aligned region: 5:'0'666-5:'0'666,8:'0'231-8:'0'231,11:'0'680-11:'0'680

	A...G~G
	A...G~G

#  Matched base-pairing interactions: 
	<A(3:)-G(6:) trans S/S>                        MATCHES	<A(5:'0'666)-G(8:'0'231) trans S/S>
	<A(3:)-G(9:) trans H/S>                        MATCHES	<A(5:'0'666)-G(11:'0'680) trans H/S>
#  Matched base-stacking interactions: 

>>>>>>>>>>   ALIGNMENT ENDS   >>>>>>>>>>

<<<<<<<<<<  ALIGNMENT BEGINS  <<<<<<<<<<

#  Aligning k-turn_consensus and 3cc7_0:638-644_900-904_1352-1362:
#  Alignment score:  44.7
#  P-value:  3.493e-01
#  Query aligned region: 2-4,6-10
#  Target aligned region: 3:'0'642-4:'0'643,7:'0'901-8:'0'902,14:'0'1355-17:'0'1358

	GA~G...G~G--A
	GA~G...G~AAAA

#  Matched base-pairing interactions: 
	<A(3:)-G(6:) trans S/S>                        MATCHES	<A(4:'0'643)-G(8:'0'902) trans S/S>
	<G(2:)-A(10:) trans S/H>                       MATCHES	<G(3:'0'642)-A(17:'0'1358) trans S/H>
	<A(3:)-G(9:) trans H/S>                        MATCHES	<A(4:'0'643)-A(14:'0'1355) trans H/H>
	<G(4:)-A(10:) trans S/S>                       MATCHES	<G(7:'0'901)-A(17:'0'1358) cis S/S>
#  Matched base-stacking interactions: 
	<A(3:)-A(10:) outward>                         MATCHES	<A(4:'0'643)-A(17:'0'1358) outward>

>>>>>>>>>>   ALIGNMENT ENDS   >>>>>>>>>>

<<<<<<<<<<  ALIGNMENT BEGINS  <<<<<<<<<<

#  Aligning k-turn_consensus and 3cc7_0:561-568_1092-1093_586-594:
#  Alignment score:  42.4
#  P-value:  4.636e-01
#  Query aligned region: 3-3,6-9
#  Target aligned region: 4:'0'566-4:'0'566,8:'0'1093-8:'0'1093,15:'0'592-15:'0'592

	A...G~G
	A...G~G

#  Matched base-pairing interactions: 
	<A(3:)-G(6:) trans S/S>                        MATCHES	<A(4:'0'566)-G(8:'0'1093) trans S/S>
	<A(3:)-G(9:) trans H/S>                        MATCHES	<A(4:'0'566)-G(15:'0'592) trans H/S>
#  Matched base-stacking interactions: 

>>>>>>>>>>   ALIGNMENT ENDS   >>>>>>>>>>

<<<<<<<<<<  ALIGNMENT BEGINS  <<<<<<<<<<

#  Aligning k-turn_consensus and 3cc7_0:517-522_1363-1370_20-24:
#  Alignment score:  42
#  P-value:  4.891e-01
#  Query aligned region: 3-3,6-9
#  Target aligned region: 3:'0'521-3:'0'521,6:'0'1364-6:'0'1364,15:'0'22-15:'0'22

	A...G~G
	A...G~U

#  Matched base-pairing interactions: 
	<A(3:)-G(6:) trans S/S>                        MATCHES	<A(3:'0'521)-G(6:'0'1364) trans S/S>
	<A(3:)-G(9:) trans H/S>                        MATCHES	<A(3:'0'521)-U(15:'0'22) trans H/S>
#  Matched base-stacking interactions: 

>>>>>>>>>>   ALIGNMENT ENDS   >>>>>>>>>>

<<<<<<<<<<  ALIGNMENT BEGINS  <<<<<<<<<<

#  Aligning k-turn_consensus and 3cc7_0:433-436_197-204_188-195:
#  Alignment score:  42
#  P-value:  4.891e-01
#  Query aligned region: 3-3,6-9
#  Target aligned region: 5:'0'199-6:'0'200,19:'0'196-19:'0'196

	A...G~G
	A...C~G

#  Matched base-pairing interactions: 
	<A(3:)-G(6:) trans S/S>                        MATCHES	<A(5:'0'199)-C(6:'0'200) trans S/S>
	<A(3:)-G(9:) trans H/S>                        MATCHES	<A(5:'0'199)-G(19:'0'196) trans H/S>
#  Matched base-stacking interactions: 

>>>>>>>>>>   ALIGNMENT ENDS   >>>>>>>>>>

<<<<<<<<<<  ALIGNMENT BEGINS  <<<<<<<<<<

#  Aligning k-turn_consensus and 3cc7_0:2305-2313_2294-2301_1061-1062:
#  Alignment score:  41.6
#  P-value:  5.167e-01
#  Query aligned region: 3-3,6-9
#  Target aligned region: 15:'0'2301-16:'0'2302,18:'0'1063-18:'0'1063

	A...G~G
	A...A~G

#  Matched base-pairing interactions: 
	<A(3:)-G(6:) trans S/S>                        MATCHES	<A(15:'0'2301)-A(16:'0'2302) trans S/S>
	<A(3:)-G(9:) trans H/S>                        MATCHES	<A(15:'0'2301)-G(18:'0'1063) trans H/S>
#  Matched base-stacking interactions: 

>>>>>>>>>>   ALIGNMENT ENDS   >>>>>>>>>>

<<<<<<<<<<  ALIGNMENT BEGINS  <<<<<<<<<<

#  Aligning k-turn_consensus and 3cc7_0:715-723_936-937_704-711:
#  Alignment score:  41.2
#  P-value:  5.468e-01
#  Query aligned region: 0-3,6-12
#  Target aligned region: 3:'0'719-6:'0'722,9:'0'937-9:'0'937,12:'0'706-15:'0'709

	GGGA...G~GAAC
	CGAG...C~GCAG

#  Matched base-pairing interactions: 
	<A(3:)-G(9:) trans H/S>                        MATCHES	<G(6:'0'722)-G(12:'0'706) trans H/S>
	<A(3:)-G(6:) trans S/S>                        MATCHES	<G(6:'0'722)-C(9:'0'937) cis -/->
	<G(2:)-A(10:) trans S/H>                       MATCHES	<A(5:'0'721)-C(13:'0'707) trans H/W>
	<G(1:)-A(11:) trans S/H>                       MATCHES	<G(4:'0'720)-A(14:'0'708) trans S/H>
	<G(0:)-C(12:) cis W/W>                         MATCHES	<C(3:'0'719)-G(15:'0'709) cis W/W>
#  Matched base-stacking interactions: 
	<A(3:)-A(10:) outward>                         MATCHES	<G(6:'0'722)-C(13:'0'707) outward>

>>>>>>>>>>   ALIGNMENT ENDS   >>>>>>>>>>

<<<<<<<<<<  ALIGNMENT BEGINS  <<<<<<<<<<

#  Aligning k-turn_consensus and 3cc7_0:2688-2695_2565-2566_2697-2705:
#  Alignment score:  40.2
#  P-value:  6.346e-01
#  Query aligned region: 0-3,6-12
#  Target aligned region: 0:'0'2689-5:'0'2694,9:'0'2567-9:'0'2567,13:'0'2701-17:'0'2705

	GG--GA...G~GA-AC
	AUAGUA...G~GAACU

#  Matched base-pairing interactions: 
	<A(3:)-G(9:) trans H/S>                        MATCHES	<A(5:'0'2694)-G(13:'0'2701) trans H/S>
	<G(1:)-A(11:) trans S/H>                       MATCHES	<U(1:'0'2690)-C(16:'0'2704) trans S/H>
	<G(2:)-A(10:) trans S/H>                       MATCHES	<U(4:'0'2693)-A(14:'0'2702) trans W/H>
	<A(3:)-G(6:) trans S/S>                        MATCHES	<A(5:'0'2694)-G(9:'0'2567) cis -/->
	<G(0:)-C(12:) cis W/W>                         MATCHES	<A(0:'0'2689)-U(17:'0'2705) cis W/W>
#  Matched base-stacking interactions: 
	<A(3:)-A(10:) outward>                         MATCHES	<A(5:'0'2694)-A(14:'0'2702) outward>

>>>>>>>>>>   ALIGNMENT ENDS   >>>>>>>>>>

<<<<<<<<<<  ALIGNMENT BEGINS  <<<<<<<<<<

#  Aligning k-turn_consensus and 3cc7_0:1861-1867_1466-1475:
#  Alignment score:  27.2
#  P-value:  1.000e+00
#  Query aligned region: 0-1,11-12
#  Target aligned region: 0:'0'1862-5:'0'1867

	GG...AC
	CG...AG

#  Matched base-pairing interactions: 
	<G(1:)-A(11:) trans S/H>                       MATCHES	<G(1:'0'1863)-A(4:'0'1866) trans S/H>
	<G(0:)-C(12:) cis W/W>                         MATCHES	<C(0:'0'1862)-G(5:'0'1867) cis W/W>
#  Matched base-stacking interactions: 

>>>>>>>>>>   ALIGNMENT ENDS   >>>>>>>>>>

<<<<<<<<<<  ALIGNMENT BEGINS  <<<<<<<<<<

#  Aligning k-turn_consensus and 3cc7_0:766-774_463-474_887-894:
#  Alignment score:  27.2
#  P-value:  1.000e+00
#  Query aligned region: 0-1,11-12
#  Target aligned region: 2:'0'769-2:'0'769,14:'0'469-17:'0'472,25:'0'892-25:'0'892

	G~G...A~C
	C~G...A~G

#  Matched base-pairing interactions: 
	<G(0:)-C(12:) cis W/W>                         MATCHES	<C(2:'0'769)-G(25:'0'892) cis W/W>
	<G(1:)-A(11:) trans S/H>                       MATCHES	<G(14:'0'469)-A(17:'0'472) trans S/H>
#  Matched base-stacking interactions: 

>>>>>>>>>>   ALIGNMENT ENDS   >>>>>>>>>>

<<<<<<<<<<  ALIGNMENT BEGINS  <<<<<<<<<<

#  Aligning k-turn_consensus and 3cc7_0:2113-2117_2628-2633_2469-2471:
#  Alignment score:  27
#  P-value:  1.000e+00
#  Query aligned region: 0-1,11-12
#  Target aligned region: 5:'0'2629-10:'0'2634

	GG...AC
	CG...AG

#  Matched base-pairing interactions: 
	<G(1:)-A(11:) trans S/H>                       MATCHES	<G(6:'0'2630)-A(9:'0'2633) trans S/H>
	<G(0:)-C(12:) cis W/W>                         MATCHES	<C(5:'0'2629)-G(10:'0'2634) cis W/W>
#  Matched base-stacking interactions: 

>>>>>>>>>>   ALIGNMENT ENDS   >>>>>>>>>>

<<<<<<<<<<  ALIGNMENT BEGINS  <<<<<<<<<<

#  Aligning k-turn_consensus and 3cc7_0:2769-2776_2796-2799_2800-2803:
#  Alignment score:  26.6
#  P-value:  1.000e+00
#  Query aligned region: 0-1,11-12
#  Target aligned region: 2:'0'2772-2:'0'2772,11:'0'2800-11:'0'2800,12:'0'2801-13:'0'2802

	G~G...AC
	G~A...AC

#  Matched base-pairing interactions: 
	<G(0:)-C(12:) cis W/W>                         MATCHES	<G(2:'0'2772)-C(13:'0'2802) cis W/W>
	<G(1:)-A(11:) trans S/H>                       MATCHES	<A(11:'0'2800)-A(12:'0'2801) trans S/H>
#  Matched base-stacking interactions: 

>>>>>>>>>>   ALIGNMENT ENDS   >>>>>>>>>>

<<<<<<<<<<  ALIGNMENT BEGINS  <<<<<<<<<<

#  Aligning k-turn_consensus and 3cc7_0:769-779_173-179_156-159:
#  Alignment score:  26.4
#  P-value:  1.000e+00
#  Query aligned region: 0-1,11-12
#  Target aligned region: 6:'0'776-9:'0'779

	GG...AC
	AU...CU

#  Matched base-pairing interactions: 
	<G(1:)-A(11:) trans S/H>                       MATCHES	<U(7:'0'777)-C(8:'0'778) trans S/H>
	<G(0:)-C(12:) cis W/W>                         MATCHES	<A(6:'0'776)-U(9:'0'779) trans S/W>
#  Matched base-stacking interactions: 

>>>>>>>>>>   ALIGNMENT ENDS   >>>>>>>>>>

<<<<<<<<<<  ALIGNMENT BEGINS  <<<<<<<<<<

#  Aligning k-turn_consensus and 3cc7_0:1785-1788_2878-2886_2870-2876:
#  Alignment score:  26.2
#  P-value:  1.000e+00
#  Query aligned region: 0-1,11-12
#  Target aligned region: 6:'0'2881-7:'0'2882,17:'0'2875-18:'0'2876

	GG...AC
	CG...AG

#  Matched base-pairing interactions: 
	<G(1:)-A(11:) trans S/H>                       MATCHES	<G(7:'0'2882)-A(17:'0'2875) trans S/H>
	<G(0:)-C(12:) cis W/W>                         MATCHES	<C(6:'0'2881)-G(18:'0'2876) cis W/W>
#  Matched base-stacking interactions: 

>>>>>>>>>>   ALIGNMENT ENDS   >>>>>>>>>>

<<<<<<<<<<  ALIGNMENT BEGINS  <<<<<<<<<<

#  Aligning k-turn_consensus and 3cc7_0:2680-2682_2711-2712_2678-2679:
#  Alignment score:  26
#  P-value:  1.000e+00
#  Query aligned region: 3-4,5-10
#  Target aligned region: 0:'0'2681-1:'0'2682,3:'0'2712-4:'0'2713,5:'0'2679-6:'0'2680

	AG...CG~GA
	AC...GG~GA

#  Matched base-pairing interactions: 
	<G(4:)-C(5:) cis W/W>                          MATCHES	<C(1:'0'2682)-G(3:'0'2712) cis W/W>
	<A(3:)-G(9:) trans H/S>                        MATCHES	<A(0:'0'2681)-G(5:'0'2679) trans H/S>
	<G(4:)-A(10:) trans S/S>                       MATCHES	<C(1:'0'2682)-A(6:'0'2680) cis -/->
	<A(3:)-G(6:) trans S/S>                        MATCHES	<A(0:'0'2681)-G(4:'0'2713) cis -/->
#  Matched base-stacking interactions: 
	<A(3:)-A(10:) outward>                         MATCHES	<A(0:'0'2681)-A(6:'0'2680) hbond>

>>>>>>>>>>   ALIGNMENT ENDS   >>>>>>>>>>

<<<<<<<<<<  ALIGNMENT BEGINS  <<<<<<<<<<

#  Aligning k-turn_consensus and 3cc7_0:1577-1585_1642-1645_1609-1617:
#  Alignment score:  25.4
#  P-value:  1.000e+00
#  Query aligned region: 3-3,6-9
#  Target aligned region: 3:'0'1581-3:'0'1581,12:'0'1646-12:'0'1646,17:'0'1614-17:'0'1614

	A...G~G
	A...G~G

#  Matched base-pairing interactions: 
	<A(3:)-G(9:) trans H/S>                        MATCHES	<A(3:'0'1581)-G(17:'0'1614) trans H/S>
	<A(3:)-G(6:) trans S/S>                        MATCHES	<A(3:'0'1581)-G(12:'0'1646) cis S/S>
#  Matched base-stacking interactions: 

>>>>>>>>>>   ALIGNMENT ENDS   >>>>>>>>>>

<<<<<<<<<<  ALIGNMENT BEGINS  <<<<<<<<<<

#  Aligning k-turn_consensus and 3cc7_0:1291-1295_1037-1041_909-912:
#  Alignment score:  25.2
#  P-value:  1.000e+00
#  Query aligned region: 3-3,6-9
#  Target aligned region: 2:'0'1294-2:'0'1294,8:'0'1041-8:'0'1041,11:'0'911-11:'0'911

	A...G~G
	A...U~G

#  Matched base-pairing interactions: 
	<A(3:)-G(9:) trans H/S>                        MATCHES	<A(2:'0'1294)-G(11:'0'911) trans H/S>
	<A(3:)-G(6:) trans S/S>                        MATCHES	<A(2:'0'1294)-U(8:'0'1041) cis -/->
#  Matched base-stacking interactions: 

>>>>>>>>>>   ALIGNMENT ENDS   >>>>>>>>>>

<<<<<<<<<<  ALIGNMENT BEGINS  <<<<<<<<<<

#  Aligning k-turn_consensus and 3cc7_0:1763-1779:
#  Alignment score:  25.2
#  P-value:  1.000e+00
#  Query aligned region: 0-1,11-12
#  Target aligned region: 0:'0'1764-16:'0'1780

	GG...AC
	CG...AG

#  Matched base-pairing interactions: 
	<G(1:)-A(11:) trans S/H>                       MATCHES	<G(1:'0'1765)-A(15:'0'1779) trans S/H>
	<G(0:)-C(12:) cis W/W>                         MATCHES	<C(0:'0'1764)-G(16:'0'1780) cis W/W>
#  Matched base-stacking interactions: 

>>>>>>>>>>   ALIGNMENT ENDS   >>>>>>>>>>

<<<<<<<<<<  ALIGNMENT BEGINS  <<<<<<<<<<

#  Aligning k-turn_consensus and 3cc7_0:1130-1137_2497-2500_1224-1230:
#  Alignment score:  25.2
#  P-value:  1.000e+00
#  Query aligned region: 3-3,6-9
#  Target aligned region: 2:'0'1133-2:'0'1133,10:'0'2500-10:'0'2500,16:'0'1229-16:'0'1229

	A...G~G
	A...C~C

#  Matched base-pairing interactions: 
	<A(3:)-G(9:) trans H/S>                        MATCHES	<A(2:'0'1133)-C(16:'0'1229) trans H/S>
	<A(3:)-G(6:) trans S/S>                        MATCHES	<A(2:'0'1133)-C(10:'0'2500) cis -/->
#  Matched base-stacking interactions: 

>>>>>>>>>>   ALIGNMENT ENDS   >>>>>>>>>>

<<<<<<<<<<  ALIGNMENT BEGINS  <<<<<<<<<<

#  Aligning k-turn_consensus and 3cc7_0:1989-1997_2581-2585_2591-2595:
#  Alignment score:  25
#  P-value:  1.000e+00
#  Query aligned region: 3-3,6-9
#  Target aligned region: 4:'0'1994-4:'0'1994,11:'0'2584-11:'0'2584,16:'0'2594-16:'0'2594

	A...G~G
	A...G~C

#  Matched base-pairing interactions: 
	<A(3:)-G(6:) trans S/S>                        MATCHES	<A(4:'0'1994)-G(11:'0'2584) trans S/S>
	<A(3:)-G(9:) trans H/S>                        MATCHES	<A(4:'0'1994)-C(16:'0'2594) cis S/S>
#  Matched base-stacking interactions: 

>>>>>>>>>>   ALIGNMENT ENDS   >>>>>>>>>>

<<<<<<<<<<  ALIGNMENT BEGINS  <<<<<<<<<<

#  Aligning k-turn_consensus and 3cc7_0:2635-2642_2621-2626_1838-1842:
#  Alignment score:  24.8
#  P-value:  1.000e+00
#  Query aligned region: 0-1,11-12
#  Target aligned region: 6:'0'2642-7:'0'2643,8:'0'2622-8:'0'2622,14:'0'1839-14:'0'1839

	GG...A~C
	GG...A~A

#  Matched base-pairing interactions: 
	<G(0:)-C(12:) cis W/W>                         MATCHES	<G(6:'0'2642)-A(14:'0'1839) cis S/S>
	<G(1:)-A(11:) trans S/H>                       MATCHES	<G(7:'0'2643)-A(8:'0'2622) trans S/H>
#  Matched base-stacking interactions: 

>>>>>>>>>>   ALIGNMENT ENDS   >>>>>>>>>>

<<<<<<<<<<  ALIGNMENT BEGINS  <<<<<<<<<<

#  Aligning k-turn_consensus and 3cc7_0:2356-2365_2288-2295_2312-2316:
#  Alignment score:  24.6
#  P-value:  1.000e+00
#  Query aligned region: 3-3,6-9
#  Target aligned region: 4:'0'2361-4:'0'2361,16:'0'2295-16:'0'2295,18:'0'2313-18:'0'2313

	A...G~G
	A...G~C

#  Matched base-pairing interactions: 
	<A(3:)-G(6:) trans S/S>                        MATCHES	<A(4:'0'2361)-G(16:'0'2295) trans S/S>
	<A(3:)-G(9:) trans H/S>                        MATCHES	<A(4:'0'2361)-C(18:'0'2313) cis S/S>
#  Matched base-stacking interactions: 

>>>>>>>>>>   ALIGNMENT ENDS   >>>>>>>>>>

<<<<<<<<<<  ALIGNMENT BEGINS  <<<<<<<<<<

#  Aligning k-turn_consensus and 3cc7_0:853-857_787-792_818-826:
#  Alignment score:  24.6
#  P-value:  1.000e+00
#  Query aligned region: 1-1,11-11
#  Target aligned region: 0:'0'854-0:'0'854,19:'0'827-19:'0'827

	G...A
	G...A

#  Matched base-pairing interactions: 
	<G(1:)-A(11:) trans S/H>                       MATCHES	<G(0:'0'854)-A(19:'0'827) trans S/H>
#  Matched base-stacking interactions: 

>>>>>>>>>>   ALIGNMENT ENDS   >>>>>>>>>>

<<<<<<<<<<  ALIGNMENT BEGINS  <<<<<<<<<<

#  Aligning k-turn_consensus and 3cc7_0:2635-2642_1838-1842_2621-2626:
#  Alignment score:  24.5
#  P-value:  1.000e+00
#  Query aligned region: 0-1,11-12
#  Target aligned region: 2:'0'2638-5:'0'2641,11:'0'1842-11:'0'1842,17:'0'2626-17:'0'2626

	G--G...A~C
	GGUC...A~C

#  Matched base-pairing interactions: 
	<G(0:)-C(12:) cis W/W>                         MATCHES	<G(2:'0'2638)-C(17:'0'2626) cis W/W>
	<G(1:)-A(11:) trans S/H>                       MATCHES	<C(5:'0'2641)-A(11:'0'1842) trans S/H>
#  Matched base-stacking interactions: 

>>>>>>>>>>   ALIGNMENT ENDS   >>>>>>>>>>

<<<<<<<<<<  ALIGNMENT BEGINS  <<<<<<<<<<

#  Aligning k-turn_consensus and 3cc7_0:1650-1661_1488-1489_1528-1534:
#  Alignment score:  24.4
#  P-value:  1.000e+00
#  Query aligned region: 3-3,6-9
#  Target aligned region: 8:'0'1659-8:'0'1659,13:'0'1490-13:'0'1490,17:'0'1532-17:'0'1532

	A...G~G
	A...G~G

#  Matched base-pairing interactions: 
	<A(3:)-G(9:) trans H/S>                        MATCHES	<A(8:'0'1659)-G(17:'0'1532) trans H/S>
	<A(3:)-G(6:) trans S/S>                        MATCHES	<A(8:'0'1659)-G(13:'0'1490) cis -/->
#  Matched base-stacking interactions: 

>>>>>>>>>>   ALIGNMENT ENDS   >>>>>>>>>>

<<<<<<<<<<  ALIGNMENT BEGINS  <<<<<<<<<<

#  Aligning k-turn_consensus and 3cc7_0:1844-1850_1828-1831_1880-1884:
#  Alignment score:  24.4
#  P-value:  1.000e+00
#  Query aligned region: 3-3,6-9
#  Target aligned region: 2:'0'1847-2:'0'1847,7:'0'1829-7:'0'1829,14:'0'1884-14:'0'1884

	A...G~G
	A...A~G

#  Matched base-pairing interactions: 
	<A(3:)-G(9:) trans H/S>                        MATCHES	<A(2:'0'1847)-G(14:'0'1884) trans H/S>
	<A(3:)-G(6:) trans S/S>                        MATCHES	<A(2:'0'1847)-A(7:'0'1829) cis -/->
#  Matched base-stacking interactions: 

>>>>>>>>>>   ALIGNMENT ENDS   >>>>>>>>>>

<<<<<<<<<<  ALIGNMENT BEGINS  <<<<<<<<<<

#  Aligning k-turn_consensus and 3cc7_0:1838-1843_2621-2623_1831-1834:
#  Alignment score:  24.2
#  P-value:  1.000e+00
#  Query aligned region: 3-3,6-9
#  Target aligned region: 4:'0'1843-4:'0'1843,8:'0'2624-8:'0'2624,10:'0'1833-10:'0'1833

	A...G~G
	A...A~U

#  Matched base-pairing interactions: 
	<A(3:)-G(6:) trans S/S>                        MATCHES	<A(4:'0'1843)-A(8:'0'2624) trans S/S>
	<A(3:)-G(9:) trans H/S>                        MATCHES	<A(4:'0'1843)-U(10:'0'1833) cis W/W>
#  Matched base-stacking interactions: 

>>>>>>>>>>   ALIGNMENT ENDS   >>>>>>>>>>

<<<<<<<<<<  ALIGNMENT BEGINS  <<<<<<<<<<

#  Aligning k-turn_consensus and 3cc7_0:458-464_450-457_474-478:
#  Alignment score:  24.2
#  P-value:  1.000e+00
#  Query aligned region: 3-3,6-9
#  Target aligned region: 4:'0'463-4:'0'463,14:'0'458-14:'0'458,17:'0'477-17:'0'477

	A...G~G
	A...G~A

#  Matched base-pairing interactions: 
	<A(3:)-G(6:) trans S/S>                        MATCHES	<A(4:'0'463)-G(14:'0'458) trans S/S>
	<A(3:)-G(9:) trans H/S>                        MATCHES	<A(4:'0'463)-A(17:'0'477) trans H/H>
#  Matched base-stacking interactions: 

>>>>>>>>>>   ALIGNMENT ENDS   >>>>>>>>>>

<<<<<<<<<<  ALIGNMENT BEGINS  <<<<<<<<<<

#  Aligning k-turn_consensus and 3cc7_0:1290-1293_1068-1071_910-913:
#  Alignment score:  24.2
#  P-value:  1.000e+00
#  Query aligned region: 1-1,11-11
#  Target aligned region: 5:'0'1070-5:'0'1070,11:'0'914-11:'0'914

	G...A
	A...A

#  Matched base-pairing interactions: 
	<G(1:)-A(11:) trans S/H>                       MATCHES	<A(5:'0'1070)-A(11:'0'914) trans S/H>
#  Matched base-stacking interactions: 

>>>>>>>>>>   ALIGNMENT ENDS   >>>>>>>>>>

<<<<<<<<<<  ALIGNMENT BEGINS  <<<<<<<<<<

#  Aligning k-turn_consensus and 3cc7_0:2773-2782_2557-2559_2789-2800:
#  Alignment score:  24
#  P-value:  1.000e+00
#  Query aligned region: 3-3,6-9
#  Target aligned region: 2:'0'2776-2:'0'2776,11:'0'2559-11:'0'2559,21:'0'2798-21:'0'2798

	A...G~G
	A...C~G

#  Matched base-pairing interactions: 
	<A(3:)-G(9:) trans H/S>                        MATCHES	<A(2:'0'2776)-G(21:'0'2798) trans H/S>
	<A(3:)-G(6:) trans S/S>                        MATCHES	<A(2:'0'2776)-C(11:'0'2559) cis -/->
#  Matched base-stacking interactions: 

>>>>>>>>>>   ALIGNMENT ENDS   >>>>>>>>>>

<<<<<<<<<<  ALIGNMENT BEGINS  <<<<<<<<<<

#  Aligning k-turn_consensus and 3cc7_0:1570-1578_1510-1511_1615-1625:
#  Alignment score:  24
#  P-value:  1.000e+00
#  Query aligned region: 3-3,6-9
#  Target aligned region: 2:'0'1573-2:'0'1573,9:'0'1511-9:'0'1511,18:'0'1623-18:'0'1623

	A...G~G
	A...U~C

#  Matched base-pairing interactions: 
	<A(3:)-G(9:) trans H/S>                        MATCHES	<A(2:'0'1573)-C(18:'0'1623) trans H/S>
	<A(3:)-G(6:) trans S/S>                        MATCHES	<A(2:'0'1573)-U(9:'0'1511) cis -/->
#  Matched base-stacking interactions: 

>>>>>>>>>>   ALIGNMENT ENDS   >>>>>>>>>>

<<<<<<<<<<  ALIGNMENT BEGINS  <<<<<<<<<<

#  Aligning k-turn_consensus and 3cc7_0:2528-2530_2281-2285_1051-1062:
#  Alignment score:  23.9
#  P-value:  1.000e+00
#  Query aligned region: 0-1,11-12
#  Target aligned region: 10:'0'1054-16:'0'1060

	GG...A-C
	GG...AGC

#  Matched base-pairing interactions: 
	<G(0:)-C(12:) cis W/W>                         MATCHES	<G(10:'0'1054)-C(16:'0'1060) cis W/W>
	<G(1:)-A(11:) trans S/H>                       MATCHES	<G(11:'0'1055)-A(14:'0'1058) trans S/H>
#  Matched base-stacking interactions: 

>>>>>>>>>>   ALIGNMENT ENDS   >>>>>>>>>>

<<<<<<<<<<  ALIGNMENT BEGINS  <<<<<<<<<<

#  Aligning k-turn_consensus and 3cc7_0:2269-2276_2117-2122_162-171:
#  Alignment score:  23.8
#  P-value:  1.000e+00
#  Query aligned region: 1-1,11-11
#  Target aligned region: 0:'0'2270-0:'0'2270,13:'0'2123-13:'0'2123

	G...A
	G...A

#  Matched base-pairing interactions: 
	<G(1:)-A(11:) trans S/H>                       MATCHES	<G(0:'0'2270)-A(13:'0'2123) trans S/H>
#  Matched base-stacking interactions: 

>>>>>>>>>>   ALIGNMENT ENDS   >>>>>>>>>>

<<<<<<<<<<  ALIGNMENT BEGINS  <<<<<<<<<<

#  Aligning k-turn_consensus and 3cc7_0:762-767_2107-2110_892-900:
#  Alignment score:  23.8
#  P-value:  1.000e+00
#  Query aligned region: 3-3,6-9
#  Target aligned region: 4:'0'767-4:'0'767,8:'0'2110-8:'0'2110,12:'0'895-12:'0'895

	A...G~G
	A...G~A

#  Matched base-pairing interactions: 
	<A(3:)-G(6:) trans S/S>                        MATCHES	<A(4:'0'767)-G(8:'0'2110) trans S/S>
	<A(3:)-G(9:) trans H/S>                        MATCHES	<A(4:'0'767)-A(12:'0'895) trans H/W>
#  Matched base-stacking interactions: 

>>>>>>>>>>   ALIGNMENT ENDS   >>>>>>>>>>

<<<<<<<<<<  ALIGNMENT BEGINS  <<<<<<<<<<

#  Aligning k-turn_consensus and 3cc7_0:172-179_156-161_891-894:
#  Alignment score:  23.8
#  P-value:  1.000e+00
#  Query aligned region: 1-1,11-11
#  Target aligned region: 13:'0'162-13:'0'162,15:'0'893-15:'0'893

	G...A
	C...C

#  Matched base-pairing interactions: 
	<G(1:)-A(11:) trans S/H>                       MATCHES	<C(13:'0'162)-C(15:'0'893) trans S/H>
#  Matched base-stacking interactions: 

>>>>>>>>>>   ALIGNMENT ENDS   >>>>>>>>>>

<<<<<<<<<<  ALIGNMENT BEGINS  <<<<<<<<<<

#  Aligning k-turn_consensus and 3cc7_0:1774-1779_1759-1767:
#  Alignment score:  23.8
#  P-value:  1.000e+00
#  Query aligned region: 1-1,11-11
#  Target aligned region: 0:'0'1775-0:'0'1775,14:'0'1768-14:'0'1768

	G...A
	A...C

#  Matched base-pairing interactions: 
	<G(1:)-A(11:) trans S/H>                       MATCHES	<A(0:'0'1775)-C(14:'0'1768) trans S/H>
#  Matched base-stacking interactions: 

>>>>>>>>>>   ALIGNMENT ENDS   >>>>>>>>>>

<<<<<<<<<<  ALIGNMENT BEGINS  <<<<<<<<<<

#  Aligning k-turn_consensus and 3cc7_0:823-831_788-789_849-858:
#  Alignment score:  23.8
#  P-value:  1.000e+00
#  Query aligned region: 1-1,11-11
#  Target aligned region: 0:'0'824-0:'0'824,10:'0'790-10:'0'790

	G...A
	G...A

#  Matched base-pairing interactions: 
	<G(1:)-A(11:) trans S/H>                       MATCHES	<G(0:'0'824)-A(10:'0'790) trans S/H>
#  Matched base-stacking interactions: 

>>>>>>>>>>   ALIGNMENT ENDS   >>>>>>>>>>

<<<<<<<<<<  ALIGNMENT BEGINS  <<<<<<<<<<

#  Aligning k-turn_consensus and 3cc7_0:1430-1431_1367-1373_2050-2055:
#  Alignment score:  23.8
#  P-value:  1.000e+00
#  Query aligned region: 1-1,11-11
#  Target aligned region: 2:'0'1368-2:'0'1368,14:'0'2056-14:'0'2056

	G...A
	U...C

#  Matched base-pairing interactions: 
	<G(1:)-A(11:) trans S/H>                       MATCHES	<U(2:'0'1368)-C(14:'0'2056) trans S/H>
#  Matched base-stacking interactions: 

>>>>>>>>>>   ALIGNMENT ENDS   >>>>>>>>>>

<<<<<<<<<<  ALIGNMENT BEGINS  <<<<<<<<<<

#  Aligning k-turn_consensus and 3cc7_0:1199-1205_1173-1175_1192-1197:
#  Alignment score:  23.6
#  P-value:  1.000e+00
#  Query aligned region: 3-3,6-9
#  Target aligned region: 1:'0'1201-1:'0'1201,7:'0'1174-7:'0'1174,15:'0'1198-15:'0'1198

	A...G~G
	C...A~U

#  Matched base-pairing interactions: 
	<A(3:)-G(9:) trans H/S>                        MATCHES	<C(1:'0'1201)-U(15:'0'1198) trans H/S>
	<A(3:)-G(6:) trans S/S>                        MATCHES	<C(1:'0'1201)-A(7:'0'1174) cis -/->
#  Matched base-stacking interactions: 

>>>>>>>>>>   ALIGNMENT ENDS   >>>>>>>>>>

<<<<<<<<<<  ALIGNMENT BEGINS  <<<<<<<<<<

#  Aligning k-turn_consensus and 3cc7_0:1510-1513_1484-1493_1447-1455:
#  Alignment score:  23.4
#  P-value:  1.000e+00
#  Query aligned region: 0-1,11-12
#  Target aligned region: 9:'0'1490-10:'0'1491,20:'0'1454-21:'0'1455

	GG...AC
	GG...UC

#  Matched base-pairing interactions: 
	<G(1:)-A(11:) trans S/H>                       MATCHES	<G(10:'0'1491)-U(20:'0'1454) trans S/H>
	<G(0:)-C(12:) cis W/W>                         MATCHES	<G(9:'0'1490)-C(21:'0'1455) cis W/W>
#  Matched base-stacking interactions: 

>>>>>>>>>>   ALIGNMENT ENDS   >>>>>>>>>>

<<<<<<<<<<  ALIGNMENT BEGINS  <<<<<<<<<<

#  Aligning k-turn_consensus and 3cc7_0:1631-1638_1566-1568_1545-1554:
#  Alignment score:  23.4
#  P-value:  1.000e+00
#  Query aligned region: 3-3,6-9
#  Target aligned region: 0:'0'1632-0:'0'1632,9:'0'1568-9:'0'1568,18:'0'1553-18:'0'1553

	A...G~G
	A...G~C

#  Matched base-pairing interactions: 
	<A(3:)-G(6:) trans S/S>                        MATCHES	<A(0:'0'1632)-G(9:'0'1568) trans S/S>
	<A(3:)-G(9:) trans H/S>                        MATCHES	<A(0:'0'1632)-C(18:'0'1553) cis S/S>
#  Matched base-stacking interactions: 

>>>>>>>>>>   ALIGNMENT ENDS   >>>>>>>>>>

<<<<<<<<<<  ALIGNMENT BEGINS  <<<<<<<<<<

#  Aligning k-turn_consensus and 3cc7_0:1970-1985_2012-2014_2001-2009:
#  Alignment score:  23.2
#  P-value:  1.000e+00
#  Query aligned region: 3-3,6-9
#  Target aligned region: 2:'0'1973-2:'0'1973,17:'0'2014-17:'0'2014,26:'0'2009-26:'0'2009

	A...G~G
	A...G~G

#  Matched base-pairing interactions: 
	<A(3:)-G(9:) trans H/S>                        MATCHES	<A(2:'0'1973)-G(26:'0'2009) trans H/S>
	<A(3:)-G(6:) trans S/S>                        MATCHES	<A(2:'0'1973)-G(17:'0'2014) cis -/->
#  Matched base-stacking interactions: 

>>>>>>>>>>   ALIGNMENT ENDS   >>>>>>>>>>

<<<<<<<<<<  ALIGNMENT BEGINS  <<<<<<<<<<

#  Aligning k-turn_consensus and 3cc7_0:891-894_158-163_170-176:
#  Alignment score:  23
#  P-value:  1.000e+00
#  Query aligned region: 1-1,11-11
#  Target aligned region: 4:'0'159-4:'0'159,16:'0'177-16:'0'177

	G...A
	G...A

#  Matched base-pairing interactions: 
	<G(1:)-A(11:) trans S/H>                       MATCHES	<G(4:'0'159)-A(16:'0'177) trans S/H>
#  Matched base-stacking interactions: 

>>>>>>>>>>   ALIGNMENT ENDS   >>>>>>>>>>

<<<<<<<<<<  ALIGNMENT BEGINS  <<<<<<<<<<

#  Aligning k-turn_consensus and 3cc7_0:2825-2832_2905-2913_2666-2667:
#  Alignment score:  23
#  P-value:  1.000e+00
#  Query aligned region: 1-1,11-11
#  Target aligned region: 0:'0'2826-0:'0'2826,16:'0'2914-16:'0'2914

	G...A
	G...A

#  Matched base-pairing interactions: 
	<G(1:)-A(11:) trans S/H>                       MATCHES	<G(0:'0'2826)-A(16:'0'2914) trans S/H>
#  Matched base-stacking interactions: 

>>>>>>>>>>   ALIGNMENT ENDS   >>>>>>>>>>

<<<<<<<<<<  ALIGNMENT BEGINS  <<<<<<<<<<

#  Aligning k-turn_consensus and 3cc7_0:1180-1181_1182-1185_1189-1191:
#  Alignment score:  23
#  P-value:  1.000e+00
#  Query aligned region: 0-1,11-12
#  Target aligned region: 0:'0'1181-1:'0'1182,2:'0'1183-2:'0'1183,8:'0'1192-8:'0'1192

	GG...A~C
	AC...C~A

#  Matched base-pairing interactions: 
	<G(0:)-C(12:) cis W/W>                         MATCHES	<A(0:'0'1181)-A(8:'0'1192) cis -/->
	<G(1:)-A(11:) trans S/H>                       MATCHES	<C(1:'0'1182)-C(2:'0'1183) trans S/H>
#  Matched base-stacking interactions: 

>>>>>>>>>>   ALIGNMENT ENDS   >>>>>>>>>>

<<<<<<<<<<  ALIGNMENT BEGINS  <<<<<<<<<<

#  Aligning k-turn_consensus and 3cc7_0:2891-2895_2724-2732_2748-2756:
#  Alignment score:  23
#  P-value:  1.000e+00
#  Query aligned region: 1-1,11-11
#  Target aligned region: 5:'0'2725-5:'0'2725,22:'0'2757-22:'0'2757

	G...A
	G...A

#  Matched base-pairing interactions: 
	<G(1:)-A(11:) trans S/H>                       MATCHES	<G(5:'0'2725)-A(22:'0'2757) trans S/H>
#  Matched base-stacking interactions: 

>>>>>>>>>>   ALIGNMENT ENDS   >>>>>>>>>>

<<<<<<<<<<  ALIGNMENT BEGINS  <<<<<<<<<<

#  Aligning k-turn_consensus and 3cc7_0:1570-1578_1615-1625_1510-1511:
#  Alignment score:  23
#  P-value:  1.000e+00
#  Query aligned region: 1-1,11-11
#  Target aligned region: 0:'0'1571-0:'0'1571,19:'0'1626-19:'0'1626

	G...A
	G...A

#  Matched base-pairing interactions: 
	<G(1:)-A(11:) trans S/H>                       MATCHES	<G(0:'0'1571)-A(19:'0'1626) trans S/H>
#  Matched base-stacking interactions: 

>>>>>>>>>>   ALIGNMENT ENDS   >>>>>>>>>>

<<<<<<<<<<  ALIGNMENT BEGINS  <<<<<<<<<<

#  Aligning k-turn_consensus and 3cc7_0:70-71_42-51_105-113:
#  Alignment score:  23
#  P-value:  1.000e+00
#  Query aligned region: 1-1,11-11
#  Target aligned region: 6:'0'47-6:'0'47,19:'0'113-19:'0'113

	G...A
	G...A

#  Matched base-pairing interactions: 
	<G(1:)-A(11:) trans S/H>                       MATCHES	<G(6:'0'47)-A(19:'0'113) trans S/H>
#  Matched base-stacking interactions: 

>>>>>>>>>>   ALIGNMENT ENDS   >>>>>>>>>>

<<<<<<<<<<  ALIGNMENT BEGINS  <<<<<<<<<<

#  Aligning k-turn_consensus and 3cc7_0:486-487_22-27_511-518:
#  Alignment score:  23
#  P-value:  1.000e+00
#  Query aligned region: 1-1,11-11
#  Target aligned region: 3:'0'24-3:'0'24,15:'0'519-15:'0'519

	G...A
	G...A

#  Matched base-pairing interactions: 
	<G(1:)-A(11:) trans S/H>                       MATCHES	<G(3:'0'24)-A(15:'0'519) trans S/H>
#  Matched base-stacking interactions: 

>>>>>>>>>>   ALIGNMENT ENDS   >>>>>>>>>>

<<<<<<<<<<  ALIGNMENT BEGINS  <<<<<<<<<<

#  Aligning k-turn_consensus and 3cc7_0:2672-2680_2768-2769_2803-2812:
#  Alignment score:  22.7
#  P-value:  1.000e+00
#  Query aligned region: 0-1,11-12
#  Target aligned region: 3:'0'2676-8:'0'2681,16:'0'2809-16:'0'2809

	G--G...A~C
	CAAG...A~G

#  Matched base-pairing interactions: 
	<G(0:)-C(12:) cis W/W>                         MATCHES	<C(3:'0'2676)-G(16:'0'2809) cis W/W>
	<G(1:)-A(11:) trans S/H>                       MATCHES	<G(6:'0'2679)-A(8:'0'2681) trans S/H>
#  Matched base-stacking interactions: 

>>>>>>>>>>   ALIGNMENT ENDS   >>>>>>>>>>

<<<<<<<<<<  ALIGNMENT BEGINS  <<<<<<<<<<

#  Aligning k-turn_consensus and 3cc7_0:550-552_1317-1322_1333-1338:
#  Alignment score:  22.6
#  P-value:  1.000e+00
#  Query aligned region: 3-3,6-9
#  Target aligned region: 1:'0'552-1:'0'552,8:'0'1323-8:'0'1323,9:'0'1334-9:'0'1334

	A...G~G
	A...G~C

#  Matched base-pairing interactions: 
	<A(3:)-G(6:) trans S/S>                        MATCHES	<A(1:'0'552)-G(8:'0'1323) trans S/S>
	<A(3:)-G(9:) trans H/S>                        MATCHES	<A(1:'0'552)-C(9:'0'1334) cis S/S>
#  Matched base-stacking interactions: 

>>>>>>>>>>   ALIGNMENT ENDS   >>>>>>>>>>

<<<<<<<<<<  ALIGNMENT BEGINS  <<<<<<<<<<

#  Aligning k-turn_consensus and 3cc7_0:1964-1971_1939-1946_1889-1897:
#  Alignment score:  22.6
#  P-value:  1.000e+00
#  Query aligned region: 3-3,6-9
#  Target aligned region: 4:'0'1969-4:'0'1969,13:'0'1945-13:'0'1945,18:'0'1892-18:'0'1892

	A...G~G
	A...G~C

#  Matched base-pairing interactions: 
	<A(3:)-G(6:) trans S/S>                        MATCHES	<A(4:'0'1969)-G(13:'0'1945) trans S/S>
	<A(3:)-G(9:) trans H/S>                        MATCHES	<A(4:'0'1969)-C(18:'0'1892) cis S/S>
#  Matched base-stacking interactions: 

>>>>>>>>>>   ALIGNMENT ENDS   >>>>>>>>>>

<<<<<<<<<<  ALIGNMENT BEGINS  <<<<<<<<<<

#  Aligning k-turn_consensus and 3cc7_0:2082-2084_527-533_10-15:
#  Alignment score:  22.6
#  P-value:  1.000e+00
#  Query aligned region: 0-1,11-12
#  Target aligned region: 5:'0'530-6:'0'531,11:'0'12-12:'0'13

	GG...AC
	CG...UG

#  Matched base-pairing interactions: 
	<G(1:)-A(11:) trans S/H>                       MATCHES	<G(6:'0'531)-U(11:'0'12) trans S/H>
	<G(0:)-C(12:) cis W/W>                         MATCHES	<C(5:'0'530)-G(12:'0'13) cis W/W>
#  Matched base-stacking interactions: 

>>>>>>>>>>   ALIGNMENT ENDS   >>>>>>>>>>

<<<<<<<<<<  ALIGNMENT BEGINS  <<<<<<<<<<

#  Aligning k-turn_consensus and 3cc7_0:897-903_638-644_1353-1362:
#  Alignment score:  22.3
#  P-value:  1.000e+00
#  Query aligned region: 0-1,11-12
#  Target aligned region: 9:'0'641-10:'0'642,18:'0'1358-20:'0'1360

	GG...A-C
	GG...AUC

#  Matched base-pairing interactions: 
	<G(0:)-C(12:) cis W/W>                         MATCHES	<G(9:'0'641)-C(20:'0'1360) cis W/W>
	<G(1:)-A(11:) trans S/H>                       MATCHES	<G(10:'0'642)-A(18:'0'1358) trans S/H>
#  Matched base-stacking interactions: 

>>>>>>>>>>   ALIGNMENT ENDS   >>>>>>>>>>

<<<<<<<<<<  ALIGNMENT BEGINS  <<<<<<<<<<

#  Aligning k-turn_consensus and 3cc7_0:23-27_502-517_480-488:
#  Alignment score:  22.2
#  P-value:  1.000e+00
#  Query aligned region: 1-1,11-11
#  Target aligned region: 5:'0'503-5:'0'503,29:'0'489-29:'0'489

	G...A
	G...A

#  Matched base-pairing interactions: 
	<G(1:)-A(11:) trans S/H>                       MATCHES	<G(5:'0'503)-A(29:'0'489) trans S/H>
#  Matched base-stacking interactions: 

>>>>>>>>>>   ALIGNMENT ENDS   >>>>>>>>>>

<<<<<<<<<<  ALIGNMENT BEGINS  <<<<<<<<<<

#  Aligning k-turn_consensus and 3cc7_0:259-266_243-248:
#  Alignment score:  22.2
#  P-value:  1.000e+00
#  Query aligned region: 1-1,11-11
#  Target aligned region: 4:'0'264-4:'0'264,11:'0'247-11:'0'247

	G...A
	G...A

#  Matched base-pairing interactions: 
	<G(1:)-A(11:) trans S/H>                       MATCHES	<G(4:'0'264)-A(11:'0'247) trans S/H>
#  Matched base-stacking interactions: 

>>>>>>>>>>   ALIGNMENT ENDS   >>>>>>>>>>

<<<<<<<<<<  ALIGNMENT BEGINS  <<<<<<<<<<

#  Aligning k-turn_consensus and 3cc7_0:2297-2300_951-953_2301-2309:
#  Alignment score:  21.6
#  P-value:  1.000e+00
#  Query aligned region: 0-4,5-12
#  Target aligned region: 0:'0'2298-3:'0'2301,5:'0'953-6:'0'954,7:'0'2302-15:'0'2310

	GGGA~G...C~G-AAGAA-C
	CGAA~G...U~AAGAUAUCG

#  Matched base-pairing interactions: 
	<A(3:)-G(6:) trans S/S>                        MATCHES	<A(3:'0'2301)-A(7:'0'2302) trans S/S>
	<G(2:)-A(10:) trans S/H>                       MATCHES	<A(2:'0'2300)-A(12:'0'2307) trans H/H>
	<G(4:)-C(5:) cis W/W>                          MATCHES	<G(5:'0'953)-U(6:'0'954) cis S/H>
	<A(3:)-G(9:) trans H/S>                        MATCHES	<A(3:'0'2301)-U(11:'0'2306) trans W/W>
	<G(0:)-C(12:) cis W/W>                         MATCHES	<C(0:'0'2298)-G(15:'0'2310) cis W/W>
	<G(1:)-A(11:) trans S/H>                       MATCHES	<G(1:'0'2299)-U(13:'0'2308) trans S/H>
#  Matched base-stacking interactions: 

>>>>>>>>>>   ALIGNMENT ENDS   >>>>>>>>>>

<<<<<<<<<<  ALIGNMENT BEGINS  <<<<<<<<<<

#  Aligning k-turn_consensus and 3cc7_0:2557-2559_2773-2782_2789-2800:
#  Alignment score:  21.4
#  P-value:  1.000e+00
#  Query aligned region: 1-1,11-11
#  Target aligned region: 11:'0'2782-11:'0'2782,15:'0'2792-15:'0'2792

	G...A
	G...A

#  Matched base-pairing interactions: 
	<G(1:)-A(11:) trans S/H>                       MATCHES	<G(11:'0'2782)-A(15:'0'2792) trans S/H>
#  Matched base-stacking interactions: 

>>>>>>>>>>   ALIGNMENT ENDS   >>>>>>>>>>

<<<<<<<<<<  ALIGNMENT BEGINS  <<<<<<<<<<

#  Aligning k-turn_consensus and 3cc7_0:239-243_373-378_266-274:
#  Alignment score:  21.2
#  P-value:  1.000e+00
#  Query aligned region: 3-3,6-9
#  Target aligned region: 2:'0'242-2:'0'242,8:'0'377-8:'0'377,13:'0'269-13:'0'269

	A...G~G
	A...C~G

#  Matched base-pairing interactions: 
	<A(3:)-G(9:) trans H/S>                        MATCHES	<A(2:'0'242)-G(13:'0'269) trans H/S>
	<A(3:)-G(6:) trans S/S>                        MATCHES	<A(2:'0'242)-C(8:'0'377) cis -/->
#  Matched base-stacking interactions: 

>>>>>>>>>>   ALIGNMENT ENDS   >>>>>>>>>>

<<<<<<<<<<  ALIGNMENT BEGINS  <<<<<<<<<<

#  Aligning k-turn_consensus and 3cc7_0:2886-2894_2861-2870_2727-2728:
#  Alignment score:  21.2
#  P-value:  1.000e+00
#  Query aligned region: 0-1,11-12
#  Target aligned region: 2:'0'2889-4:'0'2891,15:'0'2868-15:'0'2868

	GG...A~C
	UA...A~C

#  Matched base-pairing interactions: 
	<G(0:)-C(12:) cis W/W>                         MATCHES	<U(2:'0'2889)-C(15:'0'2868) cis H/H>
	<G(1:)-A(11:) trans S/H>                       MATCHES	<A(3:'0'2890)-A(4:'0'2891) trans S/H>
#  Matched base-stacking interactions: 

>>>>>>>>>>   ALIGNMENT ENDS   >>>>>>>>>>

<<<<<<<<<<  ALIGNMENT BEGINS  <<<<<<<<<<

#  Aligning k-turn_consensus and 3cc7_0:1320-1329_1330-1336_904-906:
#  Alignment score:  21
#  P-value:  1.000e+00
#  Query aligned region: 3-3,6-9
#  Target aligned region: 9:'0'1330-9:'0'1330,10:'0'1331-10:'0'1331,17:'0'905-17:'0'905

	A...G~G
	A...G~C

#  Matched base-pairing interactions: 
	<A(3:)-G(6:) trans S/S>                        MATCHES	<A(9:'0'1330)-G(10:'0'1331) trans S/S>
	<A(3:)-G(9:) trans H/S>                        MATCHES	<A(9:'0'1330)-C(17:'0'905) cis S/S>
#  Matched base-stacking interactions: 

>>>>>>>>>>   ALIGNMENT ENDS   >>>>>>>>>>

<<<<<<<<<<  ALIGNMENT BEGINS  <<<<<<<<<<

#  Aligning k-turn_consensus and 3cc7_0:2723-2725_1731-1738_2039-2045:
#  Alignment score:  20.8
#  P-value:  1.000e+00
#  Query aligned region: 3-3,6-9
#  Target aligned region: 4:'0'1733-5:'0'1734,17:'0'2046-17:'0'2046

	A...G~G
	A...C~G

#  Matched base-pairing interactions: 
	<A(3:)-G(9:) trans H/S>                        MATCHES	<A(4:'0'1733)-G(17:'0'2046) trans H/S>
	<A(3:)-G(6:) trans S/S>                        MATCHES	<A(4:'0'1733)-C(5:'0'1734) cis -/->
#  Matched base-stacking interactions: 

>>>>>>>>>>   ALIGNMENT ENDS   >>>>>>>>>>

<<<<<<<<<<  ALIGNMENT BEGINS  <<<<<<<<<<

#  Aligning k-turn_consensus and 3cc7_0:1819-1821_1740-1753_2027-2037:
#  Alignment score:  20.2
#  P-value:  1.000e+00
#  Query aligned region: 0-1,11-12
#  Target aligned region: 6:'0'1744-7:'0'1745,23:'0'2034-24:'0'2035

	GG...AC
	GG...UC

#  Matched base-pairing interactions: 
	<G(1:)-A(11:) trans S/H>                       MATCHES	<G(7:'0'1745)-U(23:'0'2034) trans S/H>
	<G(0:)-C(12:) cis W/W>                         MATCHES	<G(6:'0'1744)-C(24:'0'2035) cis W/W>
#  Matched base-stacking interactions: 

>>>>>>>>>>   ALIGNMENT ENDS   >>>>>>>>>>

<<<<<<<<<<  ALIGNMENT BEGINS  <<<<<<<<<<

#  Aligning k-turn_consensus and 3cc7_0:2672-2678_2805-2813_2660-2661:
#  Alignment score:  19.8
#  P-value:  1.000e+00
#  Query aligned region: 1-1,11-11
#  Target aligned region: 1:'0'2674-1:'0'2674,14:'0'2813-14:'0'2813

	G...A
	G...A

#  Matched base-pairing interactions: 
	<G(1:)-A(11:) trans S/H>                       MATCHES	<G(1:'0'2674)-A(14:'0'2813) trans S/H>
#  Matched base-stacking interactions: 

>>>>>>>>>>   ALIGNMENT ENDS   >>>>>>>>>>

<<<<<<<<<<  ALIGNMENT BEGINS  <<<<<<<<<<

#  Aligning k-turn_consensus and 3cc7_0:1491-1498_1446-1450_1502-1513:
#  Alignment score:  19.4
#  P-value:  1.000e+00
#  Query aligned region: 3-3,6-9
#  Target aligned region: 1:'0'1493-1:'0'1493,10:'0'1449-10:'0'1449,23:'0'1513-23:'0'1513

	A...G~G
	A...G~C

#  Matched base-pairing interactions: 
	<A(3:)-G(6:) trans S/S>                        MATCHES	<A(1:'0'1493)-G(10:'0'1449) trans S/S>
	<A(3:)-G(9:) trans H/S>                        MATCHES	<A(1:'0'1493)-C(23:'0'1513) cis S/S>
#  Matched base-stacking interactions: 

>>>>>>>>>>   ALIGNMENT ENDS   >>>>>>>>>>

<<<<<<<<<<  ALIGNMENT BEGINS  <<<<<<<<<<

#  Aligning k-turn_consensus and 3cc7_0:1142-1153_1212-1220:
#  Alignment score:  19
#  P-value:  1.000e+00
#  Query aligned region: 1-1,11-11
#  Target aligned region: 8:'0'1151-8:'0'1151,14:'0'1215-14:'0'1215

	G...A
	G...A

#  Matched base-pairing interactions: 
	<G(1:)-A(11:) trans S/H>                       MATCHES	<G(8:'0'1151)-A(14:'0'1215) trans S/H>
#  Matched base-stacking interactions: 

>>>>>>>>>>   ALIGNMENT ENDS   >>>>>>>>>>

<<<<<<<<<<  ALIGNMENT BEGINS  <<<<<<<<<<

#  Aligning k-turn_consensus and 3cc7_0:2785-2796_2776-2784_1152-1153:
#  Alignment score:  19
#  P-value:  1.000e+00
#  Query aligned region: 1-1,11-11
#  Target aligned region: 4:'0'2790-4:'0'2790,15:'0'2780-15:'0'2780

	G...A
	C...C

#  Matched base-pairing interactions: 
	<G(1:)-A(11:) trans S/H>                       MATCHES	<C(4:'0'2790)-C(15:'0'2780) trans S/H>
#  Matched base-stacking interactions: 

>>>>>>>>>>   ALIGNMENT ENDS   >>>>>>>>>>

<<<<<<<<<<  ALIGNMENT BEGINS  <<<<<<<<<<

#  Aligning k-turn_consensus and 3cc7_0:2594-2601_2575-2582_2551-2556:
#  Alignment score:  18.6
#  P-value:  1.000e+00
#  Query aligned region: 3-3,6-9
#  Target aligned region: 5:'0'2600-5:'0'2600,12:'0'2580-12:'0'2580,19:'0'2555-19:'0'2555

	A...G~G
	A...G~C

#  Matched base-pairing interactions: 
	<A(3:)-G(6:) trans S/S>                        MATCHES	<A(5:'0'2600)-G(12:'0'2580) trans S/S>
	<A(3:)-G(9:) trans H/S>                        MATCHES	<A(5:'0'2600)-C(19:'0'2555) cis S/S>
#  Matched base-stacking interactions: 

>>>>>>>>>>   ALIGNMENT ENDS   >>>>>>>>>>

<<<<<<<<<<  ALIGNMENT BEGINS  <<<<<<<<<<

#  Aligning k-turn_consensus and 3cc7_0:936-937_704-711_715-723:
#  Alignment score:  18.4
#  P-value:  1.000e+00
#  Query aligned region: 0-1,11-12
#  Target aligned region: 2:'0'705-3:'0'706,16:'0'722-17:'0'723

	GG...AC
	CG...GG

#  Matched base-pairing interactions: 
	<G(1:)-A(11:) trans S/H>                       MATCHES	<G(3:'0'706)-G(16:'0'722) trans S/H>
	<G(0:)-C(12:) cis W/W>                         MATCHES	<C(2:'0'705)-G(17:'0'723) cis W/W>
#  Matched base-stacking interactions: 

>>>>>>>>>>   ALIGNMENT ENDS   >>>>>>>>>>

<<<<<<<<<<  ALIGNMENT BEGINS  <<<<<<<<<<

#  Aligning k-turn_consensus and 3cc7_0:23-27_480-488_502-517:
#  Alignment score:  16.8
#  P-value:  1.000e+00
#  Query aligned region: 0-1,11-12
#  Target aligned region: 3:'0'27-3:'0'27,6:'0'482-10:'0'486,27:'0'516-27:'0'516

	G~G...A~C
	U~G...A~A

#  Matched base-pairing interactions: 
	<G(0:)-C(12:) cis W/W>                         MATCHES	<U(3:'0'27)-A(27:'0'516) cis W/W>
	<G(1:)-A(11:) trans S/H>                       MATCHES	<G(6:'0'482)-A(10:'0'486) trans S/H>
#  Matched base-stacking interactions: 

>>>>>>>>>>   ALIGNMENT ENDS   >>>>>>>>>>

<<<<<<<<<<  ALIGNMENT BEGINS  <<<<<<<<<<

#  Aligning k-turn_consensus and 3cc7_0:146-153_181-186_40-44:
#  Alignment score:  16.6
#  P-value:  1.000e+00
#  Query aligned region: 0-1,11-12
#  Target aligned region: 2:'0'149-3:'0'150,11:'0'185-11:'0'185,15:'0'42-15:'0'42

	GG...A~C
	GG...G~C

#  Matched base-pairing interactions: 
	<G(0:)-C(12:) cis W/W>                         MATCHES	<G(2:'0'149)-C(15:'0'42) cis W/W>
	<G(1:)-A(11:) trans S/H>                       MATCHES	<G(3:'0'150)-G(11:'0'185) trans S/H>
#  Matched base-stacking interactions: 

>>>>>>>>>>   ALIGNMENT ENDS   >>>>>>>>>>

<<<<<<<<<<  ALIGNMENT BEGINS  <<<<<<<<<<

#  Aligning k-turn_consensus and 3cc7_0:728-742_685-697_659-660:
#  Alignment score:  16.4
#  P-value:  1.000e+00
#  Query aligned region: 0-1,11-12
#  Target aligned region: 19:'0'690-24:'0'695

	GG...AC
	GG...AC

#  Matched base-pairing interactions: 
	<G(1:)-A(11:) trans S/H>                       MATCHES	<G(20:'0'691)-A(23:'0'694) cis -/->
	<G(0:)-C(12:) cis W/W>                         MATCHES	<G(19:'0'690)-C(24:'0'695) cis W/W>
#  Matched base-stacking interactions: 

>>>>>>>>>>   ALIGNMENT ENDS   >>>>>>>>>>

<<<<<<<<<<  ALIGNMENT BEGINS  <<<<<<<<<<

#  Aligning k-turn_consensus and 3cc7_0:866-879_1826-1834_1839-1846:
#  Alignment score:  15.8
#  P-value:  1.000e+00
#  Query aligned region: 3-3,6-9
#  Target aligned region: 7:'0'874-7:'0'874,19:'0'1832-19:'0'1832,27:'0'1844-27:'0'1844

	A...G~G
	A...G~C

#  Matched base-pairing interactions: 
	<A(3:)-G(6:) trans S/S>                        MATCHES	<A(7:'0'874)-G(19:'0'1832) trans S/S>
	<A(3:)-G(9:) trans H/S>                        MATCHES	<A(7:'0'874)-C(27:'0'1844) cis S/S>
#  Matched base-stacking interactions: 

>>>>>>>>>>   ALIGNMENT ENDS   >>>>>>>>>>

<<<<<<<<<<  ALIGNMENT BEGINS  <<<<<<<<<<

#  Aligning k-turn_consensus and 3cc7_0:229-231_663-670_674-681:
#  Alignment score:  15.6
#  P-value:  1.000e+00
#  Query aligned region: 0-1,11-12
#  Target aligned region: 9:'0'670-10:'0'671,11:'0'675-12:'0'676

	GG...AC
	GA...UC

#  Matched base-pairing interactions: 
	<G(1:)-A(11:) trans S/H>                       MATCHES	<A(10:'0'671)-U(11:'0'675) cis -/->
	<G(0:)-C(12:) cis W/W>                         MATCHES	<G(9:'0'670)-C(12:'0'676) cis W/W>
#  Matched base-stacking interactions: 

>>>>>>>>>>   ALIGNMENT ENDS   >>>>>>>>>>

<<<<<<<<<<  ALIGNMENT BEGINS  <<<<<<<<<<

#  Aligning k-turn_consensus and 3cc7_0:477-478_447-464_28-33:
#  Alignment score:  15.3
#  P-value:  1.000e+00
#  Query aligned region: 0-4,5-12
#  Target aligned region: 2:'0'448-14:'0'460,20:'0'29-25:'0'34

	G-GG-A--G...C~GAAG-AAC
	GACCGAUAG...A~C--UCGGC

#  Matched base-pairing interactions: 
	<A(3:)-G(6:) trans S/S>                        MATCHES	<A(7:'0'453)-C(20:'0'29) cis -/->
	<G(4:)-A(10:) trans S/S>                       MATCHES	<G(10:'0'456)-G(23:'0'32) trans S/S>
	<G(2:)-A(10:) trans S/H>                       MATCHES	<C(5:'0'451)-G(23:'0'32) cis W/W>
	<A(3:)-G(9:) trans H/S>                        MATCHES	<A(7:'0'453)-U(21:'0'30) trans H/W>
	<G(0:)-C(12:) cis W/W>                         MATCHES	<G(2:'0'448)-C(25:'0'34) cis W/W>
	<G(4:)-C(5:) cis W/W>                          MATCHES	<G(10:'0'456)-A(14:'0'460) cis -/->
	<G(1:)-A(11:) trans S/H>                       MATCHES	<C(4:'0'450)-G(24:'0'33) cis W/W>
#  Matched base-stacking interactions: 

>>>>>>>>>>   ALIGNMENT ENDS   >>>>>>>>>>

<<<<<<<<<<  ALIGNMENT BEGINS  <<<<<<<<<<

#  Aligning k-turn_consensus and 3cc7_0:1031-1039_929-936:
#  Alignment score:  15
#  P-value:  1.000e+00
#  Query aligned region: 0-1,11-12
#  Target aligned region: 7:'0'1039-8:'0'1040,9:'0'930-10:'0'931

	GG...AC
	GA...CC

#  Matched base-pairing interactions: 
	<G(1:)-A(11:) trans S/H>                       MATCHES	<A(8:'0'1040)-C(9:'0'930) cis -/->
	<G(0:)-C(12:) cis W/W>                         MATCHES	<G(7:'0'1039)-C(10:'0'931) cis W/W>
#  Matched base-stacking interactions: 

>>>>>>>>>>   ALIGNMENT ENDS   >>>>>>>>>>

<<<<<<<<<<  ALIGNMENT BEGINS  <<<<<<<<<<

#  Aligning k-turn_consensus and 3cc7_0:2126-2127_1925-1931_1906-1912:
#  Alignment score:  15
#  P-value:  1.000e+00
#  Query aligned region: 0-1,11-12
#  Target aligned region: 2:'0'1926-3:'0'1927,14:'0'1912-15:'0'1913

	GG...AC
	GA...AC

#  Matched base-pairing interactions: 
	<G(1:)-A(11:) trans S/H>                       MATCHES	<A(3:'0'1927)-A(14:'0'1912) cis W/W>
	<G(0:)-C(12:) cis W/W>                         MATCHES	<G(2:'0'1926)-C(15:'0'1913) cis W/W>
#  Matched base-stacking interactions: 

>>>>>>>>>>   ALIGNMENT ENDS   >>>>>>>>>>

<<<<<<<<<<  ALIGNMENT BEGINS  <<<<<<<<<<

#  Aligning k-turn_consensus and 3cc7_0:825-833_847-853_788-789:
#  Alignment score:  15
#  P-value:  1.000e+00
#  Query aligned region: 0-1,11-12
#  Target aligned region: 7:'0'833-8:'0'834,9:'0'848-10:'0'849

	GG...AC
	GG...CC

#  Matched base-pairing interactions: 
	<G(1:)-A(11:) trans S/H>                       MATCHES	<G(8:'0'834)-C(9:'0'848) cis W/W>
	<G(0:)-C(12:) cis W/W>                         MATCHES	<G(7:'0'833)-C(10:'0'849) cis W/W>
#  Matched base-stacking interactions: 

>>>>>>>>>>   ALIGNMENT ENDS   >>>>>>>>>>

<<<<<<<<<<  ALIGNMENT BEGINS  <<<<<<<<<<

#  Aligning k-turn_consensus and 3cc7_0:766-770_890-894_159-176:
#  Alignment score:  14.8
#  P-value:  1.000e+00
#  Query aligned region: 0-1,11-12
#  Target aligned region: 14:'0'164-21:'0'171

	GG...AC
	GA...UC

#  Matched base-pairing interactions: 
	<G(1:)-A(11:) trans S/H>                       MATCHES	<A(15:'0'165)-U(20:'0'170) cis -/->
	<G(0:)-C(12:) cis W/W>                         MATCHES	<G(14:'0'164)-C(21:'0'171) cis W/W>
#  Matched base-stacking interactions: 

>>>>>>>>>>   ALIGNMENT ENDS   >>>>>>>>>>

<<<<<<<<<<  ALIGNMENT BEGINS  <<<<<<<<<<

#  Aligning k-turn_consensus and 3cc7_0:897-902_761-764:
#  Alignment score:  14.4
#  P-value:  1.000e+00
#  Query aligned region: 0-1,11-12
#  Target aligned region: 3:'0'901-4:'0'902,6:'0'762-7:'0'763

	GG...AC
	GG...CC

#  Matched base-pairing interactions: 
	<G(1:)-A(11:) trans S/H>                       MATCHES	<G(4:'0'902)-C(6:'0'762) cis W/W>
	<G(0:)-C(12:) cis W/W>                         MATCHES	<G(3:'0'901)-C(7:'0'763) cis W/W>
#  Matched base-stacking interactions: 

>>>>>>>>>>   ALIGNMENT ENDS   >>>>>>>>>>

<<<<<<<<<<  ALIGNMENT BEGINS  <<<<<<<<<<

#  Aligning k-turn_consensus and 3cc7_0:1451-1455_1685-1696_1484-1490:
#  Alignment score:  14.4
#  P-value:  1.000e+00
#  Query aligned region: 0-1,11-12
#  Target aligned region: 4:'0'1456-4:'0'1456,16:'0'1697-16:'0'1697,20:'0'1488-21:'0'1489

	G~G...AC
	C~G...UG

#  Matched base-pairing interactions: 
	<G(0:)-C(12:) cis W/W>                         MATCHES	<C(4:'0'1456)-G(21:'0'1489) cis W/W>
	<G(1:)-A(11:) trans S/H>                       MATCHES	<G(16:'0'1697)-U(20:'0'1488) trans S/H>
#  Matched base-stacking interactions: 

>>>>>>>>>>   ALIGNMENT ENDS   >>>>>>>>>>

<<<<<<<<<<  ALIGNMENT BEGINS  <<<<<<<<<<

#  Aligning k-turn_consensus and 3cc7_0:2010-2016_1845-1850_1880-1885:
#  Alignment score:  14.2
#  P-value:  1.000e+00
#  Query aligned region: 0-1,11-12
#  Target aligned region: 5:'0'2016-6:'0'2017,17:'0'1885-18:'0'1886

	GG...AC
	UU...AA

#  Matched base-pairing interactions: 
	<G(1:)-A(11:) trans S/H>                       MATCHES	<U(6:'0'2017)-A(17:'0'1885) trans W/H>
	<G(0:)-C(12:) cis W/W>                         MATCHES	<U(5:'0'2016)-A(18:'0'1886) cis W/W>
#  Matched base-stacking interactions: 

>>>>>>>>>>   ALIGNMENT ENDS   >>>>>>>>>>

<<<<<<<<<<  ALIGNMENT BEGINS  <<<<<<<<<<

#  Aligning k-turn_consensus and 3cc7_0:2899-2908_2851-2856_2830-2837:
#  Alignment score:  14.2
#  P-value:  1.000e+00
#  Query aligned region: 0-1,11-12
#  Target aligned region: 0:'0'2900-1:'0'2901,14:'0'2856-15:'0'2857

	GG...AC
	GC...AC

#  Matched base-pairing interactions: 
	<G(1:)-A(11:) trans S/H>                       MATCHES	<C(1:'0'2901)-A(14:'0'2856) cis W/W>
	<G(0:)-C(12:) cis W/W>                         MATCHES	<G(0:'0'2900)-C(15:'0'2857) cis W/W>
#  Matched base-stacking interactions: 

>>>>>>>>>>   ALIGNMENT ENDS   >>>>>>>>>>

<<<<<<<<<<  ALIGNMENT BEGINS  <<<<<<<<<<

#  Aligning k-turn_consensus and 3cc7_0:2851-2856_2830-2837_2899-2908:
#  Alignment score:  14.2
#  P-value:  1.000e+00
#  Query aligned region: 0-1,11-12
#  Target aligned region: 6:'0'2831-7:'0'2832,22:'0'2908-23:'0'2909

	GG...AC
	CC...AG

#  Matched base-pairing interactions: 
	<G(1:)-A(11:) trans S/H>                       MATCHES	<C(7:'0'2832)-A(22:'0'2908) cis S/W>
	<G(0:)-C(12:) cis W/W>                         MATCHES	<C(6:'0'2831)-G(23:'0'2909) cis W/W>
#  Matched base-stacking interactions: 

>>>>>>>>>>   ALIGNMENT ENDS   >>>>>>>>>>

<<<<<<<<<<  ALIGNMENT BEGINS  <<<<<<<<<<

#  Aligning k-turn_consensus and 3cc7_0:2115-2127_1928-1930_2265-2271:
#  Alignment score:  14.2
#  P-value:  1.000e+00
#  Query aligned region: 0-1,11-12
#  Target aligned region: 8:'0'2124-8:'0'2124,13:'0'1929-14:'0'1930,19:'0'2269-19:'0'2269

	G~G...A~C
	G~G...A~C

#  Matched base-pairing interactions: 
	<G(0:)-C(12:) cis W/W>                         MATCHES	<G(8:'0'2124)-C(19:'0'2269) cis W/W>
	<G(1:)-A(11:) trans S/H>                       MATCHES	<G(13:'0'1929)-A(14:'0'1930) cis S/S>
#  Matched base-stacking interactions: 

>>>>>>>>>>   ALIGNMENT ENDS   >>>>>>>>>>

<<<<<<<<<<  ALIGNMENT BEGINS  <<<<<<<<<<

#  Aligning k-turn_consensus and 3cc7_0:1182-1184_1160-1171_1176-1179:
#  Alignment score:  14.2
#  P-value:  1.000e+00
#  Query aligned region: 0-1,11-12
#  Target aligned region: 11:'0'1169-14:'0'1172,15:'0'1177-15:'0'1177

	GG...A~C
	UU...G~A

#  Matched base-pairing interactions: 
	<G(1:)-A(11:) trans S/H>                       MATCHES	<U(12:'0'1170)-G(14:'0'1172) cis -/->
	<G(0:)-C(12:) cis W/W>                         MATCHES	<U(11:'0'1169)-A(15:'0'1177) cis W/W>
#  Matched base-stacking interactions: 

>>>>>>>>>>   ALIGNMENT ENDS   >>>>>>>>>>

<<<<<<<<<<  ALIGNMENT BEGINS  <<<<<<<<<<

#  Aligning k-turn_consensus and 3cc7_0:1722-1727_1368-1376_2046-2053:
#  Alignment score:  14.2
#  P-value:  1.000e+00
#  Query aligned region: 0-1,11-12
#  Target aligned region: 10:'0'1373-11:'0'1374,19:'0'2051-20:'0'2052

	GG...AC
	GC...GU

#  Matched base-pairing interactions: 
	<G(1:)-A(11:) trans S/H>                       MATCHES	<C(11:'0'1374)-G(19:'0'2051) cis W/W>
	<G(0:)-C(12:) cis W/W>                         MATCHES	<G(10:'0'1373)-U(20:'0'2052) cis W/W>
#  Matched base-stacking interactions: 

>>>>>>>>>>   ALIGNMENT ENDS   >>>>>>>>>>

<<<<<<<<<<  ALIGNMENT BEGINS  <<<<<<<<<<

#  Aligning k-turn_consensus and 3cc7_0:478-479_449-459_27-32:
#  Alignment score:  13.8
#  P-value:  1.000e+00
#  Query aligned region: 0-1,11-12
#  Target aligned region: 0:'0'479-1:'0'480,13:'0'28-14:'0'29

	GG...AC
	GC...GC

#  Matched base-pairing interactions: 
	<G(1:)-A(11:) trans S/H>                       MATCHES	<C(1:'0'480)-G(13:'0'28) cis W/W>
	<G(0:)-C(12:) cis W/W>                         MATCHES	<G(0:'0'479)-C(14:'0'29) cis W/W>
#  Matched base-stacking interactions: 

>>>>>>>>>>   ALIGNMENT ENDS   >>>>>>>>>>

<<<<<<<<<<  ALIGNMENT BEGINS  <<<<<<<<<<

#  Aligning k-turn_consensus and 3cc7_0:2127-2133_2257-2265_1908-1909:
#  Alignment score:  13.8
#  P-value:  1.000e+00
#  Query aligned region: 0-1,11-12
#  Target aligned region: 3:'0'2131-4:'0'2132,10:'0'2261-11:'0'2262

	GG...AC
	GC...CC

#  Matched base-pairing interactions: 
	<G(1:)-A(11:) trans S/H>                       MATCHES	<C(4:'0'2132)-C(10:'0'2261) cis W/W>
	<G(0:)-C(12:) cis W/W>                         MATCHES	<G(3:'0'2131)-C(11:'0'2262) cis W/W>
#  Matched base-stacking interactions: 

>>>>>>>>>>   ALIGNMENT ENDS   >>>>>>>>>>

<<<<<<<<<<  ALIGNMENT BEGINS  <<<<<<<<<<

#  Aligning k-turn_consensus and 3cc7_0:354-361_289-295:
#  Alignment score:  13.8
#  P-value:  1.000e+00
#  Query aligned region: 0-1,11-12
#  Target aligned region: 0:'0'355-1:'0'356,13:'0'295-14:'0'296

	GG...AC
	CC...CG

#  Matched base-pairing interactions: 
	<G(1:)-A(11:) trans S/H>                       MATCHES	<C(1:'0'356)-C(13:'0'295) cis W/W>
	<G(0:)-C(12:) cis W/W>                         MATCHES	<C(0:'0'355)-G(14:'0'296) cis W/W>
#  Matched base-stacking interactions: 

>>>>>>>>>>   ALIGNMENT ENDS   >>>>>>>>>>

<<<<<<<<<<  ALIGNMENT BEGINS  <<<<<<<<<<

#  Aligning k-turn_consensus and 3cc7_0:281-290_360-367:
#  Alignment score:  13.8
#  P-value:  1.000e+00
#  Query aligned region: 0-1,11-12
#  Target aligned region: 8:'0'290-9:'0'291,10:'0'361-11:'0'362

	GG...AC
	CC...CG

#  Matched base-pairing interactions: 
	<G(1:)-A(11:) trans S/H>                       MATCHES	<C(9:'0'291)-C(10:'0'361) cis W/W>
	<G(0:)-C(12:) cis W/W>                         MATCHES	<C(8:'0'290)-G(11:'0'362) cis W/W>
#  Matched base-stacking interactions: 

>>>>>>>>>>   ALIGNMENT ENDS   >>>>>>>>>>

<<<<<<<<<<  ALIGNMENT BEGINS  <<<<<<<<<<

#  Aligning k-turn_consensus and 3cc7_0:270-279_368-377:
#  Alignment score:  13.6
#  P-value:  1.000e+00
#  Query aligned region: 0-1,11-12
#  Target aligned region: 2:'0'273-3:'0'274,17:'0'376-18:'0'377

	GG...AC
	GG...CC

#  Matched base-pairing interactions: 
	<G(1:)-A(11:) trans S/H>                       MATCHES	<G(3:'0'274)-C(17:'0'376) cis W/W>
	<G(0:)-C(12:) cis W/W>                         MATCHES	<G(2:'0'273)-C(18:'0'377) cis W/W>
#  Matched base-stacking interactions: 

>>>>>>>>>>   ALIGNMENT ENDS   >>>>>>>>>>

<<<<<<<<<<  ALIGNMENT BEGINS  <<<<<<<<<<

#  Aligning k-turn_consensus and 3cc7_0:1062-1068_624-626_1043-1051:
#  Alignment score:  13.6
#  P-value:  1.000e+00
#  Query aligned region: 0-1,11-12
#  Target aligned region: 6:'0'1069-6:'0'1069,7:'0'625-7:'0'625,10:'0'1044-11:'0'1045

	G~G...AC
	C~U...CG

#  Matched base-pairing interactions: 
	<G(1:)-A(11:) trans S/H>                       MATCHES	<U(7:'0'625)-C(10:'0'1044) cis -/->
	<G(0:)-C(12:) cis W/W>                         MATCHES	<C(6:'0'1069)-G(11:'0'1045) cis W/W>
#  Matched base-stacking interactions: 

>>>>>>>>>>   ALIGNMENT ENDS   >>>>>>>>>>

<<<<<<<<<<  ALIGNMENT BEGINS  <<<<<<<<<<

#  Aligning k-turn_consensus and 3cc7_0:2301-2302_951-957_1004-1014:
#  Alignment score:  13.4
#  P-value:  1.000e+00
#  Query aligned region: 0-1,11-12
#  Target aligned region: 7:'0'957-8:'0'958,12:'0'1008-13:'0'1009

	GG...AC
	AG...CU

#  Matched base-pairing interactions: 
	<G(1:)-A(11:) trans S/H>                       MATCHES	<G(8:'0'958)-C(12:'0'1008) cis W/W>
	<G(0:)-C(12:) cis W/W>                         MATCHES	<A(7:'0'957)-U(13:'0'1009) cis W/W>
#  Matched base-stacking interactions: 

>>>>>>>>>>   ALIGNMENT ENDS   >>>>>>>>>>

<<<<<<<<<<  ALIGNMENT BEGINS  <<<<<<<<<<

#  Aligning k-turn_consensus and 3cc7_0:892-900_2107-2110_762-767:
#  Alignment score:  13.2
#  P-value:  1.000e+00
#  Query aligned region: 0-1,11-12
#  Target aligned region: 6:'0'899-7:'0'900,14:'0'764-15:'0'765

	GG...AC
	CU...CG

#  Matched base-pairing interactions: 
	<G(1:)-A(11:) trans S/H>                       MATCHES	<U(7:'0'900)-C(14:'0'764) cis W/W>
	<G(0:)-C(12:) cis W/W>                         MATCHES	<C(6:'0'899)-G(15:'0'765) cis W/W>
#  Matched base-stacking interactions: 

>>>>>>>>>>   ALIGNMENT ENDS   >>>>>>>>>>

<<<<<<<<<<  ALIGNMENT BEGINS  <<<<<<<<<<

#  Aligning k-turn_consensus and 3cc7_0:2301-2310_1005-1006_2296-2300:
#  Alignment score:  13.2
#  P-value:  1.000e+00
#  Query aligned region: 0-1,11-12
#  Target aligned region: 8:'0'2310-8:'0'2310,11:'0'1007-11:'0'1007,12:'0'2297-13:'0'2298

	G~G...AC
	G~A...UC

#  Matched base-pairing interactions: 
	<G(0:)-C(12:) cis W/W>                         MATCHES	<G(8:'0'2310)-C(13:'0'2298) cis W/W>
	<G(1:)-A(11:) trans S/H>                       MATCHES	<A(11:'0'1007)-U(12:'0'2297) cis S/S>
#  Matched base-stacking interactions: 

>>>>>>>>>>   ALIGNMENT ENDS   >>>>>>>>>>

<<<<<<<<<<  ALIGNMENT BEGINS  <<<<<<<<<<

#  Aligning k-turn_consensus and 3cc7_0:1094-1100_1105-1107_1253-1261:
#  Alignment score:  13.2
#  P-value:  1.000e+00
#  Query aligned region: 0-1,11-12
#  Target aligned region: 4:'0'1099-5:'0'1100,8:'0'1107-8:'0'1107,13:'0'1257-13:'0'1257

	GG...A~C
	GG...A~C

#  Matched base-pairing interactions: 
	<G(0:)-C(12:) cis W/W>                         MATCHES	<G(4:'0'1099)-C(13:'0'1257) cis W/W>
	<G(1:)-A(11:) trans S/H>                       MATCHES	<G(5:'0'1100)-A(8:'0'1107) trans S/S>
#  Matched base-stacking interactions: 

>>>>>>>>>>   ALIGNMENT ENDS   >>>>>>>>>>

<<<<<<<<<<  ALIGNMENT BEGINS  <<<<<<<<<<

#  Aligning k-turn_consensus and 3cc7_0:1359-1364_1355-1358_635-642:
#  Alignment score:  13.2
#  P-value:  1.000e+00
#  Query aligned region: 0-1,11-12
#  Target aligned region: 5:'0'1365-5:'0'1365,6:'0'1356-7:'0'1357,10:'0'636-10:'0'636

	G~G...A~C
	C~A...A~G

#  Matched base-pairing interactions: 
	<G(0:)-C(12:) cis W/W>                         MATCHES	<C(5:'0'1365)-G(10:'0'636) cis W/W>
	<G(1:)-A(11:) trans S/H>                       MATCHES	<A(6:'0'1356)-A(7:'0'1357) cis -/->
#  Matched base-stacking interactions: 

>>>>>>>>>>   ALIGNMENT ENDS   >>>>>>>>>>

<<<<<<<<<<  ALIGNMENT BEGINS  <<<<<<<<<<

#  Aligning k-turn_consensus and 3cc7_0:867-868_880-886_2112-2117:
#  Alignment score:  13.2
#  P-value:  1.000e+00
#  Query aligned region: 0-1,11-12
#  Target aligned region: 0:'0'868-0:'0'868,2:'0'881-5:'0'884

	G~G...AC
	G~C...UC

#  Matched base-pairing interactions: 
	<G(0:)-C(12:) cis W/W>                         MATCHES	<G(0:'0'868)-C(5:'0'884) cis W/W>
	<G(1:)-A(11:) trans S/H>                       MATCHES	<C(2:'0'881)-U(4:'0'883) cis -/->
#  Matched base-stacking interactions: 

>>>>>>>>>>   ALIGNMENT ENDS   >>>>>>>>>>

<<<<<<<<<<  ALIGNMENT BEGINS  <<<<<<<<<<

#  Aligning k-turn_consensus and 3cc7_0:550-553_1322-1334_604-606:
#  Alignment score:  13.2
#  P-value:  1.000e+00
#  Query aligned region: 0-1,11-12
#  Target aligned region: 3:'0'554-3:'0'554,8:'0'1327-10:'0'1329,17:'0'605-17:'0'605

	G~G...A~C
	G~G...G~C

#  Matched base-pairing interactions: 
	<G(0:)-C(12:) cis W/W>                         MATCHES	<G(3:'0'554)-C(17:'0'605) cis W/W>
	<G(1:)-A(11:) trans S/H>                       MATCHES	<G(8:'0'1327)-G(10:'0'1329) cis -/->
#  Matched base-stacking interactions: 

>>>>>>>>>>   ALIGNMENT ENDS   >>>>>>>>>>

<<<<<<<<<<  ALIGNMENT BEGINS  <<<<<<<<<<

#  Aligning k-turn_consensus and 3cc7_0:655-664_744-749_679-685:
#  Alignment score:  13
#  P-value:  1.000e+00
#  Query aligned region: 0-1,11-12
#  Target aligned region: 2:'0'658-3:'0'659,11:'0'746-12:'0'747

	GG...AC
	CA...AG

#  Matched base-pairing interactions: 
	<G(1:)-A(11:) trans S/H>                       MATCHES	<A(3:'0'659)-A(11:'0'746) cis -/->
	<G(0:)-C(12:) cis W/W>                         MATCHES	<C(2:'0'658)-G(12:'0'747) cis W/W>
#  Matched base-stacking interactions: 

>>>>>>>>>>   ALIGNMENT ENDS   >>>>>>>>>>

<<<<<<<<<<  ALIGNMENT BEGINS  <<<<<<<<<<

#  Aligning k-turn_consensus and 3cc7_0:862-863_1458-1465_1476-1483:
#  Alignment score:  13
#  P-value:  1.000e+00
#  Query aligned region: 0-1,11-12
#  Target aligned region: 8:'0'1465-9:'0'1466,10:'0'1477-11:'0'1478

	GG...AC
	AC...CU

#  Matched base-pairing interactions: 
	<G(1:)-A(11:) trans S/H>                       MATCHES	<C(9:'0'1466)-C(10:'0'1477) cis W/W>
	<G(0:)-C(12:) cis W/W>                         MATCHES	<A(8:'0'1465)-U(11:'0'1478) cis W/W>
#  Matched base-stacking interactions: 

>>>>>>>>>>   ALIGNMENT ENDS   >>>>>>>>>>

<<<<<<<<<<  ALIGNMENT BEGINS  <<<<<<<<<<

#  Aligning k-turn_consensus and 3cc7_0:2107-2117_2469-2476_880-886:
#  Alignment score:  12.8
#  P-value:  1.000e+00
#  Query aligned region: 0-1,11-12
#  Target aligned region: 7:'0'2115-10:'0'2118,11:'0'2470-11:'0'2470

	GG...A~C
	UU...A~A

#  Matched base-pairing interactions: 
	<G(1:)-A(11:) trans S/H>                       MATCHES	<U(8:'0'2116)-A(10:'0'2118) cis W/H>
	<G(0:)-C(12:) cis W/W>                         MATCHES	<U(7:'0'2115)-A(11:'0'2470) cis W/W>
#  Matched base-stacking interactions: 

>>>>>>>>>>   ALIGNMENT ENDS   >>>>>>>>>>

<<<<<<<<<<  ALIGNMENT BEGINS  <<<<<<<<<<

#  Aligning k-turn_consensus and 3cc7_0:2107-2117_880-886_2469-2476:
#  Alignment score:  12.8
#  P-value:  1.000e+00
#  Query aligned region: 0-1,11-12
#  Target aligned region: 2:'0'2110-3:'0'2111,24:'0'2476-25:'0'2477

	GG...AC
	GG...CC

#  Matched base-pairing interactions: 
	<G(1:)-A(11:) trans S/H>                       MATCHES	<G(3:'0'2111)-C(24:'0'2476) cis W/W>
	<G(0:)-C(12:) cis W/W>                         MATCHES	<G(2:'0'2110)-C(25:'0'2477) cis W/W>
#  Matched base-stacking interactions: 

>>>>>>>>>>   ALIGNMENT ENDS   >>>>>>>>>>

<<<<<<<<<<  ALIGNMENT BEGINS  <<<<<<<<<<

#  Aligning k-turn_consensus and 3cc7_0:1043-1045_1075-1082_624-625:
#  Alignment score:  12.6
#  P-value:  1.000e+00
#  Query aligned region: 3-3,6-9
#  Target aligned region: 2:'0'1046-2:'0'1046,9:'0'1082-9:'0'1082,12:'0'626-12:'0'626

	A...G~G
	G...A~U

#  Matched base-pairing interactions: 
	<A(3:)-G(6:) trans S/S>                        MATCHES	<G(2:'0'1046)-A(9:'0'1082) trans S/S>
	<A(3:)-G(9:) trans H/S>                        MATCHES	<G(2:'0'1046)-U(12:'0'626) trans S/S>
#  Matched base-stacking interactions: 

>>>>>>>>>>   ALIGNMENT ENDS   >>>>>>>>>>

<<<<<<<<<<  ALIGNMENT BEGINS  <<<<<<<<<<

#  Aligning k-turn_consensus and 3cc7_0:411-415_189-194_423-428:
#  Alignment score:  12.6
#  P-value:  1.000e+00
#  Query aligned region: 0-1,11-12
#  Target aligned region: 4:'0'416-4:'0'416,5:'0'190-6:'0'191,11:'0'424-11:'0'424

	G~G...A~C
	G~G...A~C

#  Matched base-pairing interactions: 
	<G(0:)-C(12:) cis W/W>                         MATCHES	<G(4:'0'416)-C(11:'0'424) cis W/W>
	<G(1:)-A(11:) trans S/H>                       MATCHES	<G(5:'0'190)-A(6:'0'191) cis S/H>
#  Matched base-stacking interactions: 

>>>>>>>>>>   ALIGNMENT ENDS   >>>>>>>>>>

<<<<<<<<<<  ALIGNMENT BEGINS  <<<<<<<<<<

#  Aligning k-turn_consensus and 3cc7_0:279-287_364-369:
#  Alignment score:  12.4
#  P-value:  1.000e+00
#  Query aligned region: 0-1,11-12
#  Target aligned region: 1:'0'281-2:'0'282,12:'0'368-13:'0'369

	GG...AC
	UC...CG

#  Matched base-pairing interactions: 
	<G(1:)-A(11:) trans S/H>                       MATCHES	<C(2:'0'282)-C(12:'0'368) cis -/->
	<G(0:)-C(12:) cis W/W>                         MATCHES	<U(1:'0'281)-G(13:'0'369) cis W/W>
#  Matched base-stacking interactions: 

>>>>>>>>>>   ALIGNMENT ENDS   >>>>>>>>>>

<<<<<<<<<<  ALIGNMENT BEGINS  <<<<<<<<<<

#  Aligning k-turn_consensus and 3cc7_0:2356-2369_2291-2295_2421-2425:
#  Alignment score:  12.4
#  P-value:  1.000e+00
#  Query aligned region: 0-1,11-12
#  Target aligned region: 5:'0'2362-5:'0'2362,14:'0'2292-15:'0'2293,21:'0'2424-21:'0'2424

	G~G...A~C
	A~C...G~U

#  Matched base-pairing interactions: 
	<G(0:)-C(12:) cis W/W>                         MATCHES	<A(5:'0'2362)-U(21:'0'2424) cis W/W>
	<G(1:)-A(11:) trans S/H>                       MATCHES	<C(14:'0'2292)-G(15:'0'2293) cis S/H>
#  Matched base-stacking interactions: 

>>>>>>>>>>   ALIGNMENT ENDS   >>>>>>>>>>

<<<<<<<<<<  ALIGNMENT BEGINS  <<<<<<<<<<

#  Aligning k-turn_consensus and 3cc7_0:272-279_239-242_368-378:
#  Alignment score:  12.4
#  P-value:  1.000e+00
#  Query aligned region: 0-1,11-12
#  Target aligned region: 8:'0'240-9:'0'241,21:'0'378-22:'0'379

	GG...AC
	CA...AG

#  Matched base-pairing interactions: 
	<G(1:)-A(11:) trans S/H>                       MATCHES	<A(9:'0'241)-A(21:'0'378) cis -/->
	<G(0:)-C(12:) cis W/W>                         MATCHES	<C(8:'0'240)-G(22:'0'379) cis W/W>
#  Matched base-stacking interactions: 

>>>>>>>>>>   ALIGNMENT ENDS   >>>>>>>>>>

<<<<<<<<<<  ALIGNMENT BEGINS  <<<<<<<<<<

#  Aligning k-turn_consensus and 3cc7_0:1176-1179_1160-1171_1182-1184:
#  Alignment score:  12.4
#  P-value:  1.000e+00
#  Query aligned region: 0-1,11-12
#  Target aligned region: 3:'0'1180-3:'0'1180,7:'0'1164-9:'0'1166

	G~G...AC
	U~U...GA

#  Matched base-pairing interactions: 
	<G(0:)-C(12:) cis W/W>                         MATCHES	<U(3:'0'1180)-A(9:'0'1166) cis W/W>
	<G(1:)-A(11:) trans S/H>                       MATCHES	<U(7:'0'1164)-G(8:'0'1165) trans S/S>
#  Matched base-stacking interactions: 

>>>>>>>>>>   ALIGNMENT ENDS   >>>>>>>>>>

<<<<<<<<<<  ALIGNMENT BEGINS  <<<<<<<<<<

#  Aligning k-turn_consensus and 3cc7_0:2594-2601_2551-2556_2575-2582:
#  Alignment score:  12.2
#  P-value:  1.000e+00
#  Query aligned region: 0-1,11-12
#  Target aligned region: 0:'0'2595-1:'0'2596,20:'0'2582-21:'0'2583

	GG...AC
	UA...GA

#  Matched base-pairing interactions: 
	<G(1:)-A(11:) trans S/H>                       MATCHES	<A(1:'0'2596)-G(20:'0'2582) cis W/W>
	<G(0:)-C(12:) cis W/W>                         MATCHES	<U(0:'0'2595)-A(21:'0'2583) cis W/W>
#  Matched base-stacking interactions: 

>>>>>>>>>>   ALIGNMENT ENDS   >>>>>>>>>>

<<<<<<<<<<  ALIGNMENT BEGINS  <<<<<<<<<<

#  Aligning k-turn_consensus and 3cc7_0:2062-2067_1076-1079_2076-2082:
#  Alignment score:  12.2
#  P-value:  1.000e+00
#  Query aligned region: 3-3,6-9
#  Target aligned region: 5:'0'2068-5:'0'2068,8:'0'1079-8:'0'1079,10:'0'2077-10:'0'2077

	A...G~G
	G...A~C

#  Matched base-pairing interactions: 
	<A(3:)-G(6:) trans S/S>                        MATCHES	<G(5:'0'2068)-A(8:'0'1079) trans S/S>
	<A(3:)-G(9:) trans H/S>                        MATCHES	<G(5:'0'2068)-C(10:'0'2077) cis W/W>
#  Matched base-stacking interactions: 

>>>>>>>>>>   ALIGNMENT ENDS   >>>>>>>>>>

<<<<<<<<<<  ALIGNMENT BEGINS  <<<<<<<<<<

#  Aligning k-turn_consensus and 3cc7_0:2126-2127_1926-1933_1902-1911:
#  Alignment score:  12.2
#  P-value:  1.000e+00
#  Query aligned region: 0-1,11-12
#  Target aligned region: 9:'0'1934-9:'0'1934,10:'0'1903-12:'0'1905

	G~G...AC
	A~U...AU

#  Matched base-pairing interactions: 
	<G(1:)-A(11:) trans S/H>                       MATCHES	<U(10:'0'1903)-A(11:'0'1904) cis -/->
	<G(0:)-C(12:) cis W/W>                         MATCHES	<A(9:'0'1934)-U(12:'0'1905) cis W/W>
#  Matched base-stacking interactions: 

>>>>>>>>>>   ALIGNMENT ENDS   >>>>>>>>>>

<<<<<<<<<<  ALIGNMENT BEGINS  <<<<<<<<<<

#  Aligning k-turn_consensus and 3cc7_0:181-186_40-44_146-153:
#  Alignment score:  12.2
#  P-value:  1.000e+00
#  Query aligned region: 0-1,11-12
#  Target aligned region: 0:'0'182-0:'0'182,9:'0'44-10:'0'45,18:'0'154-18:'0'154

	G~G...A~C
	G~G...A~C

#  Matched base-pairing interactions: 
	<G(0:)-C(12:) cis W/W>                         MATCHES	<G(0:'0'182)-C(18:'0'154) cis W/W>
	<G(1:)-A(11:) trans S/H>                       MATCHES	<G(9:'0'44)-A(10:'0'45) cis S/W>
#  Matched base-stacking interactions: 

>>>>>>>>>>   ALIGNMENT ENDS   >>>>>>>>>>

<<<<<<<<<<  ALIGNMENT BEGINS  <<<<<<<<<<

#  Aligning k-turn_consensus and 3cc7_0:1456-1459_1685-1696_1482-1488:
#  Alignment score:  12
#  P-value:  1.000e+00
#  Query aligned region: 0-1,11-12
#  Target aligned region: 3:'0'1460-3:'0'1460,7:'0'1689-10:'0'1692,16:'0'1483-16:'0'1483

	G~G...A~C
	G~A...C~C

#  Matched base-pairing interactions: 
	<G(0:)-C(12:) cis W/W>                         MATCHES	<G(3:'0'1460)-C(16:'0'1483) cis W/W>
	<G(1:)-A(11:) trans S/H>                       MATCHES	<A(7:'0'1689)-C(10:'0'1692) cis -/->
#  Matched base-stacking interactions: 

>>>>>>>>>>   ALIGNMENT ENDS   >>>>>>>>>>

<<<<<<<<<<  ALIGNMENT BEGINS  <<<<<<<<<<

#  Aligning k-turn_consensus and 3cc7_0:2481-2489_2067-2076_2532-2535:
#  Alignment score:  12
#  P-value:  1.000e+00
#  Query aligned region: 0-1,11-12
#  Target aligned region: 7:'0'2489-8:'0'2490,13:'0'2072-13:'0'2072,19:'0'2533-19:'0'2533

	GG...A~C
	GA...G~C

#  Matched base-pairing interactions: 
	<G(0:)-C(12:) cis W/W>                         MATCHES	<G(7:'0'2489)-C(19:'0'2533) cis W/W>
	<G(1:)-A(11:) trans S/H>                       MATCHES	<A(8:'0'2490)-G(13:'0'2072) cis S/S>
#  Matched base-stacking interactions: 

>>>>>>>>>>   ALIGNMENT ENDS   >>>>>>>>>>

<<<<<<<<<<  ALIGNMENT BEGINS  <<<<<<<<<<

#  Aligning k-turn_consensus and 3cc7_0:2067-2076_2058-2063_534-536:
#  Alignment score:  11.8
#  P-value:  1.000e+00
#  Query aligned region: 0-1,11-12
#  Target aligned region: 7:'0'2075-8:'0'2076,11:'0'2060-12:'0'2061

	GG...AC
	GU...AC

#  Matched base-pairing interactions: 
	<G(1:)-A(11:) trans S/H>                       MATCHES	<U(8:'0'2076)-A(11:'0'2060) cis W/W>
	<G(0:)-C(12:) cis W/W>                         MATCHES	<G(7:'0'2075)-C(12:'0'2061) cis W/W>
#  Matched base-stacking interactions: 

>>>>>>>>>>   ALIGNMENT ENDS   >>>>>>>>>>

<<<<<<<<<<  ALIGNMENT BEGINS  <<<<<<<<<<

#  Aligning k-turn_consensus and 3cc7_0:2373-2379_2415-2420_2317-2326:
#  Alignment score:  11.8
#  P-value:  1.000e+00
#  Query aligned region: 0-1,11-12
#  Target aligned region: 11:'0'2420-12:'0'2421,13:'0'2318-14:'0'2319

	GG...AC
	GG...CC

#  Matched base-pairing interactions: 
	<G(1:)-A(11:) trans S/H>                       MATCHES	<G(12:'0'2421)-C(13:'0'2318) cis W/W>
	<G(0:)-C(12:) cis W/W>                         MATCHES	<G(11:'0'2420)-C(14:'0'2319) cis W/W>
#  Matched base-stacking interactions: 

>>>>>>>>>>   ALIGNMENT ENDS   >>>>>>>>>>

<<<<<<<<<<  ALIGNMENT BEGINS  <<<<<<<<<<

#  Aligning k-turn_consensus and 3cc7_0:1440-1447_1494-1506_1417-1423:
#  Alignment score:  11.6
#  P-value:  1.000e+00
#  Query aligned region: 0-1,11-12
#  Target aligned region: 3:'0'1444-3:'0'1444,13:'0'1500-15:'0'1502,23:'0'1420-23:'0'1420

	G~G...A~C
	G~U...A~C

#  Matched base-pairing interactions: 
	<G(0:)-C(12:) cis W/W>                         MATCHES	<G(3:'0'1444)-C(23:'0'1420) cis W/W>
	<G(1:)-A(11:) trans S/H>                       MATCHES	<U(13:'0'1500)-A(15:'0'1502) cis -/->
#  Matched base-stacking interactions: 

>>>>>>>>>>   ALIGNMENT ENDS   >>>>>>>>>>

<<<<<<<<<<  ALIGNMENT BEGINS  <<<<<<<<<<

#  Aligning k-turn_consensus and 3cc7_0:746-753_680-685_651-664:
#  Alignment score:  11.4
#  P-value:  1.000e+00
#  Query aligned region: 0-1,11-12
#  Target aligned region: 12:'0'685-13:'0'686,22:'0'660-23:'0'661

	GG...AC
	CA...AG

#  Matched base-pairing interactions: 
	<G(1:)-A(11:) trans S/H>                       MATCHES	<A(13:'0'686)-A(22:'0'660) cis -/->
	<G(0:)-C(12:) cis W/W>                         MATCHES	<C(12:'0'685)-G(23:'0'661) cis W/W>
#  Matched base-stacking interactions: 

>>>>>>>>>>   ALIGNMENT ENDS   >>>>>>>>>>

<<<<<<<<<<  ALIGNMENT BEGINS  <<<<<<<<<<

#  Aligning k-turn_consensus and 3cc7_0:103-108_61-73_51-55:
#  Alignment score:  11.4
#  P-value:  1.000e+00
#  Query aligned region: 0-1,11-12
#  Target aligned region: 1:'0'105-2:'0'106,15:'0'71-16:'0'72

	GG...AC
	GA...GC

#  Matched base-pairing interactions: 
	<G(1:)-A(11:) trans S/H>                       MATCHES	<A(2:'0'106)-G(15:'0'71) cis W/W>
	<G(0:)-C(12:) cis W/W>                         MATCHES	<G(1:'0'105)-C(16:'0'72) cis W/W>
#  Matched base-stacking interactions: 

>>>>>>>>>>   ALIGNMENT ENDS   >>>>>>>>>>

<<<<<<<<<<  ALIGNMENT BEGINS  <<<<<<<<<<

#  Aligning k-turn_consensus and 3cc7_0:2523-2532_2281-2285_2488-2494:
#  Alignment score:  11.2
#  P-value:  1.000e+00
#  Query aligned region: 0-1,11-12
#  Target aligned region: 5:'0'2529-5:'0'2529,10:'0'2282-14:'0'2286,18:'0'2492-18:'0'2492

	G~G...A~C
	G~U...G~U

#  Matched base-pairing interactions: 
	<G(0:)-C(12:) cis W/W>                         MATCHES	<G(5:'0'2529)-U(18:'0'2492) cis W/W>
	<G(1:)-A(11:) trans S/H>                       MATCHES	<U(10:'0'2282)-G(14:'0'2286) cis -/->
#  Matched base-stacking interactions: 

>>>>>>>>>>   ALIGNMENT ENDS   >>>>>>>>>>

<<<<<<<<<<  ALIGNMENT BEGINS  <<<<<<<<<<

#  Aligning k-turn_consensus and 3cc7_0:788-789_823-831_849-858:
#  Alignment score:  11.2
#  P-value:  1.000e+00
#  Query aligned region: 0-1,11-12
#  Target aligned region: 8:'0'830-10:'0'832,12:'0'851-12:'0'851

	GG...A~C
	GU...U~C

#  Matched base-pairing interactions: 
	<G(0:)-C(12:) cis W/W>                         MATCHES	<G(8:'0'830)-C(12:'0'851) cis W/W>
	<G(1:)-A(11:) trans S/H>                       MATCHES	<U(9:'0'831)-U(10:'0'832) cis S/H>
#  Matched base-stacking interactions: 

>>>>>>>>>>   ALIGNMENT ENDS   >>>>>>>>>>

<<<<<<<<<<  ALIGNMENT BEGINS  <<<<<<<<<<

#  Aligning k-turn_consensus and 3cc7_0:694-698_726-730_687-689:
#  Alignment score:  11
#  P-value:  1.000e+00
#  Query aligned region: 0-1,11-12
#  Target aligned region: 1:'0'696-2:'0'697,10:'0'688-11:'0'689

	GG...AC
	CG...AG

#  Matched base-pairing interactions: 
	<G(1:)-A(11:) trans S/H>                       MATCHES	<G(2:'0'697)-A(10:'0'688) cis -/->
	<G(0:)-C(12:) cis W/W>                         MATCHES	<C(1:'0'696)-G(11:'0'689) cis W/W>
#  Matched base-stacking interactions: 

>>>>>>>>>>   ALIGNMENT ENDS   >>>>>>>>>>

<<<<<<<<<<  ALIGNMENT BEGINS  <<<<<<<<<<

#  Aligning k-turn_consensus and 3cc7_0:1502-1513_1446-1450_1491-1498:
#  Alignment score:  11
#  P-value:  1.000e+00
#  Query aligned region: 0-1,11-12
#  Target aligned region: 8:'0'1511-9:'0'1512,15:'0'1450-15:'0'1450,19:'0'1494-19:'0'1494

	GG...A~C
	UG...C~A

#  Matched base-pairing interactions: 
	<G(0:)-C(12:) cis W/W>                         MATCHES	<U(8:'0'1511)-A(19:'0'1494) cis W/W>
	<G(1:)-A(11:) trans S/H>                       MATCHES	<G(9:'0'1512)-C(15:'0'1450) cis W/W>
#  Matched base-stacking interactions: 

>>>>>>>>>>   ALIGNMENT ENDS   >>>>>>>>>>

<<<<<<<<<<  ALIGNMENT BEGINS  <<<<<<<<<<

#  Aligning k-turn_consensus and 3cc7_0:2312-2316_2288-2295_2356-2365:
#  Alignment score:  10.6
#  P-value:  1.000e+00
#  Query aligned region: 0-1,11-12
#  Target aligned region: 4:'0'2317-4:'0'2317,5:'0'2289-7:'0'2291,15:'0'2359-15:'0'2359

	G~G...A~C
	C~G...A~G

#  Matched base-pairing interactions: 
	<G(0:)-C(12:) cis W/W>                         MATCHES	<C(4:'0'2317)-G(15:'0'2359) cis W/W>
	<G(1:)-A(11:) trans S/H>                       MATCHES	<G(5:'0'2289)-A(7:'0'2291) trans S/W>
#  Matched base-stacking interactions: 

>>>>>>>>>>   ALIGNMENT ENDS   >>>>>>>>>>

<<<<<<<<<<  ALIGNMENT BEGINS  <<<<<<<<<<

#  Aligning k-turn_consensus and 3cc7_0:1577-1582_1611-1617_1541-1542:
#  Alignment score:  10.6
#  P-value:  1.000e+00
#  Query aligned region: 0-1,11-12
#  Target aligned region: 4:'0'1582-5:'0'1583,6:'0'1612-7:'0'1613

	GG...AC
	CU...AC

#  Matched base-pairing interactions: 
	<G(1:)-A(11:) trans S/H>                       MATCHES	<U(5:'0'1583)-A(6:'0'1612) cis W/W>
	<G(0:)-C(12:) cis W/W>                         MATCHES	<C(4:'0'1582)-C(7:'0'1613) cis W/W>
#  Matched base-stacking interactions: 

>>>>>>>>>>   ALIGNMENT ENDS   >>>>>>>>>>

<<<<<<<<<<  ALIGNMENT BEGINS  <<<<<<<<<<

#  Aligning k-turn_consensus and 3cc7_0:330-338_341-344_311-318:
#  Alignment score:  10.6
#  P-value:  1.000e+00
#  Query aligned region: 0-0,12-12
#  Target aligned region: 1:'0'332-1:'0'332,11:'0'344-11:'0'344

	G...C
	G...C

#  Matched base-pairing interactions: 
	<G(0:)-C(12:) cis W/W>                         MATCHES	<G(1:'0'332)-C(11:'0'344) cis W/W>
#  Matched base-stacking interactions: 

>>>>>>>>>>   ALIGNMENT ENDS   >>>>>>>>>>

<<<<<<<<<<  ALIGNMENT BEGINS  <<<<<<<<<<

#  Aligning k-turn_consensus and 3cc7_0:62-70_49-55_105-110:
#  Alignment score:  10.6
#  P-value:  1.000e+00
#  Query aligned region: 0-0,12-12
#  Target aligned region: 9:'0'50-9:'0'50,21:'0'111-21:'0'111

	G...C
	G...C

#  Matched base-pairing interactions: 
	<G(0:)-C(12:) cis W/W>                         MATCHES	<G(9:'0'50)-C(21:'0'111) cis W/W>
#  Matched base-stacking interactions: 

>>>>>>>>>>   ALIGNMENT ENDS   >>>>>>>>>>

<<<<<<<<<<  ALIGNMENT BEGINS  <<<<<<<<<<

#  Aligning k-turn_consensus and 3cc7_0:788-790_1707-1715_1700-1706:
#  Alignment score:  10.6
#  P-value:  1.000e+00
#  Query aligned region: 0-0,12-12
#  Target aligned region: 8:'0'1713-8:'0'1713,16:'0'1705-16:'0'1705

	G...C
	G...C

#  Matched base-pairing interactions: 
	<G(0:)-C(12:) cis W/W>                         MATCHES	<G(8:'0'1713)-C(16:'0'1705) cis W/W>
#  Matched base-stacking interactions: 

>>>>>>>>>>   ALIGNMENT ENDS   >>>>>>>>>>

<<<<<<<<<<  ALIGNMENT BEGINS  <<<<<<<<<<

#  Aligning k-turn_consensus and 3cc7_0:2520-2523_1129-1137_1224-1231:
#  Alignment score:  10.6
#  P-value:  1.000e+00
#  Query aligned region: 0-0,12-12
#  Target aligned region: 8:'0'1134-8:'0'1134,16:'0'1228-16:'0'1228

	G...C
	G...C

#  Matched base-pairing interactions: 
	<G(0:)-C(12:) cis W/W>                         MATCHES	<G(8:'0'1134)-C(16:'0'1228) cis W/W>
#  Matched base-stacking interactions: 

>>>>>>>>>>   ALIGNMENT ENDS   >>>>>>>>>>

<<<<<<<<<<  ALIGNMENT BEGINS  <<<<<<<<<<

#  Aligning k-turn_consensus and 3cc7_0:2666-2671_2810-2821_2660-2661:
#  Alignment score:  10.6
#  P-value:  1.000e+00
#  Query aligned region: 0-0,12-12
#  Target aligned region: 0:'0'2667-0:'0'2667,17:'0'2822-17:'0'2822

	G...C
	G...C

#  Matched base-pairing interactions: 
	<G(0:)-C(12:) cis W/W>                         MATCHES	<G(0:'0'2667)-C(17:'0'2822) cis W/W>
#  Matched base-stacking interactions: 

>>>>>>>>>>   ALIGNMENT ENDS   >>>>>>>>>>

<<<<<<<<<<  ALIGNMENT BEGINS  <<<<<<<<<<

#  Aligning k-turn_consensus and 3cc7_0:2666-2671_2660-2661_2810-2821:
#  Alignment score:  10.6
#  P-value:  1.000e+00
#  Query aligned region: 0-1,11-12
#  Target aligned region: 5:'0'2672-5:'0'2672,7:'0'2662-7:'0'2662,13:'0'2816-14:'0'2817

	G~G...AC
	C~G...AG

#  Matched base-pairing interactions: 
	<G(0:)-C(12:) cis W/W>                         MATCHES	<C(5:'0'2672)-G(14:'0'2817) cis W/W>
	<G(1:)-A(11:) trans S/H>                       MATCHES	<G(7:'0'2662)-A(13:'0'2816) trans S/S>
#  Matched base-stacking interactions: 

>>>>>>>>>>   ALIGNMENT ENDS   >>>>>>>>>>

<<<<<<<<<<  ALIGNMENT BEGINS  <<<<<<<<<<

#  Aligning k-turn_consensus and 3cc7_0:2595-2605_2547-2556_2576-2581:
#  Alignment score:  10.6
#  P-value:  1.000e+00
#  Query aligned region: 0-0,12-12
#  Target aligned region: 10:'0'2606-10:'0'2606,11:'0'2548-11:'0'2548

	G...C
	G...C

#  Matched base-pairing interactions: 
	<G(0:)-C(12:) cis W/W>                         MATCHES	<G(10:'0'2606)-C(11:'0'2548) cis W/W>
#  Matched base-stacking interactions: 

>>>>>>>>>>   ALIGNMENT ENDS   >>>>>>>>>>

<<<<<<<<<<  ALIGNMENT BEGINS  <<<<<<<<<<

#  Aligning k-turn_consensus and 3cc7_0:2421-2425_2356-2369_2291-2295:
#  Alignment score:  10.6
#  P-value:  1.000e+00
#  Query aligned region: 0-0,12-12
#  Target aligned region: 4:'0'2426-4:'0'2426,8:'0'2360-8:'0'2360

	G...C
	G...C

#  Matched base-pairing interactions: 
	<G(0:)-C(12:) cis W/W>                         MATCHES	<G(4:'0'2426)-C(8:'0'2360) cis W/W>
#  Matched base-stacking interactions: 

>>>>>>>>>>   ALIGNMENT ENDS   >>>>>>>>>>

<<<<<<<<<<  ALIGNMENT BEGINS  <<<<<<<<<<

#  Aligning k-turn_consensus and 3cc7_0:1939-1946_1889-1897_1964-1971:
#  Alignment score:  10.6
#  P-value:  1.000e+00
#  Query aligned region: 0-0,12-12
#  Target aligned region: 4:'0'1944-4:'0'1944,11:'0'1893-11:'0'1893

	G...C
	G...C

#  Matched base-pairing interactions: 
	<G(0:)-C(12:) cis W/W>                         MATCHES	<G(4:'0'1944)-C(11:'0'1893) cis W/W>
#  Matched base-stacking interactions: 

>>>>>>>>>>   ALIGNMENT ENDS   >>>>>>>>>>

<<<<<<<<<<  ALIGNMENT BEGINS  <<<<<<<<<<

#  Aligning k-turn_consensus and 3cc7_0:2366-2370_2328-2336_2347-2355:
#  Alignment score:  10.6
#  P-value:  1.000e+00
#  Query aligned region: 0-0,12-12
#  Target aligned region: 9:'0'2333-9:'0'2333,17:'0'2351-17:'0'2351

	G...C
	G...C

#  Matched base-pairing interactions: 
	<G(0:)-C(12:) cis W/W>                         MATCHES	<G(9:'0'2333)-C(17:'0'2351) cis W/W>
#  Matched base-stacking interactions: 

>>>>>>>>>>   ALIGNMENT ENDS   >>>>>>>>>>

<<<<<<<<<<  ALIGNMENT BEGINS  <<<<<<<<<<

#  Aligning k-turn_consensus and 3cc7_0:960-961_951-957_1004-1012:
#  Alignment score:  10.6
#  P-value:  1.000e+00
#  Query aligned region: 0-0,12-12
#  Target aligned region: 6:'0'956-6:'0'956,15:'0'1011-15:'0'1011

	G...C
	G...C

#  Matched base-pairing interactions: 
	<G(0:)-C(12:) cis W/W>                         MATCHES	<G(6:'0'956)-C(15:'0'1011) cis W/W>
#  Matched base-stacking interactions: 

>>>>>>>>>>   ALIGNMENT ENDS   >>>>>>>>>>

<<<<<<<<<<  ALIGNMENT BEGINS  <<<<<<<<<<

#  Aligning k-turn_consensus and 3cc7_0:1037-1041_1291-1295_909-912:
#  Alignment score:  10.6
#  P-value:  1.000e+00
#  Query aligned region: 0-0,12-12
#  Target aligned region: 8:'0'1295-8:'0'1295,10:'0'910-10:'0'910

	G...C
	G...C

#  Matched base-pairing interactions: 
	<G(0:)-C(12:) cis W/W>                         MATCHES	<G(8:'0'1295)-C(10:'0'910) cis W/W>
#  Matched base-stacking interactions: 

>>>>>>>>>>   ALIGNMENT ENDS   >>>>>>>>>>

<<<<<<<<<<  ALIGNMENT BEGINS  <<<<<<<<<<

#  Aligning k-turn_consensus and 3cc7_0:2330-2337_2345-2355:
#  Alignment score:  10.6
#  P-value:  1.000e+00
#  Query aligned region: 0-0,12-12
#  Target aligned region: 7:'0'2338-7:'0'2338,8:'0'2346-8:'0'2346

	G...C
	G...C

#  Matched base-pairing interactions: 
	<G(0:)-C(12:) cis W/W>                         MATCHES	<G(7:'0'2338)-C(8:'0'2346) cis W/W>
#  Matched base-stacking interactions: 

>>>>>>>>>>   ALIGNMENT ENDS   >>>>>>>>>>

<<<<<<<<<<  ALIGNMENT BEGINS  <<<<<<<<<<

#  Aligning k-turn_consensus and 3cc7_0:428-429_379-385_403-409:
#  Alignment score:  10.6
#  P-value:  1.000e+00
#  Query aligned region: 0-0,12-12
#  Target aligned region: 6:'0'384-6:'0'384,10:'0'405-10:'0'405

	G...C
	G...C

#  Matched base-pairing interactions: 
	<G(0:)-C(12:) cis W/W>                         MATCHES	<G(6:'0'384)-C(10:'0'405) cis W/W>
#  Matched base-stacking interactions: 

>>>>>>>>>>   ALIGNMENT ENDS   >>>>>>>>>>

<<<<<<<<<<  ALIGNMENT BEGINS  <<<<<<<<<<

#  Aligning k-turn_consensus and 3cc7_0:744-753_651-663_680-685:
#  Alignment score:  10.4
#  P-value:  1.000e+00
#  Query aligned region: 0-1,11-12
#  Target aligned region: 21:'0'663-22:'0'664,24:'0'682-25:'0'683

	GG...AC
	CU...AG

#  Matched base-pairing interactions: 
	<G(1:)-A(11:) trans S/H>                       MATCHES	<U(22:'0'664)-A(24:'0'682) trans W/H>
	<G(0:)-C(12:) cis W/W>                         MATCHES	<C(21:'0'663)-G(25:'0'683) cis W/W>
#  Matched base-stacking interactions: 

>>>>>>>>>>   ALIGNMENT ENDS   >>>>>>>>>>

<<<<<<<<<<  ALIGNMENT BEGINS  <<<<<<<<<<

#  Aligning k-turn_consensus and 3cc7_0:171-178_891-898_157-162:
#  Alignment score:  10.4
#  P-value:  1.000e+00
#  Query aligned region: 0-1,11-12
#  Target aligned region: 6:'0'178-6:'0'178,14:'0'898-15:'0'899,16:'0'158-16:'0'158

	G~G...A~C
	U~G...C~A

#  Matched base-pairing interactions: 
	<G(0:)-C(12:) cis W/W>                         MATCHES	<U(6:'0'178)-A(16:'0'158) cis W/W>
	<G(1:)-A(11:) trans S/H>                       MATCHES	<G(14:'0'898)-C(15:'0'899) cis -/->
#  Matched base-stacking interactions: 

>>>>>>>>>>   ALIGNMENT ENDS   >>>>>>>>>>

<<<<<<<<<<  ALIGNMENT BEGINS  <<<<<<<<<<

#  Aligning k-turn_consensus and 3cc7_0:2575-2582_2594-2601_2551-2556:
#  Alignment score:  10.2
#  P-value:  1.000e+00
#  Query aligned region: 0-0,12-12
#  Target aligned region: 2:'0'2578-2:'0'2578,21:'0'2557-21:'0'2557

	G...C
	G...U

#  Matched base-pairing interactions: 
	<G(0:)-C(12:) cis W/W>                         MATCHES	<G(2:'0'2578)-U(21:'0'2557) cis W/W>
#  Matched base-stacking interactions: 

>>>>>>>>>>   ALIGNMENT ENDS   >>>>>>>>>>

<<<<<<<<<<  ALIGNMENT BEGINS  <<<<<<<<<<

#  Aligning k-turn_consensus and 3cc7_0:1317-1322_1333-1338_550-552:
#  Alignment score:  10.2
#  P-value:  1.000e+00
#  Query aligned region: 0-0,12-12
#  Target aligned region: 1:'0'1319-1:'0'1319,10:'0'1338-10:'0'1338

	G...C
	G...U

#  Matched base-pairing interactions: 
	<G(0:)-C(12:) cis W/W>                         MATCHES	<G(1:'0'1319)-U(10:'0'1338) cis W/W>
#  Matched base-stacking interactions: 

>>>>>>>>>>   ALIGNMENT ENDS   >>>>>>>>>>

<<<<<<<<<<  ALIGNMENT BEGINS  <<<<<<<<<<

#  Aligning k-turn_consensus and 3cc7_0:1488-1489_1650-1661_1528-1534:
#  Alignment score:  10.2
#  P-value:  1.000e+00
#  Query aligned region: 0-0,12-12
#  Target aligned region: 11:'0'1660-11:'0'1660,16:'0'1531-16:'0'1531

	G...C
	G...U

#  Matched base-pairing interactions: 
	<G(0:)-C(12:) cis W/W>                         MATCHES	<G(11:'0'1660)-U(16:'0'1531) cis W/W>
#  Matched base-stacking interactions: 

>>>>>>>>>>   ALIGNMENT ENDS   >>>>>>>>>>

<<<<<<<<<<  ALIGNMENT BEGINS  <<<<<<<<<<

#  Aligning k-turn_consensus and 3cc7_0:272-279_368-378_239-242:
#  Alignment score:  10.2
#  P-value:  1.000e+00
#  Query aligned region: 0-0,12-12
#  Target aligned region: 2:'0'275-2:'0'275,13:'0'374-13:'0'374

	G...C
	G...U

#  Matched base-pairing interactions: 
	<G(0:)-C(12:) cis W/W>                         MATCHES	<G(2:'0'275)-U(13:'0'374) cis W/W>
#  Matched base-stacking interactions: 

>>>>>>>>>>   ALIGNMENT ENDS   >>>>>>>>>>

<<<<<<<<<<  ALIGNMENT BEGINS  <<<<<<<<<<

#  Aligning k-turn_consensus and 3cc7_0:1828-1831_1844-1850_1880-1884:
#  Alignment score:  10.2
#  P-value:  1.000e+00
#  Query aligned region: 0-0,12-12
#  Target aligned region: 7:'0'1848-7:'0'1848,13:'0'1883-13:'0'1883

	G...C
	G...U

#  Matched base-pairing interactions: 
	<G(0:)-C(12:) cis W/W>                         MATCHES	<G(7:'0'1848)-U(13:'0'1883) cis W/W>
#  Matched base-stacking interactions: 

>>>>>>>>>>   ALIGNMENT ENDS   >>>>>>>>>>

<<<<<<<<<<  ALIGNMENT BEGINS  <<<<<<<<<<

#  Aligning k-turn_consensus and 3cc7_0:767-770_171-179_156-162:
#  Alignment score:  10.2
#  P-value:  1.000e+00
#  Query aligned region: 0-1,11-12
#  Target aligned region: 4:'0'172-5:'0'173,18:'0'162-19:'0'163

	GG...AC
	UC...CU

#  Matched base-pairing interactions: 
	<G(1:)-A(11:) trans S/H>                       MATCHES	<C(5:'0'173)-C(18:'0'162) cis -/->
	<G(0:)-C(12:) cis W/W>                         MATCHES	<U(4:'0'172)-U(19:'0'163) cis W/W>
#  Matched base-stacking interactions: 

>>>>>>>>>>   ALIGNMENT ENDS   >>>>>>>>>>

<<<<<<<<<<  ALIGNMENT BEGINS  <<<<<<<<<<

#  Aligning k-turn_consensus and 3cc7_0:2395-2398_2388-2394_926-927:
#  Alignment score:  10.2
#  P-value:  1.000e+00
#  Query aligned region: 0-0,12-12
#  Target aligned region: 3:'0'2399-3:'0'2399,4:'0'2389-4:'0'2389

	G...C
	G...U

#  Matched base-pairing interactions: 
	<G(0:)-C(12:) cis W/W>                         MATCHES	<G(3:'0'2399)-U(4:'0'2389) cis W/W>
#  Matched base-stacking interactions: 

>>>>>>>>>>   ALIGNMENT ENDS   >>>>>>>>>>

<<<<<<<<<<  ALIGNMENT BEGINS  <<<<<<<<<<

#  Aligning k-turn_consensus and 3cc7_0:2790-2792_2777-2789_1152-1153:
#  Alignment score:  9.8
#  P-value:  1.000e+00
#  Query aligned region: 0-0,12-12
#  Target aligned region: 11:'0'2786-11:'0'2786,16:'0'1153-16:'0'1153

	G...C
	G...C

#  Matched base-pairing interactions: 
	<G(0:)-C(12:) cis W/W>                         MATCHES	<G(11:'0'2786)-C(16:'0'1153) cis W/W>
#  Matched base-stacking interactions: 

>>>>>>>>>>   ALIGNMENT ENDS   >>>>>>>>>>

<<<<<<<<<<  ALIGNMENT BEGINS  <<<<<<<<<<

#  Aligning k-turn_consensus and 3cc7_0:2313-2316_2460-2465_2424-2428:
#  Alignment score:  9.8
#  P-value:  1.000e+00
#  Query aligned region: 0-0,12-12
#  Target aligned region: 2:'0'2316-2:'0'2316,7:'0'2464-7:'0'2464

	G...C
	G...C

#  Matched base-pairing interactions: 
	<G(0:)-C(12:) cis W/W>                         MATCHES	<G(2:'0'2316)-C(7:'0'2464) cis W/W>
#  Matched base-stacking interactions: 

>>>>>>>>>>   ALIGNMENT ENDS   >>>>>>>>>>

<<<<<<<<<<  ALIGNMENT BEGINS  <<<<<<<<<<

#  Aligning k-turn_consensus and 3cc7_0:2581-2585_2591-2595_1989-1997:
#  Alignment score:  9.8
#  P-value:  1.000e+00
#  Query aligned region: 0-0,12-12
#  Target aligned region: 4:'0'2586-4:'0'2586,5:'0'2592-5:'0'2592

	G...C
	U...G

#  Matched base-pairing interactions: 
	<G(0:)-C(12:) cis W/W>                         MATCHES	<U(4:'0'2586)-G(5:'0'2592) cis W/W>
#  Matched base-stacking interactions: 

>>>>>>>>>>   ALIGNMENT ENDS   >>>>>>>>>>

<<<<<<<<<<  ALIGNMENT BEGINS  <<<<<<<<<<

#  Aligning k-turn_consensus and 3cc7_0:2076-2082_2062-2067_1076-1079:
#  Alignment score:  9.8
#  P-value:  1.000e+00
#  Query aligned region: 0-0,12-12
#  Target aligned region: 4:'0'2081-4:'0'2081,8:'0'2064-8:'0'2064

	G...C
	A...U

#  Matched base-pairing interactions: 
	<G(0:)-C(12:) cis W/W>                         MATCHES	<A(4:'0'2081)-U(8:'0'2064) cis W/W>
#  Matched base-stacking interactions: 

>>>>>>>>>>   ALIGNMENT ENDS   >>>>>>>>>>

<<<<<<<<<<  ALIGNMENT BEGINS  <<<<<<<<<<

#  Aligning k-turn_consensus and 3cc7_0:373-378_239-243_266-274:
#  Alignment score:  9.8
#  P-value:  1.000e+00
#  Query aligned region: 0-0,12-12
#  Target aligned region: 10:'0'244-10:'0'244,11:'0'267-11:'0'267

	G...C
	C...G

#  Matched base-pairing interactions: 
	<G(0:)-C(12:) cis W/W>                         MATCHES	<C(10:'0'244)-G(11:'0'267) cis W/W>
#  Matched base-stacking interactions: 

>>>>>>>>>>   ALIGNMENT ENDS   >>>>>>>>>>

<<<<<<<<<<  ALIGNMENT BEGINS  <<<<<<<<<<

#  Aligning k-turn_consensus and 3cc7_0:1631-1638_1545-1554_1566-1568:
#  Alignment score:  9.8
#  P-value:  1.000e+00
#  Query aligned region: 0-0,12-12
#  Target aligned region: 2:'0'1634-2:'0'1634,13:'0'1551-13:'0'1551

	G...C
	G...C

#  Matched base-pairing interactions: 
	<G(0:)-C(12:) cis W/W>                         MATCHES	<G(2:'0'1634)-C(13:'0'1551) cis W/W>
#  Matched base-stacking interactions: 

>>>>>>>>>>   ALIGNMENT ENDS   >>>>>>>>>>

<<<<<<<<<<  ALIGNMENT BEGINS  <<<<<<<<<<

#  Aligning k-turn_consensus and 3cc7_0:659-666_678-685:
#  Alignment score:  9.8
#  P-value:  1.000e+00
#  Query aligned region: 0-0,12-12
#  Target aligned region: 7:'0'667-7:'0'667,8:'0'679-8:'0'679

	G...C
	C...G

#  Matched base-pairing interactions: 
	<G(0:)-C(12:) cis W/W>                         MATCHES	<C(7:'0'667)-G(8:'0'679) cis W/W>
#  Matched base-stacking interactions: 

>>>>>>>>>>   ALIGNMENT ENDS   >>>>>>>>>>

<<<<<<<<<<  ALIGNMENT BEGINS  <<<<<<<<<<

#  Aligning k-turn_consensus and 3cc7_0:2353-2357_2368-2370_2364-2366:
#  Alignment score:  9.8
#  P-value:  1.000e+00
#  Query aligned region: 0-1,11-12
#  Target aligned region: 3:'0'2357-4:'0'2358,8:'0'2365-9:'0'2366

	GG...AC
	GU...GC

#  Matched base-pairing interactions: 
	<G(1:)-A(11:) trans S/H>                       MATCHES	<U(4:'0'2358)-G(8:'0'2365) cis W/W>
	<G(0:)-C(12:) cis W/W>                         MATCHES	<G(3:'0'2357)-C(9:'0'2366) cis W/W>
#  Matched base-stacking interactions: 

>>>>>>>>>>   ALIGNMENT ENDS   >>>>>>>>>>

<<<<<<<<<<  ALIGNMENT BEGINS  <<<<<<<<<<

#  Aligning k-turn_consensus and 3cc7_0:2010-2012_1845-1859_1868-1883:
#  Alignment score:  9.8
#  P-value:  1.000e+00
#  Query aligned region: 0-1,11-12
#  Target aligned region: 16:'0'1859-17:'0'1860,18:'0'1869-19:'0'1870

	GG...AC
	AU...AC

#  Matched base-pairing interactions: 
	<G(1:)-A(11:) trans S/H>                       MATCHES	<U(17:'0'1860)-A(18:'0'1869) cis W/W>
	<G(0:)-C(12:) cis W/W>                         MATCHES	<A(16:'0'1859)-C(19:'0'1870) cis W/W>
#  Matched base-stacking interactions: 

>>>>>>>>>>   ALIGNMENT ENDS   >>>>>>>>>>

<<<<<<<<<<  ALIGNMENT BEGINS  <<<<<<<<<<

#  Aligning k-turn_consensus and 3cc7_0:1491-1498_1502-1513_1446-1450:
#  Alignment score:  9.8
#  P-value:  1.000e+00
#  Query aligned region: 0-0,12-12
#  Target aligned region: 6:'0'1498-6:'0'1498,12:'0'1507-12:'0'1507

	G...C
	G...C

#  Matched base-pairing interactions: 
	<G(0:)-C(12:) cis W/W>                         MATCHES	<G(6:'0'1498)-C(12:'0'1507) cis W/W>
#  Matched base-stacking interactions: 

>>>>>>>>>>   ALIGNMENT ENDS   >>>>>>>>>>

<<<<<<<<<<  ALIGNMENT BEGINS  <<<<<<<<<<

#  Aligning k-turn_consensus and 3cc7_0:51-55_61-73_103-108:
#  Alignment score:  9.8
#  P-value:  1.000e+00
#  Query aligned region: 0-0,12-12
#  Target aligned region: 4:'0'56-4:'0'56,5:'0'62-5:'0'62

	G...C
	G...C

#  Matched base-pairing interactions: 
	<G(0:)-C(12:) cis W/W>                         MATCHES	<G(4:'0'56)-C(5:'0'62) cis W/W>
#  Matched base-stacking interactions: 

>>>>>>>>>>   ALIGNMENT ENDS   >>>>>>>>>>

<<<<<<<<<<  ALIGNMENT BEGINS  <<<<<<<<<<

#  Aligning k-turn_consensus and 3cc7_0:28-33_477-478_447-464:
#  Alignment score:  9.8
#  P-value:  1.000e+00
#  Query aligned region: 0-0,12-12
#  Target aligned region: 4:'0'33-4:'0'33,10:'0'450-10:'0'450

	G...C
	G...C

#  Matched base-pairing interactions: 
	<G(0:)-C(12:) cis W/W>                         MATCHES	<G(4:'0'33)-C(10:'0'450) cis W/W>
#  Matched base-stacking interactions: 

>>>>>>>>>>   ALIGNMENT ENDS   >>>>>>>>>>

<<<<<<<<<<  ALIGNMENT BEGINS  <<<<<<<<<<

#  Aligning k-turn_consensus and 3cc7_0:1888-1890_1970-1981_2002-2014:
#  Alignment score:  9.8
#  P-value:  1.000e+00
#  Query aligned region: 0-1,11-12
#  Target aligned region: 7:'0'1975-8:'0'1976,16:'0'2004-17:'0'2005

	GG...AC
	CG...UG

#  Matched base-pairing interactions: 
	<G(1:)-A(11:) trans S/H>                       MATCHES	<G(8:'0'1976)-U(16:'0'2004) cis -/->
	<G(0:)-C(12:) cis W/W>                         MATCHES	<C(7:'0'1975)-G(17:'0'2005) cis W/W>
#  Matched base-stacking interactions: 

>>>>>>>>>>   ALIGNMENT ENDS   >>>>>>>>>>

<<<<<<<<<<  ALIGNMENT BEGINS  <<<<<<<<<<

#  Aligning k-turn_consensus and 3cc7_0:2497-2500_1130-1137_1224-1230:
#  Alignment score:  9.8
#  P-value:  1.000e+00
#  Query aligned region: 0-0,12-12
#  Target aligned region: 11:'0'1138-11:'0'1138,12:'0'1225-12:'0'1225

	G...C
	G...C

#  Matched base-pairing interactions: 
	<G(0:)-C(12:) cis W/W>                         MATCHES	<G(11:'0'1138)-C(12:'0'1225) cis W/W>
#  Matched base-stacking interactions: 

>>>>>>>>>>   ALIGNMENT ENDS   >>>>>>>>>>

<<<<<<<<<<  ALIGNMENT BEGINS  <<<<<<<<<<

#  Aligning k-turn_consensus and 3cc7_0:1721-1723_1411-1418_1677-1685:
#  Alignment score:  9.6
#  P-value:  1.000e+00
#  Query aligned region: 0-1,11-12
#  Target aligned region: 6:'0'1415-7:'0'1416,12:'0'1679-13:'0'1680

	GG...AC
	GG...CC

#  Matched base-pairing interactions: 
	<G(1:)-A(11:) trans S/H>                       MATCHES	<G(7:'0'1416)-C(12:'0'1679) cis W/W>
	<G(0:)-C(12:) cis W/W>                         MATCHES	<G(6:'0'1415)-C(13:'0'1680) cis W/W>
#  Matched base-stacking interactions: 

>>>>>>>>>>   ALIGNMENT ENDS   >>>>>>>>>>

<<<<<<<<<<  ALIGNMENT BEGINS  <<<<<<<<<<

#  Aligning k-turn_consensus and 3cc7_0:61-73_103-108_51-55:
#  Alignment score:  9.4
#  P-value:  1.000e+00
#  Query aligned region: 0-0,12-12
#  Target aligned region: 2:'0'64-2:'0'64,22:'0'55-22:'0'55

	G...C
	G...U

#  Matched base-pairing interactions: 
	<G(0:)-C(12:) cis W/W>                         MATCHES	<G(2:'0'64)-U(22:'0'55) cis W/W>
#  Matched base-stacking interactions: 

>>>>>>>>>>   ALIGNMENT ENDS   >>>>>>>>>>

<<<<<<<<<<  ALIGNMENT BEGINS  <<<<<<<<<<

#  Aligning k-turn_consensus and 3cc7_0:2466-2470_163-170_2274-2277:
#  Alignment score:  9.2
#  P-value:  1.000e+00
#  Query aligned region: 2-4,5-10
#  Target aligned region: 3:'0'2470-3:'0'2470,6:'0'165-11:'0'170,15:'0'2277-15:'0'2277

	G~A-G...CGAAG~A
	A~AAA...CA--U~U

#  Matched base-pairing interactions: 
	<A(3:)-G(6:) trans S/S>                        MATCHES	<A(6:'0'165)-A(10:'0'169) cis -/->
	<A(3:)-G(9:) trans H/S>                        MATCHES	<A(6:'0'165)-U(11:'0'170) cis -/->
	<G(4:)-A(10:) trans S/S>                       MATCHES	<A(8:'0'167)-U(15:'0'2277) trans S/S>
	<G(4:)-C(5:) cis W/W>                          MATCHES	<A(8:'0'167)-C(9:'0'168) cis -/->
	<G(2:)-A(10:) trans S/H>                       MATCHES	<A(3:'0'2470)-U(15:'0'2277) cis H/W>
#  Matched base-stacking interactions: 

>>>>>>>>>>   ALIGNMENT ENDS   >>>>>>>>>>

<<<<<<<<<<  ALIGNMENT BEGINS  <<<<<<<<<<

#  Aligning k-turn_consensus and 3cc7_0:2530-2535_2068-2076_2481-2489:
#  Alignment score:  9.2
#  P-value:  1.000e+00
#  Query aligned region: 0-1,11-12
#  Target aligned region: 3:'0'2534-3:'0'2534,13:'0'2076-14:'0'2077,21:'0'2488-21:'0'2488

	G~G...A~C
	C~U...C~A

#  Matched base-pairing interactions: 
	<G(0:)-C(12:) cis W/W>                         MATCHES	<C(3:'0'2534)-A(21:'0'2488) cis W/W>
	<G(1:)-A(11:) trans S/H>                       MATCHES	<U(13:'0'2076)-C(14:'0'2077) cis -/->
#  Matched base-stacking interactions: 

>>>>>>>>>>   ALIGNMENT ENDS   >>>>>>>>>>

<<<<<<<<<<  ALIGNMENT BEGINS  <<<<<<<<<<

#  Aligning k-turn_consensus and 3cc7_0:2890-2897_2859-2865_2727-2728:
#  Alignment score:  9
#  P-value:  1.000e+00
#  Query aligned region: 0-0,12-12
#  Target aligned region: 6:'0'2897-6:'0'2897,8:'0'2860-8:'0'2860

	G...C
	C...G

#  Matched base-pairing interactions: 
	<G(0:)-C(12:) cis W/W>                         MATCHES	<C(6:'0'2897)-G(8:'0'2860) cis W/W>
#  Matched base-stacking interactions: 

>>>>>>>>>>   ALIGNMENT ENDS   >>>>>>>>>>

<<<<<<<<<<  ALIGNMENT BEGINS  <<<<<<<<<<

#  Aligning k-turn_consensus and 3cc7_0:630-633_1043-1045_621-626:
#  Alignment score:  9
#  P-value:  1.000e+00
#  Query aligned region: 0-0,12-12
#  Target aligned region: 0:'0'632-0:'0'632,8:'0'623-8:'0'623

	G...C
	A...U

#  Matched base-pairing interactions: 
	<G(0:)-C(12:) cis W/W>                         MATCHES	<A(0:'0'632)-U(8:'0'623) cis W/W>
#  Matched base-stacking interactions: 

>>>>>>>>>>   ALIGNMENT ENDS   >>>>>>>>>>

<<<<<<<<<<  ALIGNMENT BEGINS  <<<<<<<<<<

#  Aligning k-turn_consensus and 3cc7_0:787-792_818-826_853-857:
#  Alignment score:  9
#  P-value:  1.000e+00
#  Query aligned region: 0-0,12-12
#  Target aligned region: 3:'0'791-3:'0'791,10:'0'823-10:'0'823

	G...C
	A...U

#  Matched base-pairing interactions: 
	<G(0:)-C(12:) cis W/W>                         MATCHES	<A(3:'0'791)-U(10:'0'823) cis W/W>
#  Matched base-stacking interactions: 

>>>>>>>>>>   ALIGNMENT ENDS   >>>>>>>>>>

<<<<<<<<<<  ALIGNMENT BEGINS  <<<<<<<<<<

#  Aligning k-turn_consensus and 3cc7_0:2469-2477_2107-2117_765-767:
#  Alignment score:  9
#  P-value:  1.000e+00
#  Query aligned region: 0-0,12-12
#  Target aligned region: 8:'0'2478-8:'0'2478,9:'0'2108-9:'0'2108

	G...C
	U...A

#  Matched base-pairing interactions: 
	<G(0:)-C(12:) cis W/W>                         MATCHES	<U(8:'0'2478)-A(9:'0'2108) cis W/W>
#  Matched base-stacking interactions: 

>>>>>>>>>>   ALIGNMENT ENDS   >>>>>>>>>>

<<<<<<<<<<  ALIGNMENT BEGINS  <<<<<<<<<<

#  Aligning k-turn_consensus and 3cc7_0:2563-2571_2507-2509_2561-2562:
#  Alignment score:  8.8
#  P-value:  1.000e+00
#  Query aligned region: 0-1,11-12
#  Target aligned region: 6:'0'2570-6:'0'2570,9:'0'2508-11:'0'2510,13:'0'2563-13:'0'2563

	G~G...A~C
	G~C...C~U

#  Matched base-pairing interactions: 
	<G(0:)-C(12:) cis W/W>                         MATCHES	<G(6:'0'2570)-U(13:'0'2563) cis W/W>
	<G(1:)-A(11:) trans S/H>                       MATCHES	<C(9:'0'2508)-C(11:'0'2510) cis -/->
#  Matched base-stacking interactions: 

>>>>>>>>>>   ALIGNMENT ENDS   >>>>>>>>>>

<<<<<<<<<<  ALIGNMENT BEGINS  <<<<<<<<<<

#  Aligning k-turn_consensus and 3cc7_0:1330-1336_1320-1329_904-906:
#  Alignment score:  8.6
#  P-value:  1.000e+00
#  Query aligned region: 0-1,11-12
#  Target aligned region: 14:'0'1328-15:'0'1329,18:'0'906-19:'0'907

	GG...AC
	AG...CA

#  Matched base-pairing interactions: 
	<G(1:)-A(11:) trans S/H>                       MATCHES	<G(15:'0'1329)-C(18:'0'906) cis -/->
	<G(0:)-C(12:) cis W/W>                         MATCHES	<A(14:'0'1328)-A(19:'0'907) cis -/->
#  Matched base-stacking interactions: 

>>>>>>>>>>   ALIGNMENT ENDS   >>>>>>>>>>

<<<<<<<<<<  ALIGNMENT BEGINS  <<<<<<<<<<

#  Aligning k-turn_consensus and 3cc7_0:841-842_1693-1695_1681-1692:
#  Alignment score:  8.6
#  P-value:  1.000e+00
#  Query aligned region: 0-1,11-12
#  Target aligned region: 2:'0'1694-3:'0'1695,9:'0'1686-10:'0'1687

	GG...AC
	GG...CC

#  Matched base-pairing interactions: 
	<G(1:)-A(11:) trans S/H>                       MATCHES	<G(3:'0'1695)-C(9:'0'1686) cis W/W>
	<G(0:)-C(12:) cis W/W>                         MATCHES	<G(2:'0'1694)-C(10:'0'1687) cis W/W>
#  Matched base-stacking interactions: 

>>>>>>>>>>   ALIGNMENT ENDS   >>>>>>>>>>

<<<<<<<<<<  ALIGNMENT BEGINS  <<<<<<<<<<

#  Aligning k-turn_consensus and 3cc7_0:865-867_777-779_774-776:
#  Alignment score:  8.2
#  P-value:  1.000e+00
#  Query aligned region: 0-0,12-12
#  Target aligned region: 0:'0'866-0:'0'866,5:'0'780-5:'0'780

	G...C
	U...A

#  Matched base-pairing interactions: 
	<G(0:)-C(12:) cis W/W>                         MATCHES	<U(0:'0'866)-A(5:'0'780) cis W/W>
#  Matched base-stacking interactions: 

>>>>>>>>>>   ALIGNMENT ENDS   >>>>>>>>>>

<<<<<<<<<<  ALIGNMENT BEGINS  <<<<<<<<<<

#  Aligning k-turn_consensus and 3cc7_0:1173-1175_1199-1205_1192-1197:
#  Alignment score:  8.2
#  P-value:  1.000e+00
#  Query aligned region: 0-0,12-12
#  Target aligned region: 6:'0'1203-6:'0'1203,13:'0'1196-13:'0'1196

	G...C
	G...C

#  Matched base-pairing interactions: 
	<G(0:)-C(12:) cis W/W>                         MATCHES	<G(6:'0'1203)-C(13:'0'1196) cis W/W>
#  Matched base-stacking interactions: 

>>>>>>>>>>   ALIGNMENT ENDS   >>>>>>>>>>

<<<<<<<<<<  ALIGNMENT BEGINS  <<<<<<<<<<

#  Aligning k-turn_consensus and 3cc7_0:705-721:
#  Alignment score:  7.9
#  P-value:  1.000e+00
#  Query aligned region: 0-1,11-12
#  Target aligned region: 6:'0'712-10:'0'716

	GG...A-C
	CU...UUG

#  Matched base-pairing interactions: 
	<G(0:)-C(12:) cis W/W>                         MATCHES	<C(6:'0'712)-G(10:'0'716) cis W/W>
	<G(1:)-A(11:) trans S/H>                       MATCHES	<U(7:'0'713)-U(8:'0'714) cis S/H>
#  Matched base-stacking interactions: 

>>>>>>>>>>   ALIGNMENT ENDS   >>>>>>>>>>

<<<<<<<<<<  ALIGNMENT BEGINS  <<<<<<<<<<

#  Aligning k-turn_consensus and 3cc7_0:624-629_1075-1082_2067-2073:
#  Alignment score:  7.6
#  P-value:  1.000e+00
#  Query aligned region: 0-1,11-12
#  Target aligned region: 0:'0'625-1:'0'626,11:'0'1081-11:'0'1081,17:'0'2071-17:'0'2071

	GG...A~C
	UU...A~C

#  Matched base-pairing interactions: 
	<G(0:)-C(12:) cis W/W>                         MATCHES	<U(0:'0'625)-C(17:'0'2071) cis W/W>
	<G(1:)-A(11:) trans S/H>                       MATCHES	<U(1:'0'626)-A(11:'0'1081) cis -/->
#  Matched base-stacking interactions: 

>>>>>>>>>>   ALIGNMENT ENDS   >>>>>>>>>>

<<<<<<<<<<  ALIGNMENT BEGINS  <<<<<<<<<<

#  Aligning k-turn_consensus and 3cc7_0:2754-2763_2038-2040_2717-2725:
#  Alignment score:  7.4
#  P-value:  1.000e+00
#  Query aligned region: 0-1,11-12
#  Target aligned region: 3:'0'2758-3:'0'2758,10:'0'2039-10:'0'2039,18:'0'2723-19:'0'2724

	G~G...AC
	G~A...GU

#  Matched base-pairing interactions: 
	<G(0:)-C(12:) cis W/W>                         MATCHES	<G(3:'0'2758)-U(19:'0'2724) cis W/W>
	<G(1:)-A(11:) trans S/H>                       MATCHES	<A(10:'0'2039)-G(18:'0'2723) cis -/->
#  Matched base-stacking interactions: 

>>>>>>>>>>   ALIGNMENT ENDS   >>>>>>>>>>

<<<<<<<<<<  ALIGNMENT BEGINS  <<<<<<<<<<

#  Aligning k-turn_consensus and 3cc7_0:624-625_1075-1082_1043-1045:
#  Alignment score:  7.4
#  P-value:  1.000e+00
#  Query aligned region: 0-0,12-12
#  Target aligned region: 2:'0'1076-9:'0'1083

	G...C
	G...C

#  Matched base-pairing interactions: 
	<G(0:)-C(12:) cis W/W>                         MATCHES	<G(2:'0'1076)-C(9:'0'1083) cis W/W>
#  Matched base-stacking interactions: 

>>>>>>>>>>   ALIGNMENT ENDS   >>>>>>>>>>

<<<<<<<<<<  ALIGNMENT BEGINS  <<<<<<<<<<

#  Aligning k-turn_consensus and 3cc7_0:1330-1336_904-906_1320-1329:
#  Alignment score:  7.4
#  P-value:  1.000e+00
#  Query aligned region: 0-0,12-12
#  Target aligned region: 0:'0'1331-0:'0'1331,15:'0'1326-15:'0'1326

	G...C
	G...C

#  Matched base-pairing interactions: 
	<G(0:)-C(12:) cis W/W>                         MATCHES	<G(0:'0'1331)-C(15:'0'1326) cis W/W>
#  Matched base-stacking interactions: 

>>>>>>>>>>   ALIGNMENT ENDS   >>>>>>>>>>

<<<<<<<<<<  ALIGNMENT BEGINS  <<<<<<<<<<

#  Aligning k-turn_consensus and 3cc7_0:2754-2763_2717-2725_2038-2040:
#  Alignment score:  7.2
#  P-value:  1.000e+00
#  Query aligned region: 0-1,11-12
#  Target aligned region: 8:'0'2763-9:'0'2764,11:'0'2719-12:'0'2720

	GG...AC
	GC...AC

#  Matched base-pairing interactions: 
	<G(1:)-A(11:) trans S/H>                       MATCHES	<C(9:'0'2764)-A(11:'0'2719) trans S/W>
	<G(0:)-C(12:) cis W/W>                         MATCHES	<G(8:'0'2763)-C(12:'0'2720) cis S/W>
#  Matched base-stacking interactions: 

>>>>>>>>>>   ALIGNMENT ENDS   >>>>>>>>>>

<<<<<<<<<<  ALIGNMENT BEGINS  <<<<<<<<<<

#  Aligning k-turn_consensus and 3cc7_0:425-429_407-414_189-193:
#  Alignment score:  6.6
#  P-value:  1.000e+00
#  Query aligned region: 0-0,12-12
#  Target aligned region: 2:'0'428-2:'0'428,9:'0'412-9:'0'412

	G...C
	G...C

#  Matched base-pairing interactions: 
	<G(0:)-C(12:) cis W/W>                         MATCHES	<G(2:'0'428)-C(9:'0'412) cis W/W>
#  Matched base-stacking interactions: 

>>>>>>>>>>   ALIGNMENT ENDS   >>>>>>>>>>

<<<<<<<<<<  ALIGNMENT BEGINS  <<<<<<<<<<

#  Aligning k-turn_consensus and 3cc7_0:1298-1300_904-906_1325-1330:
#  Alignment score:  5.8
#  P-value:  1.000e+00
#  Query aligned region: 0-0,12-12
#  Target aligned region: 1:'0'1300-1:'0'1300,3:'0'905-3:'0'905

	G...C
	G...C

#  Matched base-pairing interactions: 
	<G(0:)-C(12:) cis W/W>                         MATCHES	<G(1:'0'1300)-C(3:'0'905) cis W/W>
#  Matched base-stacking interactions: 

>>>>>>>>>>   ALIGNMENT ENDS   >>>>>>>>>>

<<<<<<<<<<  ALIGNMENT BEGINS  <<<<<<<<<<

#  Aligning k-turn_consensus and 3cc7_0:2492-2500_2525-2527_2519-2524:
#  Alignment score:  5.4
#  P-value:  1.000e+00
#  Query aligned region: 0-0,12-12
#  Target aligned region: 1:'0'2494-1:'0'2494,11:'0'2528-11:'0'2528

	G...C
	G...U

#  Matched base-pairing interactions: 
	<G(0:)-C(12:) cis W/W>                         MATCHES	<G(1:'0'2494)-U(11:'0'2528) cis W/W>
#  Matched base-stacking interactions: 

>>>>>>>>>>   ALIGNMENT ENDS   >>>>>>>>>>

<<<<<<<<<<  ALIGNMENT BEGINS  <<<<<<<<<<

#  Aligning k-turn_consensus and 3cc7_0:1312-1313_333-342_311-318:
#  Alignment score:  5
#  P-value:  1.000e+00
#  Query aligned region: 0-1,11-12
#  Target aligned region: 1:'0'1314-1:'0'1314,4:'0'336-4:'0'336,15:'0'315-16:'0'316

	G~G...AC
	U~G...GA

#  Matched base-pairing interactions: 
	<G(0:)-C(12:) cis W/W>                         MATCHES	<U(1:'0'1314)-A(16:'0'316) trans S/W>
	<G(1:)-A(11:) trans S/H>                       MATCHES	<G(4:'0'336)-G(15:'0'315) trans S/S>
#  Matched base-stacking interactions: 

>>>>>>>>>>   ALIGNMENT ENDS   >>>>>>>>>>

<<<<<<<<<<  ALIGNMENT BEGINS  <<<<<<<<<<

#  Aligning k-turn_consensus and 3cc7_0:450-457_458-464_474-478:
#  Alignment score:  4.9
#  P-value:  1.000e+00
#  Query aligned region: 
#  Target aligned region: 

	
	

#  Matched base-pairing interactions: 
#  Matched base-stacking interactions: 

>>>>>>>>>>   ALIGNMENT ENDS   >>>>>>>>>>

<<<<<<<<<<  ALIGNMENT BEGINS  <<<<<<<<<<

#  Aligning k-turn_consensus and 3cc7_0:2480-2484_2530-2537_2281-2285:
#  Alignment score:  4.8
#  P-value:  1.000e+00
#  Query aligned region: 0-1,11-12
#  Target aligned region: 5:'0'2531-7:'0'2533,14:'0'2283-14:'0'2283

	GG...A~C
	UA...C~G

#  Matched base-pairing interactions: 
	<G(0:)-C(12:) cis W/W>                         MATCHES	<U(5:'0'2531)-G(14:'0'2283) trans S/S>
	<G(1:)-A(11:) trans S/H>                       MATCHES	<A(6:'0'2532)-C(7:'0'2533) cis S/H>
#  Matched base-stacking interactions: 

>>>>>>>>>>   ALIGNMENT ENDS   >>>>>>>>>>

<<<<<<<<<<  ALIGNMENT BEGINS  <<<<<<<<<<

#  Aligning k-turn_consensus and 3cc7_0:624-626_1043-1051_1062-1068:
#  Alignment score:  4.7
#  P-value:  1.000e+00
#  Query aligned region: 
#  Target aligned region: 

	
	

#  Matched base-pairing interactions: 
#  Matched base-stacking interactions: 

>>>>>>>>>>   ALIGNMENT ENDS   >>>>>>>>>>

<<<<<<<<<<  ALIGNMENT BEGINS  <<<<<<<<<<

#  Aligning k-turn_consensus and 3cc7_0:1408-1411_1405-1407_1696-1700:
#  Alignment score:  4.7
#  P-value:  1.000e+00
#  Query aligned region: 
#  Target aligned region: 

	
	

#  Matched base-pairing interactions: 
#  Matched base-stacking interactions: 

>>>>>>>>>>   ALIGNMENT ENDS   >>>>>>>>>>

<<<<<<<<<<  ALIGNMENT BEGINS  <<<<<<<<<<

#  Aligning k-turn_consensus and 3cc7_0:2561-2562_2507-2509_2563-2571:
#  Alignment score:  4.4
#  P-value:  1.000e+00
#  Query aligned region: 
#  Target aligned region: 

	
	

#  Matched base-pairing interactions: 
#  Matched base-stacking interactions: 

>>>>>>>>>>   ALIGNMENT ENDS   >>>>>>>>>>

<<<<<<<<<<  ALIGNMENT BEGINS  <<<<<<<<<<

#  Aligning k-turn_consensus and 3cc7_0:2561-2562_2563-2571_2507-2509:
#  Alignment score:  4.4
#  P-value:  1.000e+00
#  Query aligned region: 
#  Target aligned region: 

	
	

#  Matched base-pairing interactions: 
#  Matched base-stacking interactions: 

>>>>>>>>>>   ALIGNMENT ENDS   >>>>>>>>>>

<<<<<<<<<<  ALIGNMENT BEGINS  <<<<<<<<<<

#  Aligning k-turn_consensus and 3cc7_0:2281-2285_2480-2484_2530-2537:
#  Alignment score:  4.4
#  P-value:  1.000e+00
#  Query aligned region: 
#  Target aligned region: 

	
	

#  Matched base-pairing interactions: 
#  Matched base-stacking interactions: 

>>>>>>>>>>   ALIGNMENT ENDS   >>>>>>>>>>

<<<<<<<<<<  ALIGNMENT BEGINS  <<<<<<<<<<

#  Aligning k-turn_consensus and 3cc7_0:2275-2277_2426-2428_2465-2470:
#  Alignment score:  4.4
#  P-value:  1.000e+00
#  Query aligned region: 0-1,11-12
#  Target aligned region: 0:'0'2276-0:'0'2276,3:'0'2427-4:'0'2428,9:'0'2469-9:'0'2469

	G~G...A~C
	U~C...G~A

#  Matched base-pairing interactions: 
	<G(0:)-C(12:) cis W/W>                         MATCHES	<U(0:'0'2276)-A(9:'0'2469) cis -/->
	<G(1:)-A(11:) trans S/H>                       MATCHES	<C(3:'0'2427)-G(4:'0'2428) cis S/H>
#  Matched base-stacking interactions: 

>>>>>>>>>>   ALIGNMENT ENDS   >>>>>>>>>>

<<<<<<<<<<  ALIGNMENT BEGINS  <<<<<<<<<<

#  Aligning k-turn_consensus and 3cc7_0:450-457_474-478_458-464:
#  Alignment score:  4.3
#  P-value:  1.000e+00
#  Query aligned region: 
#  Target aligned region: 

	
	

#  Matched base-pairing interactions: 
#  Matched base-stacking interactions: 

>>>>>>>>>>   ALIGNMENT ENDS   >>>>>>>>>>

<<<<<<<<<<  ALIGNMENT BEGINS  <<<<<<<<<<

#  Aligning k-turn_consensus and 3cc7_0:2281-2285_2530-2537_2480-2484:
#  Alignment score:  4.3
#  P-value:  1.000e+00
#  Query aligned region: 
#  Target aligned region: 

	
	

#  Matched base-pairing interactions: 
#  Matched base-stacking interactions: 

>>>>>>>>>>   ALIGNMENT ENDS   >>>>>>>>>>

<<<<<<<<<<  ALIGNMENT BEGINS  <<<<<<<<<<

#  Aligning k-turn_consensus and 3cc7_0:1696-1700_1405-1407_1408-1411:
#  Alignment score:  4.3
#  P-value:  1.000e+00
#  Query aligned region: 
#  Target aligned region: 

	
	

#  Matched base-pairing interactions: 
#  Matched base-stacking interactions: 

>>>>>>>>>>   ALIGNMENT ENDS   >>>>>>>>>>

<<<<<<<<<<  ALIGNMENT BEGINS  <<<<<<<<<<

#  Aligning k-turn_consensus and 3cc7_0:1312-1313_311-318_333-342:
#  Alignment score:  4.2
#  P-value:  1.000e+00
#  Query aligned region: 
#  Target aligned region: 

	
	

#  Matched base-pairing interactions: 
#  Matched base-stacking interactions: 

>>>>>>>>>>   ALIGNMENT ENDS   >>>>>>>>>>

<<<<<<<<<<  ALIGNMENT BEGINS  <<<<<<<<<<

#  Aligning k-turn_consensus and 3cc7_0:311-318_333-342_1312-1313:
#  Alignment score:  4.2
#  P-value:  1.000e+00
#  Query aligned region: 
#  Target aligned region: 

	
	

#  Matched base-pairing interactions: 
#  Matched base-stacking interactions: 

>>>>>>>>>>   ALIGNMENT ENDS   >>>>>>>>>>

<<<<<<<<<<  ALIGNMENT BEGINS  <<<<<<<<<<

#  Aligning k-turn_consensus and 3cc7_0:2009-2015_1885-1889:
#  Alignment score:  4.2
#  P-value:  1.000e+00
#  Query aligned region: 
#  Target aligned region: 

	
	

#  Matched base-pairing interactions: 
#  Matched base-stacking interactions: 

>>>>>>>>>>   ALIGNMENT ENDS   >>>>>>>>>>

<<<<<<<<<<  ALIGNMENT BEGINS  <<<<<<<<<<

#  Aligning k-turn_consensus and 3cc7_0:856-862_783-788:
#  Alignment score:  4.1
#  P-value:  1.000e+00
#  Query aligned region: 
#  Target aligned region: 

	
	

#  Matched base-pairing interactions: 
#  Matched base-stacking interactions: 

>>>>>>>>>>   ALIGNMENT ENDS   >>>>>>>>>>

<<<<<<<<<<  ALIGNMENT BEGINS  <<<<<<<<<<

#  Aligning k-turn_consensus and 3cc7_0:1408-1411_1696-1700_1405-1407:
#  Alignment score:  4.1
#  P-value:  1.000e+00
#  Query aligned region: 
#  Target aligned region: 

	
	

#  Matched base-pairing interactions: 
#  Matched base-stacking interactions: 

>>>>>>>>>>   ALIGNMENT ENDS   >>>>>>>>>>

<<<<<<<<<<  ALIGNMENT BEGINS  <<<<<<<<<<

#  Aligning k-turn_consensus and 3cc7_0:1405-1407_1408-1411_1696-1700:
#  Alignment score:  4.1
#  P-value:  1.000e+00
#  Query aligned region: 
#  Target aligned region: 

	
	

#  Matched base-pairing interactions: 
#  Matched base-stacking interactions: 

>>>>>>>>>>   ALIGNMENT ENDS   >>>>>>>>>>

<<<<<<<<<<  ALIGNMENT BEGINS  <<<<<<<<<<

#  Aligning k-turn_consensus and 3cc7_0:474-478_450-457_458-464:
#  Alignment score:  4
#  P-value:  1.000e+00
#  Query aligned region: 
#  Target aligned region: 

	
	

#  Matched base-pairing interactions: 
#  Matched base-stacking interactions: 

>>>>>>>>>>   ALIGNMENT ENDS   >>>>>>>>>>

<<<<<<<<<<  ALIGNMENT BEGINS  <<<<<<<<<<

#  Aligning k-turn_consensus and 3cc7_0:2507-2509_2561-2562_2563-2571:
#  Alignment score:  4
#  P-value:  1.000e+00
#  Query aligned region: 
#  Target aligned region: 

	
	

#  Matched base-pairing interactions: 
#  Matched base-stacking interactions: 

>>>>>>>>>>   ALIGNMENT ENDS   >>>>>>>>>>

<<<<<<<<<<  ALIGNMENT BEGINS  <<<<<<<<<<

#  Aligning k-turn_consensus and 3cc7_0:2442-2450_415-422:
#  Alignment score:  4
#  P-value:  1.000e+00
#  Query aligned region: 
#  Target aligned region: 

	
	

#  Matched base-pairing interactions: 
#  Matched base-stacking interactions: 

>>>>>>>>>>   ALIGNMENT ENDS   >>>>>>>>>>

<<<<<<<<<<  ALIGNMENT BEGINS  <<<<<<<<<<

#  Aligning k-turn_consensus and 3cc7_0:1294-1299_903-909:
#  Alignment score:  4
#  P-value:  1.000e+00
#  Query aligned region: 
#  Target aligned region: 

	
	

#  Matched base-pairing interactions: 
#  Matched base-stacking interactions: 

>>>>>>>>>>   ALIGNMENT ENDS   >>>>>>>>>>

<<<<<<<<<<  ALIGNMENT BEGINS  <<<<<<<<<<

#  Aligning k-turn_consensus and 3cc7_0:1890-1893_1938-1945:
#  Alignment score:  3.9
#  P-value:  1.000e+00
#  Query aligned region: 
#  Target aligned region: 

	
	

#  Matched base-pairing interactions: 
#  Matched base-stacking interactions: 

>>>>>>>>>>   ALIGNMENT ENDS   >>>>>>>>>>

<<<<<<<<<<  ALIGNMENT BEGINS  <<<<<<<<<<

#  Aligning k-turn_consensus and 3cc7_0:458-464_474-478_450-457:
#  Alignment score:  3.8
#  P-value:  1.000e+00
#  Query aligned region: 
#  Target aligned region: 

	
	

#  Matched base-pairing interactions: 
#  Matched base-stacking interactions: 

>>>>>>>>>>   ALIGNMENT ENDS   >>>>>>>>>>

<<<<<<<<<<  ALIGNMENT BEGINS  <<<<<<<<<<

#  Aligning k-turn_consensus and 3cc7_0:783-788_856-862:
#  Alignment score:  3.8
#  P-value:  1.000e+00
#  Query aligned region: 
#  Target aligned region: 

	
	

#  Matched base-pairing interactions: 
#  Matched base-stacking interactions: 

>>>>>>>>>>   ALIGNMENT ENDS   >>>>>>>>>>

<<<<<<<<<<  ALIGNMENT BEGINS  <<<<<<<<<<

#  Aligning k-turn_consensus and 3cc7_0:2480-2484_2281-2285_2530-2537:
#  Alignment score:  3.8
#  P-value:  1.000e+00
#  Query aligned region: 
#  Target aligned region: 

	
	

#  Matched base-pairing interactions: 
#  Matched base-stacking interactions: 

>>>>>>>>>>   ALIGNMENT ENDS   >>>>>>>>>>

<<<<<<<<<<  ALIGNMENT BEGINS  <<<<<<<<<<

#  Aligning k-turn_consensus and 3cc7_0:1938-1945_1890-1893:
#  Alignment score:  3.8
#  P-value:  1.000e+00
#  Query aligned region: 
#  Target aligned region: 

	
	

#  Matched base-pairing interactions: 
#  Matched base-stacking interactions: 

>>>>>>>>>>   ALIGNMENT ENDS   >>>>>>>>>>

<<<<<<<<<<  ALIGNMENT BEGINS  <<<<<<<<<<

#  Aligning k-turn_consensus and 3cc7_0:2449-2453_2437-2441:
#  Alignment score:  3.7
#  P-value:  1.000e+00
#  Query aligned region: 
#  Target aligned region: 

	
	

#  Matched base-pairing interactions: 
#  Matched base-stacking interactions: 

>>>>>>>>>>   ALIGNMENT ENDS   >>>>>>>>>>

<<<<<<<<<<  ALIGNMENT BEGINS  <<<<<<<<<<

#  Aligning k-turn_consensus and 3cc7_0:1037-1040_928-930:
#  Alignment score:  3.7
#  P-value:  1.000e+00
#  Query aligned region: 
#  Target aligned region: 

	
	

#  Matched base-pairing interactions: 
#  Matched base-stacking interactions: 

>>>>>>>>>>   ALIGNMENT ENDS   >>>>>>>>>>

<<<<<<<<<<  ALIGNMENT BEGINS  <<<<<<<<<<

#  Aligning k-turn_consensus and 3cc7_0:1696-1700_1408-1411_1405-1407:
#  Alignment score:  3.7
#  P-value:  1.000e+00
#  Query aligned region: 
#  Target aligned region: 

	
	

#  Matched base-pairing interactions: 
#  Matched base-stacking interactions: 

>>>>>>>>>>   ALIGNMENT ENDS   >>>>>>>>>>

<<<<<<<<<<  ALIGNMENT BEGINS  <<<<<<<<<<

#  Aligning k-turn_consensus and 3cc7_0:1405-1407_1696-1700_1408-1411:
#  Alignment score:  3.7
#  P-value:  1.000e+00
#  Query aligned region: 
#  Target aligned region: 

	
	

#  Matched base-pairing interactions: 
#  Matched base-stacking interactions: 

>>>>>>>>>>   ALIGNMENT ENDS   >>>>>>>>>>

<<<<<<<<<<  ALIGNMENT BEGINS  <<<<<<<<<<

#  Aligning k-turn_consensus and 3cc7_0:333-342_1312-1313_311-318:
#  Alignment score:  3.6
#  P-value:  1.000e+00
#  Query aligned region: 
#  Target aligned region: 

	
	

#  Matched base-pairing interactions: 
#  Matched base-stacking interactions: 

>>>>>>>>>>   ALIGNMENT ENDS   >>>>>>>>>>

<<<<<<<<<<  ALIGNMENT BEGINS  <<<<<<<<<<

#  Aligning k-turn_consensus and 3cc7_0:333-342_311-318_1312-1313:
#  Alignment score:  3.6
#  P-value:  1.000e+00
#  Query aligned region: 
#  Target aligned region: 

	
	

#  Matched base-pairing interactions: 
#  Matched base-stacking interactions: 

>>>>>>>>>>   ALIGNMENT ENDS   >>>>>>>>>>

<<<<<<<<<<  ALIGNMENT BEGINS  <<<<<<<<<<

#  Aligning k-turn_consensus and 3cc7_0:1189-1191_1182-1185_1180-1181:
#  Alignment score:  3.6
#  P-value:  1.000e+00
#  Query aligned region: 0-0,12-12
#  Target aligned region: 0:'0'1190-0:'0'1190,6:'0'1186-6:'0'1186

	G...C
	G...C

#  Matched base-pairing interactions: 
	<G(0:)-C(12:) cis W/W>                         MATCHES	<G(0:'0'1190)-C(6:'0'1186) trans W/W>
#  Matched base-stacking interactions: 

>>>>>>>>>>   ALIGNMENT ENDS   >>>>>>>>>>

<<<<<<<<<<  ALIGNMENT BEGINS  <<<<<<<<<<

#  Aligning k-turn_consensus and 3cc7_0:474-478_458-464_450-457:
#  Alignment score:  3.5
#  P-value:  1.000e+00
#  Query aligned region: 
#  Target aligned region: 

	
	

#  Matched base-pairing interactions: 
#  Matched base-stacking interactions: 

>>>>>>>>>>   ALIGNMENT ENDS   >>>>>>>>>>

<<<<<<<<<<  ALIGNMENT BEGINS  <<<<<<<<<<

#  Aligning k-turn_consensus and 3cc7_0:1885-1889_2009-2015:
#  Alignment score:  3.5
#  P-value:  1.000e+00
#  Query aligned region: 
#  Target aligned region: 

	
	

#  Matched base-pairing interactions: 
#  Matched base-stacking interactions: 

>>>>>>>>>>   ALIGNMENT ENDS   >>>>>>>>>>

<<<<<<<<<<  ALIGNMENT BEGINS  <<<<<<<<<<

#  Aligning k-turn_consensus and 3cc7_0:415-422_2442-2450:
#  Alignment score:  3.4
#  P-value:  1.000e+00
#  Query aligned region: 
#  Target aligned region: 

	
	

#  Matched base-pairing interactions: 
#  Matched base-stacking interactions: 

>>>>>>>>>>   ALIGNMENT ENDS   >>>>>>>>>>

<<<<<<<<<<  ALIGNMENT BEGINS  <<<<<<<<<<

#  Aligning k-turn_consensus and 3cc7_0:2437-2441_2449-2453:
#  Alignment score:  3.3
#  P-value:  1.000e+00
#  Query aligned region: 
#  Target aligned region: 

	
	

#  Matched base-pairing interactions: 
#  Matched base-stacking interactions: 

>>>>>>>>>>   ALIGNMENT ENDS   >>>>>>>>>>

<<<<<<<<<<  ALIGNMENT BEGINS  <<<<<<<<<<

#  Aligning k-turn_consensus and 3cc7_0:903-909_1294-1299:
#  Alignment score:  3.3
#  P-value:  1.000e+00
#  Query aligned region: 
#  Target aligned region: 

	
	

#  Matched base-pairing interactions: 
#  Matched base-stacking interactions: 

>>>>>>>>>>   ALIGNMENT ENDS   >>>>>>>>>>

<<<<<<<<<<  ALIGNMENT BEGINS  <<<<<<<<<<

#  Aligning k-turn_consensus and 3cc7_0:1182-1185_1189-1191_1180-1181:
#  Alignment score:  3
#  P-value:  1.000e+00
#  Query aligned region: 
#  Target aligned region: 

	
	

#  Matched base-pairing interactions: 
#  Matched base-stacking interactions: 

>>>>>>>>>>   ALIGNMENT ENDS   >>>>>>>>>>

<<<<<<<<<<  ALIGNMENT BEGINS  <<<<<<<<<<

#  Aligning k-turn_consensus and 3cc7_0:928-930_1037-1040:
#  Alignment score:  2.8
#  P-value:  1.000e+00
#  Query aligned region: 
#  Target aligned region: 

	
	

#  Matched base-pairing interactions: 
#  Matched base-stacking interactions: 

>>>>>>>>>>   ALIGNMENT ENDS   >>>>>>>>>>

<<<<<<<<<<  ALIGNMENT BEGINS  <<<<<<<<<<

#  Aligning k-turn_consensus and 3cc7_0:1403-1407_1715-1717:
#  Alignment score:  2.8
#  P-value:  1.000e+00
#  Query aligned region: 
#  Target aligned region: 

	
	

#  Matched base-pairing interactions: 
#  Matched base-stacking interactions: 

>>>>>>>>>>   ALIGNMENT ENDS   >>>>>>>>>>

<<<<<<<<<<  ALIGNMENT BEGINS  <<<<<<<<<<

#  Aligning k-turn_consensus and 3cc7_0:1715-1717_1403-1407:
#  Alignment score:  2.7
#  P-value:  1.000e+00
#  Query aligned region: 
#  Target aligned region: 

	
	

#  Matched base-pairing interactions: 
#  Matched base-stacking interactions: 

>>>>>>>>>>   ALIGNMENT ENDS   >>>>>>>>>>

<<<<<<<<<<  ALIGNMENT BEGINS  <<<<<<<<<<

#  Aligning k-turn_consensus and 3cc7_0:2531-2536_2099-2103:
#  Alignment score:  2.4
#  P-value:  1.000e+00
#  Query aligned region: 
#  Target aligned region: 

	
	

#  Matched base-pairing interactions: 
#  Matched base-stacking interactions: 

>>>>>>>>>>   ALIGNMENT ENDS   >>>>>>>>>>

<<<<<<<<<<  ALIGNMENT BEGINS  <<<<<<<<<<

#  Aligning k-turn_consensus and 3cc7_0:2099-2103_2531-2536:
#  Alignment score:  2.3
#  P-value:  1.000e+00
#  Query aligned region: 
#  Target aligned region: 

	
	

#  Matched base-pairing interactions: 
#  Matched base-stacking interactions: 

>>>>>>>>>>   ALIGNMENT ENDS   >>>>>>>>>>

