$ /home/s081p868/scratch/RNAMotifScanX-release/bin/scan /home/s081p868/scratch/RNAMotifScanX-release/models/k-turn_consensus.struct /rfs/poseidon_share/s081p868/RNAMotifScanX_nr/rmsx_work_default/3ccm/0/3ccm_0.rmsx.in --map_pdb=/rfs/poseidon_share/s081p868/RNAMotifScanX_nr/rmsx_work_default/3ccm/0/3ccm_0.rmsx.nch --pvalue 1.0 --num_threads 8 --write_alignment
<<<<<<<<<<  ALIGNMENT BEGINS  <<<<<<<<<<

#  Aligning k-turn_consensus and 3ccm_0:73-82_90-103:
#  Alignment score:  154.2
#  P-value:  6.151e-03
#  Query aligned region: 0-4,5-12
#  Target aligned region: 3:'0'77-7:'0'81,12:'0'93-19:'0'100

	GGGAG...CGAAGAAC
	GGGAG...CGAAGAAC

#  Matched base-pairing interactions: 
	<G(1:)-A(11:) trans S/H>                       MATCHES	<G(4:'0'78)-A(18:'0'99) trans S/H>
	<G(2:)-A(10:) trans S/H>                       MATCHES	<G(5:'0'79)-A(17:'0'98) trans S/H>
	<A(3:)-G(9:) trans H/S>                        MATCHES	<A(6:'0'80)-G(16:'0'97) trans H/S>
	<A(3:)-G(6:) trans S/S>                        MATCHES	<A(6:'0'80)-G(13:'0'94) cis -/->
	<G(4:)-A(10:) trans S/S>                       MATCHES	<G(7:'0'81)-A(17:'0'98) trans S/S>
	<G(4:)-C(5:) cis W/W>                          MATCHES	<G(7:'0'81)-C(12:'0'93) cis W/W>
	<G(0:)-C(12:) cis W/W>                         MATCHES	<G(3:'0'77)-C(19:'0'100) cis W/W>
#  Matched base-stacking interactions: 
	<A(3:)-A(10:) outward>                         MATCHES	<A(6:'0'80)-A(17:'0'98) outward>

>>>>>>>>>>   ALIGNMENT ENDS   >>>>>>>>>>

<<<<<<<<<<  ALIGNMENT BEGINS  <<<<<<<<<<

#  Aligning k-turn_consensus and 3ccm_0:934-942_1023-1026_1030-1035:
#  Alignment score:  131.6
#  P-value:  9.096e-03
#  Query aligned region: 0-4,5-12
#  Target aligned region: 1:'0'936-5:'0'940,11:'0'1026-12:'0'1027,13:'0'1031-16:'0'1034

	GGGAG...CG~GAAC
	CCGAG...UG~GACG

#  Matched base-pairing interactions: 
	<G(1:)-A(11:) trans S/H>                       MATCHES	<C(2:'0'937)-C(15:'0'1033) cis -/->
	<G(2:)-A(10:) trans S/H>                       MATCHES	<G(3:'0'938)-A(14:'0'1032) trans S/H>
	<A(3:)-G(9:) trans H/S>                        MATCHES	<A(4:'0'939)-G(13:'0'1031) trans H/S>
	<G(4:)-A(10:) trans S/S>                       MATCHES	<G(5:'0'940)-A(14:'0'1032) trans S/S>
	<G(4:)-C(5:) cis W/W>                          MATCHES	<G(5:'0'940)-U(11:'0'1026) cis W/W>
	<A(3:)-G(6:) trans S/S>                        MATCHES	<A(4:'0'939)-G(12:'0'1027) cis -/->
	<G(0:)-C(12:) cis W/W>                         MATCHES	<C(1:'0'936)-G(16:'0'1034) cis W/W>
#  Matched base-stacking interactions: 
	<A(3:)-A(10:) outward>                         MATCHES	<A(4:'0'939)-A(14:'0'1032) outward>

>>>>>>>>>>   ALIGNMENT ENDS   >>>>>>>>>>

<<<<<<<<<<  ALIGNMENT BEGINS  <<<<<<<<<<

#  Aligning k-turn_consensus and 3ccm_0:1207-1215_1146-1158:
#  Alignment score:  127.3
#  P-value:  9.893e-03
#  Query aligned region: 0-4,5-12
#  Target aligned region: 4:'0'1212-8:'0'1216,9:'0'1147-17:'0'1155

	GGGAG...CGAAGA-AC
	CCGAG...CCUAGACAG

#  Matched base-pairing interactions: 
	<G(1:)-A(11:) trans S/H>                       MATCHES	<C(5:'0'1213)-A(16:'0'1154) cis S/W>
	<G(2:)-A(10:) trans S/H>                       MATCHES	<G(6:'0'1214)-A(14:'0'1152) trans S/H>
	<G(0:)-C(12:) cis W/W>                         MATCHES	<C(4:'0'1212)-G(17:'0'1155) cis W/W>
	<G(4:)-A(10:) trans S/S>                       MATCHES	<G(8:'0'1216)-A(14:'0'1152) trans S/S>
	<G(4:)-C(5:) cis W/W>                          MATCHES	<G(8:'0'1216)-C(9:'0'1147) cis W/W>
	<A(3:)-G(9:) trans H/S>                        MATCHES	<A(7:'0'1215)-G(13:'0'1151) trans H/S>
	<A(3:)-G(6:) trans S/S>                        MATCHES	<A(7:'0'1215)-C(10:'0'1148) cis -/->
#  Matched base-stacking interactions: 
	<A(3:)-A(10:) outward>                         MATCHES	<A(7:'0'1215)-A(14:'0'1152) outward>

>>>>>>>>>>   ALIGNMENT ENDS   >>>>>>>>>>

<<<<<<<<<<  ALIGNMENT BEGINS  <<<<<<<<<<

#  Aligning k-turn_consensus and 3ccm_0:315-316_1336-1343_1310-1320:
#  Alignment score:  123.4
#  P-value:  1.071e-02
#  Query aligned region: 0-4,5-12
#  Target aligned region: 3:'0'1338-7:'0'1342,11:'0'1312-18:'0'1319

	GGGAG...CGAAGAAC
	UGGAC...GAUGGAAG

#  Matched base-pairing interactions: 
	<G(1:)-A(11:) trans S/H>                       MATCHES	<G(4:'0'1339)-A(17:'0'1318) trans S/H>
	<G(2:)-A(10:) trans S/H>                       MATCHES	<G(5:'0'1340)-A(16:'0'1317) trans S/H>
	<A(3:)-G(9:) trans H/S>                        MATCHES	<A(6:'0'1341)-G(15:'0'1316) trans H/S>
	<G(4:)-C(5:) cis W/W>                          MATCHES	<C(7:'0'1342)-G(11:'0'1312) cis W/W>
	<A(3:)-G(6:) trans S/S>                        MATCHES	<A(6:'0'1341)-A(12:'0'1313) cis -/->
	<G(4:)-A(10:) trans S/S>                       MATCHES	<C(7:'0'1342)-A(16:'0'1317) cis -/->
	<G(0:)-C(12:) cis W/W>                         MATCHES	<U(3:'0'1338)-G(18:'0'1319) cis W/W>
#  Matched base-stacking interactions: 
	<A(3:)-A(10:) outward>                         MATCHES	<A(6:'0'1341)-A(16:'0'1317) outward>

>>>>>>>>>>   ALIGNMENT ENDS   >>>>>>>>>>

<<<<<<<<<<  ALIGNMENT BEGINS  <<<<<<<<<<

#  Aligning k-turn_consensus and 3ccm_0:2907-2913_2666-2667_2821-2831:
#  Alignment score:  116.4
#  P-value:  1.245e-02
#  Query aligned region: 1-4,5-11
#  Target aligned region: 4:'0'2912-6:'0'2914,7:'0'2667-7:'0'2667,9:'0'2822-15:'0'2828

	GGA~G...CGAAGAA
	CAA~G...CGCCGAG

#  Matched base-pairing interactions: 
	<A(3:)-G(9:) trans H/S>                        MATCHES	<A(6:'0'2914)-G(13:'0'2826) trans H/S>
	<A(3:)-G(6:) trans S/S>                        MATCHES	<A(6:'0'2914)-G(10:'0'2823) cis -/->
	<G(4:)-A(10:) trans S/S>                       MATCHES	<G(7:'0'2667)-A(14:'0'2827) trans S/S>
	<G(4:)-C(5:) cis W/W>                          MATCHES	<G(7:'0'2667)-C(9:'0'2822) cis W/W>
	<G(2:)-A(10:) trans S/H>                       MATCHES	<A(5:'0'2913)-A(14:'0'2827) trans S/H>
	<G(1:)-A(11:) trans S/H>                       MATCHES	<C(4:'0'2912)-G(15:'0'2828) cis W/W>
#  Matched base-stacking interactions: 
	<A(3:)-A(10:) outward>                         MATCHES	<A(6:'0'2914)-A(14:'0'2827) outward>

>>>>>>>>>>   ALIGNMENT ENDS   >>>>>>>>>>

<<<<<<<<<<  ALIGNMENT BEGINS  <<<<<<<<<<

#  Aligning k-turn_consensus and 3ccm_0:19-27_636-638_515-523:
#  Alignment score:  99.6
#  P-value:  1.888e-02
#  Query aligned region: 0-3,6-12
#  Target aligned region: 2:'0'22-5:'0'25,11:'0'639-11:'0'639,14:'0'518-17:'0'521

	GGGA...G~GAAC
	UGGA...A~GAAA

#  Matched base-pairing interactions: 
	<A(3:)-G(6:) trans S/S>                        MATCHES	<A(5:'0'25)-A(11:'0'639) trans S/S>
	<A(3:)-G(9:) trans H/S>                        MATCHES	<A(5:'0'25)-G(14:'0'518) trans H/S>
	<G(2:)-A(10:) trans S/H>                       MATCHES	<G(4:'0'24)-A(15:'0'519) trans S/H>
	<G(1:)-A(11:) trans S/H>                       MATCHES	<G(3:'0'23)-A(16:'0'520) trans S/H>
	<G(0:)-C(12:) cis W/W>                         MATCHES	<U(2:'0'22)-A(17:'0'521) trans W/H>
#  Matched base-stacking interactions: 
	<A(3:)-A(10:) outward>                         MATCHES	<A(5:'0'25)-A(15:'0'519) outward>

>>>>>>>>>>   ALIGNMENT ENDS   >>>>>>>>>>

<<<<<<<<<<  ALIGNMENT BEGINS  <<<<<<<<<<

#  Aligning k-turn_consensus and 3ccm_0:1585-1591_1600-1609:
#  Alignment score:  92.6
#  P-value:  2.313e-02
#  Query aligned region: 0-4,6-12
#  Target aligned region: 1:'0'1587-4:'0'1590,7:'0'1601-14:'0'1608

	GGGA~G...GAAGAAC
	UGGA~G...CAGGAAG

#  Matched base-pairing interactions: 
	<A(3:)-G(9:) trans H/S>                        MATCHES	<A(4:'0'1590)-G(11:'0'1605) trans H/S>
	<A(3:)-G(6:) trans S/S>                        MATCHES	<A(4:'0'1590)-C(8:'0'1602) cis -/->
	<G(2:)-A(10:) trans S/H>                       MATCHES	<G(3:'0'1589)-A(12:'0'1606) trans S/H>
	<G(4:)-A(10:) trans S/S>                       MATCHES	<G(7:'0'1601)-A(12:'0'1606) cis -/->
	<G(1:)-A(11:) trans S/H>                       MATCHES	<G(2:'0'1588)-A(13:'0'1607) trans S/H>
	<G(0:)-C(12:) cis W/W>                         MATCHES	<U(1:'0'1587)-G(14:'0'1608) cis W/W>
#  Matched base-stacking interactions: 
	<A(3:)-A(10:) outward>                         MATCHES	<A(4:'0'1590)-A(12:'0'1606) outward>

>>>>>>>>>>   ALIGNMENT ENDS   >>>>>>>>>>

<<<<<<<<<<  ALIGNMENT BEGINS  <<<<<<<<<<

#  Aligning k-turn_consensus and 3ccm_0:243-248_259-266:
#  Alignment score:  87.5
#  P-value:  2.719e-02
#  Query aligned region: 0-4,5-12
#  Target aligned region: 0:'0'244-5:'0'249,6:'0'260-13:'0'267

	GGGA-G...CGAAGAAC
	CCGAAG...CAAUGUGG

#  Matched base-pairing interactions: 
	<G(1:)-A(11:) trans S/H>                       MATCHES	<C(1:'0'245)-G(12:'0'266) cis W/W>
	<G(2:)-A(10:) trans S/H>                       MATCHES	<G(2:'0'246)-U(11:'0'265) trans S/H>
	<A(3:)-G(9:) trans H/S>                        MATCHES	<A(3:'0'247)-G(10:'0'264) trans H/S>
	<A(3:)-G(6:) trans S/S>                        MATCHES	<A(3:'0'247)-A(7:'0'261) cis -/->
	<G(4:)-C(5:) cis W/W>                          MATCHES	<G(5:'0'249)-C(6:'0'260) cis W/W>
	<G(4:)-A(10:) trans S/S>                       MATCHES	<G(5:'0'249)-U(11:'0'265) cis -/->
	<G(0:)-C(12:) cis W/W>                         MATCHES	<C(0:'0'244)-G(13:'0'267) cis W/W>
#  Matched base-stacking interactions: 
	<A(3:)-A(10:) outward>                         MATCHES	<A(3:'0'247)-U(11:'0'265) outward>

>>>>>>>>>>   ALIGNMENT ENDS   >>>>>>>>>>

<<<<<<<<<<  ALIGNMENT BEGINS  <<<<<<<<<<

#  Aligning k-turn_consensus and 3ccm_0:2881-2888_1804-1806_2865-2874:
#  Alignment score:  76
#  P-value:  4.146e-02
#  Query aligned region: 2-4,6-10
#  Target aligned region: 0:'0'2882-1:'0'2883,8:'0'1805-9:'0'1806,19:'0'2874-20:'0'2875

	GA~G...G~GA
	GA~G...G~GA

#  Matched base-pairing interactions: 
	<A(3:)-G(9:) trans H/S>                        MATCHES	<A(1:'0'2883)-G(19:'0'2874) trans H/S>
	<G(2:)-A(10:) trans S/H>                       MATCHES	<G(0:'0'2882)-A(20:'0'2875) trans S/H>
	<A(3:)-G(6:) trans S/S>                        MATCHES	<A(1:'0'2883)-G(9:'0'1806) trans S/S>
	<G(4:)-A(10:) trans S/S>                       MATCHES	<G(8:'0'1805)-A(20:'0'2875) cis S/S>
#  Matched base-stacking interactions: 
	<A(3:)-A(10:) outward>                         MATCHES	<A(1:'0'2883)-A(20:'0'2875) outward>

>>>>>>>>>>   ALIGNMENT ENDS   >>>>>>>>>>

<<<<<<<<<<  ALIGNMENT BEGINS  <<<<<<<<<<

#  Aligning k-turn_consensus and 3ccm_0:1829-1830_792-799_813-820:
#  Alignment score:  59.8
#  P-value:  9.253e-02
#  Query aligned region: 0-4,5-12
#  Target aligned region: 0:'0'1830-0:'0'1830,3:'0'794-7:'0'798,11:'0'815-16:'0'820

	G~GGA-G...CGAAGAAC
	C~UGAAG...UG--GAAG

#  Matched base-pairing interactions: 
	<A(3:)-G(9:) trans H/S>                        MATCHES	<A(5:'0'796)-G(13:'0'817) trans H/S>
	<A(3:)-G(6:) trans S/S>                        MATCHES	<A(5:'0'796)-G(12:'0'816) cis -/->
	<G(4:)-C(5:) cis W/W>                          MATCHES	<G(7:'0'798)-U(11:'0'815) cis W/W>
	<G(2:)-A(10:) trans S/H>                       MATCHES	<G(4:'0'795)-A(14:'0'818) trans S/H>
	<G(0:)-C(12:) cis W/W>                         MATCHES	<C(0:'0'1830)-G(16:'0'820) cis W/W>
	<G(1:)-A(11:) trans S/H>                       MATCHES	<U(3:'0'794)-A(15:'0'819) cis W/W>
#  Matched base-stacking interactions: 
	<A(3:)-A(10:) outward>                         MATCHES	<A(5:'0'796)-A(14:'0'818) outward>

>>>>>>>>>>   ALIGNMENT ENDS   >>>>>>>>>>

<<<<<<<<<<  ALIGNMENT BEGINS  <<<<<<<<<<

#  Aligning k-turn_consensus and 3ccm_0:107-114_146-147_42-51:
#  Alignment score:  53.1
#  P-value:  1.462e-01
#  Query aligned region: 0-4,5-12
#  Target aligned region: 3:'0'111-5:'0'113,9:'0'148-9:'0'148,10:'0'43-17:'0'50

	GGGA~G...CGAAGAAC
	CG-A~A...UGAUGAAG

#  Matched base-pairing interactions: 
	<A(3:)-G(9:) trans H/S>                        MATCHES	<A(5:'0'113)-G(14:'0'47) trans H/S>
	<A(3:)-G(6:) trans S/S>                        MATCHES	<A(5:'0'113)-G(11:'0'44) cis -/->
	<G(1:)-A(11:) trans S/H>                       MATCHES	<G(4:'0'112)-A(16:'0'49) trans S/H>
	<G(4:)-C(5:) cis W/W>                          MATCHES	<A(9:'0'148)-U(10:'0'43) cis W/W>
	<G(4:)-A(10:) trans S/S>                       MATCHES	<A(9:'0'148)-A(15:'0'48) cis -/->
	<G(0:)-C(12:) cis W/W>                         MATCHES	<C(3:'0'111)-G(17:'0'50) cis W/W>
#  Matched base-stacking interactions: 
	<A(3:)-A(10:) outward>                         MATCHES	<A(5:'0'113)-A(15:'0'48) outward>

>>>>>>>>>>   ALIGNMENT ENDS   >>>>>>>>>>

<<<<<<<<<<  ALIGNMENT BEGINS  <<<<<<<<<<

#  Aligning k-turn_consensus and 3ccm_0:2899-2906_2832-2834_2846-2856:
#  Alignment score:  52.8
#  P-value:  1.496e-01
#  Query aligned region: 0-4,6-12
#  Target aligned region: 1:'0'2901-6:'0'2906,9:'0'2834-9:'0'2834,11:'0'2847-20:'0'2856

	G-G-GA~G...G-AAG-A-AC
	CACUAA~G...GGUCGAUAGA

#  Matched base-pairing interactions: 
	<G(0:)-C(12:) cis W/W>                         MATCHES	<C(1:'0'2901)-A(20:'0'2856) cis W/W>
	<G(1:)-A(11:) trans S/H>                       MATCHES	<C(3:'0'2903)-G(19:'0'2855) cis W/W>
	<G(4:)-A(10:) trans S/S>                       MATCHES	<G(9:'0'2834)-U(17:'0'2853) trans S/S>
	<G(2:)-A(10:) trans S/H>                       MATCHES	<A(5:'0'2905)-U(17:'0'2853) cis W/W>
	<A(3:)-G(6:) trans S/S>                        MATCHES	<A(6:'0'2906)-G(11:'0'2847) trans S/S>
	<A(3:)-G(9:) trans H/S>                        MATCHES	<A(6:'0'2906)-G(15:'0'2851) trans H/S>
#  Matched base-stacking interactions: 
	<A(3:)-A(10:) outward>                         MATCHES	<A(6:'0'2906)-U(17:'0'2853) outward>

>>>>>>>>>>   ALIGNMENT ENDS   >>>>>>>>>>

<<<<<<<<<<  ALIGNMENT BEGINS  <<<<<<<<<<

#  Aligning k-turn_consensus and 3ccm_0:264-273_375-378_239-248:
#  Alignment score:  51.3
#  P-value:  1.686e-01
#  Query aligned region: 0-4,5-12
#  Target aligned region: 1:'0'266-9:'0'274,10:'0'376-10:'0'376,15:'0'241-19:'0'245

	GGGA----G...C~GAAGAAC
	GGUGUCAGG...C~A--AACC

#  Matched base-pairing interactions: 
	<A(3:)-G(6:) trans S/S>                        MATCHES	<G(4:'0'269)-A(15:'0'241) cis -/->
	<G(4:)-A(10:) trans S/S>                       MATCHES	<G(9:'0'274)-A(17:'0'243) trans S/S>
	<G(4:)-C(5:) cis W/W>                          MATCHES	<G(9:'0'274)-C(10:'0'376) cis W/W>
	<A(3:)-G(9:) trans H/S>                        MATCHES	<G(4:'0'269)-A(16:'0'242) trans S/H>
	<G(2:)-A(10:) trans S/H>                       MATCHES	<U(3:'0'268)-A(17:'0'243) trans S/H>
	<G(1:)-A(11:) trans S/H>                       MATCHES	<G(2:'0'267)-C(18:'0'244) cis W/W>
	<G(0:)-C(12:) cis W/W>                         MATCHES	<G(1:'0'266)-C(19:'0'245) cis W/W>
#  Matched base-stacking interactions: 

>>>>>>>>>>   ALIGNMENT ENDS   >>>>>>>>>>

<<<<<<<<<<  ALIGNMENT BEGINS  <<<<<<<<<<

#  Aligning k-turn_consensus and 3ccm_0:1081-1088_1289-1292_1068-1075:
#  Alignment score:  50.3
#  P-value:  1.834e-01
#  Query aligned region: 0-3,6-12
#  Target aligned region: 1:'0'1083-6:'0'1088,9:'0'1291-9:'0'1291,15:'0'1072-19:'0'1076

	G-GG-A...G~GAA-C
	CCCAGA...A~GAGGG

#  Matched base-pairing interactions: 
	<G(2:)-A(10:) trans S/H>                       MATCHES	<A(4:'0'1086)-A(16:'0'1073) trans S/H>
	<A(3:)-G(9:) trans H/S>                        MATCHES	<A(6:'0'1088)-G(15:'0'1072) trans H/S>
	<A(3:)-G(6:) trans S/S>                        MATCHES	<A(6:'0'1088)-A(9:'0'1291) cis -/->
	<G(0:)-C(12:) cis W/W>                         MATCHES	<C(1:'0'1083)-G(19:'0'1076) cis W/W>
	<G(1:)-A(11:) trans S/H>                       MATCHES	<C(3:'0'1085)-G(17:'0'1074) cis W/W>
#  Matched base-stacking interactions: 
	<A(3:)-A(10:) outward>                         MATCHES	<A(6:'0'1088)-A(16:'0'1073) outward>

>>>>>>>>>>   ALIGNMENT ENDS   >>>>>>>>>>

<<<<<<<<<<  ALIGNMENT BEGINS  <<<<<<<<<<

#  Aligning k-turn_consensus and 3ccm_0:1453-1459_860-863_1482-1490:
#  Alignment score:  47.2
#  P-value:  2.440e-01
#  Query aligned region: 3-3,6-9
#  Target aligned region: 5:'0'1459-5:'0'1459,9:'0'863-9:'0'863,12:'0'1484-12:'0'1484

	A...G~G
	A...G~G

#  Matched base-pairing interactions: 
	<A(3:)-G(6:) trans S/S>                        MATCHES	<A(5:'0'1459)-G(9:'0'863) trans S/S>
	<A(3:)-G(9:) trans H/S>                        MATCHES	<A(5:'0'1459)-G(12:'0'1484) trans H/S>
#  Matched base-stacking interactions: 

>>>>>>>>>>   ALIGNMENT ENDS   >>>>>>>>>>

<<<<<<<<<<  ALIGNMENT BEGINS  <<<<<<<<<<

#  Aligning k-turn_consensus and 3ccm_0:660-666_229-231_678-685:
#  Alignment score:  47.2
#  P-value:  2.440e-01
#  Query aligned region: 3-3,6-9
#  Target aligned region: 5:'0'666-5:'0'666,8:'0'231-8:'0'231,11:'0'680-11:'0'680

	A...G~G
	A...G~G

#  Matched base-pairing interactions: 
	<A(3:)-G(6:) trans S/S>                        MATCHES	<A(5:'0'666)-G(8:'0'231) trans S/S>
	<A(3:)-G(9:) trans H/S>                        MATCHES	<A(5:'0'666)-G(11:'0'680) trans H/S>
#  Matched base-stacking interactions: 

>>>>>>>>>>   ALIGNMENT ENDS   >>>>>>>>>>

<<<<<<<<<<  ALIGNMENT BEGINS  <<<<<<<<<<

#  Aligning k-turn_consensus and 3ccm_0:1925-1931_2265-2267_1906-1912:
#  Alignment score:  46.4
#  P-value:  2.646e-01
#  Query aligned region: 3-3,6-9
#  Target aligned region: 5:'0'1931-5:'0'1931,8:'0'2267-8:'0'2267,11:'0'1908-11:'0'1908

	A...G~G
	A...G~G

#  Matched base-pairing interactions: 
	<A(3:)-G(6:) trans S/S>                        MATCHES	<A(5:'0'1931)-G(8:'0'2267) trans S/S>
	<A(3:)-G(9:) trans H/S>                        MATCHES	<A(5:'0'1931)-G(11:'0'1908) trans H/S>
#  Matched base-stacking interactions: 

>>>>>>>>>>   ALIGNMENT ENDS   >>>>>>>>>>

<<<<<<<<<<  ALIGNMENT BEGINS  <<<<<<<<<<

#  Aligning k-turn_consensus and 3ccm_0:561-568_1092-1093_586-594:
#  Alignment score:  44.8
#  P-value:  3.143e-01
#  Query aligned region: 3-3,6-9
#  Target aligned region: 4:'0'566-4:'0'566,8:'0'1093-8:'0'1093,15:'0'592-15:'0'592

	A...G~G
	A...G~G

#  Matched base-pairing interactions: 
	<A(3:)-G(6:) trans S/S>                        MATCHES	<A(4:'0'566)-G(8:'0'1093) trans S/S>
	<A(3:)-G(9:) trans H/S>                        MATCHES	<A(4:'0'566)-G(15:'0'592) trans H/S>
#  Matched base-stacking interactions: 

>>>>>>>>>>   ALIGNMENT ENDS   >>>>>>>>>>

<<<<<<<<<<  ALIGNMENT BEGINS  <<<<<<<<<<

#  Aligning k-turn_consensus and 3ccm_0:638-644_900-904_1352-1362:
#  Alignment score:  44.7
#  P-value:  3.179e-01
#  Query aligned region: 2-4,6-10
#  Target aligned region: 3:'0'642-4:'0'643,7:'0'901-8:'0'902,14:'0'1355-17:'0'1358

	GA~G...G~G--A
	GA~G...G~AAAA

#  Matched base-pairing interactions: 
	<A(3:)-G(6:) trans S/S>                        MATCHES	<A(4:'0'643)-G(8:'0'902) trans S/S>
	<G(2:)-A(10:) trans S/H>                       MATCHES	<G(3:'0'642)-A(17:'0'1358) trans S/H>
	<A(3:)-G(9:) trans H/S>                        MATCHES	<A(4:'0'643)-A(14:'0'1355) trans H/H>
	<G(4:)-A(10:) trans S/S>                       MATCHES	<G(7:'0'901)-A(17:'0'1358) cis S/S>
#  Matched base-stacking interactions: 
	<A(3:)-A(10:) outward>                         MATCHES	<A(4:'0'643)-A(17:'0'1358) outward>

>>>>>>>>>>   ALIGNMENT ENDS   >>>>>>>>>>

<<<<<<<<<<  ALIGNMENT BEGINS  <<<<<<<<<<

#  Aligning k-turn_consensus and 3ccm_0:715-723_936-937_704-711:
#  Alignment score:  43.4
#  P-value:  3.703e-01
#  Query aligned region: 0-3,6-12
#  Target aligned region: 3:'0'719-6:'0'722,9:'0'937-9:'0'937,12:'0'706-15:'0'709

	GGGA...G~GAAC
	CGAG...C~GCAG

#  Matched base-pairing interactions: 
	<A(3:)-G(9:) trans H/S>                        MATCHES	<G(6:'0'722)-G(12:'0'706) trans H/S>
	<A(3:)-G(6:) trans S/S>                        MATCHES	<G(6:'0'722)-C(9:'0'937) cis -/->
	<G(2:)-A(10:) trans S/H>                       MATCHES	<A(5:'0'721)-C(13:'0'707) trans H/W>
	<G(1:)-A(11:) trans S/H>                       MATCHES	<G(4:'0'720)-A(14:'0'708) trans S/H>
	<G(0:)-C(12:) cis W/W>                         MATCHES	<C(3:'0'719)-G(15:'0'709) cis W/W>
#  Matched base-stacking interactions: 
	<A(3:)-A(10:) outward>                         MATCHES	<G(6:'0'722)-C(13:'0'707) outward>

>>>>>>>>>>   ALIGNMENT ENDS   >>>>>>>>>>

<<<<<<<<<<  ALIGNMENT BEGINS  <<<<<<<<<<

#  Aligning k-turn_consensus and 3ccm_0:2305-2313_2294-2301_1061-1062:
#  Alignment score:  41.6
#  P-value:  4.673e-01
#  Query aligned region: 3-3,6-9
#  Target aligned region: 15:'0'2301-16:'0'2302,18:'0'1063-18:'0'1063

	A...G~G
	A...A~G

#  Matched base-pairing interactions: 
	<A(3:)-G(6:) trans S/S>                        MATCHES	<A(15:'0'2301)-A(16:'0'2302) trans S/S>
	<A(3:)-G(9:) trans H/S>                        MATCHES	<A(15:'0'2301)-G(18:'0'1063) trans H/S>
#  Matched base-stacking interactions: 

>>>>>>>>>>   ALIGNMENT ENDS   >>>>>>>>>>

<<<<<<<<<<  ALIGNMENT BEGINS  <<<<<<<<<<

#  Aligning k-turn_consensus and 3ccm_0:2688-2695_2565-2566_2697-2705:
#  Alignment score:  39.4
#  P-value:  6.479e-01
#  Query aligned region: 0-3,6-12
#  Target aligned region: 0:'0'2689-5:'0'2694,9:'0'2567-9:'0'2567,13:'0'2701-17:'0'2705

	GG--GA...G~GA-AC
	AUAGUA...G~GAACU

#  Matched base-pairing interactions: 
	<A(3:)-G(9:) trans H/S>                        MATCHES	<A(5:'0'2694)-G(13:'0'2701) trans H/S>
	<G(1:)-A(11:) trans S/H>                       MATCHES	<U(1:'0'2690)-C(16:'0'2704) trans S/H>
	<G(2:)-A(10:) trans S/H>                       MATCHES	<U(4:'0'2693)-A(14:'0'2702) trans W/H>
	<A(3:)-G(6:) trans S/S>                        MATCHES	<A(5:'0'2694)-G(9:'0'2567) cis -/->
	<G(0:)-C(12:) cis W/W>                         MATCHES	<A(0:'0'2689)-U(17:'0'2705) cis W/W>
#  Matched base-stacking interactions: 
	<A(3:)-A(10:) outward>                         MATCHES	<A(5:'0'2694)-A(14:'0'2702) outward>

>>>>>>>>>>   ALIGNMENT ENDS   >>>>>>>>>>

<<<<<<<<<<  ALIGNMENT BEGINS  <<<<<<<<<<

#  Aligning k-turn_consensus and 3ccm_0:2559-2573_2502-2514:
#  Alignment score:  26.8
#  P-value:  1.000e+00
#  Query aligned region: 0-1,11-12
#  Target aligned region: 18:'0'2506-26:'0'2514

	GG...AC
	AG...AU

#  Matched base-pairing interactions: 
	<G(1:)-A(11:) trans S/H>                       MATCHES	<G(19:'0'2507)-A(25:'0'2513) trans S/H>
	<G(0:)-C(12:) cis W/W>                         MATCHES	<A(18:'0'2506)-U(26:'0'2514) cis W/W>
#  Matched base-stacking interactions: 

>>>>>>>>>>   ALIGNMENT ENDS   >>>>>>>>>>

<<<<<<<<<<  ALIGNMENT BEGINS  <<<<<<<<<<

#  Aligning k-turn_consensus and 3ccm_0:1185-1191_1192-1195_1202-1207:
#  Alignment score:  26.8
#  P-value:  1.000e+00
#  Query aligned region: 0-1,11-12
#  Target aligned region: 5:'0'1191-6:'0'1192,7:'0'1193-7:'0'1193,14:'0'1206-14:'0'1206

	GG...A~C
	AA...A~U

#  Matched base-pairing interactions: 
	<G(0:)-C(12:) cis W/W>                         MATCHES	<A(5:'0'1191)-U(14:'0'1206) cis W/W>
	<G(1:)-A(11:) trans S/H>                       MATCHES	<A(6:'0'1192)-A(7:'0'1193) trans S/H>
#  Matched base-stacking interactions: 

>>>>>>>>>>   ALIGNMENT ENDS   >>>>>>>>>>

<<<<<<<<<<  ALIGNMENT BEGINS  <<<<<<<<<<

#  Aligning k-turn_consensus and 3ccm_0:1471-1476_1857-1872_1465-1468:
#  Alignment score:  26.8
#  P-value:  1.000e+00
#  Query aligned region: 0-1,11-12
#  Target aligned region: 2:'0'1474-2:'0'1474,11:'0'1863-14:'0'1866,24:'0'1468-24:'0'1468

	G~G...A~C
	C~G...A~G

#  Matched base-pairing interactions: 
	<G(0:)-C(12:) cis W/W>                         MATCHES	<C(2:'0'1474)-G(24:'0'1468) cis W/W>
	<G(1:)-A(11:) trans S/H>                       MATCHES	<G(11:'0'1863)-A(14:'0'1866) trans S/H>
#  Matched base-stacking interactions: 

>>>>>>>>>>   ALIGNMENT ENDS   >>>>>>>>>>

<<<<<<<<<<  ALIGNMENT BEGINS  <<<<<<<<<<

#  Aligning k-turn_consensus and 3ccm_0:1837-1838_2637-2645_2621-2626:
#  Alignment score:  26.5
#  P-value:  1.000e+00
#  Query aligned region: 0-1,11-12
#  Target aligned region: 5:'0'2641-7:'0'2643,11:'0'2622-12:'0'2623

	G-G...AC
	CGG...AG

#  Matched base-pairing interactions: 
	<G(0:)-C(12:) cis W/W>                         MATCHES	<C(5:'0'2641)-G(12:'0'2623) cis W/W>
	<G(1:)-A(11:) trans S/H>                       MATCHES	<G(7:'0'2643)-A(11:'0'2622) trans S/H>
#  Matched base-stacking interactions: 

>>>>>>>>>>   ALIGNMENT ENDS   >>>>>>>>>>

<<<<<<<<<<  ALIGNMENT BEGINS  <<<<<<<<<<

#  Aligning k-turn_consensus and 3ccm_0:904-906_1298-1300_1323-1333:
#  Alignment score:  26.4
#  P-value:  1.000e+00
#  Query aligned region: 0-1,11-12
#  Target aligned region: 8:'0'1326-13:'0'1331

	GG...AC
	CG...AG

#  Matched base-pairing interactions: 
	<G(1:)-A(11:) trans S/H>                       MATCHES	<G(9:'0'1327)-A(12:'0'1330) trans S/H>
	<G(0:)-C(12:) cis W/W>                         MATCHES	<C(8:'0'1326)-G(13:'0'1331) cis W/W>
#  Matched base-stacking interactions: 

>>>>>>>>>>   ALIGNMENT ENDS   >>>>>>>>>>

<<<<<<<<<<  ALIGNMENT BEGINS  <<<<<<<<<<

#  Aligning k-turn_consensus and 3ccm_0:2765-2773_2798-2804_2712-2714:
#  Alignment score:  26.2
#  P-value:  1.000e+00
#  Query aligned region: 0-1,11-12
#  Target aligned region: 6:'0'2772-6:'0'2772,10:'0'2800-12:'0'2802

	G~G...AC
	G~A...AC

#  Matched base-pairing interactions: 
	<G(0:)-C(12:) cis W/W>                         MATCHES	<G(6:'0'2772)-C(12:'0'2802) cis W/W>
	<G(1:)-A(11:) trans S/H>                       MATCHES	<A(10:'0'2800)-A(11:'0'2801) trans S/H>
#  Matched base-stacking interactions: 

>>>>>>>>>>   ALIGNMENT ENDS   >>>>>>>>>>

<<<<<<<<<<  ALIGNMENT BEGINS  <<<<<<<<<<

#  Aligning k-turn_consensus and 3ccm_0:2111-2114_2625-2637_2469-2474:
#  Alignment score:  26
#  P-value:  1.000e+00
#  Query aligned region: 0-1,11-12
#  Target aligned region: 3:'0'2115-3:'0'2115,8:'0'2630-11:'0'2633,17:'0'2470-17:'0'2470

	G~G...A~C
	U~G...A~A

#  Matched base-pairing interactions: 
	<G(0:)-C(12:) cis W/W>                         MATCHES	<U(3:'0'2115)-A(17:'0'2470) cis W/W>
	<G(1:)-A(11:) trans S/H>                       MATCHES	<G(8:'0'2630)-A(11:'0'2633) trans S/H>
#  Matched base-stacking interactions: 

>>>>>>>>>>   ALIGNMENT ENDS   >>>>>>>>>>

<<<<<<<<<<  ALIGNMENT BEGINS  <<<<<<<<<<

#  Aligning k-turn_consensus and 3ccm_0:1888-1890_2002-2014_1970-1981:
#  Alignment score:  26
#  P-value:  1.000e+00
#  Query aligned region: 0-1,11-12
#  Target aligned region: 8:'0'2008-9:'0'2009,18:'0'1973-19:'0'1974

	GG...AC
	UG...AG

#  Matched base-pairing interactions: 
	<G(1:)-A(11:) trans S/H>                       MATCHES	<G(9:'0'2009)-A(18:'0'1973) trans S/H>
	<G(0:)-C(12:) cis W/W>                         MATCHES	<U(8:'0'2008)-G(19:'0'1974) cis W/W>
#  Matched base-stacking interactions: 

>>>>>>>>>>   ALIGNMENT ENDS   >>>>>>>>>>

<<<<<<<<<<  ALIGNMENT BEGINS  <<<<<<<<<<

#  Aligning k-turn_consensus and 3ccm_0:692-697_730-732_687-690:
#  Alignment score:  26
#  P-value:  1.000e+00
#  Query aligned region: 3-3,6-9
#  Target aligned region: 1:'0'694-1:'0'694,7:'0'732-7:'0'732,12:'0'691-12:'0'691

	A...G~G
	A...C~G

#  Matched base-pairing interactions: 
	<A(3:)-G(9:) trans H/S>                        MATCHES	<A(1:'0'694)-G(12:'0'691) trans H/S>
	<A(3:)-G(6:) trans S/S>                        MATCHES	<A(1:'0'694)-C(7:'0'732) cis -/->
#  Matched base-stacking interactions: 

>>>>>>>>>>   ALIGNMENT ENDS   >>>>>>>>>>

<<<<<<<<<<  ALIGNMENT BEGINS  <<<<<<<<<<

#  Aligning k-turn_consensus and 3ccm_0:679-685_744-749_655-664:
#  Alignment score:  25.7
#  P-value:  1.000e+00
#  Query aligned region: 2-4,5-10
#  Target aligned region: 5:'0'685-6:'0'686,9:'0'747-9:'0'747,15:'0'658-18:'0'661

	GA~G...CGAAGA
	CA~G...C--AAG

#  Matched base-pairing interactions: 
	<A(3:)-G(9:) trans H/S>                        MATCHES	<A(6:'0'686)-A(17:'0'660) cis -/->
	<G(4:)-A(10:) trans S/S>                       MATCHES	<G(9:'0'747)-G(18:'0'661) trans S/S>
	<G(4:)-C(5:) cis W/W>                          MATCHES	<G(9:'0'747)-C(15:'0'658) cis W/W>
	<G(2:)-A(10:) trans S/H>                       MATCHES	<C(5:'0'685)-G(18:'0'661) cis W/W>
#  Matched base-stacking interactions: 
	<A(3:)-A(10:) outward>                         MATCHES	<A(6:'0'686)-G(18:'0'661) outward>

>>>>>>>>>>   ALIGNMENT ENDS   >>>>>>>>>>

<<<<<<<<<<  ALIGNMENT BEGINS  <<<<<<<<<<

#  Aligning k-turn_consensus and 3ccm_0:1642-1645_1609-1617_1577-1585:
#  Alignment score:  25.6
#  P-value:  1.000e+00
#  Query aligned region: 0-1,11-12
#  Target aligned region: 6:'0'1612-8:'0'1614,16:'0'1581-18:'0'1583

	G-G...A-C
	ACG...ACU

#  Matched base-pairing interactions: 
	<G(0:)-C(12:) cis W/W>                         MATCHES	<A(6:'0'1612)-U(18:'0'1583) cis W/W>
	<G(1:)-A(11:) trans S/H>                       MATCHES	<G(8:'0'1614)-A(16:'0'1581) trans S/H>
#  Matched base-stacking interactions: 

>>>>>>>>>>   ALIGNMENT ENDS   >>>>>>>>>>

<<<<<<<<<<  ALIGNMENT BEGINS  <<<<<<<<<<

#  Aligning k-turn_consensus and 3ccm_0:406-415_423-428_191-202:
#  Alignment score:  25.5
#  P-value:  1.000e+00
#  Query aligned region: 0-1,11-12
#  Target aligned region: 19:'0'195-25:'0'201

	GG...A-C
	CG...ACG

#  Matched base-pairing interactions: 
	<G(0:)-C(12:) cis W/W>                         MATCHES	<C(19:'0'195)-G(25:'0'201) cis W/W>
	<G(1:)-A(11:) trans S/H>                       MATCHES	<G(20:'0'196)-A(23:'0'199) trans S/H>
#  Matched base-stacking interactions: 

>>>>>>>>>>   ALIGNMENT ENDS   >>>>>>>>>>

<<<<<<<<<<  ALIGNMENT BEGINS  <<<<<<<<<<

#  Aligning k-turn_consensus and 3ccm_0:732-737_2378-2384_2403-2407:
#  Alignment score:  25.4
#  P-value:  1.000e+00
#  Query aligned region: 3-3,6-9
#  Target aligned region: 4:'0'737-4:'0'737,10:'0'2383-10:'0'2383,14:'0'2405-14:'0'2405

	A...G~G
	A...G~C

#  Matched base-pairing interactions: 
	<A(3:)-G(6:) trans S/S>                        MATCHES	<A(4:'0'737)-G(10:'0'2383) trans S/S>
	<A(3:)-G(9:) trans H/S>                        MATCHES	<A(4:'0'737)-C(14:'0'2405) cis S/S>
#  Matched base-stacking interactions: 

>>>>>>>>>>   ALIGNMENT ENDS   >>>>>>>>>>

<<<<<<<<<<  ALIGNMENT BEGINS  <<<<<<<<<<

#  Aligning k-turn_consensus and 3ccm_0:1285-1294_1039-1041_909-914:
#  Alignment score:  25.2
#  P-value:  1.000e+00
#  Query aligned region: 3-3,6-9
#  Target aligned region: 8:'0'1294-8:'0'1294,11:'0'1041-11:'0'1041,14:'0'911-14:'0'911

	A...G~G
	A...U~G

#  Matched base-pairing interactions: 
	<A(3:)-G(9:) trans H/S>                        MATCHES	<A(8:'0'1294)-G(14:'0'911) trans H/S>
	<A(3:)-G(6:) trans S/S>                        MATCHES	<A(8:'0'1294)-U(11:'0'1041) cis -/->
#  Matched base-stacking interactions: 

>>>>>>>>>>   ALIGNMENT ENDS   >>>>>>>>>>

<<<<<<<<<<  ALIGNMENT BEGINS  <<<<<<<<<<

#  Aligning k-turn_consensus and 3ccm_0:1989-1997_2581-2585_2591-2595:
#  Alignment score:  25
#  P-value:  1.000e+00
#  Query aligned region: 3-3,6-9
#  Target aligned region: 4:'0'1994-4:'0'1994,11:'0'2584-11:'0'2584,16:'0'2594-16:'0'2594

	A...G~G
	A...G~C

#  Matched base-pairing interactions: 
	<A(3:)-G(6:) trans S/S>                        MATCHES	<A(4:'0'1994)-G(11:'0'2584) trans S/S>
	<A(3:)-G(9:) trans H/S>                        MATCHES	<A(4:'0'1994)-C(16:'0'2594) cis S/S>
#  Matched base-stacking interactions: 

>>>>>>>>>>   ALIGNMENT ENDS   >>>>>>>>>>

<<<<<<<<<<  ALIGNMENT BEGINS  <<<<<<<<<<

#  Aligning k-turn_consensus and 3ccm_0:2356-2365_2288-2295_2312-2316:
#  Alignment score:  24.6
#  P-value:  1.000e+00
#  Query aligned region: 3-3,6-9
#  Target aligned region: 4:'0'2361-4:'0'2361,16:'0'2295-16:'0'2295,18:'0'2313-18:'0'2313

	A...G~G
	A...G~C

#  Matched base-pairing interactions: 
	<A(3:)-G(6:) trans S/S>                        MATCHES	<A(4:'0'2361)-G(16:'0'2295) trans S/S>
	<A(3:)-G(9:) trans H/S>                        MATCHES	<A(4:'0'2361)-C(18:'0'2313) cis S/S>
#  Matched base-stacking interactions: 

>>>>>>>>>>   ALIGNMENT ENDS   >>>>>>>>>>

<<<<<<<<<<  ALIGNMENT BEGINS  <<<<<<<<<<

#  Aligning k-turn_consensus and 3ccm_0:1764-1770_1771-1778_2016-2017:
#  Alignment score:  24.6
#  P-value:  1.000e+00
#  Query aligned region: 1-1,11-11
#  Target aligned region: 0:'0'1765-0:'0'1765,14:'0'1779-14:'0'1779

	G...A
	G...A

#  Matched base-pairing interactions: 
	<G(1:)-A(11:) trans S/H>                       MATCHES	<G(0:'0'1765)-A(14:'0'1779) trans S/H>
#  Matched base-stacking interactions: 

>>>>>>>>>>   ALIGNMENT ENDS   >>>>>>>>>>

<<<<<<<<<<  ALIGNMENT BEGINS  <<<<<<<<<<

#  Aligning k-turn_consensus and 3ccm_0:1654-1661_1488-1489_1528-1534:
#  Alignment score:  24.4
#  P-value:  1.000e+00
#  Query aligned region: 3-3,6-9
#  Target aligned region: 4:'0'1659-4:'0'1659,9:'0'1490-9:'0'1490,13:'0'1532-13:'0'1532

	A...G~G
	A...G~G

#  Matched base-pairing interactions: 
	<A(3:)-G(9:) trans H/S>                        MATCHES	<A(4:'0'1659)-G(13:'0'1532) trans H/S>
	<A(3:)-G(6:) trans S/S>                        MATCHES	<A(4:'0'1659)-G(9:'0'1490) cis -/->
#  Matched base-stacking interactions: 

>>>>>>>>>>   ALIGNMENT ENDS   >>>>>>>>>>

<<<<<<<<<<  ALIGNMENT BEGINS  <<<<<<<<<<

#  Aligning k-turn_consensus and 3ccm_0:1844-1850_1828-1831_1880-1884:
#  Alignment score:  24.4
#  P-value:  1.000e+00
#  Query aligned region: 3-3,6-9
#  Target aligned region: 2:'0'1847-2:'0'1847,7:'0'1829-7:'0'1829,14:'0'1884-14:'0'1884

	A...G~G
	A...A~G

#  Matched base-pairing interactions: 
	<A(3:)-G(9:) trans H/S>                        MATCHES	<A(2:'0'1847)-G(14:'0'1884) trans H/S>
	<A(3:)-G(6:) trans S/S>                        MATCHES	<A(2:'0'1847)-A(7:'0'1829) cis -/->
#  Matched base-stacking interactions: 

>>>>>>>>>>   ALIGNMENT ENDS   >>>>>>>>>>

<<<<<<<<<<  ALIGNMENT BEGINS  <<<<<<<<<<

#  Aligning k-turn_consensus and 3ccm_0:825-833_787-789_847-853:
#  Alignment score:  24.4
#  P-value:  1.000e+00
#  Query aligned region: 3-3,6-9
#  Target aligned region: 1:'0'827-1:'0'827,9:'0'788-9:'0'788,18:'0'854-18:'0'854

	A...G~G
	A...A~G

#  Matched base-pairing interactions: 
	<A(3:)-G(9:) trans H/S>                        MATCHES	<A(1:'0'827)-G(18:'0'854) trans H/S>
	<A(3:)-G(6:) trans S/S>                        MATCHES	<A(1:'0'827)-A(9:'0'788) cis -/->
#  Matched base-stacking interactions: 

>>>>>>>>>>   ALIGNMENT ENDS   >>>>>>>>>>

<<<<<<<<<<  ALIGNMENT BEGINS  <<<<<<<<<<

#  Aligning k-turn_consensus and 3ccm_0:458-464_450-457_474-477:
#  Alignment score:  24.2
#  P-value:  1.000e+00
#  Query aligned region: 3-3,6-9
#  Target aligned region: 4:'0'463-4:'0'463,14:'0'458-14:'0'458,17:'0'477-17:'0'477

	A...G~G
	A...G~A

#  Matched base-pairing interactions: 
	<A(3:)-G(6:) trans S/S>                        MATCHES	<A(4:'0'463)-G(14:'0'458) trans S/S>
	<A(3:)-G(9:) trans H/S>                        MATCHES	<A(4:'0'463)-A(17:'0'477) trans H/H>
#  Matched base-stacking interactions: 

>>>>>>>>>>   ALIGNMENT ENDS   >>>>>>>>>>

<<<<<<<<<<  ALIGNMENT BEGINS  <<<<<<<<<<

#  Aligning k-turn_consensus and 3ccm_0:2640-2643_1831-1834_1837-1843:
#  Alignment score:  24.2
#  P-value:  1.000e+00
#  Query aligned region: 1-1,11-11
#  Target aligned region: 0:'0'2641-0:'0'2641,12:'0'1842-12:'0'1842

	G...A
	C...A

#  Matched base-pairing interactions: 
	<G(1:)-A(11:) trans S/H>                       MATCHES	<C(0:'0'2641)-A(12:'0'1842) trans S/H>
#  Matched base-stacking interactions: 

>>>>>>>>>>   ALIGNMENT ENDS   >>>>>>>>>>

<<<<<<<<<<  ALIGNMENT BEGINS  <<<<<<<<<<

#  Aligning k-turn_consensus and 3ccm_0:1096-1097_1068-1075_1080-1087:
#  Alignment score:  24.2
#  P-value:  1.000e+00
#  Query aligned region: 3-3,6-9
#  Target aligned region: 1:'0'1098-1:'0'1098,8:'0'1075-8:'0'1075,13:'0'1084-13:'0'1084

	A...G~G
	A...G~C

#  Matched base-pairing interactions: 
	<A(3:)-G(6:) trans S/S>                        MATCHES	<A(1:'0'1098)-G(8:'0'1075) trans S/S>
	<A(3:)-G(9:) trans H/S>                        MATCHES	<A(1:'0'1098)-C(13:'0'1084) cis S/S>
#  Matched base-stacking interactions: 

>>>>>>>>>>   ALIGNMENT ENDS   >>>>>>>>>>

<<<<<<<<<<  ALIGNMENT BEGINS  <<<<<<<<<<

#  Aligning k-turn_consensus and 3ccm_0:1290-1293_1068-1071_910-913:
#  Alignment score:  24.2
#  P-value:  1.000e+00
#  Query aligned region: 1-1,11-11
#  Target aligned region: 5:'0'1070-5:'0'1070,11:'0'914-11:'0'914

	G...A
	A...A

#  Matched base-pairing interactions: 
	<G(1:)-A(11:) trans S/H>                       MATCHES	<A(5:'0'1070)-A(11:'0'914) trans S/H>
#  Matched base-stacking interactions: 

>>>>>>>>>>   ALIGNMENT ENDS   >>>>>>>>>>

<<<<<<<<<<  ALIGNMENT BEGINS  <<<<<<<<<<

#  Aligning k-turn_consensus and 3ccm_0:1167-1169_1171-1173_1199-1200:
#  Alignment score:  24.2
#  P-value:  1.000e+00
#  Query aligned region: 1-1,11-11
#  Target aligned region: 2:'0'1170-2:'0'1170,4:'0'1173-4:'0'1173

	G...A
	U...A

#  Matched base-pairing interactions: 
	<G(1:)-A(11:) trans S/H>                       MATCHES	<U(2:'0'1170)-A(4:'0'1173) trans S/H>
#  Matched base-stacking interactions: 

>>>>>>>>>>   ALIGNMENT ENDS   >>>>>>>>>>

<<<<<<<<<<  ALIGNMENT BEGINS  <<<<<<<<<<

#  Aligning k-turn_consensus and 3ccm_0:787-793_1707-1709_818-826:
#  Alignment score:  24.1
#  P-value:  1.000e+00
#  Query aligned region: 1-4,5-11
#  Target aligned region: 0:'0'788-3:'0'791,7:'0'1708-8:'0'1709,15:'0'824-18:'0'827

	GGAG...CG~G-AA
	ACAA...CG~GUUA

#  Matched base-pairing interactions: 
	<G(2:)-A(10:) trans S/H>                       MATCHES	<C(1:'0'789)-U(17:'0'826) cis -/->
	<A(3:)-G(9:) trans H/S>                        MATCHES	<A(2:'0'790)-G(15:'0'824) trans H/S>
	<G(4:)-C(5:) cis W/W>                          MATCHES	<A(3:'0'791)-C(7:'0'1708) cis S/S>
	<A(3:)-G(6:) trans S/S>                        MATCHES	<A(2:'0'790)-G(8:'0'1709) cis W/S>
	<G(1:)-A(11:) trans S/H>                       MATCHES	<A(0:'0'788)-A(18:'0'827) cis -/->
#  Matched base-stacking interactions: 
	<A(3:)-A(10:) outward>                         MATCHES	<A(2:'0'790)-U(17:'0'826) outward>

>>>>>>>>>>   ALIGNMENT ENDS   >>>>>>>>>>

<<<<<<<<<<  ALIGNMENT BEGINS  <<<<<<<<<<

#  Aligning k-turn_consensus and 3ccm_0:2773-2782_2557-2559_2789-2800:
#  Alignment score:  24
#  P-value:  1.000e+00
#  Query aligned region: 3-3,6-9
#  Target aligned region: 2:'0'2776-2:'0'2776,11:'0'2559-11:'0'2559,21:'0'2798-21:'0'2798

	A...G~G
	A...C~G

#  Matched base-pairing interactions: 
	<A(3:)-G(9:) trans H/S>                        MATCHES	<A(2:'0'2776)-G(21:'0'2798) trans H/S>
	<A(3:)-G(6:) trans S/S>                        MATCHES	<A(2:'0'2776)-C(11:'0'2559) cis -/->
#  Matched base-stacking interactions: 

>>>>>>>>>>   ALIGNMENT ENDS   >>>>>>>>>>

<<<<<<<<<<  ALIGNMENT BEGINS  <<<<<<<<<<

#  Aligning k-turn_consensus and 3ccm_0:1570-1578_1510-1511_1615-1625:
#  Alignment score:  24
#  P-value:  1.000e+00
#  Query aligned region: 3-3,6-9
#  Target aligned region: 2:'0'1573-2:'0'1573,9:'0'1511-9:'0'1511,18:'0'1623-18:'0'1623

	A...G~G
	A...U~C

#  Matched base-pairing interactions: 
	<A(3:)-G(9:) trans H/S>                        MATCHES	<A(2:'0'1573)-C(18:'0'1623) trans H/S>
	<A(3:)-G(6:) trans S/S>                        MATCHES	<A(2:'0'1573)-U(9:'0'1511) cis -/->
#  Matched base-stacking interactions: 

>>>>>>>>>>   ALIGNMENT ENDS   >>>>>>>>>>

<<<<<<<<<<  ALIGNMENT BEGINS  <<<<<<<<<<

#  Aligning k-turn_consensus and 3ccm_0:823-827_852-860_785-789:
#  Alignment score:  23.8
#  P-value:  1.000e+00
#  Query aligned region: 1-1,11-11
#  Target aligned region: 0:'0'824-0:'0'824,18:'0'790-18:'0'790

	G...A
	G...A

#  Matched base-pairing interactions: 
	<G(1:)-A(11:) trans S/H>                       MATCHES	<G(0:'0'824)-A(18:'0'790) trans S/H>
#  Matched base-stacking interactions: 

>>>>>>>>>>   ALIGNMENT ENDS   >>>>>>>>>>

<<<<<<<<<<  ALIGNMENT BEGINS  <<<<<<<<<<

#  Aligning k-turn_consensus and 3ccm_0:762-767_2107-2110_892-900:
#  Alignment score:  23.8
#  P-value:  1.000e+00
#  Query aligned region: 3-3,6-9
#  Target aligned region: 4:'0'767-4:'0'767,8:'0'2110-8:'0'2110,12:'0'895-12:'0'895

	A...G~G
	A...G~A

#  Matched base-pairing interactions: 
	<A(3:)-G(6:) trans S/S>                        MATCHES	<A(4:'0'767)-G(8:'0'2110) trans S/S>
	<A(3:)-G(9:) trans H/S>                        MATCHES	<A(4:'0'767)-A(12:'0'895) trans H/W>
#  Matched base-stacking interactions: 

>>>>>>>>>>   ALIGNMENT ENDS   >>>>>>>>>>

<<<<<<<<<<  ALIGNMENT BEGINS  <<<<<<<<<<

#  Aligning k-turn_consensus and 3ccm_0:172-179_156-161_891-894:
#  Alignment score:  23.8
#  P-value:  1.000e+00
#  Query aligned region: 1-1,11-11
#  Target aligned region: 13:'0'162-13:'0'162,15:'0'893-15:'0'893

	G...A
	C...C

#  Matched base-pairing interactions: 
	<G(1:)-A(11:) trans S/H>                       MATCHES	<C(13:'0'162)-C(15:'0'893) trans S/H>
#  Matched base-stacking interactions: 

>>>>>>>>>>   ALIGNMENT ENDS   >>>>>>>>>>

<<<<<<<<<<  ALIGNMENT BEGINS  <<<<<<<<<<

#  Aligning k-turn_consensus and 3ccm_0:1774-1780_1759-1767:
#  Alignment score:  23.8
#  P-value:  1.000e+00
#  Query aligned region: 1-1,11-11
#  Target aligned region: 0:'0'1775-0:'0'1775,15:'0'1768-15:'0'1768

	G...A
	A...C

#  Matched base-pairing interactions: 
	<G(1:)-A(11:) trans S/H>                       MATCHES	<A(0:'0'1775)-C(15:'0'1768) trans S/H>
#  Matched base-stacking interactions: 

>>>>>>>>>>   ALIGNMENT ENDS   >>>>>>>>>>

<<<<<<<<<<  ALIGNMENT BEGINS  <<<<<<<<<<

#  Aligning k-turn_consensus and 3ccm_0:1724-1726_1367-1373_2048-2055:
#  Alignment score:  23.8
#  P-value:  1.000e+00
#  Query aligned region: 1-1,11-11
#  Target aligned region: 3:'0'1368-3:'0'1368,17:'0'2056-17:'0'2056

	G...A
	U...C

#  Matched base-pairing interactions: 
	<G(1:)-A(11:) trans S/H>                       MATCHES	<U(3:'0'1368)-C(17:'0'2056) trans S/H>
#  Matched base-stacking interactions: 

>>>>>>>>>>   ALIGNMENT ENDS   >>>>>>>>>>

<<<<<<<<<<  ALIGNMENT BEGINS  <<<<<<<<<<

#  Aligning k-turn_consensus and 3ccm_0:1542-1551_1633-1641:
#  Alignment score:  23.8
#  P-value:  1.000e+00
#  Query aligned region: 1-1,11-11
#  Target aligned region: 0:'0'1543-0:'0'1543,18:'0'1642-18:'0'1642

	G...A
	G...A

#  Matched base-pairing interactions: 
	<G(1:)-A(11:) trans S/H>                       MATCHES	<G(0:'0'1543)-A(18:'0'1642) trans S/H>
#  Matched base-stacking interactions: 

>>>>>>>>>>   ALIGNMENT ENDS   >>>>>>>>>>

<<<<<<<<<<  ALIGNMENT BEGINS  <<<<<<<<<<

#  Aligning k-turn_consensus and 3ccm_0:2863-2864_2724-2731_2748-2756:
#  Alignment score:  23.8
#  P-value:  1.000e+00
#  Query aligned region: 1-1,11-11
#  Target aligned region: 2:'0'2725-2:'0'2725,18:'0'2757-18:'0'2757

	G...A
	G...A

#  Matched base-pairing interactions: 
	<G(1:)-A(11:) trans S/H>                       MATCHES	<G(2:'0'2725)-A(18:'0'2757) trans S/H>
#  Matched base-stacking interactions: 

>>>>>>>>>>   ALIGNMENT ENDS   >>>>>>>>>>

<<<<<<<<<<  ALIGNMENT BEGINS  <<<<<<<<<<

#  Aligning k-turn_consensus and 3ccm_0:1726-1735_2043-2048:
#  Alignment score:  23.6
#  P-value:  1.000e+00
#  Query aligned region: 3-3,6-9
#  Target aligned region: 6:'0'1733-7:'0'1734,12:'0'2046-12:'0'2046

	A...G~G
	A...C~G

#  Matched base-pairing interactions: 
	<A(3:)-G(9:) trans H/S>                        MATCHES	<A(6:'0'1733)-G(12:'0'2046) trans H/S>
	<A(3:)-G(6:) trans S/S>                        MATCHES	<A(6:'0'1733)-C(7:'0'1734) cis -/->
#  Matched base-stacking interactions: 

>>>>>>>>>>   ALIGNMENT ENDS   >>>>>>>>>>

<<<<<<<<<<  ALIGNMENT BEGINS  <<<<<<<<<<

#  Aligning k-turn_consensus and 3ccm_0:1199-1205_1173-1175_1192-1197:
#  Alignment score:  23.6
#  P-value:  1.000e+00
#  Query aligned region: 3-3,6-9
#  Target aligned region: 1:'0'1201-1:'0'1201,7:'0'1174-7:'0'1174,15:'0'1198-15:'0'1198

	A...G~G
	C...A~U

#  Matched base-pairing interactions: 
	<A(3:)-G(9:) trans H/S>                        MATCHES	<C(1:'0'1201)-U(15:'0'1198) trans H/S>
	<A(3:)-G(6:) trans S/S>                        MATCHES	<C(1:'0'1201)-A(7:'0'1174) cis -/->
#  Matched base-stacking interactions: 

>>>>>>>>>>   ALIGNMENT ENDS   >>>>>>>>>>

<<<<<<<<<<  ALIGNMENT BEGINS  <<<<<<<<<<

#  Aligning k-turn_consensus and 3ccm_0:517-523_1357-1363_19-23:
#  Alignment score:  23.4
#  P-value:  1.000e+00
#  Query aligned region: 3-3,6-9
#  Target aligned region: 3:'0'521-3:'0'521,13:'0'1364-13:'0'1364,16:'0'22-16:'0'22

	A...G~G
	A...G~U

#  Matched base-pairing interactions: 
	<A(3:)-G(6:) trans S/S>                        MATCHES	<A(3:'0'521)-G(13:'0'1364) trans S/S>
	<A(3:)-G(9:) trans H/S>                        MATCHES	<A(3:'0'521)-U(16:'0'22) trans H/W>
#  Matched base-stacking interactions: 

>>>>>>>>>>   ALIGNMENT ENDS   >>>>>>>>>>

<<<<<<<<<<  ALIGNMENT BEGINS  <<<<<<<<<<

#  Aligning k-turn_consensus and 3ccm_0:1510-1513_1484-1493_1447-1455:
#  Alignment score:  23.4
#  P-value:  1.000e+00
#  Query aligned region: 0-1,11-12
#  Target aligned region: 9:'0'1490-10:'0'1491,20:'0'1454-21:'0'1455

	GG...AC
	GG...UC

#  Matched base-pairing interactions: 
	<G(1:)-A(11:) trans S/H>                       MATCHES	<G(10:'0'1491)-U(20:'0'1454) trans S/H>
	<G(0:)-C(12:) cis W/W>                         MATCHES	<G(9:'0'1490)-C(21:'0'1455) cis W/W>
#  Matched base-stacking interactions: 

>>>>>>>>>>   ALIGNMENT ENDS   >>>>>>>>>>

<<<<<<<<<<  ALIGNMENT BEGINS  <<<<<<<<<<

#  Aligning k-turn_consensus and 3ccm_0:1631-1638_1566-1568_1545-1554:
#  Alignment score:  23.4
#  P-value:  1.000e+00
#  Query aligned region: 3-3,6-9
#  Target aligned region: 0:'0'1632-0:'0'1632,9:'0'1568-9:'0'1568,18:'0'1553-18:'0'1553

	A...G~G
	A...G~C

#  Matched base-pairing interactions: 
	<A(3:)-G(6:) trans S/S>                        MATCHES	<A(0:'0'1632)-G(9:'0'1568) trans S/S>
	<A(3:)-G(9:) trans H/S>                        MATCHES	<A(0:'0'1632)-C(18:'0'1553) cis S/S>
#  Matched base-stacking interactions: 

>>>>>>>>>>   ALIGNMENT ENDS   >>>>>>>>>>

<<<<<<<<<<  ALIGNMENT BEGINS  <<<<<<<<<<

#  Aligning k-turn_consensus and 3ccm_0:891-894_158-163_170-176:
#  Alignment score:  23
#  P-value:  1.000e+00
#  Query aligned region: 1-1,11-11
#  Target aligned region: 4:'0'159-4:'0'159,16:'0'177-16:'0'177

	G...A
	G...A

#  Matched base-pairing interactions: 
	<G(1:)-A(11:) trans S/H>                       MATCHES	<G(4:'0'159)-A(16:'0'177) trans S/H>
#  Matched base-stacking interactions: 

>>>>>>>>>>   ALIGNMENT ENDS   >>>>>>>>>>

<<<<<<<<<<  ALIGNMENT BEGINS  <<<<<<<<<<

#  Aligning k-turn_consensus and 3ccm_0:2825-2832_2905-2913_2666-2667:
#  Alignment score:  23
#  P-value:  1.000e+00
#  Query aligned region: 1-1,11-11
#  Target aligned region: 0:'0'2826-0:'0'2826,16:'0'2914-16:'0'2914

	G...A
	G...A

#  Matched base-pairing interactions: 
	<G(1:)-A(11:) trans S/H>                       MATCHES	<G(0:'0'2826)-A(16:'0'2914) trans S/H>
#  Matched base-stacking interactions: 

>>>>>>>>>>   ALIGNMENT ENDS   >>>>>>>>>>

<<<<<<<<<<  ALIGNMENT BEGINS  <<<<<<<<<<

#  Aligning k-turn_consensus and 3ccm_0:1068-1075_1096-1097_1080-1087:
#  Alignment score:  23
#  P-value:  1.000e+00
#  Query aligned region: 1-1,11-11
#  Target aligned region: 3:'0'1072-3:'0'1072,17:'0'1088-17:'0'1088

	G...A
	G...A

#  Matched base-pairing interactions: 
	<G(1:)-A(11:) trans S/H>                       MATCHES	<G(3:'0'1072)-A(17:'0'1088) trans S/H>
#  Matched base-stacking interactions: 

>>>>>>>>>>   ALIGNMENT ENDS   >>>>>>>>>>

<<<<<<<<<<  ALIGNMENT BEGINS  <<<<<<<<<<

#  Aligning k-turn_consensus and 3ccm_0:146-147_42-51_107-114:
#  Alignment score:  23
#  P-value:  1.000e+00
#  Query aligned region: 1-1,11-11
#  Target aligned region: 6:'0'47-6:'0'47,17:'0'113-17:'0'113

	G...A
	G...A

#  Matched base-pairing interactions: 
	<G(1:)-A(11:) trans S/H>                       MATCHES	<G(6:'0'47)-A(17:'0'113) trans S/H>
#  Matched base-stacking interactions: 

>>>>>>>>>>   ALIGNMENT ENDS   >>>>>>>>>>

<<<<<<<<<<  ALIGNMENT BEGINS  <<<<<<<<<<

#  Aligning k-turn_consensus and 3ccm_0:1570-1578_1615-1625_1510-1511:
#  Alignment score:  23
#  P-value:  1.000e+00
#  Query aligned region: 1-1,11-11
#  Target aligned region: 0:'0'1571-0:'0'1571,19:'0'1626-19:'0'1626

	G...A
	G...A

#  Matched base-pairing interactions: 
	<G(1:)-A(11:) trans S/H>                       MATCHES	<G(0:'0'1571)-A(19:'0'1626) trans S/H>
#  Matched base-stacking interactions: 

>>>>>>>>>>   ALIGNMENT ENDS   >>>>>>>>>>

<<<<<<<<<<  ALIGNMENT BEGINS  <<<<<<<<<<

#  Aligning k-turn_consensus and 3ccm_0:486-487_22-27_511-518:
#  Alignment score:  23
#  P-value:  1.000e+00
#  Query aligned region: 1-1,11-11
#  Target aligned region: 3:'0'24-3:'0'24,15:'0'519-15:'0'519

	G...A
	G...A

#  Matched base-pairing interactions: 
	<G(1:)-A(11:) trans S/H>                       MATCHES	<G(3:'0'24)-A(15:'0'519) trans S/H>
#  Matched base-stacking interactions: 

>>>>>>>>>>   ALIGNMENT ENDS   >>>>>>>>>>

<<<<<<<<<<  ALIGNMENT BEGINS  <<<<<<<<<<

#  Aligning k-turn_consensus and 3ccm_0:2082-2084_527-533_10-15:
#  Alignment score:  22.6
#  P-value:  1.000e+00
#  Query aligned region: 0-1,11-12
#  Target aligned region: 5:'0'530-6:'0'531,11:'0'12-12:'0'13

	GG...AC
	CG...UG

#  Matched base-pairing interactions: 
	<G(1:)-A(11:) trans S/H>                       MATCHES	<G(6:'0'531)-U(11:'0'12) trans S/H>
	<G(0:)-C(12:) cis W/W>                         MATCHES	<C(5:'0'530)-G(12:'0'13) cis W/W>
#  Matched base-stacking interactions: 

>>>>>>>>>>   ALIGNMENT ENDS   >>>>>>>>>>

<<<<<<<<<<  ALIGNMENT BEGINS  <<<<<<<<<<

#  Aligning k-turn_consensus and 3ccm_0:550-552_1317-1323_1333-1338:
#  Alignment score:  22.2
#  P-value:  1.000e+00
#  Query aligned region: 3-3,6-9
#  Target aligned region: 1:'0'552-1:'0'552,8:'0'1323-8:'0'1323,10:'0'1334-10:'0'1334

	A...G~G
	A...G~C

#  Matched base-pairing interactions: 
	<A(3:)-G(6:) trans S/S>                        MATCHES	<A(1:'0'552)-G(8:'0'1323) trans S/S>
	<A(3:)-G(9:) trans H/S>                        MATCHES	<A(1:'0'552)-C(10:'0'1334) cis S/S>
#  Matched base-stacking interactions: 

>>>>>>>>>>   ALIGNMENT ENDS   >>>>>>>>>>

<<<<<<<<<<  ALIGNMENT BEGINS  <<<<<<<<<<

#  Aligning k-turn_consensus and 3ccm_0:23-27_502-517_480-488:
#  Alignment score:  22.2
#  P-value:  1.000e+00
#  Query aligned region: 1-1,11-11
#  Target aligned region: 5:'0'503-5:'0'503,29:'0'489-29:'0'489

	G...A
	G...A

#  Matched base-pairing interactions: 
	<G(1:)-A(11:) trans S/H>                       MATCHES	<G(5:'0'503)-A(29:'0'489) trans S/H>
#  Matched base-stacking interactions: 

>>>>>>>>>>   ALIGNMENT ENDS   >>>>>>>>>>

<<<<<<<<<<  ALIGNMENT BEGINS  <<<<<<<<<<

#  Aligning k-turn_consensus and 3ccm_0:259-266_243-248:
#  Alignment score:  22.2
#  P-value:  1.000e+00
#  Query aligned region: 1-1,11-11
#  Target aligned region: 4:'0'264-4:'0'264,11:'0'247-11:'0'247

	G...A
	G...A

#  Matched base-pairing interactions: 
	<G(1:)-A(11:) trans S/H>                       MATCHES	<G(4:'0'264)-A(11:'0'247) trans S/H>
#  Matched base-stacking interactions: 

>>>>>>>>>>   ALIGNMENT ENDS   >>>>>>>>>>

<<<<<<<<<<  ALIGNMENT BEGINS  <<<<<<<<<<

#  Aligning k-turn_consensus and 3ccm_0:897-903_638-644_1353-1362:
#  Alignment score:  21.5
#  P-value:  1.000e+00
#  Query aligned region: 0-1,11-12
#  Target aligned region: 9:'0'641-10:'0'642,18:'0'1358-20:'0'1360

	GG...A-C
	GG...AUC

#  Matched base-pairing interactions: 
	<G(0:)-C(12:) cis W/W>                         MATCHES	<G(9:'0'641)-C(20:'0'1360) cis W/W>
	<G(1:)-A(11:) trans S/H>                       MATCHES	<G(10:'0'642)-A(18:'0'1358) trans S/H>
#  Matched base-stacking interactions: 

>>>>>>>>>>   ALIGNMENT ENDS   >>>>>>>>>>

<<<<<<<<<<  ALIGNMENT BEGINS  <<<<<<<<<<

#  Aligning k-turn_consensus and 3ccm_0:2528-2530_2277-2285_1051-1062:
#  Alignment score:  21.5
#  P-value:  1.000e+00
#  Query aligned region: 0-1,11-12
#  Target aligned region: 14:'0'1054-20:'0'1060

	GG...A-C
	GG...AGC

#  Matched base-pairing interactions: 
	<G(0:)-C(12:) cis W/W>                         MATCHES	<G(14:'0'1054)-C(20:'0'1060) cis W/W>
	<G(1:)-A(11:) trans S/H>                       MATCHES	<G(15:'0'1055)-A(18:'0'1058) trans S/H>
#  Matched base-stacking interactions: 

>>>>>>>>>>   ALIGNMENT ENDS   >>>>>>>>>>

<<<<<<<<<<  ALIGNMENT BEGINS  <<<<<<<<<<

#  Aligning k-turn_consensus and 3ccm_0:2785-2796_2776-2784_1152-1153:
#  Alignment score:  21.4
#  P-value:  1.000e+00
#  Query aligned region: 1-1,11-11
#  Target aligned region: 4:'0'2790-4:'0'2790,15:'0'2780-15:'0'2780

	G...A
	C...C

#  Matched base-pairing interactions: 
	<G(1:)-A(11:) trans S/H>                       MATCHES	<C(4:'0'2790)-C(15:'0'2780) trans S/H>
#  Matched base-stacking interactions: 

>>>>>>>>>>   ALIGNMENT ENDS   >>>>>>>>>>

<<<<<<<<<<  ALIGNMENT BEGINS  <<<<<<<<<<

#  Aligning k-turn_consensus and 3ccm_0:2557-2559_2773-2782_2789-2800:
#  Alignment score:  21.4
#  P-value:  1.000e+00
#  Query aligned region: 1-1,11-11
#  Target aligned region: 11:'0'2782-11:'0'2782,15:'0'2792-15:'0'2792

	G...A
	G...A

#  Matched base-pairing interactions: 
	<G(1:)-A(11:) trans S/H>                       MATCHES	<G(11:'0'2782)-A(15:'0'2792) trans S/H>
#  Matched base-stacking interactions: 

>>>>>>>>>>   ALIGNMENT ENDS   >>>>>>>>>>

<<<<<<<<<<  ALIGNMENT BEGINS  <<<<<<<<<<

#  Aligning k-turn_consensus and 3ccm_0:239-243_373-378_266-274:
#  Alignment score:  21.2
#  P-value:  1.000e+00
#  Query aligned region: 3-3,6-9
#  Target aligned region: 2:'0'242-2:'0'242,8:'0'377-8:'0'377,13:'0'269-13:'0'269

	A...G~G
	A...C~G

#  Matched base-pairing interactions: 
	<A(3:)-G(9:) trans H/S>                        MATCHES	<A(2:'0'242)-G(13:'0'269) trans H/S>
	<A(3:)-G(6:) trans S/S>                        MATCHES	<A(2:'0'242)-C(8:'0'377) cis -/->
#  Matched base-stacking interactions: 

>>>>>>>>>>   ALIGNMENT ENDS   >>>>>>>>>>

<<<<<<<<<<  ALIGNMENT BEGINS  <<<<<<<<<<

#  Aligning k-turn_consensus and 3ccm_0:2297-2300_951-953_2301-2309:
#  Alignment score:  20.8
#  P-value:  1.000e+00
#  Query aligned region: 0-4,5-12
#  Target aligned region: 0:'0'2298-3:'0'2301,5:'0'953-6:'0'954,7:'0'2302-15:'0'2310

	GGGA~G...C~G-AAGAA-C
	CGAA~G...U~AAGAUAUCG

#  Matched base-pairing interactions: 
	<A(3:)-G(6:) trans S/S>                        MATCHES	<A(3:'0'2301)-A(7:'0'2302) trans S/S>
	<G(2:)-A(10:) trans S/H>                       MATCHES	<A(2:'0'2300)-A(12:'0'2307) trans H/H>
	<G(4:)-C(5:) cis W/W>                          MATCHES	<G(5:'0'953)-U(6:'0'954) cis S/H>
	<A(3:)-G(9:) trans H/S>                        MATCHES	<A(3:'0'2301)-U(11:'0'2306) trans W/W>
	<G(0:)-C(12:) cis W/W>                         MATCHES	<C(0:'0'2298)-G(15:'0'2310) cis W/W>
	<G(1:)-A(11:) trans S/H>                       MATCHES	<G(1:'0'2299)-U(13:'0'2308) trans S/H>
#  Matched base-stacking interactions: 

>>>>>>>>>>   ALIGNMENT ENDS   >>>>>>>>>>

<<<<<<<<<<  ALIGNMENT BEGINS  <<<<<<<<<<

#  Aligning k-turn_consensus and 3ccm_0:2240-2248_2252-2259_2132-2133:
#  Alignment score:  20.4
#  P-value:  1.000e+00
#  Query aligned region: 3-3,6-9
#  Target aligned region: 3:'0'2244-4:'0'2245,13:'0'2257-13:'0'2257

	A...G~G
	A...C~G

#  Matched base-pairing interactions: 
	<A(3:)-G(9:) trans H/S>                        MATCHES	<A(3:'0'2244)-G(13:'0'2257) trans H/S>
	<A(3:)-G(6:) trans S/S>                        MATCHES	<A(3:'0'2244)-C(4:'0'2245) cis -/->
#  Matched base-stacking interactions: 

>>>>>>>>>>   ALIGNMENT ENDS   >>>>>>>>>>

<<<<<<<<<<  ALIGNMENT BEGINS  <<<<<<<<<<

#  Aligning k-turn_consensus and 3ccm_0:1964-1971_1939-1946_1889-1897:
#  Alignment score:  20.2
#  P-value:  1.000e+00
#  Query aligned region: 3-3,6-9
#  Target aligned region: 4:'0'1969-4:'0'1969,13:'0'1945-13:'0'1945,18:'0'1892-18:'0'1892

	A...G~G
	A...G~C

#  Matched base-pairing interactions: 
	<A(3:)-G(6:) trans S/S>                        MATCHES	<A(4:'0'1969)-G(13:'0'1945) trans S/S>
	<A(3:)-G(9:) trans H/S>                        MATCHES	<A(4:'0'1969)-C(18:'0'1892) cis S/S>
#  Matched base-stacking interactions: 

>>>>>>>>>>   ALIGNMENT ENDS   >>>>>>>>>>

<<<<<<<<<<  ALIGNMENT BEGINS  <<<<<<<<<<

#  Aligning k-turn_consensus and 3ccm_0:1142-1153_1212-1220:
#  Alignment score:  19.8
#  P-value:  1.000e+00
#  Query aligned region: 1-1,11-11
#  Target aligned region: 8:'0'1151-8:'0'1151,14:'0'1215-14:'0'1215

	G...A
	G...A

#  Matched base-pairing interactions: 
	<G(1:)-A(11:) trans S/H>                       MATCHES	<G(8:'0'1151)-A(14:'0'1215) trans S/H>
#  Matched base-stacking interactions: 

>>>>>>>>>>   ALIGNMENT ENDS   >>>>>>>>>>

<<<<<<<<<<  ALIGNMENT BEGINS  <<<<<<<<<<

#  Aligning k-turn_consensus and 3ccm_0:2672-2678_2805-2813_2660-2661:
#  Alignment score:  19.8
#  P-value:  1.000e+00
#  Query aligned region: 1-1,11-11
#  Target aligned region: 1:'0'2674-1:'0'2674,14:'0'2813-14:'0'2813

	G...A
	G...A

#  Matched base-pairing interactions: 
	<G(1:)-A(11:) trans S/H>                       MATCHES	<G(1:'0'2674)-A(14:'0'2813) trans S/H>
#  Matched base-stacking interactions: 

>>>>>>>>>>   ALIGNMENT ENDS   >>>>>>>>>>

<<<<<<<<<<  ALIGNMENT BEGINS  <<<<<<<<<<

#  Aligning k-turn_consensus and 3ccm_0:1491-1498_1446-1450_1502-1513:
#  Alignment score:  19.4
#  P-value:  1.000e+00
#  Query aligned region: 3-3,6-9
#  Target aligned region: 1:'0'1493-1:'0'1493,10:'0'1449-10:'0'1449,23:'0'1513-23:'0'1513

	A...G~G
	A...G~C

#  Matched base-pairing interactions: 
	<A(3:)-G(6:) trans S/S>                        MATCHES	<A(1:'0'1493)-G(10:'0'1449) trans S/S>
	<A(3:)-G(9:) trans H/S>                        MATCHES	<A(1:'0'1493)-C(23:'0'1513) cis S/S>
#  Matched base-stacking interactions: 

>>>>>>>>>>   ALIGNMENT ENDS   >>>>>>>>>>

<<<<<<<<<<  ALIGNMENT BEGINS  <<<<<<<<<<

#  Aligning k-turn_consensus and 3ccm_0:1740-1753_2030-2037:
#  Alignment score:  19.4
#  P-value:  1.000e+00
#  Query aligned region: 0-1,11-12
#  Target aligned region: 3:'0'1744-4:'0'1745,17:'0'2034-18:'0'2035

	GG...AC
	GG...UC

#  Matched base-pairing interactions: 
	<G(1:)-A(11:) trans S/H>                       MATCHES	<G(4:'0'1745)-U(17:'0'2034) trans S/H>
	<G(0:)-C(12:) cis W/W>                         MATCHES	<G(3:'0'1744)-C(18:'0'2035) cis W/W>
#  Matched base-stacking interactions: 

>>>>>>>>>>   ALIGNMENT ENDS   >>>>>>>>>>

<<<<<<<<<<  ALIGNMENT BEGINS  <<<<<<<<<<

#  Aligning k-turn_consensus and 3ccm_0:936-937_704-711_715-723:
#  Alignment score:  19.2
#  P-value:  1.000e+00
#  Query aligned region: 0-1,11-12
#  Target aligned region: 2:'0'705-3:'0'706,16:'0'722-17:'0'723

	GG...AC
	CG...GG

#  Matched base-pairing interactions: 
	<G(1:)-A(11:) trans S/H>                       MATCHES	<G(3:'0'706)-G(16:'0'722) trans S/H>
	<G(0:)-C(12:) cis W/W>                         MATCHES	<C(2:'0'705)-G(17:'0'723) cis W/W>
#  Matched base-stacking interactions: 

>>>>>>>>>>   ALIGNMENT ENDS   >>>>>>>>>>

<<<<<<<<<<  ALIGNMENT BEGINS  <<<<<<<<<<

#  Aligning k-turn_consensus and 3ccm_0:146-153_181-186_40-44:
#  Alignment score:  19
#  P-value:  1.000e+00
#  Query aligned region: 0-1,11-12
#  Target aligned region: 2:'0'149-3:'0'150,11:'0'185-11:'0'185,15:'0'42-15:'0'42

	GG...A~C
	GG...G~C

#  Matched base-pairing interactions: 
	<G(0:)-C(12:) cis W/W>                         MATCHES	<G(2:'0'149)-C(15:'0'42) cis W/W>
	<G(1:)-A(11:) trans S/H>                       MATCHES	<G(3:'0'150)-G(11:'0'185) trans S/H>
#  Matched base-stacking interactions: 

>>>>>>>>>>   ALIGNMENT ENDS   >>>>>>>>>>

<<<<<<<<<<  ALIGNMENT BEGINS  <<<<<<<<<<

#  Aligning k-turn_consensus and 3ccm_0:2594-2601_2575-2582_2551-2556:
#  Alignment score:  18.6
#  P-value:  1.000e+00
#  Query aligned region: 3-3,6-9
#  Target aligned region: 5:'0'2600-5:'0'2600,12:'0'2580-12:'0'2580,19:'0'2555-19:'0'2555

	A...G~G
	A...G~C

#  Matched base-pairing interactions: 
	<A(3:)-G(6:) trans S/S>                        MATCHES	<A(5:'0'2600)-G(12:'0'2580) trans S/S>
	<A(3:)-G(9:) trans H/S>                        MATCHES	<A(5:'0'2600)-C(19:'0'2555) cis S/S>
#  Matched base-stacking interactions: 

>>>>>>>>>>   ALIGNMENT ENDS   >>>>>>>>>>

<<<<<<<<<<  ALIGNMENT BEGINS  <<<<<<<<<<

#  Aligning k-turn_consensus and 3ccm_0:2678-2683_2553-2557_2574-2579:
#  Alignment score:  17.6
#  P-value:  1.000e+00
#  Query aligned region: 3-3,6-9
#  Target aligned region: 5:'0'2684-5:'0'2684,9:'0'2557-9:'0'2557,14:'0'2578-14:'0'2578

	A...G~G
	A...U~G

#  Matched base-pairing interactions: 
	<A(3:)-G(9:) trans H/S>                        MATCHES	<A(5:'0'2684)-G(14:'0'2578) cis -/->
	<A(3:)-G(6:) trans S/S>                        MATCHES	<A(5:'0'2684)-U(9:'0'2557) trans S/S>
#  Matched base-stacking interactions: 

>>>>>>>>>>   ALIGNMENT ENDS   >>>>>>>>>>

<<<<<<<<<<  ALIGNMENT BEGINS  <<<<<<<<<<

#  Aligning k-turn_consensus and 3ccm_0:866-879_1826-1834_1839-1846:
#  Alignment score:  15.8
#  P-value:  1.000e+00
#  Query aligned region: 3-3,6-9
#  Target aligned region: 7:'0'874-7:'0'874,19:'0'1832-19:'0'1832,27:'0'1844-27:'0'1844

	A...G~G
	A...G~C

#  Matched base-pairing interactions: 
	<A(3:)-G(6:) trans S/S>                        MATCHES	<A(7:'0'874)-G(19:'0'1832) trans S/S>
	<A(3:)-G(9:) trans H/S>                        MATCHES	<A(7:'0'874)-C(27:'0'1844) cis S/S>
#  Matched base-stacking interactions: 

>>>>>>>>>>   ALIGNMENT ENDS   >>>>>>>>>>

<<<<<<<<<<  ALIGNMENT BEGINS  <<<<<<<<<<

#  Aligning k-turn_consensus and 3ccm_0:2843-2853_2904-2911_2827-2835:
#  Alignment score:  15.8
#  P-value:  1.000e+00
#  Query aligned region: 1-1,11-11
#  Target aligned region: 7:'0'2851-7:'0'2851,12:'0'2906-12:'0'2906

	G...A
	G...A

#  Matched base-pairing interactions: 
	<G(1:)-A(11:) trans S/H>                       MATCHES	<G(7:'0'2851)-A(12:'0'2906) trans S/H>
#  Matched base-stacking interactions: 

>>>>>>>>>>   ALIGNMENT ENDS   >>>>>>>>>>

<<<<<<<<<<  ALIGNMENT BEGINS  <<<<<<<<<<

#  Aligning k-turn_consensus and 3ccm_0:229-231_663-670_674-681:
#  Alignment score:  15.6
#  P-value:  1.000e+00
#  Query aligned region: 0-1,11-12
#  Target aligned region: 9:'0'670-10:'0'671,11:'0'675-12:'0'676

	GG...AC
	GA...UC

#  Matched base-pairing interactions: 
	<G(1:)-A(11:) trans S/H>                       MATCHES	<A(10:'0'671)-U(11:'0'675) cis -/->
	<G(0:)-C(12:) cis W/W>                         MATCHES	<G(9:'0'670)-C(12:'0'676) cis W/W>
#  Matched base-stacking interactions: 

>>>>>>>>>>   ALIGNMENT ENDS   >>>>>>>>>>

<<<<<<<<<<  ALIGNMENT BEGINS  <<<<<<<<<<

#  Aligning k-turn_consensus and 3ccm_0:726-733_736-743_693-701:
#  Alignment score:  15.2
#  P-value:  1.000e+00
#  Query aligned region: 0-1,11-12
#  Target aligned region: 6:'0'733-7:'0'734,8:'0'737-9:'0'738

	GG...AC
	UU...AG

#  Matched base-pairing interactions: 
	<G(1:)-A(11:) trans S/H>                       MATCHES	<U(7:'0'734)-A(8:'0'737) cis -/->
	<G(0:)-C(12:) cis W/W>                         MATCHES	<U(6:'0'733)-G(9:'0'738) cis W/W>
#  Matched base-stacking interactions: 

>>>>>>>>>>   ALIGNMENT ENDS   >>>>>>>>>>

<<<<<<<<<<  ALIGNMENT BEGINS  <<<<<<<<<<

#  Aligning k-turn_consensus and 3ccm_0:897-902_761-764:
#  Alignment score:  15
#  P-value:  1.000e+00
#  Query aligned region: 0-1,11-12
#  Target aligned region: 3:'0'901-4:'0'902,6:'0'762-7:'0'763

	GG...AC
	GG...CC

#  Matched base-pairing interactions: 
	<G(1:)-A(11:) trans S/H>                       MATCHES	<G(4:'0'902)-C(6:'0'762) cis W/W>
	<G(0:)-C(12:) cis W/W>                         MATCHES	<G(3:'0'901)-C(7:'0'763) cis W/W>
#  Matched base-stacking interactions: 

>>>>>>>>>>   ALIGNMENT ENDS   >>>>>>>>>>

<<<<<<<<<<  ALIGNMENT BEGINS  <<<<<<<<<<

#  Aligning k-turn_consensus and 3ccm_0:1031-1039_929-936:
#  Alignment score:  15
#  P-value:  1.000e+00
#  Query aligned region: 0-1,11-12
#  Target aligned region: 7:'0'1039-8:'0'1040,9:'0'930-10:'0'931

	GG...AC
	GA...CC

#  Matched base-pairing interactions: 
	<G(1:)-A(11:) trans S/H>                       MATCHES	<A(8:'0'1040)-C(9:'0'930) cis -/->
	<G(0:)-C(12:) cis W/W>                         MATCHES	<G(7:'0'1039)-C(10:'0'931) cis W/W>
#  Matched base-stacking interactions: 

>>>>>>>>>>   ALIGNMENT ENDS   >>>>>>>>>>

<<<<<<<<<<  ALIGNMENT BEGINS  <<<<<<<<<<

#  Aligning k-turn_consensus and 3ccm_0:2265-2267_1925-1931_1906-1912:
#  Alignment score:  15
#  P-value:  1.000e+00
#  Query aligned region: 0-1,11-12
#  Target aligned region: 3:'0'1926-4:'0'1927,15:'0'1912-16:'0'1913

	GG...AC
	GA...AC

#  Matched base-pairing interactions: 
	<G(1:)-A(11:) trans S/H>                       MATCHES	<A(4:'0'1927)-A(15:'0'1912) cis W/W>
	<G(0:)-C(12:) cis W/W>                         MATCHES	<G(3:'0'1926)-C(16:'0'1913) cis W/W>
#  Matched base-stacking interactions: 

>>>>>>>>>>   ALIGNMENT ENDS   >>>>>>>>>>

<<<<<<<<<<  ALIGNMENT BEGINS  <<<<<<<<<<

#  Aligning k-turn_consensus and 3ccm_0:825-833_847-853_787-789:
#  Alignment score:  15
#  P-value:  1.000e+00
#  Query aligned region: 0-1,11-12
#  Target aligned region: 7:'0'833-8:'0'834,9:'0'848-10:'0'849

	GG...AC
	GG...CC

#  Matched base-pairing interactions: 
	<G(1:)-A(11:) trans S/H>                       MATCHES	<G(8:'0'834)-C(9:'0'848) cis W/W>
	<G(0:)-C(12:) cis W/W>                         MATCHES	<G(7:'0'833)-C(10:'0'849) cis W/W>
#  Matched base-stacking interactions: 

>>>>>>>>>>   ALIGNMENT ENDS   >>>>>>>>>>

<<<<<<<<<<  ALIGNMENT BEGINS  <<<<<<<<<<

#  Aligning k-turn_consensus and 3ccm_0:2398-2406_732-737_2381-2388:
#  Alignment score:  14.4
#  P-value:  1.000e+00
#  Query aligned region: 0-1,11-12
#  Target aligned region: 0:'0'2399-0:'0'2399,10:'0'734-12:'0'736,22:'0'2389-22:'0'2389

	G~G...A~C
	G~U...A~U

#  Matched base-pairing interactions: 
	<G(0:)-C(12:) cis W/W>                         MATCHES	<G(0:'0'2399)-U(22:'0'2389) cis W/W>
	<G(1:)-A(11:) trans S/H>                       MATCHES	<U(10:'0'734)-A(12:'0'736) cis -/->
#  Matched base-stacking interactions: 

>>>>>>>>>>   ALIGNMENT ENDS   >>>>>>>>>>

<<<<<<<<<<  ALIGNMENT BEGINS  <<<<<<<<<<

#  Aligning k-turn_consensus and 3ccm_0:1451-1455_1685-1696_1484-1490:
#  Alignment score:  14.4
#  P-value:  1.000e+00
#  Query aligned region: 0-1,11-12
#  Target aligned region: 4:'0'1456-4:'0'1456,16:'0'1697-16:'0'1697,20:'0'1488-21:'0'1489

	G~G...AC
	C~G...UG

#  Matched base-pairing interactions: 
	<G(0:)-C(12:) cis W/W>                         MATCHES	<C(4:'0'1456)-G(21:'0'1489) cis W/W>
	<G(1:)-A(11:) trans S/H>                       MATCHES	<G(16:'0'1697)-U(20:'0'1488) trans S/H>
#  Matched base-stacking interactions: 

>>>>>>>>>>   ALIGNMENT ENDS   >>>>>>>>>>

<<<<<<<<<<  ALIGNMENT BEGINS  <<<<<<<<<<

#  Aligning k-turn_consensus and 3ccm_0:23-27_480-488_502-517:
#  Alignment score:  14.4
#  P-value:  1.000e+00
#  Query aligned region: 0-1,11-12
#  Target aligned region: 3:'0'27-3:'0'27,6:'0'482-10:'0'486,27:'0'516-27:'0'516

	G~G...A~C
	U~G...A~A

#  Matched base-pairing interactions: 
	<G(0:)-C(12:) cis W/W>                         MATCHES	<U(3:'0'27)-A(27:'0'516) cis W/W>
	<G(1:)-A(11:) trans S/H>                       MATCHES	<G(6:'0'482)-A(10:'0'486) trans S/H>
#  Matched base-stacking interactions: 

>>>>>>>>>>   ALIGNMENT ENDS   >>>>>>>>>>

<<<<<<<<<<  ALIGNMENT BEGINS  <<<<<<<<<<

#  Aligning k-turn_consensus and 3ccm_0:2010-2016_1845-1850_1880-1885:
#  Alignment score:  14.2
#  P-value:  1.000e+00
#  Query aligned region: 0-1,11-12
#  Target aligned region: 5:'0'2016-6:'0'2017,17:'0'1885-18:'0'1886

	GG...AC
	UU...AA

#  Matched base-pairing interactions: 
	<G(1:)-A(11:) trans S/H>                       MATCHES	<U(6:'0'2017)-A(17:'0'1885) trans W/H>
	<G(0:)-C(12:) cis W/W>                         MATCHES	<U(5:'0'2016)-A(18:'0'1886) cis W/W>
#  Matched base-stacking interactions: 

>>>>>>>>>>   ALIGNMENT ENDS   >>>>>>>>>>

<<<<<<<<<<  ALIGNMENT BEGINS  <<<<<<<<<<

#  Aligning k-turn_consensus and 3ccm_0:2899-2908_2851-2856_2830-2837:
#  Alignment score:  14.2
#  P-value:  1.000e+00
#  Query aligned region: 0-1,11-12
#  Target aligned region: 0:'0'2900-1:'0'2901,14:'0'2856-15:'0'2857

	GG...AC
	GC...AC

#  Matched base-pairing interactions: 
	<G(1:)-A(11:) trans S/H>                       MATCHES	<C(1:'0'2901)-A(14:'0'2856) cis W/W>
	<G(0:)-C(12:) cis W/W>                         MATCHES	<G(0:'0'2900)-C(15:'0'2857) cis W/W>
#  Matched base-stacking interactions: 

>>>>>>>>>>   ALIGNMENT ENDS   >>>>>>>>>>

<<<<<<<<<<  ALIGNMENT BEGINS  <<<<<<<<<<

#  Aligning k-turn_consensus and 3ccm_0:2851-2856_2830-2837_2899-2908:
#  Alignment score:  14.2
#  P-value:  1.000e+00
#  Query aligned region: 0-1,11-12
#  Target aligned region: 6:'0'2831-7:'0'2832,22:'0'2908-23:'0'2909

	GG...AC
	CC...AG

#  Matched base-pairing interactions: 
	<G(1:)-A(11:) trans S/H>                       MATCHES	<C(7:'0'2832)-A(22:'0'2908) cis S/W>
	<G(0:)-C(12:) cis W/W>                         MATCHES	<C(6:'0'2831)-G(23:'0'2909) cis W/W>
#  Matched base-stacking interactions: 

>>>>>>>>>>   ALIGNMENT ENDS   >>>>>>>>>>

<<<<<<<<<<  ALIGNMENT BEGINS  <<<<<<<<<<

#  Aligning k-turn_consensus and 3ccm_0:1722-1727_1368-1376_2046-2053:
#  Alignment score:  14.2
#  P-value:  1.000e+00
#  Query aligned region: 0-1,11-12
#  Target aligned region: 10:'0'1373-11:'0'1374,19:'0'2051-20:'0'2052

	GG...AC
	GC...GU

#  Matched base-pairing interactions: 
	<G(1:)-A(11:) trans S/H>                       MATCHES	<C(11:'0'1374)-G(19:'0'2051) cis W/W>
	<G(0:)-C(12:) cis W/W>                         MATCHES	<G(10:'0'1373)-U(20:'0'2052) cis W/W>
#  Matched base-stacking interactions: 

>>>>>>>>>>   ALIGNMENT ENDS   >>>>>>>>>>

<<<<<<<<<<  ALIGNMENT BEGINS  <<<<<<<<<<

#  Aligning k-turn_consensus and 3ccm_0:766-770_890-894_159-176:
#  Alignment score:  14
#  P-value:  1.000e+00
#  Query aligned region: 0-1,11-12
#  Target aligned region: 14:'0'164-21:'0'171

	GG...AC
	GA...UC

#  Matched base-pairing interactions: 
	<G(1:)-A(11:) trans S/H>                       MATCHES	<A(15:'0'165)-U(20:'0'170) cis -/->
	<G(0:)-C(12:) cis W/W>                         MATCHES	<G(14:'0'164)-C(21:'0'171) cis W/W>
#  Matched base-stacking interactions: 

>>>>>>>>>>   ALIGNMENT ENDS   >>>>>>>>>>

<<<<<<<<<<  ALIGNMENT BEGINS  <<<<<<<<<<

#  Aligning k-turn_consensus and 3ccm_0:2127-2132_386-387_2259-2265:
#  Alignment score:  13.8
#  P-value:  1.000e+00
#  Query aligned region: 0-1,11-12
#  Target aligned region: 3:'0'2131-4:'0'2132,9:'0'2261-10:'0'2262

	GG...AC
	GC...CC

#  Matched base-pairing interactions: 
	<G(1:)-A(11:) trans S/H>                       MATCHES	<C(4:'0'2132)-C(9:'0'2261) cis W/W>
	<G(0:)-C(12:) cis W/W>                         MATCHES	<G(3:'0'2131)-C(10:'0'2262) cis W/W>
#  Matched base-stacking interactions: 

>>>>>>>>>>   ALIGNMENT ENDS   >>>>>>>>>>

<<<<<<<<<<  ALIGNMENT BEGINS  <<<<<<<<<<

#  Aligning k-turn_consensus and 3ccm_0:478-479_449-459_27-32:
#  Alignment score:  13.8
#  P-value:  1.000e+00
#  Query aligned region: 0-1,11-12
#  Target aligned region: 0:'0'479-1:'0'480,13:'0'28-14:'0'29

	GG...AC
	GC...GC

#  Matched base-pairing interactions: 
	<G(1:)-A(11:) trans S/H>                       MATCHES	<C(1:'0'480)-G(13:'0'28) cis W/W>
	<G(0:)-C(12:) cis W/W>                         MATCHES	<G(0:'0'479)-C(14:'0'29) cis W/W>
#  Matched base-stacking interactions: 

>>>>>>>>>>   ALIGNMENT ENDS   >>>>>>>>>>

<<<<<<<<<<  ALIGNMENT BEGINS  <<<<<<<<<<

#  Aligning k-turn_consensus and 3ccm_0:481-492_498-514:
#  Alignment score:  13.8
#  P-value:  1.000e+00
#  Query aligned region: 0-1,11-12
#  Target aligned region: 8:'0'490-9:'0'491,14:'0'501-15:'0'502

	GG...AC
	CC...GA

#  Matched base-pairing interactions: 
	<G(1:)-A(11:) trans S/H>                       MATCHES	<C(9:'0'491)-G(14:'0'501) cis W/W>
	<G(0:)-C(12:) cis W/W>                         MATCHES	<C(8:'0'490)-A(15:'0'502) cis W/W>
#  Matched base-stacking interactions: 

>>>>>>>>>>   ALIGNMENT ENDS   >>>>>>>>>>

<<<<<<<<<<  ALIGNMENT BEGINS  <<<<<<<<<<

#  Aligning k-turn_consensus and 3ccm_0:2115-2127_1928-1931_2265-2273:
#  Alignment score:  13.8
#  P-value:  1.000e+00
#  Query aligned region: 0-1,11-12
#  Target aligned region: 8:'0'2124-8:'0'2124,13:'0'1929-14:'0'1930,20:'0'2269-20:'0'2269

	G~G...A~C
	G~G...A~C

#  Matched base-pairing interactions: 
	<G(0:)-C(12:) cis W/W>                         MATCHES	<G(8:'0'2124)-C(20:'0'2269) cis W/W>
	<G(1:)-A(11:) trans S/H>                       MATCHES	<G(13:'0'1929)-A(14:'0'1930) cis S/H>
#  Matched base-stacking interactions: 

>>>>>>>>>>   ALIGNMENT ENDS   >>>>>>>>>>

<<<<<<<<<<  ALIGNMENT BEGINS  <<<<<<<<<<

#  Aligning k-turn_consensus and 3ccm_0:354-361_289-295:
#  Alignment score:  13.8
#  P-value:  1.000e+00
#  Query aligned region: 0-1,11-12
#  Target aligned region: 0:'0'355-1:'0'356,13:'0'295-14:'0'296

	GG...AC
	CC...CG

#  Matched base-pairing interactions: 
	<G(1:)-A(11:) trans S/H>                       MATCHES	<C(1:'0'356)-C(13:'0'295) cis W/W>
	<G(0:)-C(12:) cis W/W>                         MATCHES	<C(0:'0'355)-G(14:'0'296) cis W/W>
#  Matched base-stacking interactions: 

>>>>>>>>>>   ALIGNMENT ENDS   >>>>>>>>>>

<<<<<<<<<<  ALIGNMENT BEGINS  <<<<<<<<<<

#  Aligning k-turn_consensus and 3ccm_0:280-290_360-367:
#  Alignment score:  13.8
#  P-value:  1.000e+00
#  Query aligned region: 0-1,11-12
#  Target aligned region: 9:'0'290-10:'0'291,11:'0'361-12:'0'362

	GG...AC
	CC...CG

#  Matched base-pairing interactions: 
	<G(1:)-A(11:) trans S/H>                       MATCHES	<C(10:'0'291)-C(11:'0'361) cis W/W>
	<G(0:)-C(12:) cis W/W>                         MATCHES	<C(9:'0'290)-G(12:'0'362) cis W/W>
#  Matched base-stacking interactions: 

>>>>>>>>>>   ALIGNMENT ENDS   >>>>>>>>>>

<<<<<<<<<<  ALIGNMENT BEGINS  <<<<<<<<<<

#  Aligning k-turn_consensus and 3ccm_0:477-478_447-464_28-33:
#  Alignment score:  13.7
#  P-value:  1.000e+00
#  Query aligned region: 0-4,5-12
#  Target aligned region: 2:'0'448-14:'0'460,20:'0'29-25:'0'34

	G-GG-A--G...C~GAAG-AAC
	GACCGAUAG...A~C--UCGGC

#  Matched base-pairing interactions: 
	<A(3:)-G(6:) trans S/S>                        MATCHES	<A(7:'0'453)-C(20:'0'29) cis -/->
	<G(4:)-A(10:) trans S/S>                       MATCHES	<G(10:'0'456)-G(23:'0'32) trans S/S>
	<G(2:)-A(10:) trans S/H>                       MATCHES	<C(5:'0'451)-G(23:'0'32) cis W/W>
	<A(3:)-G(9:) trans H/S>                        MATCHES	<A(7:'0'453)-U(21:'0'30) trans H/W>
	<G(0:)-C(12:) cis W/W>                         MATCHES	<G(2:'0'448)-C(25:'0'34) cis W/W>
	<G(4:)-C(5:) cis W/W>                          MATCHES	<G(10:'0'456)-A(14:'0'460) cis -/->
	<G(1:)-A(11:) trans S/H>                       MATCHES	<C(4:'0'450)-G(24:'0'33) cis W/W>
#  Matched base-stacking interactions: 

>>>>>>>>>>   ALIGNMENT ENDS   >>>>>>>>>>

<<<<<<<<<<  ALIGNMENT BEGINS  <<<<<<<<<<

#  Aligning k-turn_consensus and 3ccm_0:1343-1352_448-449_1302-1310:
#  Alignment score:  13.6
#  P-value:  1.000e+00
#  Query aligned region: 0-1,11-12
#  Target aligned region: 7:'0'1351-8:'0'1352,11:'0'450-11:'0'450,12:'0'1303-12:'0'1303

	GG...A~C
	GA...C~C

#  Matched base-pairing interactions: 
	<G(1:)-A(11:) trans S/H>                       MATCHES	<A(8:'0'1352)-C(11:'0'450) cis -/->
	<G(0:)-C(12:) cis W/W>                         MATCHES	<G(7:'0'1351)-C(12:'0'1303) cis W/W>
#  Matched base-stacking interactions: 

>>>>>>>>>>   ALIGNMENT ENDS   >>>>>>>>>>

<<<<<<<<<<  ALIGNMENT BEGINS  <<<<<<<<<<

#  Aligning k-turn_consensus and 3ccm_0:2301-2302_951-957_1004-1014:
#  Alignment score:  13.4
#  P-value:  1.000e+00
#  Query aligned region: 0-1,11-12
#  Target aligned region: 7:'0'957-8:'0'958,12:'0'1008-13:'0'1009

	GG...AC
	AG...CU

#  Matched base-pairing interactions: 
	<G(1:)-A(11:) trans S/H>                       MATCHES	<G(8:'0'958)-C(12:'0'1008) cis W/W>
	<G(0:)-C(12:) cis W/W>                         MATCHES	<A(7:'0'957)-U(13:'0'1009) cis W/W>
#  Matched base-stacking interactions: 

>>>>>>>>>>   ALIGNMENT ENDS   >>>>>>>>>>

<<<<<<<<<<  ALIGNMENT BEGINS  <<<<<<<<<<

#  Aligning k-turn_consensus and 3ccm_0:2553-2557_2678-2683_2574-2579:
#  Alignment score:  13.4
#  P-value:  1.000e+00
#  Query aligned region: 0-1,11-12
#  Target aligned region: 4:'0'2558-4:'0'2558,7:'0'2681-8:'0'2682,11:'0'2575-11:'0'2575

	G~G...A~C
	G~A...C~C

#  Matched base-pairing interactions: 
	<G(0:)-C(12:) cis W/W>                         MATCHES	<G(4:'0'2558)-C(11:'0'2575) cis W/W>
	<G(1:)-A(11:) trans S/H>                       MATCHES	<A(7:'0'2681)-C(8:'0'2682) cis S/S>
#  Matched base-stacking interactions: 

>>>>>>>>>>   ALIGNMENT ENDS   >>>>>>>>>>

<<<<<<<<<<  ALIGNMENT BEGINS  <<<<<<<<<<

#  Aligning k-turn_consensus and 3ccm_0:1091-1098_563-566_1256-1264:
#  Alignment score:  13.4
#  P-value:  1.000e+00
#  Query aligned region: 0-1,11-12
#  Target aligned region: 7:'0'1099-7:'0'1099,8:'0'564-9:'0'565,12:'0'1257-12:'0'1257

	G~G...A~C
	G~G...A~C

#  Matched base-pairing interactions: 
	<G(0:)-C(12:) cis W/W>                         MATCHES	<G(7:'0'1099)-C(12:'0'1257) cis W/W>
	<G(1:)-A(11:) trans S/H>                       MATCHES	<G(8:'0'564)-A(9:'0'565) cis S/H>
#  Matched base-stacking interactions: 

>>>>>>>>>>   ALIGNMENT ENDS   >>>>>>>>>>

<<<<<<<<<<  ALIGNMENT BEGINS  <<<<<<<<<<

#  Aligning k-turn_consensus and 3ccm_0:692-697_687-690_730-732:
#  Alignment score:  13.4
#  P-value:  1.000e+00
#  Query aligned region: 0-1,11-12
#  Target aligned region: 3:'0'696-4:'0'697,6:'0'688-7:'0'689

	GG...AC
	CG...AG

#  Matched base-pairing interactions: 
	<G(1:)-A(11:) trans S/H>                       MATCHES	<G(4:'0'697)-A(6:'0'688) cis -/->
	<G(0:)-C(12:) cis W/W>                         MATCHES	<C(3:'0'696)-G(7:'0'689) cis W/W>
#  Matched base-stacking interactions: 

>>>>>>>>>>   ALIGNMENT ENDS   >>>>>>>>>>

<<<<<<<<<<  ALIGNMENT BEGINS  <<<<<<<<<<

#  Aligning k-turn_consensus and 3ccm_0:2107-2117_880-885_2469-2476:
#  Alignment score:  13.2
#  P-value:  1.000e+00
#  Query aligned region: 0-1,11-12
#  Target aligned region: 3:'0'2111-3:'0'2111,12:'0'882-13:'0'883,23:'0'2476-23:'0'2476

	G~G...A~C
	G~A...U~C

#  Matched base-pairing interactions: 
	<G(0:)-C(12:) cis W/W>                         MATCHES	<G(3:'0'2111)-C(23:'0'2476) cis W/W>
	<G(1:)-A(11:) trans S/H>                       MATCHES	<A(12:'0'882)-U(13:'0'883) cis -/->
#  Matched base-stacking interactions: 

>>>>>>>>>>   ALIGNMENT ENDS   >>>>>>>>>>

<<<<<<<<<<  ALIGNMENT BEGINS  <<<<<<<<<<

#  Aligning k-turn_consensus and 3ccm_0:892-900_2107-2110_762-767:
#  Alignment score:  13.2
#  P-value:  1.000e+00
#  Query aligned region: 0-1,11-12
#  Target aligned region: 6:'0'899-7:'0'900,14:'0'764-15:'0'765

	GG...AC
	CU...CG

#  Matched base-pairing interactions: 
	<G(1:)-A(11:) trans S/H>                       MATCHES	<U(7:'0'900)-C(14:'0'764) cis W/W>
	<G(0:)-C(12:) cis W/W>                         MATCHES	<C(6:'0'899)-G(15:'0'765) cis W/W>
#  Matched base-stacking interactions: 

>>>>>>>>>>   ALIGNMENT ENDS   >>>>>>>>>>

<<<<<<<<<<  ALIGNMENT BEGINS  <<<<<<<<<<

#  Aligning k-turn_consensus and 3ccm_0:2301-2310_1005-1006_2296-2300:
#  Alignment score:  13.2
#  P-value:  1.000e+00
#  Query aligned region: 0-1,11-12
#  Target aligned region: 8:'0'2310-8:'0'2310,11:'0'1007-11:'0'1007,12:'0'2297-13:'0'2298

	G~G...AC
	G~A...UC

#  Matched base-pairing interactions: 
	<G(0:)-C(12:) cis W/W>                         MATCHES	<G(8:'0'2310)-C(13:'0'2298) cis W/W>
	<G(1:)-A(11:) trans S/H>                       MATCHES	<A(11:'0'1007)-U(12:'0'2297) cis S/S>
#  Matched base-stacking interactions: 

>>>>>>>>>>   ALIGNMENT ENDS   >>>>>>>>>>

<<<<<<<<<<  ALIGNMENT BEGINS  <<<<<<<<<<

#  Aligning k-turn_consensus and 3ccm_0:1359-1364_1355-1358_635-642:
#  Alignment score:  13.2
#  P-value:  1.000e+00
#  Query aligned region: 0-1,11-12
#  Target aligned region: 5:'0'1365-5:'0'1365,6:'0'1356-7:'0'1357,10:'0'636-10:'0'636

	G~G...A~C
	C~A...A~G

#  Matched base-pairing interactions: 
	<G(0:)-C(12:) cis W/W>                         MATCHES	<C(5:'0'1365)-G(10:'0'636) cis W/W>
	<G(1:)-A(11:) trans S/H>                       MATCHES	<A(6:'0'1356)-A(7:'0'1357) cis -/->
#  Matched base-stacking interactions: 

>>>>>>>>>>   ALIGNMENT ENDS   >>>>>>>>>>

<<<<<<<<<<  ALIGNMENT BEGINS  <<<<<<<<<<

#  Aligning k-turn_consensus and 3ccm_0:862-863_1458-1465_1476-1483:
#  Alignment score:  13
#  P-value:  1.000e+00
#  Query aligned region: 0-1,11-12
#  Target aligned region: 8:'0'1465-9:'0'1466,10:'0'1477-11:'0'1478

	GG...AC
	AC...CU

#  Matched base-pairing interactions: 
	<G(1:)-A(11:) trans S/H>                       MATCHES	<C(9:'0'1466)-C(10:'0'1477) cis W/W>
	<G(0:)-C(12:) cis W/W>                         MATCHES	<A(8:'0'1465)-U(11:'0'1478) cis W/W>
#  Matched base-stacking interactions: 

>>>>>>>>>>   ALIGNMENT ENDS   >>>>>>>>>>

<<<<<<<<<<  ALIGNMENT BEGINS  <<<<<<<<<<

#  Aligning k-turn_consensus and 3ccm_0:2067-2076_2058-2063_534-536:
#  Alignment score:  12.6
#  P-value:  1.000e+00
#  Query aligned region: 0-1,11-12
#  Target aligned region: 7:'0'2075-8:'0'2076,11:'0'2060-12:'0'2061

	GG...AC
	GU...AC

#  Matched base-pairing interactions: 
	<G(1:)-A(11:) trans S/H>                       MATCHES	<U(8:'0'2076)-A(11:'0'2060) cis W/W>
	<G(0:)-C(12:) cis W/W>                         MATCHES	<G(7:'0'2075)-C(12:'0'2061) cis W/W>
#  Matched base-stacking interactions: 

>>>>>>>>>>   ALIGNMENT ENDS   >>>>>>>>>>

<<<<<<<<<<  ALIGNMENT BEGINS  <<<<<<<<<<

#  Aligning k-turn_consensus and 3ccm_0:1291-1295_929-931_909-911:
#  Alignment score:  12.6
#  P-value:  1.000e+00
#  Query aligned region: 0-1,11-12
#  Target aligned region: 3:'0'1295-4:'0'1296,7:'0'932-7:'0'932,8:'0'910-8:'0'910

	GG...A~C
	GA...U~C

#  Matched base-pairing interactions: 
	<G(1:)-A(11:) trans S/H>                       MATCHES	<A(4:'0'1296)-U(7:'0'932) cis -/->
	<G(0:)-C(12:) cis W/W>                         MATCHES	<G(3:'0'1295)-C(8:'0'910) cis W/W>
#  Matched base-stacking interactions: 

>>>>>>>>>>   ALIGNMENT ENDS   >>>>>>>>>>

<<<<<<<<<<  ALIGNMENT BEGINS  <<<<<<<<<<

#  Aligning k-turn_consensus and 3ccm_0:867-868_2112-2117_880-886:
#  Alignment score:  12.6
#  P-value:  1.000e+00
#  Query aligned region: 0-1,11-12
#  Target aligned region: 0:'0'868-0:'0'868,5:'0'2116-7:'0'2118,11:'0'884-11:'0'884

	G~G...A~C
	G~U...A~C

#  Matched base-pairing interactions: 
	<G(0:)-C(12:) cis W/W>                         MATCHES	<G(0:'0'868)-C(11:'0'884) cis W/W>
	<G(1:)-A(11:) trans S/H>                       MATCHES	<U(5:'0'2116)-A(7:'0'2118) cis W/H>
#  Matched base-stacking interactions: 

>>>>>>>>>>   ALIGNMENT ENDS   >>>>>>>>>>

<<<<<<<<<<  ALIGNMENT BEGINS  <<<<<<<<<<

#  Aligning k-turn_consensus and 3ccm_0:411-415_189-194_423-428:
#  Alignment score:  12.6
#  P-value:  1.000e+00
#  Query aligned region: 0-1,11-12
#  Target aligned region: 4:'0'416-4:'0'416,5:'0'190-6:'0'191,11:'0'424-11:'0'424

	G~G...A~C
	G~G...A~C

#  Matched base-pairing interactions: 
	<G(0:)-C(12:) cis W/W>                         MATCHES	<G(4:'0'416)-C(11:'0'424) cis W/W>
	<G(1:)-A(11:) trans S/H>                       MATCHES	<G(5:'0'190)-A(6:'0'191) cis S/H>
#  Matched base-stacking interactions: 

>>>>>>>>>>   ALIGNMENT ENDS   >>>>>>>>>>

<<<<<<<<<<  ALIGNMENT BEGINS  <<<<<<<<<<

#  Aligning k-turn_consensus and 3ccm_0:272-279_239-242_368-378:
#  Alignment score:  12.4
#  P-value:  1.000e+00
#  Query aligned region: 0-1,11-12
#  Target aligned region: 8:'0'240-9:'0'241,21:'0'378-22:'0'379

	GG...AC
	CA...AG

#  Matched base-pairing interactions: 
	<G(1:)-A(11:) trans S/H>                       MATCHES	<A(9:'0'241)-A(21:'0'378) cis -/->
	<G(0:)-C(12:) cis W/W>                         MATCHES	<C(8:'0'240)-G(22:'0'379) cis W/W>
#  Matched base-stacking interactions: 

>>>>>>>>>>   ALIGNMENT ENDS   >>>>>>>>>>

<<<<<<<<<<  ALIGNMENT BEGINS  <<<<<<<<<<

#  Aligning k-turn_consensus and 3ccm_0:279-289_361-368:
#  Alignment score:  12.4
#  P-value:  1.000e+00
#  Query aligned region: 0-1,11-12
#  Target aligned region: 0:'0'280-1:'0'281,17:'0'368-18:'0'369

	GG...AC
	CU...CG

#  Matched base-pairing interactions: 
	<G(1:)-A(11:) trans S/H>                       MATCHES	<U(1:'0'281)-C(17:'0'368) trans W/H>
	<G(0:)-C(12:) cis W/W>                         MATCHES	<C(0:'0'280)-G(18:'0'369) cis W/W>
#  Matched base-stacking interactions: 

>>>>>>>>>>   ALIGNMENT ENDS   >>>>>>>>>>

<<<<<<<<<<  ALIGNMENT BEGINS  <<<<<<<<<<

#  Aligning k-turn_consensus and 3ccm_0:2594-2601_2551-2556_2575-2582:
#  Alignment score:  12.2
#  P-value:  1.000e+00
#  Query aligned region: 0-1,11-12
#  Target aligned region: 0:'0'2595-1:'0'2596,20:'0'2582-21:'0'2583

	GG...AC
	UA...GA

#  Matched base-pairing interactions: 
	<G(1:)-A(11:) trans S/H>                       MATCHES	<A(1:'0'2596)-G(20:'0'2582) cis W/W>
	<G(0:)-C(12:) cis W/W>                         MATCHES	<U(0:'0'2595)-A(21:'0'2583) cis W/W>
#  Matched base-stacking interactions: 

>>>>>>>>>>   ALIGNMENT ENDS   >>>>>>>>>>

<<<<<<<<<<  ALIGNMENT BEGINS  <<<<<<<<<<

#  Aligning k-turn_consensus and 3ccm_0:2062-2067_1076-1079_2076-2082:
#  Alignment score:  12.2
#  P-value:  1.000e+00
#  Query aligned region: 3-3,6-9
#  Target aligned region: 5:'0'2068-5:'0'2068,8:'0'1079-8:'0'1079,10:'0'2077-10:'0'2077

	A...G~G
	G...A~C

#  Matched base-pairing interactions: 
	<A(3:)-G(6:) trans S/S>                        MATCHES	<G(5:'0'2068)-A(8:'0'1079) trans S/S>
	<A(3:)-G(9:) trans H/S>                        MATCHES	<G(5:'0'2068)-C(10:'0'2077) cis W/W>
#  Matched base-stacking interactions: 

>>>>>>>>>>   ALIGNMENT ENDS   >>>>>>>>>>

<<<<<<<<<<  ALIGNMENT BEGINS  <<<<<<<<<<

#  Aligning k-turn_consensus and 3ccm_0:1343-1352_1302-1310_448-449:
#  Alignment score:  12.2
#  P-value:  1.000e+00
#  Query aligned region: 0-1,11-12
#  Target aligned region: 5:'0'1349-6:'0'1350,11:'0'1304-12:'0'1305

	GG...AC
	GU...UC

#  Matched base-pairing interactions: 
	<G(1:)-A(11:) trans S/H>                       MATCHES	<U(6:'0'1350)-U(11:'0'1304) cis W/W>
	<G(0:)-C(12:) cis W/W>                         MATCHES	<G(5:'0'1349)-C(12:'0'1305) cis W/W>
#  Matched base-stacking interactions: 

>>>>>>>>>>   ALIGNMENT ENDS   >>>>>>>>>>

<<<<<<<<<<  ALIGNMENT BEGINS  <<<<<<<<<<

#  Aligning k-turn_consensus and 3ccm_0:2265-2267_1926-1933_1902-1911:
#  Alignment score:  12.2
#  P-value:  1.000e+00
#  Query aligned region: 0-1,11-12
#  Target aligned region: 10:'0'1934-10:'0'1934,11:'0'1903-13:'0'1905

	G~G...AC
	A~U...AU

#  Matched base-pairing interactions: 
	<G(1:)-A(11:) trans S/H>                       MATCHES	<U(11:'0'1903)-A(12:'0'1904) cis -/->
	<G(0:)-C(12:) cis W/W>                         MATCHES	<A(10:'0'1934)-U(13:'0'1905) cis W/W>
#  Matched base-stacking interactions: 

>>>>>>>>>>   ALIGNMENT ENDS   >>>>>>>>>>

<<<<<<<<<<  ALIGNMENT BEGINS  <<<<<<<<<<

#  Aligning k-turn_consensus and 3ccm_0:181-186_40-44_146-153:
#  Alignment score:  12.2
#  P-value:  1.000e+00
#  Query aligned region: 0-1,11-12
#  Target aligned region: 0:'0'182-0:'0'182,9:'0'44-10:'0'45,18:'0'154-18:'0'154

	G~G...A~C
	G~G...A~C

#  Matched base-pairing interactions: 
	<G(0:)-C(12:) cis W/W>                         MATCHES	<G(0:'0'182)-C(18:'0'154) cis W/W>
	<G(1:)-A(11:) trans S/H>                       MATCHES	<G(9:'0'44)-A(10:'0'45) cis S/W>
#  Matched base-stacking interactions: 

>>>>>>>>>>   ALIGNMENT ENDS   >>>>>>>>>>

<<<<<<<<<<  ALIGNMENT BEGINS  <<<<<<<<<<

#  Aligning k-turn_consensus and 3ccm_0:544-547_601-610_527-528:
#  Alignment score:  12
#  P-value:  1.000e+00
#  Query aligned region: 0-1,11-12
#  Target aligned region: 3:'0'548-3:'0'548,6:'0'604-10:'0'608

	G~G...AC
	U~G...GA

#  Matched base-pairing interactions: 
	<G(0:)-C(12:) cis W/W>                         MATCHES	<U(3:'0'548)-A(10:'0'608) cis W/W>
	<G(1:)-A(11:) trans S/H>                       MATCHES	<G(6:'0'604)-G(9:'0'607) cis W/H>
#  Matched base-stacking interactions: 

>>>>>>>>>>   ALIGNMENT ENDS   >>>>>>>>>>

<<<<<<<<<<  ALIGNMENT BEGINS  <<<<<<<<<<

#  Aligning k-turn_consensus and 3ccm_0:1456-1459_1685-1696_1482-1488:
#  Alignment score:  12
#  P-value:  1.000e+00
#  Query aligned region: 0-1,11-12
#  Target aligned region: 3:'0'1460-3:'0'1460,7:'0'1689-10:'0'1692,16:'0'1483-16:'0'1483

	G~G...A~C
	G~A...C~C

#  Matched base-pairing interactions: 
	<G(0:)-C(12:) cis W/W>                         MATCHES	<G(3:'0'1460)-C(16:'0'1483) cis W/W>
	<G(1:)-A(11:) trans S/H>                       MATCHES	<A(7:'0'1689)-C(10:'0'1692) cis -/->
#  Matched base-stacking interactions: 

>>>>>>>>>>   ALIGNMENT ENDS   >>>>>>>>>>

<<<<<<<<<<  ALIGNMENT BEGINS  <<<<<<<<<<

#  Aligning k-turn_consensus and 3ccm_0:1440-1447_1494-1507_1417-1423:
#  Alignment score:  12
#  P-value:  1.000e+00
#  Query aligned region: 0-1,11-12
#  Target aligned region: 3:'0'1444-3:'0'1444,13:'0'1500-15:'0'1502,24:'0'1420-24:'0'1420

	G~G...A~C
	G~U...A~C

#  Matched base-pairing interactions: 
	<G(0:)-C(12:) cis W/W>                         MATCHES	<G(3:'0'1444)-C(24:'0'1420) cis W/W>
	<G(1:)-A(11:) trans S/H>                       MATCHES	<U(13:'0'1500)-A(15:'0'1502) trans S/S>
#  Matched base-stacking interactions: 

>>>>>>>>>>   ALIGNMENT ENDS   >>>>>>>>>>

<<<<<<<<<<  ALIGNMENT BEGINS  <<<<<<<<<<

#  Aligning k-turn_consensus and 3ccm_0:2887-2894_2860-2868:
#  Alignment score:  11.8
#  P-value:  1.000e+00
#  Query aligned region: 0-1,11-12
#  Target aligned region: 0:'0'2888-1:'0'2889,15:'0'2868-16:'0'2869

	GG...AC
	UU...CG

#  Matched base-pairing interactions: 
	<G(1:)-A(11:) trans S/H>                       MATCHES	<U(1:'0'2889)-C(15:'0'2868) cis H/H>
	<G(0:)-C(12:) cis W/W>                         MATCHES	<U(0:'0'2888)-G(16:'0'2869) cis W/W>
#  Matched base-stacking interactions: 

>>>>>>>>>>   ALIGNMENT ENDS   >>>>>>>>>>

<<<<<<<<<<  ALIGNMENT BEGINS  <<<<<<<<<<

#  Aligning k-turn_consensus and 3ccm_0:2523-2532_2277-2285_2488-2496:
#  Alignment score:  11.6
#  P-value:  1.000e+00
#  Query aligned region: 0-1,11-12
#  Target aligned region: 5:'0'2529-5:'0'2529,10:'0'2278-11:'0'2279,22:'0'2492-22:'0'2492

	G~G...A~C
	G~U...G~U

#  Matched base-pairing interactions: 
	<G(0:)-C(12:) cis W/W>                         MATCHES	<G(5:'0'2529)-U(22:'0'2492) cis W/W>
	<G(1:)-A(11:) trans S/H>                       MATCHES	<U(10:'0'2278)-G(11:'0'2279) trans S/H>
#  Matched base-stacking interactions: 

>>>>>>>>>>   ALIGNMENT ENDS   >>>>>>>>>>

<<<<<<<<<<  ALIGNMENT BEGINS  <<<<<<<<<<

#  Aligning k-turn_consensus and 3ccm_0:2608-2615_2542-2547_2605-2606:
#  Alignment score:  11.4
#  P-value:  1.000e+00
#  Query aligned region: 0-1,11-12
#  Target aligned region: 0:'0'2609-1:'0'2610,11:'0'2546-12:'0'2547

	GG...AC
	GU...UC

#  Matched base-pairing interactions: 
	<G(1:)-A(11:) trans S/H>                       MATCHES	<U(1:'0'2610)-U(11:'0'2546) cis W/W>
	<G(0:)-C(12:) cis W/W>                         MATCHES	<G(0:'0'2609)-C(12:'0'2547) cis W/W>
#  Matched base-stacking interactions: 

>>>>>>>>>>   ALIGNMENT ENDS   >>>>>>>>>>

<<<<<<<<<<  ALIGNMENT BEGINS  <<<<<<<<<<

#  Aligning k-turn_consensus and 3ccm_0:787-789_823-831_849-858:
#  Alignment score:  11.2
#  P-value:  1.000e+00
#  Query aligned region: 0-1,11-12
#  Target aligned region: 9:'0'830-11:'0'832,13:'0'851-13:'0'851

	GG...A~C
	GU...U~C

#  Matched base-pairing interactions: 
	<G(0:)-C(12:) cis W/W>                         MATCHES	<G(9:'0'830)-C(13:'0'851) cis W/W>
	<G(1:)-A(11:) trans S/H>                       MATCHES	<U(10:'0'831)-U(11:'0'832) cis S/H>
#  Matched base-stacking interactions: 

>>>>>>>>>>   ALIGNMENT ENDS   >>>>>>>>>>

<<<<<<<<<<  ALIGNMENT BEGINS  <<<<<<<<<<

#  Aligning k-turn_consensus and 3ccm_0:2484-2489_2281-2285_2530-2537:
#  Alignment score:  11.2
#  P-value:  1.000e+00
#  Query aligned region: 0-1,11-12
#  Target aligned region: 5:'0'2490-5:'0'2490,6:'0'2282-10:'0'2286,11:'0'2531-11:'0'2531

	G~G...A~C
	A~U...G~U

#  Matched base-pairing interactions: 
	<G(1:)-A(11:) trans S/H>                       MATCHES	<U(6:'0'2282)-G(10:'0'2286) cis -/->
	<G(0:)-C(12:) cis W/W>                         MATCHES	<A(5:'0'2490)-U(11:'0'2531) cis W/W>
#  Matched base-stacking interactions: 

>>>>>>>>>>   ALIGNMENT ENDS   >>>>>>>>>>

<<<<<<<<<<  ALIGNMENT BEGINS  <<<<<<<<<<

#  Aligning k-turn_consensus and 3ccm_0:1095-1100_1105-1111_1251-1260:
#  Alignment score:  11.2
#  P-value:  1.000e+00
#  Query aligned region: 0-1,11-12
#  Target aligned region: 5:'0'1101-5:'0'1101,8:'0'1108-8:'0'1108,15:'0'1254-16:'0'1255

	G~G...AC
	U~G...CA

#  Matched base-pairing interactions: 
	<G(0:)-C(12:) cis W/W>                         MATCHES	<U(5:'0'1101)-A(16:'0'1255) cis W/W>
	<G(1:)-A(11:) trans S/H>                       MATCHES	<G(8:'0'1108)-C(15:'0'1254) cis W/W>
#  Matched base-stacking interactions: 

>>>>>>>>>>   ALIGNMENT ENDS   >>>>>>>>>>

<<<<<<<<<<  ALIGNMENT BEGINS  <<<<<<<<<<

#  Aligning k-turn_consensus and 3ccm_0:1502-1513_1446-1450_1491-1498:
#  Alignment score:  11
#  P-value:  1.000e+00
#  Query aligned region: 0-1,11-12
#  Target aligned region: 8:'0'1511-9:'0'1512,15:'0'1450-15:'0'1450,19:'0'1494-19:'0'1494

	GG...A~C
	UG...C~A

#  Matched base-pairing interactions: 
	<G(0:)-C(12:) cis W/W>                         MATCHES	<U(8:'0'1511)-A(19:'0'1494) cis W/W>
	<G(1:)-A(11:) trans S/H>                       MATCHES	<G(9:'0'1512)-C(15:'0'1450) cis W/W>
#  Matched base-stacking interactions: 

>>>>>>>>>>   ALIGNMENT ENDS   >>>>>>>>>>

<<<<<<<<<<  ALIGNMENT BEGINS  <<<<<<<<<<

#  Aligning k-turn_consensus and 3ccm_0:103-108_62-73_51-55:
#  Alignment score:  10.8
#  P-value:  1.000e+00
#  Query aligned region: 0-1,11-12
#  Target aligned region: 1:'0'105-2:'0'106,14:'0'71-15:'0'72

	GG...AC
	GA...GC

#  Matched base-pairing interactions: 
	<G(1:)-A(11:) trans S/H>                       MATCHES	<A(2:'0'106)-G(14:'0'71) cis W/W>
	<G(0:)-C(12:) cis W/W>                         MATCHES	<G(1:'0'105)-C(15:'0'72) cis W/W>
#  Matched base-stacking interactions: 

>>>>>>>>>>   ALIGNMENT ENDS   >>>>>>>>>>

<<<<<<<<<<  ALIGNMENT BEGINS  <<<<<<<<<<

#  Aligning k-turn_consensus and 3ccm_0:655-664_744-749_679-685:
#  Alignment score:  10.6
#  P-value:  1.000e+00
#  Query aligned region: 0-1,11-12
#  Target aligned region: 2:'0'658-3:'0'659,11:'0'746-12:'0'747

	GG...AC
	CA...AG

#  Matched base-pairing interactions: 
	<G(1:)-A(11:) trans S/H>                       MATCHES	<A(3:'0'659)-A(11:'0'746) cis -/->
	<G(0:)-C(12:) cis W/W>                         MATCHES	<C(2:'0'658)-G(12:'0'747) cis W/W>
#  Matched base-stacking interactions: 

>>>>>>>>>>   ALIGNMENT ENDS   >>>>>>>>>>

<<<<<<<<<<  ALIGNMENT BEGINS  <<<<<<<<<<

#  Aligning k-turn_consensus and 3ccm_0:744-749_679-685_655-664:
#  Alignment score:  10.6
#  P-value:  1.000e+00
#  Query aligned region: 0-0,12-12
#  Target aligned region: 9:'0'683-9:'0'683,20:'0'663-20:'0'663

	G...C
	G...C

#  Matched base-pairing interactions: 
	<G(0:)-C(12:) cis W/W>                         MATCHES	<G(9:'0'683)-C(20:'0'663) cis W/W>
#  Matched base-stacking interactions: 

>>>>>>>>>>   ALIGNMENT ENDS   >>>>>>>>>>

<<<<<<<<<<  ALIGNMENT BEGINS  <<<<<<<<<<

#  Aligning k-turn_consensus and 3ccm_0:2312-2316_2288-2295_2356-2365:
#  Alignment score:  10.6
#  P-value:  1.000e+00
#  Query aligned region: 0-1,11-12
#  Target aligned region: 4:'0'2317-4:'0'2317,5:'0'2289-7:'0'2291,15:'0'2359-15:'0'2359

	G~G...A~C
	C~G...A~G

#  Matched base-pairing interactions: 
	<G(0:)-C(12:) cis W/W>                         MATCHES	<C(4:'0'2317)-G(15:'0'2359) cis W/W>
	<G(1:)-A(11:) trans S/H>                       MATCHES	<G(5:'0'2289)-A(7:'0'2291) trans S/W>
#  Matched base-stacking interactions: 

>>>>>>>>>>   ALIGNMENT ENDS   >>>>>>>>>>

<<<<<<<<<<  ALIGNMENT BEGINS  <<<<<<<<<<

#  Aligning k-turn_consensus and 3ccm_0:2288-2295_2312-2316_2356-2365:
#  Alignment score:  10.6
#  P-value:  1.000e+00
#  Query aligned region: 0-0,12-12
#  Target aligned region: 4:'0'2293-4:'0'2293,10:'0'2315-10:'0'2315

	G...C
	G...C

#  Matched base-pairing interactions: 
	<G(0:)-C(12:) cis W/W>                         MATCHES	<G(4:'0'2293)-C(10:'0'2315) cis W/W>
#  Matched base-stacking interactions: 

>>>>>>>>>>   ALIGNMENT ENDS   >>>>>>>>>>

<<<<<<<<<<  ALIGNMENT BEGINS  <<<<<<<<<<

#  Aligning k-turn_consensus and 3ccm_0:1939-1946_1889-1897_1964-1971:
#  Alignment score:  10.6
#  P-value:  1.000e+00
#  Query aligned region: 0-0,12-12
#  Target aligned region: 4:'0'1944-4:'0'1944,11:'0'1893-11:'0'1893

	G...C
	G...C

#  Matched base-pairing interactions: 
	<G(0:)-C(12:) cis W/W>                         MATCHES	<G(4:'0'1944)-C(11:'0'1893) cis W/W>
#  Matched base-stacking interactions: 

>>>>>>>>>>   ALIGNMENT ENDS   >>>>>>>>>>

<<<<<<<<<<  ALIGNMENT BEGINS  <<<<<<<<<<

#  Aligning k-turn_consensus and 3ccm_0:330-338_341-344_311-318:
#  Alignment score:  10.6
#  P-value:  1.000e+00
#  Query aligned region: 0-0,12-12
#  Target aligned region: 1:'0'332-1:'0'332,11:'0'344-11:'0'344

	G...C
	G...C

#  Matched base-pairing interactions: 
	<G(0:)-C(12:) cis W/W>                         MATCHES	<G(1:'0'332)-C(11:'0'344) cis W/W>
#  Matched base-stacking interactions: 

>>>>>>>>>>   ALIGNMENT ENDS   >>>>>>>>>>

<<<<<<<<<<  ALIGNMENT BEGINS  <<<<<<<<<<

#  Aligning k-turn_consensus and 3ccm_0:62-70_49-55_105-110:
#  Alignment score:  10.6
#  P-value:  1.000e+00
#  Query aligned region: 0-0,12-12
#  Target aligned region: 9:'0'50-9:'0'50,21:'0'111-21:'0'111

	G...C
	G...C

#  Matched base-pairing interactions: 
	<G(0:)-C(12:) cis W/W>                         MATCHES	<G(9:'0'50)-C(21:'0'111) cis W/W>
#  Matched base-stacking interactions: 

>>>>>>>>>>   ALIGNMENT ENDS   >>>>>>>>>>

<<<<<<<<<<  ALIGNMENT BEGINS  <<<<<<<<<<

#  Aligning k-turn_consensus and 3ccm_0:788-790_1707-1715_1700-1706:
#  Alignment score:  10.6
#  P-value:  1.000e+00
#  Query aligned region: 0-0,12-12
#  Target aligned region: 8:'0'1713-8:'0'1713,16:'0'1705-16:'0'1705

	G...C
	G...C

#  Matched base-pairing interactions: 
	<G(0:)-C(12:) cis W/W>                         MATCHES	<G(8:'0'1713)-C(16:'0'1705) cis W/W>
#  Matched base-stacking interactions: 

>>>>>>>>>>   ALIGNMENT ENDS   >>>>>>>>>>

<<<<<<<<<<  ALIGNMENT BEGINS  <<<<<<<<<<

#  Aligning k-turn_consensus and 3ccm_0:2614-2617_2537-2542:
#  Alignment score:  10.6
#  P-value:  1.000e+00
#  Query aligned region: 0-1,11-12
#  Target aligned region: 2:'0'2617-3:'0'2618,7:'0'2541-8:'0'2542

	GG...AC
	GG...UC

#  Matched base-pairing interactions: 
	<G(1:)-A(11:) trans S/H>                       MATCHES	<G(3:'0'2618)-U(7:'0'2541) cis W/W>
	<G(0:)-C(12:) cis W/W>                         MATCHES	<G(2:'0'2617)-C(8:'0'2542) cis W/W>
#  Matched base-stacking interactions: 

>>>>>>>>>>   ALIGNMENT ENDS   >>>>>>>>>>

<<<<<<<<<<  ALIGNMENT BEGINS  <<<<<<<<<<

#  Aligning k-turn_consensus and 3ccm_0:2666-2671_2810-2821_2660-2661:
#  Alignment score:  10.6
#  P-value:  1.000e+00
#  Query aligned region: 0-0,12-12
#  Target aligned region: 0:'0'2667-0:'0'2667,17:'0'2822-17:'0'2822

	G...C
	G...C

#  Matched base-pairing interactions: 
	<G(0:)-C(12:) cis W/W>                         MATCHES	<G(0:'0'2667)-C(17:'0'2822) cis W/W>
#  Matched base-stacking interactions: 

>>>>>>>>>>   ALIGNMENT ENDS   >>>>>>>>>>

<<<<<<<<<<  ALIGNMENT BEGINS  <<<<<<<<<<

#  Aligning k-turn_consensus and 3ccm_0:2666-2671_2660-2661_2810-2821:
#  Alignment score:  10.6
#  P-value:  1.000e+00
#  Query aligned region: 0-1,11-12
#  Target aligned region: 5:'0'2672-5:'0'2672,7:'0'2662-7:'0'2662,13:'0'2816-14:'0'2817

	G~G...AC
	C~G...AG

#  Matched base-pairing interactions: 
	<G(0:)-C(12:) cis W/W>                         MATCHES	<C(5:'0'2672)-G(14:'0'2817) cis W/W>
	<G(1:)-A(11:) trans S/H>                       MATCHES	<G(7:'0'2662)-A(13:'0'2816) trans S/S>
#  Matched base-stacking interactions: 

>>>>>>>>>>   ALIGNMENT ENDS   >>>>>>>>>>

<<<<<<<<<<  ALIGNMENT BEGINS  <<<<<<<<<<

#  Aligning k-turn_consensus and 3ccm_0:2595-2605_2547-2556_2576-2581:
#  Alignment score:  10.6
#  P-value:  1.000e+00
#  Query aligned region: 0-0,12-12
#  Target aligned region: 10:'0'2606-10:'0'2606,11:'0'2548-11:'0'2548

	G...C
	G...C

#  Matched base-pairing interactions: 
	<G(0:)-C(12:) cis W/W>                         MATCHES	<G(10:'0'2606)-C(11:'0'2548) cis W/W>
#  Matched base-stacking interactions: 

>>>>>>>>>>   ALIGNMENT ENDS   >>>>>>>>>>

<<<<<<<<<<  ALIGNMENT BEGINS  <<<<<<<<<<

#  Aligning k-turn_consensus and 3ccm_0:2421-2425_2356-2369_2294-2295:
#  Alignment score:  10.6
#  P-value:  1.000e+00
#  Query aligned region: 0-0,12-12
#  Target aligned region: 4:'0'2426-4:'0'2426,8:'0'2360-8:'0'2360

	G...C
	G...C

#  Matched base-pairing interactions: 
	<G(0:)-C(12:) cis W/W>                         MATCHES	<G(4:'0'2426)-C(8:'0'2360) cis W/W>
#  Matched base-stacking interactions: 

>>>>>>>>>>   ALIGNMENT ENDS   >>>>>>>>>>

<<<<<<<<<<  ALIGNMENT BEGINS  <<<<<<<<<<

#  Aligning k-turn_consensus and 3ccm_0:477-478_28-33_447-464:
#  Alignment score:  10.6
#  P-value:  1.000e+00
#  Query aligned region: 0-0,12-12
#  Target aligned region: 6:'0'33-6:'0'33,10:'0'450-10:'0'450

	G...C
	G...C

#  Matched base-pairing interactions: 
	<G(0:)-C(12:) cis W/W>                         MATCHES	<G(6:'0'33)-C(10:'0'450) cis W/W>
#  Matched base-stacking interactions: 

>>>>>>>>>>   ALIGNMENT ENDS   >>>>>>>>>>

<<<<<<<<<<  ALIGNMENT BEGINS  <<<<<<<<<<

#  Aligning k-turn_consensus and 3ccm_0:2366-2370_2328-2335_2348-2355:
#  Alignment score:  10.6
#  P-value:  1.000e+00
#  Query aligned region: 0-0,12-12
#  Target aligned region: 9:'0'2333-9:'0'2333,15:'0'2351-15:'0'2351

	G...C
	G...C

#  Matched base-pairing interactions: 
	<G(0:)-C(12:) cis W/W>                         MATCHES	<G(9:'0'2333)-C(15:'0'2351) cis W/W>
#  Matched base-stacking interactions: 

>>>>>>>>>>   ALIGNMENT ENDS   >>>>>>>>>>

<<<<<<<<<<  ALIGNMENT BEGINS  <<<<<<<<<<

#  Aligning k-turn_consensus and 3ccm_0:2330-2337_2345-2355:
#  Alignment score:  10.6
#  P-value:  1.000e+00
#  Query aligned region: 0-0,12-12
#  Target aligned region: 7:'0'2338-7:'0'2338,8:'0'2346-8:'0'2346

	G...C
	G...C

#  Matched base-pairing interactions: 
	<G(0:)-C(12:) cis W/W>                         MATCHES	<G(7:'0'2338)-C(8:'0'2346) cis W/W>
#  Matched base-stacking interactions: 

>>>>>>>>>>   ALIGNMENT ENDS   >>>>>>>>>>

<<<<<<<<<<  ALIGNMENT BEGINS  <<<<<<<<<<

#  Aligning k-turn_consensus and 3ccm_0:2520-2523_1129-1137_1224-1231:
#  Alignment score:  10.6
#  P-value:  1.000e+00
#  Query aligned region: 0-0,12-12
#  Target aligned region: 8:'0'1134-8:'0'1134,16:'0'1228-16:'0'1228

	G...C
	G...C

#  Matched base-pairing interactions: 
	<G(0:)-C(12:) cis W/W>                         MATCHES	<G(8:'0'1134)-C(16:'0'1228) cis W/W>
#  Matched base-stacking interactions: 

>>>>>>>>>>   ALIGNMENT ENDS   >>>>>>>>>>

<<<<<<<<<<  ALIGNMENT BEGINS  <<<<<<<<<<

#  Aligning k-turn_consensus and 3ccm_0:2296-2297_952-962_1004-1012:
#  Alignment score:  10.6
#  P-value:  1.000e+00
#  Query aligned region: 0-0,12-12
#  Target aligned region: 5:'0'956-5:'0'956,19:'0'1011-19:'0'1011

	G...C
	G...C

#  Matched base-pairing interactions: 
	<G(0:)-C(12:) cis W/W>                         MATCHES	<G(5:'0'956)-C(19:'0'1011) cis W/W>
#  Matched base-stacking interactions: 

>>>>>>>>>>   ALIGNMENT ENDS   >>>>>>>>>>

<<<<<<<<<<  ALIGNMENT BEGINS  <<<<<<<<<<

#  Aligning k-turn_consensus and 3ccm_0:428-429_379-385_403-411:
#  Alignment score:  10.6
#  P-value:  1.000e+00
#  Query aligned region: 0-0,12-12
#  Target aligned region: 6:'0'384-6:'0'384,10:'0'405-10:'0'405

	G...C
	G...C

#  Matched base-pairing interactions: 
	<G(0:)-C(12:) cis W/W>                         MATCHES	<G(6:'0'384)-C(10:'0'405) cis W/W>
#  Matched base-stacking interactions: 

>>>>>>>>>>   ALIGNMENT ENDS   >>>>>>>>>>

<<<<<<<<<<  ALIGNMENT BEGINS  <<<<<<<<<<

#  Aligning k-turn_consensus and 3ccm_0:171-178_891-898_157-162:
#  Alignment score:  10.4
#  P-value:  1.000e+00
#  Query aligned region: 0-1,11-12
#  Target aligned region: 6:'0'178-6:'0'178,14:'0'898-15:'0'899,16:'0'158-16:'0'158

	G~G...A~C
	U~G...C~A

#  Matched base-pairing interactions: 
	<G(0:)-C(12:) cis W/W>                         MATCHES	<U(6:'0'178)-A(16:'0'158) cis W/W>
	<G(1:)-A(11:) trans S/H>                       MATCHES	<G(14:'0'898)-C(15:'0'899) cis -/->
#  Matched base-stacking interactions: 

>>>>>>>>>>   ALIGNMENT ENDS   >>>>>>>>>>

<<<<<<<<<<  ALIGNMENT BEGINS  <<<<<<<<<<

#  Aligning k-turn_consensus and 3ccm_0:2888-2897_2859-2865:
#  Alignment score:  10.2
#  P-value:  1.000e+00
#  Query aligned region: 0-0,12-12
#  Target aligned region: 3:'0'2892-3:'0'2892,14:'0'2864-14:'0'2864

	G...C
	G...U

#  Matched base-pairing interactions: 
	<G(0:)-C(12:) cis W/W>                         MATCHES	<G(3:'0'2892)-U(14:'0'2864) cis W/W>
#  Matched base-stacking interactions: 

>>>>>>>>>>   ALIGNMENT ENDS   >>>>>>>>>>

<<<<<<<<<<  ALIGNMENT BEGINS  <<<<<<<<<<

#  Aligning k-turn_consensus and 3ccm_0:1928-1931_2126-2127_1906-1909:
#  Alignment score:  10.2
#  P-value:  1.000e+00
#  Query aligned region: 0-0,12-12
#  Target aligned region: 3:'0'1932-3:'0'1932,6:'0'1907-6:'0'1907

	G...C
	G...U

#  Matched base-pairing interactions: 
	<G(0:)-C(12:) cis W/W>                         MATCHES	<G(3:'0'1932)-U(6:'0'1907) cis W/W>
#  Matched base-stacking interactions: 

>>>>>>>>>>   ALIGNMENT ENDS   >>>>>>>>>>

<<<<<<<<<<  ALIGNMENT BEGINS  <<<<<<<<<<

#  Aligning k-turn_consensus and 3ccm_0:1317-1323_1333-1338_550-552:
#  Alignment score:  10.2
#  P-value:  1.000e+00
#  Query aligned region: 0-0,12-12
#  Target aligned region: 1:'0'1319-1:'0'1319,11:'0'1338-11:'0'1338

	G...C
	G...U

#  Matched base-pairing interactions: 
	<G(0:)-C(12:) cis W/W>                         MATCHES	<G(1:'0'1319)-U(11:'0'1338) cis W/W>
#  Matched base-stacking interactions: 

>>>>>>>>>>   ALIGNMENT ENDS   >>>>>>>>>>

<<<<<<<<<<  ALIGNMENT BEGINS  <<<<<<<<<<

#  Aligning k-turn_consensus and 3ccm_0:1488-1489_1654-1661_1528-1534:
#  Alignment score:  10.2
#  P-value:  1.000e+00
#  Query aligned region: 0-0,12-12
#  Target aligned region: 7:'0'1660-7:'0'1660,12:'0'1531-12:'0'1531

	G...C
	G...U

#  Matched base-pairing interactions: 
	<G(0:)-C(12:) cis W/W>                         MATCHES	<G(7:'0'1660)-U(12:'0'1531) cis W/W>
#  Matched base-stacking interactions: 

>>>>>>>>>>   ALIGNMENT ENDS   >>>>>>>>>>

<<<<<<<<<<  ALIGNMENT BEGINS  <<<<<<<<<<

#  Aligning k-turn_consensus and 3ccm_0:2537-2542_2614-2617:
#  Alignment score:  10.2
#  P-value:  1.000e+00
#  Query aligned region: 0-0,12-12
#  Target aligned region: 5:'0'2543-5:'0'2543,6:'0'2615-6:'0'2615

	G...C
	G...U

#  Matched base-pairing interactions: 
	<G(0:)-C(12:) cis W/W>                         MATCHES	<G(5:'0'2543)-U(6:'0'2615) cis W/W>
#  Matched base-stacking interactions: 

>>>>>>>>>>   ALIGNMENT ENDS   >>>>>>>>>>

<<<<<<<<<<  ALIGNMENT BEGINS  <<<<<<<<<<

#  Aligning k-turn_consensus and 3ccm_0:1545-1554_1631-1638_1566-1568:
#  Alignment score:  10.2
#  P-value:  1.000e+00
#  Query aligned region: 0-0,12-12
#  Target aligned region: 0:'0'1546-0:'0'1546,17:'0'1639-17:'0'1639

	G...C
	G...U

#  Matched base-pairing interactions: 
	<G(0:)-C(12:) cis W/W>                         MATCHES	<G(0:'0'1546)-U(17:'0'1639) cis W/W>
#  Matched base-stacking interactions: 

>>>>>>>>>>   ALIGNMENT ENDS   >>>>>>>>>>

<<<<<<<<<<  ALIGNMENT BEGINS  <<<<<<<<<<

#  Aligning k-turn_consensus and 3ccm_0:533-537_2058-2069_2073-2082:
#  Alignment score:  10.2
#  P-value:  1.000e+00
#  Query aligned region: 0-0,12-12
#  Target aligned region: 3:'0'537-3:'0'537,5:'0'2059-5:'0'2059

	G...C
	G...U

#  Matched base-pairing interactions: 
	<G(0:)-C(12:) cis W/W>                         MATCHES	<G(3:'0'537)-U(5:'0'2059) cis W/W>
#  Matched base-stacking interactions: 

>>>>>>>>>>   ALIGNMENT ENDS   >>>>>>>>>>

<<<<<<<<<<  ALIGNMENT BEGINS  <<<<<<<<<<

#  Aligning k-turn_consensus and 3ccm_0:272-279_368-378_239-242:
#  Alignment score:  10.2
#  P-value:  1.000e+00
#  Query aligned region: 0-0,12-12
#  Target aligned region: 2:'0'275-2:'0'275,13:'0'374-13:'0'374

	G...C
	G...U

#  Matched base-pairing interactions: 
	<G(0:)-C(12:) cis W/W>                         MATCHES	<G(2:'0'275)-U(13:'0'374) cis W/W>
#  Matched base-stacking interactions: 

>>>>>>>>>>   ALIGNMENT ENDS   >>>>>>>>>>

<<<<<<<<<<  ALIGNMENT BEGINS  <<<<<<<<<<

#  Aligning k-turn_consensus and 3ccm_0:1828-1831_1844-1850_1880-1884:
#  Alignment score:  10.2
#  P-value:  1.000e+00
#  Query aligned region: 0-0,12-12
#  Target aligned region: 7:'0'1848-7:'0'1848,13:'0'1883-13:'0'1883

	G...C
	G...U

#  Matched base-pairing interactions: 
	<G(0:)-C(12:) cis W/W>                         MATCHES	<G(7:'0'1848)-U(13:'0'1883) cis W/W>
#  Matched base-stacking interactions: 

>>>>>>>>>>   ALIGNMENT ENDS   >>>>>>>>>>

<<<<<<<<<<  ALIGNMENT BEGINS  <<<<<<<<<<

#  Aligning k-turn_consensus and 3ccm_0:2754-2763_2038-2040_2717-2725:
#  Alignment score:  9.8
#  P-value:  1.000e+00
#  Query aligned region: 0-1,11-12
#  Target aligned region: 3:'0'2758-3:'0'2758,10:'0'2039-10:'0'2039,18:'0'2723-19:'0'2724

	G~G...AC
	G~A...GU

#  Matched base-pairing interactions: 
	<G(0:)-C(12:) cis W/W>                         MATCHES	<G(3:'0'2758)-U(19:'0'2724) cis W/W>
	<G(1:)-A(11:) trans S/H>                       MATCHES	<A(10:'0'2039)-G(18:'0'2723) cis -/->
#  Matched base-stacking interactions: 

>>>>>>>>>>   ALIGNMENT ENDS   >>>>>>>>>>

<<<<<<<<<<  ALIGNMENT BEGINS  <<<<<<<<<<

#  Aligning k-turn_consensus and 3ccm_0:1501-1503_1495-1499_1506-1509:
#  Alignment score:  9.8
#  P-value:  1.000e+00
#  Query aligned region: 0-0,12-12
#  Target aligned region: 5:'0'1498-5:'0'1498,8:'0'1507-8:'0'1507

	G...C
	G...C

#  Matched base-pairing interactions: 
	<G(0:)-C(12:) cis W/W>                         MATCHES	<G(5:'0'1498)-C(8:'0'1507) cis W/W>
#  Matched base-stacking interactions: 

>>>>>>>>>>   ALIGNMENT ENDS   >>>>>>>>>>

<<<<<<<<<<  ALIGNMENT BEGINS  <<<<<<<<<<

#  Aligning k-turn_consensus and 3ccm_0:2581-2585_2591-2595_1989-1997:
#  Alignment score:  9.8
#  P-value:  1.000e+00
#  Query aligned region: 0-0,12-12
#  Target aligned region: 4:'0'2586-4:'0'2586,5:'0'2592-5:'0'2592

	G...C
	U...G

#  Matched base-pairing interactions: 
	<G(0:)-C(12:) cis W/W>                         MATCHES	<U(4:'0'2586)-G(5:'0'2592) cis W/W>
#  Matched base-stacking interactions: 

>>>>>>>>>>   ALIGNMENT ENDS   >>>>>>>>>>

<<<<<<<<<<  ALIGNMENT BEGINS  <<<<<<<<<<

#  Aligning k-turn_consensus and 3ccm_0:2076-2082_2062-2067_1076-1079:
#  Alignment score:  9.8
#  P-value:  1.000e+00
#  Query aligned region: 0-0,12-12
#  Target aligned region: 4:'0'2081-4:'0'2081,8:'0'2064-8:'0'2064

	G...C
	A...U

#  Matched base-pairing interactions: 
	<G(0:)-C(12:) cis W/W>                         MATCHES	<A(4:'0'2081)-U(8:'0'2064) cis W/W>
#  Matched base-stacking interactions: 

>>>>>>>>>>   ALIGNMENT ENDS   >>>>>>>>>>

<<<<<<<<<<  ALIGNMENT BEGINS  <<<<<<<<<<

#  Aligning k-turn_consensus and 3ccm_0:1260-1267_1088-1094_563-566:
#  Alignment score:  9.8
#  P-value:  1.000e+00
#  Query aligned region: 0-0,12-12
#  Target aligned region: 0:'0'1261-0:'0'1261,14:'0'1095-14:'0'1095

	G...C
	A...U

#  Matched base-pairing interactions: 
	<G(0:)-C(12:) cis W/W>                         MATCHES	<A(0:'0'1261)-U(14:'0'1095) cis W/W>
#  Matched base-stacking interactions: 

>>>>>>>>>>   ALIGNMENT ENDS   >>>>>>>>>>

<<<<<<<<<<  ALIGNMENT BEGINS  <<<<<<<<<<

#  Aligning k-turn_consensus and 3ccm_0:373-378_239-243_266-274:
#  Alignment score:  9.8
#  P-value:  1.000e+00
#  Query aligned region: 0-0,12-12
#  Target aligned region: 10:'0'244-10:'0'244,11:'0'267-11:'0'267

	G...C
	C...G

#  Matched base-pairing interactions: 
	<G(0:)-C(12:) cis W/W>                         MATCHES	<C(10:'0'244)-G(11:'0'267) cis W/W>
#  Matched base-stacking interactions: 

>>>>>>>>>>   ALIGNMENT ENDS   >>>>>>>>>>

<<<<<<<<<<  ALIGNMENT BEGINS  <<<<<<<<<<

#  Aligning k-turn_consensus and 3ccm_0:659-666_678-685:
#  Alignment score:  9.8
#  P-value:  1.000e+00
#  Query aligned region: 0-0,12-12
#  Target aligned region: 7:'0'667-7:'0'667,8:'0'679-8:'0'679

	G...C
	C...G

#  Matched base-pairing interactions: 
	<G(0:)-C(12:) cis W/W>                         MATCHES	<C(7:'0'667)-G(8:'0'679) cis W/W>
#  Matched base-stacking interactions: 

>>>>>>>>>>   ALIGNMENT ENDS   >>>>>>>>>>

<<<<<<<<<<  ALIGNMENT BEGINS  <<<<<<<<<<

#  Aligning k-turn_consensus and 3ccm_0:2484-2489_2530-2537_2281-2285:
#  Alignment score:  9.8
#  P-value:  1.000e+00
#  Query aligned region: 0-0,12-12
#  Target aligned region: 3:'0'2488-3:'0'2488,10:'0'2535-10:'0'2535

	G...C
	A...U

#  Matched base-pairing interactions: 
	<G(0:)-C(12:) cis W/W>                         MATCHES	<A(3:'0'2488)-U(10:'0'2535) cis W/W>
#  Matched base-stacking interactions: 

>>>>>>>>>>   ALIGNMENT ENDS   >>>>>>>>>>

<<<<<<<<<<  ALIGNMENT BEGINS  <<<<<<<<<<

#  Aligning k-turn_consensus and 3ccm_0:1293-1299_904-911_929-931:
#  Alignment score:  9.8
#  P-value:  1.000e+00
#  Query aligned region: 0-0,12-12
#  Target aligned region: 6:'0'1300-6:'0'1300,7:'0'905-7:'0'905

	G...C
	G...C

#  Matched base-pairing interactions: 
	<G(0:)-C(12:) cis W/W>                         MATCHES	<G(6:'0'1300)-C(7:'0'905) cis W/W>
#  Matched base-stacking interactions: 

>>>>>>>>>>   ALIGNMENT ENDS   >>>>>>>>>>

<<<<<<<<<<  ALIGNMENT BEGINS  <<<<<<<<<<

#  Aligning k-turn_consensus and 3ccm_0:2313-2316_2459-2465_2424-2429:
#  Alignment score:  9.8
#  P-value:  1.000e+00
#  Query aligned region: 0-0,12-12
#  Target aligned region: 2:'0'2316-2:'0'2316,8:'0'2464-8:'0'2464

	G...C
	G...C

#  Matched base-pairing interactions: 
	<G(0:)-C(12:) cis W/W>                         MATCHES	<G(2:'0'2316)-C(8:'0'2464) cis W/W>
#  Matched base-stacking interactions: 

>>>>>>>>>>   ALIGNMENT ENDS   >>>>>>>>>>

<<<<<<<<<<  ALIGNMENT BEGINS  <<<<<<<<<<

#  Aligning k-turn_consensus and 3ccm_0:2353-2357_2368-2370_2364-2366:
#  Alignment score:  9.8
#  P-value:  1.000e+00
#  Query aligned region: 0-1,11-12
#  Target aligned region: 3:'0'2357-4:'0'2358,8:'0'2365-9:'0'2366

	GG...AC
	GU...GC

#  Matched base-pairing interactions: 
	<G(1:)-A(11:) trans S/H>                       MATCHES	<U(4:'0'2358)-G(8:'0'2365) cis W/W>
	<G(0:)-C(12:) cis W/W>                         MATCHES	<G(3:'0'2357)-C(9:'0'2366) cis W/W>
#  Matched base-stacking interactions: 

>>>>>>>>>>   ALIGNMENT ENDS   >>>>>>>>>>

<<<<<<<<<<  ALIGNMENT BEGINS  <<<<<<<<<<

#  Aligning k-turn_consensus and 3ccm_0:2356-2369_2421-2425_2294-2295:
#  Alignment score:  9.8
#  P-value:  1.000e+00
#  Query aligned region: 0-0,12-12
#  Target aligned region: 7:'0'2364-7:'0'2364,14:'0'2422-14:'0'2422

	G...C
	A...U

#  Matched base-pairing interactions: 
	<G(0:)-C(12:) cis W/W>                         MATCHES	<A(7:'0'2364)-U(14:'0'2422) cis W/W>
#  Matched base-stacking interactions: 

>>>>>>>>>>   ALIGNMENT ENDS   >>>>>>>>>>

<<<<<<<<<<  ALIGNMENT BEGINS  <<<<<<<<<<

#  Aligning k-turn_consensus and 3ccm_0:1939-1946_1964-1973_2007-2014:
#  Alignment score:  9.8
#  P-value:  1.000e+00
#  Query aligned region: 0-0,12-12
#  Target aligned region: 7:'0'1947-7:'0'1947,8:'0'1965-8:'0'1965

	G...C
	G...C

#  Matched base-pairing interactions: 
	<G(0:)-C(12:) cis W/W>                         MATCHES	<G(7:'0'1947)-C(8:'0'1965) cis W/W>
#  Matched base-stacking interactions: 

>>>>>>>>>>   ALIGNMENT ENDS   >>>>>>>>>>

<<<<<<<<<<  ALIGNMENT BEGINS  <<<<<<<<<<

#  Aligning k-turn_consensus and 3ccm_0:2010-2012_1845-1859_1868-1883:
#  Alignment score:  9.8
#  P-value:  1.000e+00
#  Query aligned region: 0-1,11-12
#  Target aligned region: 16:'0'1859-17:'0'1860,18:'0'1869-19:'0'1870

	GG...AC
	AU...AC

#  Matched base-pairing interactions: 
	<G(1:)-A(11:) trans S/H>                       MATCHES	<U(17:'0'1860)-A(18:'0'1869) cis W/W>
	<G(0:)-C(12:) cis W/W>                         MATCHES	<A(16:'0'1859)-C(19:'0'1870) cis W/W>
#  Matched base-stacking interactions: 

>>>>>>>>>>   ALIGNMENT ENDS   >>>>>>>>>>

<<<<<<<<<<  ALIGNMENT BEGINS  <<<<<<<<<<

#  Aligning k-turn_consensus and 3ccm_0:1970-1981_2002-2014_1888-1890:
#  Alignment score:  9.8
#  P-value:  1.000e+00
#  Query aligned region: 0-0,12-12
#  Target aligned region: 22:'0'2013-22:'0'2013,25:'0'1889-25:'0'1889

	G...C
	G...C

#  Matched base-pairing interactions: 
	<G(0:)-C(12:) cis W/W>                         MATCHES	<G(22:'0'2013)-C(25:'0'1889) cis W/W>
#  Matched base-stacking interactions: 

>>>>>>>>>>   ALIGNMENT ENDS   >>>>>>>>>>

<<<<<<<<<<  ALIGNMENT BEGINS  <<<<<<<<<<

#  Aligning k-turn_consensus and 3ccm_0:2113-2115_2631-2637_2626-2630:
#  Alignment score:  9.8
#  P-value:  1.000e+00
#  Query aligned region: 0-0,12-12
#  Target aligned region: 5:'0'2634-5:'0'2634,12:'0'2629-12:'0'2629

	G...C
	G...C

#  Matched base-pairing interactions: 
	<G(0:)-C(12:) cis W/W>                         MATCHES	<G(5:'0'2634)-C(12:'0'2629) cis W/W>
#  Matched base-stacking interactions: 

>>>>>>>>>>   ALIGNMENT ENDS   >>>>>>>>>>

<<<<<<<<<<  ALIGNMENT BEGINS  <<<<<<<<<<

#  Aligning k-turn_consensus and 3ccm_0:2012-2014_1970-1985_2001-2009:
#  Alignment score:  9.8
#  P-value:  1.000e+00
#  Query aligned region: 0-0,12-12
#  Target aligned region: 18:'0'1986-18:'0'1986,19:'0'2002-19:'0'2002

	G...C
	G...C

#  Matched base-pairing interactions: 
	<G(0:)-C(12:) cis W/W>                         MATCHES	<G(18:'0'1986)-C(19:'0'2002) cis W/W>
#  Matched base-stacking interactions: 

>>>>>>>>>>   ALIGNMENT ENDS   >>>>>>>>>>

<<<<<<<<<<  ALIGNMENT BEGINS  <<<<<<<<<<

#  Aligning k-turn_consensus and 3ccm_0:1643-1645_1578-1586_1607-1614:
#  Alignment score:  9.8
#  P-value:  1.000e+00
#  Query aligned region: 0-0,12-12
#  Target aligned region: 11:'0'1587-11:'0'1587,12:'0'1608-12:'0'1608

	G...C
	U...G

#  Matched base-pairing interactions: 
	<G(0:)-C(12:) cis W/W>                         MATCHES	<U(11:'0'1587)-G(12:'0'1608) cis W/W>
#  Matched base-stacking interactions: 

>>>>>>>>>>   ALIGNMENT ENDS   >>>>>>>>>>

<<<<<<<<<<  ALIGNMENT BEGINS  <<<<<<<<<<

#  Aligning k-turn_consensus and 3ccm_0:1044-1049_912-913_1064-1071:
#  Alignment score:  9.8
#  P-value:  1.000e+00
#  Query aligned region: 0-0,12-12
#  Target aligned region: 0:'0'1045-0:'0'1045,12:'0'1069-12:'0'1069

	G...C
	G...C

#  Matched base-pairing interactions: 
	<G(0:)-C(12:) cis W/W>                         MATCHES	<G(0:'0'1045)-C(12:'0'1069) cis W/W>
#  Matched base-stacking interactions: 

>>>>>>>>>>   ALIGNMENT ENDS   >>>>>>>>>>

<<<<<<<<<<  ALIGNMENT BEGINS  <<<<<<<<<<

#  Aligning k-turn_consensus and 3ccm_0:1695-1696_1411-1418_1677-1685:
#  Alignment score:  9.6
#  P-value:  1.000e+00
#  Query aligned region: 0-1,11-12
#  Target aligned region: 5:'0'1415-6:'0'1416,11:'0'1679-12:'0'1680

	GG...AC
	GG...CC

#  Matched base-pairing interactions: 
	<G(1:)-A(11:) trans S/H>                       MATCHES	<G(6:'0'1416)-C(11:'0'1679) cis W/W>
	<G(0:)-C(12:) cis W/W>                         MATCHES	<G(5:'0'1415)-C(12:'0'1680) cis W/W>
#  Matched base-stacking interactions: 

>>>>>>>>>>   ALIGNMENT ENDS   >>>>>>>>>>

<<<<<<<<<<  ALIGNMENT BEGINS  <<<<<<<<<<

#  Aligning k-turn_consensus and 3ccm_0:2373-2379_2415-2420_2317-2326:
#  Alignment score:  9.4
#  P-value:  1.000e+00
#  Query aligned region: 0-1,11-12
#  Target aligned region: 11:'0'2420-12:'0'2421,13:'0'2318-14:'0'2319

	GG...AC
	GG...CC

#  Matched base-pairing interactions: 
	<G(1:)-A(11:) trans S/H>                       MATCHES	<G(12:'0'2421)-C(13:'0'2318) cis W/W>
	<G(0:)-C(12:) cis W/W>                         MATCHES	<G(11:'0'2420)-C(14:'0'2319) cis W/W>
#  Matched base-stacking interactions: 

>>>>>>>>>>   ALIGNMENT ENDS   >>>>>>>>>>

<<<<<<<<<<  ALIGNMENT BEGINS  <<<<<<<<<<

#  Aligning k-turn_consensus and 3ccm_0:62-73_103-108_51-55:
#  Alignment score:  9.4
#  P-value:  1.000e+00
#  Query aligned region: 0-0,12-12
#  Target aligned region: 1:'0'64-1:'0'64,21:'0'55-21:'0'55

	G...C
	G...U

#  Matched base-pairing interactions: 
	<G(0:)-C(12:) cis W/W>                         MATCHES	<G(1:'0'64)-U(21:'0'55) cis W/W>
#  Matched base-stacking interactions: 

>>>>>>>>>>   ALIGNMENT ENDS   >>>>>>>>>>

<<<<<<<<<<  ALIGNMENT BEGINS  <<<<<<<<<<

#  Aligning k-turn_consensus and 3ccm_0:767-770_171-179_156-163:
#  Alignment score:  9.4
#  P-value:  1.000e+00
#  Query aligned region: 0-1,11-12
#  Target aligned region: 4:'0'172-5:'0'173,18:'0'162-19:'0'163

	GG...AC
	UC...CU

#  Matched base-pairing interactions: 
	<G(1:)-A(11:) trans S/H>                       MATCHES	<C(5:'0'173)-C(18:'0'162) cis -/->
	<G(0:)-C(12:) cis W/W>                         MATCHES	<U(4:'0'172)-U(19:'0'163) cis W/W>
#  Matched base-stacking interactions: 

>>>>>>>>>>   ALIGNMENT ENDS   >>>>>>>>>>

<<<<<<<<<<  ALIGNMENT BEGINS  <<<<<<<<<<

#  Aligning k-turn_consensus and 3ccm_0:1839-1846_1826-1834_866-879:
#  Alignment score:  9
#  P-value:  1.000e+00
#  Query aligned region: 0-0,12-12
#  Target aligned region: 3:'0'1843-3:'0'1843,14:'0'1833-14:'0'1833

	G...C
	A...U

#  Matched base-pairing interactions: 
	<G(0:)-C(12:) cis W/W>                         MATCHES	<A(3:'0'1843)-U(14:'0'1833) cis W/W>
#  Matched base-stacking interactions: 

>>>>>>>>>>   ALIGNMENT ENDS   >>>>>>>>>>

<<<<<<<<<<  ALIGNMENT BEGINS  <<<<<<<<<<

#  Aligning k-turn_consensus and 3ccm_0:2403-2407_2378-2384_732-737:
#  Alignment score:  9
#  P-value:  1.000e+00
#  Query aligned region: 0-0,12-12
#  Target aligned region: 3:'0'2407-3:'0'2407,7:'0'2381-7:'0'2381

	G...C
	G...C

#  Matched base-pairing interactions: 
	<G(0:)-C(12:) cis W/W>                         MATCHES	<G(3:'0'2407)-C(7:'0'2381) cis W/W>
#  Matched base-stacking interactions: 

>>>>>>>>>>   ALIGNMENT ENDS   >>>>>>>>>>

<<<<<<<<<<  ALIGNMENT BEGINS  <<<<<<<<<<

#  Aligning k-turn_consensus and 3ccm_0:2469-2477_2107-2117_765-767:
#  Alignment score:  9
#  P-value:  1.000e+00
#  Query aligned region: 0-0,12-12
#  Target aligned region: 8:'0'2478-8:'0'2478,9:'0'2108-9:'0'2108

	G...C
	U...A

#  Matched base-pairing interactions: 
	<G(0:)-C(12:) cis W/W>                         MATCHES	<U(8:'0'2478)-A(9:'0'2108) cis W/W>
#  Matched base-stacking interactions: 

>>>>>>>>>>   ALIGNMENT ENDS   >>>>>>>>>>

<<<<<<<<<<  ALIGNMENT BEGINS  <<<<<<<<<<

#  Aligning k-turn_consensus and 3ccm_0:1192-1195_1171-1176_1167-1169:
#  Alignment score:  9
#  P-value:  1.000e+00
#  Query aligned region: 0-0,12-12
#  Target aligned region: 9:'0'1177-9:'0'1177,11:'0'1169-11:'0'1169

	G...C
	A...U

#  Matched base-pairing interactions: 
	<G(0:)-C(12:) cis W/W>                         MATCHES	<A(9:'0'1177)-U(11:'0'1169) cis W/W>
#  Matched base-stacking interactions: 

>>>>>>>>>>   ALIGNMENT ENDS   >>>>>>>>>>

<<<<<<<<<<  ALIGNMENT BEGINS  <<<<<<<<<<

#  Aligning k-turn_consensus and 3ccm_0:1707-1709_787-793_818-826:
#  Alignment score:  9
#  P-value:  1.000e+00
#  Query aligned region: 0-0,12-12
#  Target aligned region: 9:'0'794-9:'0'794,10:'0'819-10:'0'819

	G...C
	U...A

#  Matched base-pairing interactions: 
	<G(0:)-C(12:) cis W/W>                         MATCHES	<U(9:'0'794)-A(10:'0'819) cis W/W>
#  Matched base-stacking interactions: 

>>>>>>>>>>   ALIGNMENT ENDS   >>>>>>>>>>

<<<<<<<<<<  ALIGNMENT BEGINS  <<<<<<<<<<

#  Aligning k-turn_consensus and 3ccm_0:705-721:
#  Alignment score:  7.9
#  P-value:  1.000e+00
#  Query aligned region: 0-1,11-12
#  Target aligned region: 6:'0'712-10:'0'716

	GG...A-C
	CU...UUG

#  Matched base-pairing interactions: 
	<G(0:)-C(12:) cis W/W>                         MATCHES	<C(6:'0'712)-G(10:'0'716) cis W/W>
	<G(1:)-A(11:) trans S/H>                       MATCHES	<U(7:'0'713)-U(8:'0'714) cis S/H>
#  Matched base-stacking interactions: 

>>>>>>>>>>   ALIGNMENT ENDS   >>>>>>>>>>

<<<<<<<<<<  ALIGNMENT BEGINS  <<<<<<<<<<

#  Aligning k-turn_consensus and 3ccm_0:2492-2500_2525-2527_2519-2524:
#  Alignment score:  7.8
#  P-value:  1.000e+00
#  Query aligned region: 0-0,12-12
#  Target aligned region: 1:'0'2494-1:'0'2494,11:'0'2528-11:'0'2528

	G...C
	G...U

#  Matched base-pairing interactions: 
	<G(0:)-C(12:) cis W/W>                         MATCHES	<G(1:'0'2494)-U(11:'0'2528) cis W/W>
#  Matched base-stacking interactions: 

>>>>>>>>>>   ALIGNMENT ENDS   >>>>>>>>>>

<<<<<<<<<<  ALIGNMENT BEGINS  <<<<<<<<<<

#  Aligning k-turn_consensus and 3ccm_0:912-914_1075-1082_1041-1045:
#  Alignment score:  7.4
#  P-value:  1.000e+00
#  Query aligned region: 0-0,12-12
#  Target aligned region: 3:'0'1076-10:'0'1083

	G...C
	G...C

#  Matched base-pairing interactions: 
	<G(0:)-C(12:) cis W/W>                         MATCHES	<G(3:'0'1076)-C(10:'0'1083) cis W/W>
#  Matched base-stacking interactions: 

>>>>>>>>>>   ALIGNMENT ENDS   >>>>>>>>>>

<<<<<<<<<<  ALIGNMENT BEGINS  <<<<<<<<<<

#  Aligning k-turn_consensus and 3ccm_0:1655-1658_1484-1489_1681-1696:
#  Alignment score:  7.4
#  P-value:  1.000e+00
#  Query aligned region: 0-1,11-12
#  Target aligned region: 14:'0'1686-23:'0'1695

	GG...AC
	CC...GG

#  Matched base-pairing interactions: 
	<G(1:)-A(11:) trans S/H>                       MATCHES	<C(15:'0'1687)-G(22:'0'1694) cis W/W>
	<G(0:)-C(12:) cis W/W>                         MATCHES	<C(14:'0'1686)-G(23:'0'1695) cis W/W>
#  Matched base-stacking interactions: 

>>>>>>>>>>   ALIGNMENT ENDS   >>>>>>>>>>

<<<<<<<<<<  ALIGNMENT BEGINS  <<<<<<<<<<

#  Aligning k-turn_consensus and 3ccm_0:541-546_609-614_527-528:
#  Alignment score:  6.4
#  P-value:  1.000e+00
#  Query aligned region: 0-1,11-12
#  Target aligned region: 3:'0'545-3:'0'545,6:'0'610-6:'0'610,12:'0'528-13:'0'529

	G~G...AC
	G~G...GG

#  Matched base-pairing interactions: 
	<G(0:)-C(12:) cis W/W>                         MATCHES	<G(3:'0'545)-G(13:'0'529) cis -/->
	<G(1:)-A(11:) trans S/H>                       MATCHES	<G(6:'0'610)-G(12:'0'528) trans S/S>
#  Matched base-stacking interactions: 

>>>>>>>>>>   ALIGNMENT ENDS   >>>>>>>>>>

<<<<<<<<<<  ALIGNMENT BEGINS  <<<<<<<<<<

#  Aligning k-turn_consensus and 3ccm_0:2067-2073_625-629_1075-1082:
#  Alignment score:  5.7
#  P-value:  1.000e+00
#  Query aligned region: 
#  Target aligned region: 

	
	

#  Matched base-pairing interactions: 
#  Matched base-stacking interactions: 

>>>>>>>>>>   ALIGNMENT ENDS   >>>>>>>>>>

<<<<<<<<<<  ALIGNMENT BEGINS  <<<<<<<<<<

#  Aligning k-turn_consensus and 3ccm_0:870-882_775-779_1831-1844:
#  Alignment score:  5.6
#  P-value:  1.000e+00
#  Query aligned region: 
#  Target aligned region: 

	
	

#  Matched base-pairing interactions: 
#  Matched base-stacking interactions: 

>>>>>>>>>>   ALIGNMENT ENDS   >>>>>>>>>>

<<<<<<<<<<  ALIGNMENT BEGINS  <<<<<<<<<<

#  Aligning k-turn_consensus and 3ccm_0:2067-2073_1075-1082_625-629:
#  Alignment score:  5.4
#  P-value:  1.000e+00
#  Query aligned region: 
#  Target aligned region: 

	
	

#  Matched base-pairing interactions: 
#  Matched base-stacking interactions: 

>>>>>>>>>>   ALIGNMENT ENDS   >>>>>>>>>>

<<<<<<<<<<  ALIGNMENT BEGINS  <<<<<<<<<<

#  Aligning k-turn_consensus and 3ccm_0:625-629_2067-2073_1075-1082:
#  Alignment score:  5.3
#  P-value:  1.000e+00
#  Query aligned region: 
#  Target aligned region: 

	
	

#  Matched base-pairing interactions: 
#  Matched base-stacking interactions: 

>>>>>>>>>>   ALIGNMENT ENDS   >>>>>>>>>>

<<<<<<<<<<  ALIGNMENT BEGINS  <<<<<<<<<<

#  Aligning k-turn_consensus and 3ccm_0:1831-1844_870-882_775-779:
#  Alignment score:  5.2
#  P-value:  1.000e+00
#  Query aligned region: 0-1,11-12
#  Target aligned region: 4:'0'1836-5:'0'1837,25:'0'882-25:'0'882,29:'0'778-29:'0'778

	GG...A~C
	AG...A~C

#  Matched base-pairing interactions: 
	<G(0:)-C(12:) cis W/W>                         MATCHES	<A(4:'0'1836)-C(29:'0'778) cis -/->
	<G(1:)-A(11:) trans S/H>                       MATCHES	<G(5:'0'1837)-A(25:'0'882) trans W/S>
#  Matched base-stacking interactions: 

>>>>>>>>>>   ALIGNMENT ENDS   >>>>>>>>>>

<<<<<<<<<<  ALIGNMENT BEGINS  <<<<<<<<<<

#  Aligning k-turn_consensus and 3ccm_0:1312-1313_333-342_311-318:
#  Alignment score:  5
#  P-value:  1.000e+00
#  Query aligned region: 0-1,11-12
#  Target aligned region: 1:'0'1314-1:'0'1314,4:'0'336-4:'0'336,15:'0'315-16:'0'316

	G~G...AC
	U~G...GA

#  Matched base-pairing interactions: 
	<G(0:)-C(12:) cis W/W>                         MATCHES	<U(1:'0'1314)-A(16:'0'316) trans S/W>
	<G(1:)-A(11:) trans S/H>                       MATCHES	<G(4:'0'336)-G(15:'0'315) trans S/S>
#  Matched base-stacking interactions: 

>>>>>>>>>>   ALIGNMENT ENDS   >>>>>>>>>>

<<<<<<<<<<  ALIGNMENT BEGINS  <<<<<<<<<<

#  Aligning k-turn_consensus and 3ccm_0:450-457_458-464_474-477:
#  Alignment score:  4.9
#  P-value:  1.000e+00
#  Query aligned region: 
#  Target aligned region: 

	
	

#  Matched base-pairing interactions: 
#  Matched base-stacking interactions: 

>>>>>>>>>>   ALIGNMENT ENDS   >>>>>>>>>>

<<<<<<<<<<  ALIGNMENT BEGINS  <<<<<<<<<<

#  Aligning k-turn_consensus and 3ccm_0:2655-2659_2083-2088:
#  Alignment score:  4.8
#  P-value:  1.000e+00
#  Query aligned region: 
#  Target aligned region: 

	
	

#  Matched base-pairing interactions: 
#  Matched base-stacking interactions: 

>>>>>>>>>>   ALIGNMENT ENDS   >>>>>>>>>>

<<<<<<<<<<  ALIGNMENT BEGINS  <<<<<<<<<<

#  Aligning k-turn_consensus and 3ccm_0:870-882_1831-1844_775-779:
#  Alignment score:  4.8
#  P-value:  1.000e+00
#  Query aligned region: 
#  Target aligned region: 

	
	

#  Matched base-pairing interactions: 
#  Matched base-stacking interactions: 

>>>>>>>>>>   ALIGNMENT ENDS   >>>>>>>>>>

<<<<<<<<<<  ALIGNMENT BEGINS  <<<<<<<<<<

#  Aligning k-turn_consensus and 3ccm_0:775-779_870-882_1831-1844:
#  Alignment score:  4.8
#  P-value:  1.000e+00
#  Query aligned region: 
#  Target aligned region: 

	
	

#  Matched base-pairing interactions: 
#  Matched base-stacking interactions: 

>>>>>>>>>>   ALIGNMENT ENDS   >>>>>>>>>>

<<<<<<<<<<  ALIGNMENT BEGINS  <<<<<<<<<<

#  Aligning k-turn_consensus and 3ccm_0:425-429_407-414_189-193:
#  Alignment score:  4.5
#  P-value:  1.000e+00
#  Query aligned region: 
#  Target aligned region: 

	
	

#  Matched base-pairing interactions: 
#  Matched base-stacking interactions: 

>>>>>>>>>>   ALIGNMENT ENDS   >>>>>>>>>>

<<<<<<<<<<  ALIGNMENT BEGINS  <<<<<<<<<<

#  Aligning k-turn_consensus and 3ccm_0:407-414_425-429_189-193:
#  Alignment score:  4.5
#  P-value:  1.000e+00
#  Query aligned region: 
#  Target aligned region: 

	
	

#  Matched base-pairing interactions: 
#  Matched base-stacking interactions: 

>>>>>>>>>>   ALIGNMENT ENDS   >>>>>>>>>>

<<<<<<<<<<  ALIGNMENT BEGINS  <<<<<<<<<<

#  Aligning k-turn_consensus and 3ccm_0:450-457_474-477_458-464:
#  Alignment score:  4.3
#  P-value:  1.000e+00
#  Query aligned region: 
#  Target aligned region: 

	
	

#  Matched base-pairing interactions: 
#  Matched base-stacking interactions: 

>>>>>>>>>>   ALIGNMENT ENDS   >>>>>>>>>>

<<<<<<<<<<  ALIGNMENT BEGINS  <<<<<<<<<<

#  Aligning k-turn_consensus and 3ccm_0:189-193_407-414_425-429:
#  Alignment score:  4.3
#  P-value:  1.000e+00
#  Query aligned region: 
#  Target aligned region: 

	
	

#  Matched base-pairing interactions: 
#  Matched base-stacking interactions: 

>>>>>>>>>>   ALIGNMENT ENDS   >>>>>>>>>>

<<<<<<<<<<  ALIGNMENT BEGINS  <<<<<<<<<<

#  Aligning k-turn_consensus and 3ccm_0:609-614_527-528_541-546:
#  Alignment score:  4.3
#  P-value:  1.000e+00
#  Query aligned region: 
#  Target aligned region: 

	
	

#  Matched base-pairing interactions: 
#  Matched base-stacking interactions: 

>>>>>>>>>>   ALIGNMENT ENDS   >>>>>>>>>>

<<<<<<<<<<  ALIGNMENT BEGINS  <<<<<<<<<<

#  Aligning k-turn_consensus and 3ccm_0:189-193_425-429_407-414:
#  Alignment score:  4.2
#  P-value:  1.000e+00
#  Query aligned region: 0-0,12-12
#  Target aligned region: 7:'0'428-7:'0'428,14:'0'412-14:'0'412

	G...C
	G...C

#  Matched base-pairing interactions: 
	<G(0:)-C(12:) cis W/W>                         MATCHES	<G(7:'0'428)-C(14:'0'412) cis W/W>
#  Matched base-stacking interactions: 

>>>>>>>>>>   ALIGNMENT ENDS   >>>>>>>>>>

<<<<<<<<<<  ALIGNMENT BEGINS  <<<<<<<<<<

#  Aligning k-turn_consensus and 3ccm_0:527-528_609-614_541-546:
#  Alignment score:  4.2
#  P-value:  1.000e+00
#  Query aligned region: 
#  Target aligned region: 

	
	

#  Matched base-pairing interactions: 
#  Matched base-stacking interactions: 

>>>>>>>>>>   ALIGNMENT ENDS   >>>>>>>>>>

<<<<<<<<<<  ALIGNMENT BEGINS  <<<<<<<<<<

#  Aligning k-turn_consensus and 3ccm_0:1312-1313_311-318_333-342:
#  Alignment score:  4.2
#  P-value:  1.000e+00
#  Query aligned region: 
#  Target aligned region: 

	
	

#  Matched base-pairing interactions: 
#  Matched base-stacking interactions: 

>>>>>>>>>>   ALIGNMENT ENDS   >>>>>>>>>>

<<<<<<<<<<  ALIGNMENT BEGINS  <<<<<<<<<<

#  Aligning k-turn_consensus and 3ccm_0:311-318_333-342_1312-1313:
#  Alignment score:  4.2
#  P-value:  1.000e+00
#  Query aligned region: 
#  Target aligned region: 

	
	

#  Matched base-pairing interactions: 
#  Matched base-stacking interactions: 

>>>>>>>>>>   ALIGNMENT ENDS   >>>>>>>>>>

<<<<<<<<<<  ALIGNMENT BEGINS  <<<<<<<<<<

#  Aligning k-turn_consensus and 3ccm_0:2259-2265_386-387_2127-2132:
#  Alignment score:  4
#  P-value:  1.000e+00
#  Query aligned region: 
#  Target aligned region: 

	
	

#  Matched base-pairing interactions: 
#  Matched base-stacking interactions: 

>>>>>>>>>>   ALIGNMENT ENDS   >>>>>>>>>>

<<<<<<<<<<  ALIGNMENT BEGINS  <<<<<<<<<<

#  Aligning k-turn_consensus and 3ccm_0:1294-1299_903-909:
#  Alignment score:  4
#  P-value:  1.000e+00
#  Query aligned region: 
#  Target aligned region: 

	
	

#  Matched base-pairing interactions: 
#  Matched base-stacking interactions: 

>>>>>>>>>>   ALIGNMENT ENDS   >>>>>>>>>>

<<<<<<<<<<  ALIGNMENT BEGINS  <<<<<<<<<<

#  Aligning k-turn_consensus and 3ccm_0:2659-2661_2811-2815_531-532:
#  Alignment score:  4
#  P-value:  1.000e+00
#  Query aligned region: 
#  Target aligned region: 

	
	

#  Matched base-pairing interactions: 
#  Matched base-stacking interactions: 

>>>>>>>>>>   ALIGNMENT ENDS   >>>>>>>>>>

<<<<<<<<<<  ALIGNMENT BEGINS  <<<<<<<<<<

#  Aligning k-turn_consensus and 3ccm_0:2659-2661_531-532_2811-2815:
#  Alignment score:  4
#  P-value:  1.000e+00
#  Query aligned region: 
#  Target aligned region: 

	
	

#  Matched base-pairing interactions: 
#  Matched base-stacking interactions: 

>>>>>>>>>>   ALIGNMENT ENDS   >>>>>>>>>>

<<<<<<<<<<  ALIGNMENT BEGINS  <<<<<<<<<<

#  Aligning k-turn_consensus and 3ccm_0:1890-1893_1938-1945:
#  Alignment score:  3.9
#  P-value:  1.000e+00
#  Query aligned region: 
#  Target aligned region: 

	
	

#  Matched base-pairing interactions: 
#  Matched base-stacking interactions: 

>>>>>>>>>>   ALIGNMENT ENDS   >>>>>>>>>>

<<<<<<<<<<  ALIGNMENT BEGINS  <<<<<<<<<<

#  Aligning k-turn_consensus and 3ccm_0:1495-1499_1501-1503_1506-1509:
#  Alignment score:  3.8
#  P-value:  1.000e+00
#  Query aligned region: 
#  Target aligned region: 

	
	

#  Matched base-pairing interactions: 
#  Matched base-stacking interactions: 

>>>>>>>>>>   ALIGNMENT ENDS   >>>>>>>>>>

<<<<<<<<<<  ALIGNMENT BEGINS  <<<<<<<<<<

#  Aligning k-turn_consensus and 3ccm_0:1495-1499_1506-1509_1501-1503:
#  Alignment score:  3.8
#  P-value:  1.000e+00
#  Query aligned region: 
#  Target aligned region: 

	
	

#  Matched base-pairing interactions: 
#  Matched base-stacking interactions: 

>>>>>>>>>>   ALIGNMENT ENDS   >>>>>>>>>>

<<<<<<<<<<  ALIGNMENT BEGINS  <<<<<<<<<<

#  Aligning k-turn_consensus and 3ccm_0:835-846:
#  Alignment score:  3.8
#  P-value:  1.000e+00
#  Query aligned region: 0-1,11-12
#  Target aligned region: 0:'0'836-11:'0'847

	GG...AC
	GU...AC

#  Matched base-pairing interactions: 
	<G(1:)-A(11:) trans S/H>                       MATCHES	<U(1:'0'837)-A(10:'0'846) cis W/W>
	<G(0:)-C(12:) cis W/W>                         MATCHES	<G(0:'0'836)-C(11:'0'847) cis W/W>
#  Matched base-stacking interactions: 

>>>>>>>>>>   ALIGNMENT ENDS   >>>>>>>>>>

<<<<<<<<<<  ALIGNMENT BEGINS  <<<<<<<<<<

#  Aligning k-turn_consensus and 3ccm_0:2127-2132_2259-2265_386-387:
#  Alignment score:  3.8
#  P-value:  1.000e+00
#  Query aligned region: 
#  Target aligned region: 

	
	

#  Matched base-pairing interactions: 
#  Matched base-stacking interactions: 

>>>>>>>>>>   ALIGNMENT ENDS   >>>>>>>>>>

<<<<<<<<<<  ALIGNMENT BEGINS  <<<<<<<<<<

#  Aligning k-turn_consensus and 3ccm_0:474-477_450-457_458-464:
#  Alignment score:  3.8
#  P-value:  1.000e+00
#  Query aligned region: 
#  Target aligned region: 

	
	

#  Matched base-pairing interactions: 
#  Matched base-stacking interactions: 

>>>>>>>>>>   ALIGNMENT ENDS   >>>>>>>>>>

<<<<<<<<<<  ALIGNMENT BEGINS  <<<<<<<<<<

#  Aligning k-turn_consensus and 3ccm_0:458-464_474-477_450-457:
#  Alignment score:  3.8
#  P-value:  1.000e+00
#  Query aligned region: 
#  Target aligned region: 

	
	

#  Matched base-pairing interactions: 
#  Matched base-stacking interactions: 

>>>>>>>>>>   ALIGNMENT ENDS   >>>>>>>>>>

<<<<<<<<<<  ALIGNMENT BEGINS  <<<<<<<<<<

#  Aligning k-turn_consensus and 3ccm_0:2270-2277_2466-2470:
#  Alignment score:  3.8
#  P-value:  1.000e+00
#  Query aligned region: 
#  Target aligned region: 

	
	

#  Matched base-pairing interactions: 
#  Matched base-stacking interactions: 

>>>>>>>>>>   ALIGNMENT ENDS   >>>>>>>>>>

<<<<<<<<<<  ALIGNMENT BEGINS  <<<<<<<<<<

#  Aligning k-turn_consensus and 3ccm_0:1938-1945_1890-1893:
#  Alignment score:  3.8
#  P-value:  1.000e+00
#  Query aligned region: 
#  Target aligned region: 

	
	

#  Matched base-pairing interactions: 
#  Matched base-stacking interactions: 

>>>>>>>>>>   ALIGNMENT ENDS   >>>>>>>>>>

<<<<<<<<<<  ALIGNMENT BEGINS  <<<<<<<<<<

#  Aligning k-turn_consensus and 3ccm_0:2259-2265_2127-2132_386-387:
#  Alignment score:  3.7
#  P-value:  1.000e+00
#  Query aligned region: 
#  Target aligned region: 

	
	

#  Matched base-pairing interactions: 
#  Matched base-stacking interactions: 

>>>>>>>>>>   ALIGNMENT ENDS   >>>>>>>>>>

<<<<<<<<<<  ALIGNMENT BEGINS  <<<<<<<<<<

#  Aligning k-turn_consensus and 3ccm_0:1037-1040_928-930:
#  Alignment score:  3.7
#  P-value:  1.000e+00
#  Query aligned region: 
#  Target aligned region: 

	
	

#  Matched base-pairing interactions: 
#  Matched base-stacking interactions: 

>>>>>>>>>>   ALIGNMENT ENDS   >>>>>>>>>>

<<<<<<<<<<  ALIGNMENT BEGINS  <<<<<<<<<<

#  Aligning k-turn_consensus and 3ccm_0:531-532_2659-2661_2811-2815:
#  Alignment score:  3.7
#  P-value:  1.000e+00
#  Query aligned region: 
#  Target aligned region: 

	
	

#  Matched base-pairing interactions: 
#  Matched base-stacking interactions: 

>>>>>>>>>>   ALIGNMENT ENDS   >>>>>>>>>>

<<<<<<<<<<  ALIGNMENT BEGINS  <<<<<<<<<<

#  Aligning k-turn_consensus and 3ccm_0:2449-2453_2437-2441:
#  Alignment score:  3.7
#  P-value:  1.000e+00
#  Query aligned region: 
#  Target aligned region: 

	
	

#  Matched base-pairing interactions: 
#  Matched base-stacking interactions: 

>>>>>>>>>>   ALIGNMENT ENDS   >>>>>>>>>>

<<<<<<<<<<  ALIGNMENT BEGINS  <<<<<<<<<<

#  Aligning k-turn_consensus and 3ccm_0:2811-2815_2659-2661_531-532:
#  Alignment score:  3.6
#  P-value:  1.000e+00
#  Query aligned region: 1-1,11-11
#  Target aligned region: 5:'0'2660-5:'0'2660,8:'0'532-8:'0'532

	G...A
	G...A

#  Matched base-pairing interactions: 
	<G(1:)-A(11:) trans S/H>                       MATCHES	<G(5:'0'2660)-A(8:'0'532) trans S/S>
#  Matched base-stacking interactions: 

>>>>>>>>>>   ALIGNMENT ENDS   >>>>>>>>>>

<<<<<<<<<<  ALIGNMENT BEGINS  <<<<<<<<<<

#  Aligning k-turn_consensus and 3ccm_0:333-342_1312-1313_311-318:
#  Alignment score:  3.6
#  P-value:  1.000e+00
#  Query aligned region: 
#  Target aligned region: 

	
	

#  Matched base-pairing interactions: 
#  Matched base-stacking interactions: 

>>>>>>>>>>   ALIGNMENT ENDS   >>>>>>>>>>

<<<<<<<<<<  ALIGNMENT BEGINS  <<<<<<<<<<

#  Aligning k-turn_consensus and 3ccm_0:333-342_311-318_1312-1313:
#  Alignment score:  3.6
#  P-value:  1.000e+00
#  Query aligned region: 
#  Target aligned region: 

	
	

#  Matched base-pairing interactions: 
#  Matched base-stacking interactions: 

>>>>>>>>>>   ALIGNMENT ENDS   >>>>>>>>>>

<<<<<<<<<<  ALIGNMENT BEGINS  <<<<<<<<<<

#  Aligning k-turn_consensus and 3ccm_0:1506-1509_1495-1499_1501-1503:
#  Alignment score:  3.5
#  P-value:  1.000e+00
#  Query aligned region: 
#  Target aligned region: 

	
	

#  Matched base-pairing interactions: 
#  Matched base-stacking interactions: 

>>>>>>>>>>   ALIGNMENT ENDS   >>>>>>>>>>

<<<<<<<<<<  ALIGNMENT BEGINS  <<<<<<<<<<

#  Aligning k-turn_consensus and 3ccm_0:474-477_458-464_450-457:
#  Alignment score:  3.5
#  P-value:  1.000e+00
#  Query aligned region: 
#  Target aligned region: 

	
	

#  Matched base-pairing interactions: 
#  Matched base-stacking interactions: 

>>>>>>>>>>   ALIGNMENT ENDS   >>>>>>>>>>

<<<<<<<<<<  ALIGNMENT BEGINS  <<<<<<<<<<

#  Aligning k-turn_consensus and 3ccm_0:903-909_1294-1299:
#  Alignment score:  3.3
#  P-value:  1.000e+00
#  Query aligned region: 
#  Target aligned region: 

	
	

#  Matched base-pairing interactions: 
#  Matched base-stacking interactions: 

>>>>>>>>>>   ALIGNMENT ENDS   >>>>>>>>>>

<<<<<<<<<<  ALIGNMENT BEGINS  <<<<<<<<<<

#  Aligning k-turn_consensus and 3ccm_0:2437-2441_2449-2453:
#  Alignment score:  3.3
#  P-value:  1.000e+00
#  Query aligned region: 
#  Target aligned region: 

	
	

#  Matched base-pairing interactions: 
#  Matched base-stacking interactions: 

>>>>>>>>>>   ALIGNMENT ENDS   >>>>>>>>>>

<<<<<<<<<<  ALIGNMENT BEGINS  <<<<<<<<<<

#  Aligning k-turn_consensus and 3ccm_0:2466-2470_2270-2277:
#  Alignment score:  3.3
#  P-value:  1.000e+00
#  Query aligned region: 
#  Target aligned region: 

	
	

#  Matched base-pairing interactions: 
#  Matched base-stacking interactions: 

>>>>>>>>>>   ALIGNMENT ENDS   >>>>>>>>>>

<<<<<<<<<<  ALIGNMENT BEGINS  <<<<<<<<<<

#  Aligning k-turn_consensus and 3ccm_0:2480-2481_2099-2101_2531-2537:
#  Alignment score:  3.2
#  P-value:  1.000e+00
#  Query aligned region: 0-0,12-12
#  Target aligned region: 5:'0'2532-6:'0'2533

	G...C
	A...C

#  Matched base-pairing interactions: 
	<G(0:)-C(12:) cis W/W>                         MATCHES	<A(5:'0'2532)-C(6:'0'2533) cis S/H>
#  Matched base-stacking interactions: 

>>>>>>>>>>   ALIGNMENT ENDS   >>>>>>>>>>

<<<<<<<<<<  ALIGNMENT BEGINS  <<<<<<<<<<

#  Aligning k-turn_consensus and 3ccm_0:2480-2481_2531-2537_2099-2101:
#  Alignment score:  3.1
#  P-value:  1.000e+00
#  Query aligned region: 
#  Target aligned region: 

	
	

#  Matched base-pairing interactions: 
#  Matched base-stacking interactions: 

>>>>>>>>>>   ALIGNMENT ENDS   >>>>>>>>>>

<<<<<<<<<<  ALIGNMENT BEGINS  <<<<<<<<<<

#  Aligning k-turn_consensus and 3ccm_0:2083-2088_2655-2659:
#  Alignment score:  2.9
#  P-value:  1.000e+00
#  Query aligned region: 
#  Target aligned region: 

	
	

#  Matched base-pairing interactions: 
#  Matched base-stacking interactions: 

>>>>>>>>>>   ALIGNMENT ENDS   >>>>>>>>>>

<<<<<<<<<<  ALIGNMENT BEGINS  <<<<<<<<<<

#  Aligning k-turn_consensus and 3ccm_0:531-532_2811-2815_2659-2661:
#  Alignment score:  2.9
#  P-value:  1.000e+00
#  Query aligned region: 
#  Target aligned region: 

	
	

#  Matched base-pairing interactions: 
#  Matched base-stacking interactions: 

>>>>>>>>>>   ALIGNMENT ENDS   >>>>>>>>>>

<<<<<<<<<<  ALIGNMENT BEGINS  <<<<<<<<<<

#  Aligning k-turn_consensus and 3ccm_0:928-930_1037-1040:
#  Alignment score:  2.8
#  P-value:  1.000e+00
#  Query aligned region: 
#  Target aligned region: 

	
	

#  Matched base-pairing interactions: 
#  Matched base-stacking interactions: 

>>>>>>>>>>   ALIGNMENT ENDS   >>>>>>>>>>

<<<<<<<<<<  ALIGNMENT BEGINS  <<<<<<<<<<

#  Aligning k-turn_consensus and 3ccm_0:2531-2537_2480-2481_2099-2101:
#  Alignment score:  2.6
#  P-value:  1.000e+00
#  Query aligned region: 
#  Target aligned region: 

	
	

#  Matched base-pairing interactions: 
#  Matched base-stacking interactions: 

>>>>>>>>>>   ALIGNMENT ENDS   >>>>>>>>>>

<<<<<<<<<<  ALIGNMENT BEGINS  <<<<<<<<<<

#  Aligning k-turn_consensus and 3ccm_0:134-143:
#  Alignment score:  2.1
#  P-value:  1.000e+00
#  Query aligned region: 
#  Target aligned region: 

	
	

#  Matched base-pairing interactions: 
#  Matched base-stacking interactions: 

>>>>>>>>>>   ALIGNMENT ENDS   >>>>>>>>>>

