$ /home/s081p868/scratch/RNAMotifScanX-release/bin/scan /home/s081p868/scratch/RNAMotifScanX-release/models/k-turn_consensus.struct /rfs/poseidon_share/s081p868/RNAMotifScanX_nr/rmsx_work_default/1ffk/0/1ffk_0.rmsx.in --map_pdb=/rfs/poseidon_share/s081p868/RNAMotifScanX_nr/rmsx_work_default/1ffk/0/1ffk_0.rmsx.nch --pvalue 1.0 --num_threads 8 --write_alignment
<<<<<<<<<<  ALIGNMENT BEGINS  <<<<<<<<<<

#  Aligning k-turn_consensus and 1ffk_0:72-81_89-102:
#  Alignment score:  153.4
#  P-value:  8.257e-03
#  Query aligned region: 0-4,5-12
#  Target aligned region: 3:'0'77-7:'0'81,12:'0'93-19:'0'100

	GGGAG...CGAAGAAC
	GGGAG...CGAAGAAC

#  Matched base-pairing interactions: 
	<G(1:)-A(11:) trans S/H>                       MATCHES	<G(4:'0'78)-A(18:'0'99) trans S/H>
	<G(2:)-A(10:) trans S/H>                       MATCHES	<G(5:'0'79)-A(17:'0'98) trans S/H>
	<A(3:)-G(9:) trans H/S>                        MATCHES	<A(6:'0'80)-G(16:'0'97) trans H/S>
	<A(3:)-G(6:) trans S/S>                        MATCHES	<A(6:'0'80)-G(13:'0'94) cis -/->
	<G(4:)-A(10:) trans S/S>                       MATCHES	<G(7:'0'81)-A(17:'0'98) trans S/S>
	<G(4:)-C(5:) cis W/W>                          MATCHES	<G(7:'0'81)-C(12:'0'93) cis W/W>
	<G(0:)-C(12:) cis W/W>                         MATCHES	<G(3:'0'77)-C(19:'0'100) cis W/W>
#  Matched base-stacking interactions: 
	<A(3:)-A(10:) outward>                         MATCHES	<A(6:'0'80)-A(17:'0'98) outward>

>>>>>>>>>>   ALIGNMENT ENDS   >>>>>>>>>>

<<<<<<<<<<  ALIGNMENT BEGINS  <<<<<<<<<<

#  Aligning k-turn_consensus and 1ffk_0:933-940_1022-1025_1029-1034:
#  Alignment score:  132
#  P-value:  1.199e-02
#  Query aligned region: 0-4,5-12
#  Target aligned region: 1:'0'936-5:'0'940,10:'0'1026-11:'0'1027,12:'0'1031-15:'0'1034

	GGGAG...CG~GAAC
	CCGAG...CG~GACG

#  Matched base-pairing interactions: 
	<G(1:)-A(11:) trans S/H>                       MATCHES	<C(2:'0'937)-C(14:'0'1033) cis -/->
	<G(2:)-A(10:) trans S/H>                       MATCHES	<G(3:'0'938)-A(13:'0'1032) trans S/H>
	<A(3:)-G(9:) trans H/S>                        MATCHES	<A(4:'0'939)-G(12:'0'1031) trans H/S>
	<G(4:)-A(10:) trans S/S>                       MATCHES	<G(5:'0'940)-A(13:'0'1032) trans S/S>
	<G(4:)-C(5:) cis W/W>                          MATCHES	<G(5:'0'940)-C(10:'0'1026) cis W/W>
	<A(3:)-G(6:) trans S/S>                        MATCHES	<A(4:'0'939)-G(11:'0'1027) cis -/->
	<G(0:)-C(12:) cis W/W>                         MATCHES	<C(1:'0'936)-G(15:'0'1034) cis W/W>
#  Matched base-stacking interactions: 
	<A(3:)-A(10:) outward>                         MATCHES	<A(4:'0'939)-A(13:'0'1032) outward>

>>>>>>>>>>   ALIGNMENT ENDS   >>>>>>>>>>

<<<<<<<<<<  ALIGNMENT BEGINS  <<<<<<<<<<

#  Aligning k-turn_consensus and 1ffk_0:1206-1214_1145-1159:
#  Alignment score:  129.3
#  P-value:  1.263e-02
#  Query aligned region: 0-4,5-12
#  Target aligned region: 4:'0'1212-8:'0'1216,9:'0'1147-17:'0'1155

	GGGAG...CGAAGA-AC
	CCGAG...CCUAGACAG

#  Matched base-pairing interactions: 
	<A(3:)-G(9:) trans H/S>                        MATCHES	<A(7:'0'1215)-G(13:'0'1151) trans H/S>
	<A(3:)-G(6:) trans S/S>                        MATCHES	<A(7:'0'1215)-C(10:'0'1148) cis -/->
	<G(4:)-A(10:) trans S/S>                       MATCHES	<G(8:'0'1216)-A(14:'0'1152) trans S/S>
	<G(4:)-C(5:) cis W/W>                          MATCHES	<G(8:'0'1216)-C(9:'0'1147) cis W/W>
	<G(1:)-A(11:) trans S/H>                       MATCHES	<C(5:'0'1213)-A(16:'0'1154) cis S/W>
	<G(2:)-A(10:) trans S/H>                       MATCHES	<G(6:'0'1214)-A(14:'0'1152) trans S/H>
	<G(0:)-C(12:) cis W/W>                         MATCHES	<C(4:'0'1212)-G(17:'0'1155) cis W/W>
#  Matched base-stacking interactions: 
	<A(3:)-A(10:) outward>                         MATCHES	<A(7:'0'1215)-A(14:'0'1152) outward>

>>>>>>>>>>   ALIGNMENT ENDS   >>>>>>>>>>

<<<<<<<<<<  ALIGNMENT BEGINS  <<<<<<<<<<

#  Aligning k-turn_consensus and 1ffk_0:1335-1342_1309-1319_335-336:
#  Alignment score:  127.4
#  P-value:  1.312e-02
#  Query aligned region: 0-4,5-12
#  Target aligned region: 1:'0'1338-5:'0'1342,9:'0'1312-16:'0'1319

	GGGAG...CGAAGAAC
	UGGAC...GAUGGAAG

#  Matched base-pairing interactions: 
	<G(1:)-A(11:) trans S/H>                       MATCHES	<G(2:'0'1339)-A(15:'0'1318) trans S/H>
	<G(2:)-A(10:) trans S/H>                       MATCHES	<G(3:'0'1340)-A(14:'0'1317) trans S/H>
	<A(3:)-G(9:) trans H/S>                        MATCHES	<A(4:'0'1341)-G(13:'0'1316) trans H/S>
	<G(4:)-C(5:) cis W/W>                          MATCHES	<C(5:'0'1342)-G(9:'0'1312) cis W/W>
	<A(3:)-G(6:) trans S/S>                        MATCHES	<A(4:'0'1341)-A(10:'0'1313) cis -/->
	<G(4:)-A(10:) trans S/S>                       MATCHES	<C(5:'0'1342)-A(14:'0'1317) cis -/->
	<G(0:)-C(12:) cis W/W>                         MATCHES	<U(1:'0'1338)-G(16:'0'1319) cis W/W>
#  Matched base-stacking interactions: 
	<A(3:)-A(10:) outward>                         MATCHES	<A(4:'0'1341)-A(14:'0'1317) outward>

>>>>>>>>>>   ALIGNMENT ENDS   >>>>>>>>>>

<<<<<<<<<<  ALIGNMENT BEGINS  <<<<<<<<<<

#  Aligning k-turn_consensus and 1ffk_0:2910-2912_2665-2666_2820-2826:
#  Alignment score:  120.2
#  P-value:  1.524e-02
#  Query aligned region: 1-4,5-11
#  Target aligned region: 0:'0'2912-2:'0'2914,3:'0'2667-3:'0'2667,5:'0'2822-11:'0'2828

	GGA~G...CGAAGAA
	CAA~G...CGCCGAG

#  Matched base-pairing interactions: 
	<G(1:)-A(11:) trans S/H>                       MATCHES	<C(0:'0'2912)-G(11:'0'2828) cis W/W>
	<G(2:)-A(10:) trans S/H>                       MATCHES	<A(1:'0'2913)-A(10:'0'2827) trans S/H>
	<A(3:)-G(9:) trans H/S>                        MATCHES	<A(2:'0'2914)-G(9:'0'2826) trans H/S>
	<A(3:)-G(6:) trans S/S>                        MATCHES	<A(2:'0'2914)-G(6:'0'2823) cis -/->
	<G(4:)-A(10:) trans S/S>                       MATCHES	<G(3:'0'2667)-A(10:'0'2827) trans S/S>
	<G(4:)-C(5:) cis W/W>                          MATCHES	<G(3:'0'2667)-C(5:'0'2822) cis W/W>
#  Matched base-stacking interactions: 
	<A(3:)-A(10:) outward>                         MATCHES	<A(2:'0'2914)-A(10:'0'2827) outward>

>>>>>>>>>>   ALIGNMENT ENDS   >>>>>>>>>>

<<<<<<<<<<  ALIGNMENT BEGINS  <<<<<<<<<<

#  Aligning k-turn_consensus and 1ffk_0:1584-1590_1599-1608:
#  Alignment score:  94.4
#  P-value:  2.930e-02
#  Query aligned region: 0-4,6-12
#  Target aligned region: 1:'0'1587-4:'0'1590,7:'0'1601-14:'0'1608

	GGGA~G...GAAGAAC
	UGGA~G...CAGGAAG

#  Matched base-pairing interactions: 
	<A(3:)-G(9:) trans H/S>                        MATCHES	<A(4:'0'1590)-G(11:'0'1605) trans H/S>
	<A(3:)-G(6:) trans S/S>                        MATCHES	<A(4:'0'1590)-C(8:'0'1602) cis -/->
	<G(2:)-A(10:) trans S/H>                       MATCHES	<G(3:'0'1589)-A(12:'0'1606) trans S/H>
	<G(4:)-A(10:) trans S/S>                       MATCHES	<G(7:'0'1601)-A(12:'0'1606) cis -/->
	<G(1:)-A(11:) trans S/H>                       MATCHES	<G(2:'0'1588)-A(13:'0'1607) trans S/H>
	<G(0:)-C(12:) cis W/W>                         MATCHES	<U(1:'0'1587)-G(14:'0'1608) cis W/W>
#  Matched base-stacking interactions: 
	<A(3:)-A(10:) outward>                         MATCHES	<A(4:'0'1590)-A(12:'0'1606) outward>

>>>>>>>>>>   ALIGNMENT ENDS   >>>>>>>>>>

<<<<<<<<<<  ALIGNMENT BEGINS  <<<<<<<<<<

#  Aligning k-turn_consensus and 1ffk_0:242-247_258-265:
#  Alignment score:  88.1
#  P-value:  3.572e-02
#  Query aligned region: 0-4,5-12
#  Target aligned region: 0:'0'244-5:'0'249,6:'0'260-13:'0'267

	GGGA-G...CGAAGAAC
	CCGAAG...CAAUGUGG

#  Matched base-pairing interactions: 
	<G(1:)-A(11:) trans S/H>                       MATCHES	<C(1:'0'245)-G(12:'0'266) cis W/W>
	<G(2:)-A(10:) trans S/H>                       MATCHES	<G(2:'0'246)-U(11:'0'265) trans S/H>
	<A(3:)-G(9:) trans H/S>                        MATCHES	<A(3:'0'247)-G(10:'0'264) trans H/S>
	<A(3:)-G(6:) trans S/S>                        MATCHES	<A(3:'0'247)-A(7:'0'261) cis -/->
	<G(4:)-C(5:) cis W/W>                          MATCHES	<G(5:'0'249)-C(6:'0'260) cis W/W>
	<G(4:)-A(10:) trans S/S>                       MATCHES	<G(5:'0'249)-U(11:'0'265) cis -/->
	<G(0:)-C(12:) cis W/W>                         MATCHES	<C(0:'0'244)-G(13:'0'267) cis W/W>
#  Matched base-stacking interactions: 
	<A(3:)-A(10:) outward>                         MATCHES	<A(3:'0'247)-U(11:'0'265) outward>

>>>>>>>>>>   ALIGNMENT ENDS   >>>>>>>>>>

<<<<<<<<<<  ALIGNMENT BEGINS  <<<<<<<<<<

#  Aligning k-turn_consensus and 1ffk_0:812-820_1828-1829_791-798:
#  Alignment score:  83.4
#  P-value:  4.199e-02
#  Query aligned region: 0-4,5-12
#  Target aligned region: 1:'0'815-6:'0'820,9:'0'1830-9:'0'1830,12:'0'794-16:'0'798

	GGGA-G...C~GAAGAAC
	UGGAAG...C~U--GAAG

#  Matched base-pairing interactions: 
	<A(3:)-G(9:) trans H/S>                        MATCHES	<A(4:'0'818)-G(13:'0'795) trans H/S>
	<G(2:)-A(10:) trans S/H>                       MATCHES	<G(3:'0'817)-A(14:'0'796) trans S/H>
	<A(3:)-G(6:) trans S/S>                        MATCHES	<A(4:'0'818)-U(12:'0'794) trans W/W>
	<G(4:)-C(5:) cis W/W>                          MATCHES	<G(6:'0'820)-C(9:'0'1830) cis W/W>
	<G(1:)-A(11:) trans S/H>                       MATCHES	<G(2:'0'816)-A(15:'0'797) trans S/H>
	<G(0:)-C(12:) cis W/W>                         MATCHES	<U(1:'0'815)-G(16:'0'798) cis W/W>
#  Matched base-stacking interactions: 
	<A(3:)-A(10:) outward>                         MATCHES	<A(4:'0'818)-A(14:'0'796) outward>

>>>>>>>>>>   ALIGNMENT ENDS   >>>>>>>>>>

<<<<<<<<<<  ALIGNMENT BEGINS  <<<<<<<<<<

#  Aligning k-turn_consensus and 1ffk_0:2880-2887_1803-1805_2864-2873:
#  Alignment score:  76
#  P-value:  5.582e-02
#  Query aligned region: 2-4,6-10
#  Target aligned region: 0:'0'2882-1:'0'2883,8:'0'1805-9:'0'1806,19:'0'2874-20:'0'2875

	GA~G...G~GA
	GA~G...G~GA

#  Matched base-pairing interactions: 
	<A(3:)-G(9:) trans H/S>                        MATCHES	<A(1:'0'2883)-G(19:'0'2874) trans H/S>
	<G(2:)-A(10:) trans S/H>                       MATCHES	<G(0:'0'2882)-A(20:'0'2875) trans S/H>
	<A(3:)-G(6:) trans S/S>                        MATCHES	<A(1:'0'2883)-G(9:'0'1806) trans S/S>
	<G(4:)-A(10:) trans S/S>                       MATCHES	<G(8:'0'1805)-A(20:'0'2875) cis S/S>
#  Matched base-stacking interactions: 
	<A(3:)-A(10:) outward>                         MATCHES	<A(1:'0'2883)-A(20:'0'2875) outward>

>>>>>>>>>>   ALIGNMENT ENDS   >>>>>>>>>>

<<<<<<<<<<  ALIGNMENT BEGINS  <<<<<<<<<<

#  Aligning k-turn_consensus and 1ffk_0:514-522_635-636_18-26:
#  Alignment score:  59.9
#  P-value:  1.254e-01
#  Query aligned region: 0-4,5-12
#  Target aligned region: 0:'0'516-4:'0'520,10:'0'638-10:'0'638,14:'0'23-18:'0'27

	GGGAG...C~GAAGAAC
	AUGAA...C~G--GAUU

#  Matched base-pairing interactions: 
	<A(3:)-G(9:) trans H/S>                        MATCHES	<A(3:'0'519)-G(15:'0'24) trans H/S>
	<G(2:)-A(10:) trans S/H>                       MATCHES	<G(2:'0'518)-A(16:'0'25) trans S/H>
	<A(3:)-G(6:) trans S/S>                        MATCHES	<A(3:'0'519)-G(14:'0'23) cis -/->
	<G(4:)-C(5:) cis W/W>                          MATCHES	<A(4:'0'520)-C(10:'0'638) cis -/->
	<G(1:)-A(11:) trans S/H>                       MATCHES	<U(1:'0'517)-U(17:'0'26) cis W/W>
	<G(0:)-C(12:) cis W/W>                         MATCHES	<A(0:'0'516)-U(18:'0'27) cis W/W>
#  Matched base-stacking interactions: 
	<A(3:)-A(10:) outward>                         MATCHES	<A(3:'0'519)-A(16:'0'25) outward>

>>>>>>>>>>   ALIGNMENT ENDS   >>>>>>>>>>

<<<<<<<<<<  ALIGNMENT BEGINS  <<<<<<<<<<

#  Aligning k-turn_consensus and 1ffk_0:2903-2910_2826-2834_2842-2852:
#  Alignment score:  57.3
#  P-value:  1.484e-01
#  Query aligned region: 2-4,6-10
#  Target aligned region: 0:'0'2905-1:'0'2906,14:'0'2834-14:'0'2834,20:'0'2847-26:'0'2853

	GA~G...G-AAG-A
	AA~G...GGUCGAU

#  Matched base-pairing interactions: 
	<G(4:)-A(10:) trans S/S>                       MATCHES	<G(14:'0'2834)-U(26:'0'2853) trans S/S>
	<G(2:)-A(10:) trans S/H>                       MATCHES	<A(0:'0'2905)-U(26:'0'2853) cis W/W>
	<A(3:)-G(6:) trans S/S>                        MATCHES	<A(1:'0'2906)-G(20:'0'2847) trans S/S>
	<A(3:)-G(9:) trans H/S>                        MATCHES	<A(1:'0'2906)-G(24:'0'2851) trans H/S>
#  Matched base-stacking interactions: 
	<A(3:)-A(10:) outward>                         MATCHES	<A(1:'0'2906)-U(26:'0'2853) outward>

>>>>>>>>>>   ALIGNMENT ENDS   >>>>>>>>>>

<<<<<<<<<<  ALIGNMENT BEGINS  <<<<<<<<<<

#  Aligning k-turn_consensus and 1ffk_0:1095-1096_1067-1074_1081-1086:
#  Alignment score:  54.1
#  P-value:  1.864e-01
#  Query aligned region: 2-4,5-10
#  Target aligned region: 5:'0'1072-7:'0'1074,12:'0'1085-15:'0'1088

	GAG...CGAAGA
	GAG...CA--GA

#  Matched base-pairing interactions: 
	<G(4:)-C(5:) cis W/W>                          MATCHES	<G(7:'0'1074)-C(12:'0'1085) cis W/W>
	<A(3:)-G(9:) trans H/S>                        MATCHES	<A(6:'0'1073)-G(14:'0'1087) trans H/S>
	<G(2:)-A(10:) trans S/H>                       MATCHES	<G(5:'0'1072)-A(15:'0'1088) trans S/H>
	<A(3:)-G(6:) trans S/S>                        MATCHES	<A(6:'0'1073)-A(13:'0'1086) trans H/S>
#  Matched base-stacking interactions: 
	<A(3:)-A(10:) outward>                         MATCHES	<A(6:'0'1073)-A(15:'0'1088) outward>

>>>>>>>>>>   ALIGNMENT ENDS   >>>>>>>>>>

<<<<<<<<<<  ALIGNMENT BEGINS  <<<<<<<<<<

#  Aligning k-turn_consensus and 1ffk_0:263-272_374-377_238-247:
#  Alignment score:  53.7
#  P-value:  1.922e-01
#  Query aligned region: 0-4,5-12
#  Target aligned region: 1:'0'266-9:'0'274,10:'0'376-10:'0'376,15:'0'241-19:'0'245

	GGGA----G...C~GAAGAAC
	GGUGUCAGG...C~A--AACC

#  Matched base-pairing interactions: 
	<A(3:)-G(6:) trans S/S>                        MATCHES	<G(4:'0'269)-A(15:'0'241) cis -/->
	<G(4:)-A(10:) trans S/S>                       MATCHES	<G(9:'0'274)-A(17:'0'243) trans S/S>
	<G(4:)-C(5:) cis W/W>                          MATCHES	<G(9:'0'274)-C(10:'0'376) cis W/W>
	<A(3:)-G(9:) trans H/S>                        MATCHES	<G(4:'0'269)-A(16:'0'242) trans S/H>
	<G(2:)-A(10:) trans S/H>                       MATCHES	<U(3:'0'268)-A(17:'0'243) trans S/H>
	<G(1:)-A(11:) trans S/H>                       MATCHES	<G(2:'0'267)-C(18:'0'244) cis W/W>
	<G(0:)-C(12:) cis W/W>                         MATCHES	<G(1:'0'266)-C(19:'0'245) cis W/W>
#  Matched base-stacking interactions: 

>>>>>>>>>>   ALIGNMENT ENDS   >>>>>>>>>>

<<<<<<<<<<  ALIGNMENT BEGINS  <<<<<<<<<<

#  Aligning k-turn_consensus and 1ffk_0:106-113_145-146_41-50:
#  Alignment score:  53.1
#  P-value:  2.013e-01
#  Query aligned region: 0-4,5-12
#  Target aligned region: 3:'0'111-5:'0'113,9:'0'148-9:'0'148,10:'0'43-17:'0'50

	GGGA~G...CGAAGAAC
	CG-A~A...UGAUGAAG

#  Matched base-pairing interactions: 
	<A(3:)-G(9:) trans H/S>                        MATCHES	<A(5:'0'113)-G(14:'0'47) trans H/S>
	<A(3:)-G(6:) trans S/S>                        MATCHES	<A(5:'0'113)-G(11:'0'44) cis -/->
	<G(1:)-A(11:) trans S/H>                       MATCHES	<G(4:'0'112)-A(16:'0'49) trans S/H>
	<G(4:)-C(5:) cis W/W>                          MATCHES	<A(9:'0'148)-U(10:'0'43) cis W/W>
	<G(4:)-A(10:) trans S/S>                       MATCHES	<A(9:'0'148)-A(15:'0'48) cis -/->
	<G(0:)-C(12:) cis W/W>                         MATCHES	<C(3:'0'111)-G(17:'0'50) cis W/W>
#  Matched base-stacking interactions: 
	<A(3:)-A(10:) outward>                         MATCHES	<A(5:'0'113)-A(15:'0'48) outward>

>>>>>>>>>>   ALIGNMENT ENDS   >>>>>>>>>>

<<<<<<<<<<  ALIGNMENT BEGINS  <<<<<<<<<<

#  Aligning k-turn_consensus and 1ffk_0:1452-1458_859-861_1481-1489:
#  Alignment score:  46.8
#  P-value:  3.554e-01
#  Query aligned region: 3-3,6-9
#  Target aligned region: 5:'0'1459-5:'0'1459,9:'0'863-9:'0'863,11:'0'1484-11:'0'1484

	A...G~G
	A...G~G

#  Matched base-pairing interactions: 
	<A(3:)-G(6:) trans S/S>                        MATCHES	<A(5:'0'1459)-G(9:'0'863) trans S/S>
	<A(3:)-G(9:) trans H/S>                        MATCHES	<A(5:'0'1459)-G(11:'0'1484) trans H/S>
#  Matched base-stacking interactions: 

>>>>>>>>>>   ALIGNMENT ENDS   >>>>>>>>>>

<<<<<<<<<<  ALIGNMENT BEGINS  <<<<<<<<<<

#  Aligning k-turn_consensus and 1ffk_0:637-643_899-903_1352-1361:
#  Alignment score:  45.1
#  P-value:  4.279e-01
#  Query aligned region: 2-4,6-10
#  Target aligned region: 3:'0'642-4:'0'643,7:'0'901-8:'0'902,13:'0'1355-16:'0'1358

	GA~G...G~G--A
	GA~G...G~AAAA

#  Matched base-pairing interactions: 
	<A(3:)-G(6:) trans S/S>                        MATCHES	<A(4:'0'643)-G(8:'0'902) trans S/S>
	<G(2:)-A(10:) trans S/H>                       MATCHES	<G(3:'0'642)-A(16:'0'1358) trans S/H>
	<A(3:)-G(9:) trans H/S>                        MATCHES	<A(4:'0'643)-A(13:'0'1355) trans H/H>
	<G(4:)-A(10:) trans S/S>                       MATCHES	<G(7:'0'901)-A(16:'0'1358) cis S/S>
#  Matched base-stacking interactions: 
	<A(3:)-A(10:) outward>                         MATCHES	<A(4:'0'643)-A(16:'0'1358) outward>

>>>>>>>>>>   ALIGNMENT ENDS   >>>>>>>>>>

<<<<<<<<<<  ALIGNMENT BEGINS  <<<<<<<<<<

#  Aligning k-turn_consensus and 1ffk_0:659-665_228-230_677-684:
#  Alignment score:  44.8
#  P-value:  4.430e-01
#  Query aligned region: 3-3,6-9
#  Target aligned region: 5:'0'666-5:'0'666,8:'0'231-8:'0'231,11:'0'680-11:'0'680

	A...G~G
	A...G~G

#  Matched base-pairing interactions: 
	<A(3:)-G(6:) trans S/S>                        MATCHES	<A(5:'0'666)-G(8:'0'231) trans S/S>
	<A(3:)-G(9:) trans H/S>                        MATCHES	<A(5:'0'666)-G(11:'0'680) trans H/S>
#  Matched base-stacking interactions: 

>>>>>>>>>>   ALIGNMENT ENDS   >>>>>>>>>>

<<<<<<<<<<  ALIGNMENT BEGINS  <<<<<<<<<<

#  Aligning k-turn_consensus and 1ffk_0:560-567_1090-1092_585-593:
#  Alignment score:  44.8
#  P-value:  4.430e-01
#  Query aligned region: 3-3,6-9
#  Target aligned region: 4:'0'566-4:'0'566,9:'0'1093-9:'0'1093,16:'0'592-16:'0'592

	A...G~G
	A...G~G

#  Matched base-pairing interactions: 
	<A(3:)-G(6:) trans S/S>                        MATCHES	<A(4:'0'566)-G(9:'0'1093) trans S/S>
	<A(3:)-G(9:) trans H/S>                        MATCHES	<A(4:'0'566)-G(16:'0'592) trans H/S>
#  Matched base-stacking interactions: 

>>>>>>>>>>   ALIGNMENT ENDS   >>>>>>>>>>

<<<<<<<<<<  ALIGNMENT BEGINS  <<<<<<<<<<

#  Aligning k-turn_consensus and 1ffk_0:714-721_935-936_703-710:
#  Alignment score:  42.6
#  P-value:  5.828e-01
#  Query aligned region: 0-3,6-12
#  Target aligned region: 3:'0'719-6:'0'722,8:'0'937-8:'0'937,11:'0'706-14:'0'709

	GGGA...G~GAAC
	CGAG...C~GCAG

#  Matched base-pairing interactions: 
	<A(3:)-G(9:) trans H/S>                        MATCHES	<G(6:'0'722)-G(11:'0'706) trans H/S>
	<A(3:)-G(6:) trans S/S>                        MATCHES	<G(6:'0'722)-C(8:'0'937) cis -/->
	<G(2:)-A(10:) trans S/H>                       MATCHES	<A(5:'0'721)-C(12:'0'707) trans H/W>
	<G(1:)-A(11:) trans S/H>                       MATCHES	<G(4:'0'720)-A(13:'0'708) trans S/H>
	<G(0:)-C(12:) cis W/W>                         MATCHES	<C(3:'0'719)-G(14:'0'709) cis W/W>
#  Matched base-stacking interactions: 
	<A(3:)-A(10:) outward>                         MATCHES	<G(6:'0'722)-C(12:'0'707) outward>

>>>>>>>>>>   ALIGNMENT ENDS   >>>>>>>>>>

<<<<<<<<<<  ALIGNMENT BEGINS  <<<<<<<<<<

#  Aligning k-turn_consensus and 1ffk_0:2304-2312_2293-2300_1060-1061:
#  Alignment score:  41.6
#  P-value:  6.692e-01
#  Query aligned region: 3-3,6-9
#  Target aligned region: 15:'0'2301-16:'0'2302,18:'0'1063-18:'0'1063

	A...G~G
	A...A~G

#  Matched base-pairing interactions: 
	<A(3:)-G(6:) trans S/S>                        MATCHES	<A(15:'0'2301)-A(16:'0'2302) trans S/S>
	<A(3:)-G(9:) trans H/S>                        MATCHES	<A(15:'0'2301)-G(18:'0'1063) trans H/S>
#  Matched base-stacking interactions: 

>>>>>>>>>>   ALIGNMENT ENDS   >>>>>>>>>>

<<<<<<<<<<  ALIGNMENT BEGINS  <<<<<<<<<<

#  Aligning k-turn_consensus and 1ffk_0:423-427_196-202_188-194:
#  Alignment score:  40.4
#  P-value:  8.009e-01
#  Query aligned region: 3-3,6-9
#  Target aligned region: 6:'0'199-7:'0'200,18:'0'196-18:'0'196

	A...G~G
	A...U~G

#  Matched base-pairing interactions: 
	<A(3:)-G(6:) trans S/S>                        MATCHES	<A(6:'0'199)-U(7:'0'200) trans S/S>
	<A(3:)-G(9:) trans H/S>                        MATCHES	<A(6:'0'199)-G(18:'0'196) trans H/S>
#  Matched base-stacking interactions: 

>>>>>>>>>>   ALIGNMENT ENDS   >>>>>>>>>>

<<<<<<<<<<  ALIGNMENT BEGINS  <<<<<<<<<<

#  Aligning k-turn_consensus and 1ffk_0:2687-2694_2564-2565_2696-2704:
#  Alignment score:  39.4
#  P-value:  9.428e-01
#  Query aligned region: 0-3,6-12
#  Target aligned region: 0:'0'2689-5:'0'2694,9:'0'2567-9:'0'2567,13:'0'2701-17:'0'2705

	GG--GA...G~GA-AC
	AUAGUA...G~GAACU

#  Matched base-pairing interactions: 
	<A(3:)-G(9:) trans H/S>                        MATCHES	<A(5:'0'2694)-G(13:'0'2701) trans H/S>
	<G(1:)-A(11:) trans S/H>                       MATCHES	<U(1:'0'2690)-C(16:'0'2704) trans S/H>
	<G(2:)-A(10:) trans S/H>                       MATCHES	<U(4:'0'2693)-A(14:'0'2702) trans W/H>
	<A(3:)-G(6:) trans S/S>                        MATCHES	<A(5:'0'2694)-G(9:'0'2567) cis -/->
	<G(0:)-C(12:) cis W/W>                         MATCHES	<A(0:'0'2689)-U(17:'0'2705) cis W/W>
#  Matched base-stacking interactions: 
	<A(3:)-A(10:) outward>                         MATCHES	<A(5:'0'2694)-A(14:'0'2702) outward>

>>>>>>>>>>   ALIGNMENT ENDS   >>>>>>>>>>

<<<<<<<<<<  ALIGNMENT BEGINS  <<<<<<<<<<

#  Aligning k-turn_consensus and 1ffk_0:2468-2470_2627-2632_2112-2116:
#  Alignment score:  27.6
#  P-value:  1.000e+00
#  Query aligned region: 0-1,11-12
#  Target aligned region: 0:'0'2470-0:'0'2470,4:'0'2630-7:'0'2633,10:'0'2115-10:'0'2115

	G~G...A~C
	A~G...A~U

#  Matched base-pairing interactions: 
	<G(0:)-C(12:) cis W/W>                         MATCHES	<A(0:'0'2470)-U(10:'0'2115) cis W/W>
	<G(1:)-A(11:) trans S/H>                       MATCHES	<G(4:'0'2630)-A(7:'0'2633) trans S/H>
#  Matched base-stacking interactions: 

>>>>>>>>>>   ALIGNMENT ENDS   >>>>>>>>>>

<<<<<<<<<<  ALIGNMENT BEGINS  <<<<<<<<<<

#  Aligning k-turn_consensus and 1ffk_0:2634-2641_2619-2625_1975-1979:
#  Alignment score:  27.3
#  P-value:  1.000e+00
#  Query aligned region: 0-1,11-12
#  Target aligned region: 5:'0'2641-7:'0'2643,9:'0'2622-10:'0'2623

	G-G...AC
	CGG...AG

#  Matched base-pairing interactions: 
	<G(0:)-C(12:) cis W/W>                         MATCHES	<C(5:'0'2641)-G(10:'0'2623) cis W/W>
	<G(1:)-A(11:) trans S/H>                       MATCHES	<G(7:'0'2643)-A(9:'0'2622) trans S/H>
#  Matched base-stacking interactions: 

>>>>>>>>>>   ALIGNMENT ENDS   >>>>>>>>>>

<<<<<<<<<<  ALIGNMENT BEGINS  <<<<<<<<<<

#  Aligning k-turn_consensus and 1ffk_0:2767-2775_2795-2797_2798-2803:
#  Alignment score:  26.6
#  P-value:  1.000e+00
#  Query aligned region: 0-1,11-12
#  Target aligned region: 3:'0'2772-3:'0'2772,12:'0'2800-14:'0'2802

	G~G...AC
	G~A...AC

#  Matched base-pairing interactions: 
	<G(0:)-C(12:) cis W/W>                         MATCHES	<G(3:'0'2772)-C(14:'0'2802) cis W/W>
	<G(1:)-A(11:) trans S/H>                       MATCHES	<A(12:'0'2800)-A(13:'0'2801) trans S/H>
#  Matched base-stacking interactions: 

>>>>>>>>>>   ALIGNMENT ENDS   >>>>>>>>>>

<<<<<<<<<<  ALIGNMENT BEGINS  <<<<<<<<<<

#  Aligning k-turn_consensus and 1ffk_0:1625-1634_1565-1568_1548-1553:
#  Alignment score:  26.2
#  P-value:  1.000e+00
#  Query aligned region: 0-1,11-12
#  Target aligned region: 1:'0'1628-6:'0'1633

	GG...AC
	GG...AC

#  Matched base-pairing interactions: 
	<G(1:)-A(11:) trans S/H>                       MATCHES	<G(2:'0'1629)-A(5:'0'1632) trans S/H>
	<G(0:)-C(12:) cis W/W>                         MATCHES	<G(1:'0'1628)-C(6:'0'1633) cis W/W>
#  Matched base-stacking interactions: 

>>>>>>>>>>   ALIGNMENT ENDS   >>>>>>>>>>

<<<<<<<<<<  ALIGNMENT BEGINS  <<<<<<<<<<

#  Aligning k-turn_consensus and 1ffk_0:1887-1889_2001-2013_1969-1980:
#  Alignment score:  26
#  P-value:  1.000e+00
#  Query aligned region: 0-1,11-12
#  Target aligned region: 8:'0'2008-9:'0'2009,18:'0'1973-19:'0'1974

	GG...AC
	UG...AG

#  Matched base-pairing interactions: 
	<G(1:)-A(11:) trans S/H>                       MATCHES	<G(9:'0'2009)-A(18:'0'1973) trans S/H>
	<G(0:)-C(12:) cis W/W>                         MATCHES	<U(8:'0'2008)-G(19:'0'1974) cis W/W>
#  Matched base-stacking interactions: 

>>>>>>>>>>   ALIGNMENT ENDS   >>>>>>>>>>

<<<<<<<<<<  ALIGNMENT BEGINS  <<<<<<<<<<

#  Aligning k-turn_consensus and 1ffk_0:1860-1866_1465-1474:
#  Alignment score:  25.4
#  P-value:  1.000e+00
#  Query aligned region: 0-1,11-12
#  Target aligned region: 0:'0'1862-5:'0'1867

	GG...AC
	CG...AG

#  Matched base-pairing interactions: 
	<G(1:)-A(11:) trans S/H>                       MATCHES	<G(1:'0'1863)-A(4:'0'1866) trans S/H>
	<G(0:)-C(12:) cis W/W>                         MATCHES	<C(0:'0'1862)-G(5:'0'1867) cis W/W>
#  Matched base-stacking interactions: 

>>>>>>>>>>   ALIGNMENT ENDS   >>>>>>>>>>

<<<<<<<<<<  ALIGNMENT BEGINS  <<<<<<<<<<

#  Aligning k-turn_consensus and 1ffk_0:1104-1106_1093-1099_1252-1260:
#  Alignment score:  25.4
#  P-value:  1.000e+00
#  Query aligned region: 3-3,6-9
#  Target aligned region: 1:'0'1107-1:'0'1107,8:'0'1100-8:'0'1100,12:'0'1256-12:'0'1256

	A...G~G
	A...G~C

#  Matched base-pairing interactions: 
	<A(3:)-G(6:) trans S/S>                        MATCHES	<A(1:'0'1107)-G(8:'0'1100) trans S/S>
	<A(3:)-G(9:) trans H/S>                        MATCHES	<A(1:'0'1107)-C(12:'0'1256) cis S/S>
#  Matched base-stacking interactions: 

>>>>>>>>>>   ALIGNMENT ENDS   >>>>>>>>>>

<<<<<<<<<<  ALIGNMENT BEGINS  <<<<<<<<<<

#  Aligning k-turn_consensus and 1ffk_0:1576-1584_1641-1644_1608-1616:
#  Alignment score:  25.4
#  P-value:  1.000e+00
#  Query aligned region: 3-3,6-9
#  Target aligned region: 3:'0'1581-3:'0'1581,12:'0'1646-12:'0'1646,17:'0'1614-17:'0'1614

	A...G~G
	A...G~G

#  Matched base-pairing interactions: 
	<A(3:)-G(9:) trans H/S>                        MATCHES	<A(3:'0'1581)-G(17:'0'1614) trans H/S>
	<A(3:)-G(6:) trans S/S>                        MATCHES	<A(3:'0'1581)-G(12:'0'1646) cis S/S>
#  Matched base-stacking interactions: 

>>>>>>>>>>   ALIGNMENT ENDS   >>>>>>>>>>

<<<<<<<<<<  ALIGNMENT BEGINS  <<<<<<<<<<

#  Aligning k-turn_consensus and 1ffk_0:1055-1061_2527-2529_1050-1054:
#  Alignment score:  25.2
#  P-value:  1.000e+00
#  Query aligned region: 3-3,6-9
#  Target aligned region: 1:'0'1058-1:'0'1058,8:'0'2530-8:'0'2530,13:'0'1055-13:'0'1055

	A...G~G
	A...C~G

#  Matched base-pairing interactions: 
	<A(3:)-G(9:) trans H/S>                        MATCHES	<A(1:'0'1058)-G(13:'0'1055) trans H/S>
	<A(3:)-G(6:) trans S/S>                        MATCHES	<A(1:'0'1058)-C(8:'0'2530) cis -/->
#  Matched base-stacking interactions: 

>>>>>>>>>>   ALIGNMENT ENDS   >>>>>>>>>>

<<<<<<<<<<  ALIGNMENT BEGINS  <<<<<<<<<<

#  Aligning k-turn_consensus and 1ffk_0:1284-1293_1038-1040_908-913:
#  Alignment score:  25.2
#  P-value:  1.000e+00
#  Query aligned region: 3-3,6-9
#  Target aligned region: 8:'0'1294-8:'0'1294,11:'0'1041-11:'0'1041,14:'0'911-14:'0'911

	A...G~G
	A...U~G

#  Matched base-pairing interactions: 
	<A(3:)-G(9:) trans H/S>                        MATCHES	<A(8:'0'1294)-G(14:'0'911) trans H/S>
	<A(3:)-G(6:) trans S/S>                        MATCHES	<A(8:'0'1294)-U(11:'0'1041) cis -/->
#  Matched base-stacking interactions: 

>>>>>>>>>>   ALIGNMENT ENDS   >>>>>>>>>>

<<<<<<<<<<  ALIGNMENT BEGINS  <<<<<<<<<<

#  Aligning k-turn_consensus and 1ffk_0:1988-1996_2580-2584_2590-2594:
#  Alignment score:  25
#  P-value:  1.000e+00
#  Query aligned region: 3-3,6-9
#  Target aligned region: 4:'0'1994-4:'0'1994,11:'0'2584-11:'0'2584,16:'0'2594-16:'0'2594

	A...G~G
	A...G~C

#  Matched base-pairing interactions: 
	<A(3:)-G(6:) trans S/S>                        MATCHES	<A(4:'0'1994)-G(11:'0'2584) trans S/S>
	<A(3:)-G(9:) trans H/S>                        MATCHES	<A(4:'0'1994)-C(16:'0'2594) cis S/S>
#  Matched base-stacking interactions: 

>>>>>>>>>>   ALIGNMENT ENDS   >>>>>>>>>>

<<<<<<<<<<  ALIGNMENT BEGINS  <<<<<<<<<<

#  Aligning k-turn_consensus and 1ffk_0:852-856_786-791_817-825:
#  Alignment score:  24.6
#  P-value:  1.000e+00
#  Query aligned region: 1-1,11-11
#  Target aligned region: 0:'0'854-0:'0'854,19:'0'827-19:'0'827

	G...A
	G...A

#  Matched base-pairing interactions: 
	<G(1:)-A(11:) trans S/H>                       MATCHES	<G(0:'0'854)-A(19:'0'827) trans S/H>
#  Matched base-stacking interactions: 

>>>>>>>>>>   ALIGNMENT ENDS   >>>>>>>>>>

<<<<<<<<<<  ALIGNMENT BEGINS  <<<<<<<<<<

#  Aligning k-turn_consensus and 1ffk_0:1763-1769_1770-1777_2015-2017:
#  Alignment score:  24.6
#  P-value:  1.000e+00
#  Query aligned region: 1-1,11-11
#  Target aligned region: 0:'0'1765-0:'0'1765,14:'0'1779-14:'0'1779

	G...A
	G...A

#  Matched base-pairing interactions: 
	<G(1:)-A(11:) trans S/H>                       MATCHES	<G(0:'0'1765)-A(14:'0'1779) trans S/H>
#  Matched base-stacking interactions: 

>>>>>>>>>>   ALIGNMENT ENDS   >>>>>>>>>>

<<<<<<<<<<  ALIGNMENT BEGINS  <<<<<<<<<<

#  Aligning k-turn_consensus and 1ffk_0:1653-1660_1487-1488_1527-1533:
#  Alignment score:  24.4
#  P-value:  1.000e+00
#  Query aligned region: 3-3,6-9
#  Target aligned region: 4:'0'1659-4:'0'1659,9:'0'1490-9:'0'1490,13:'0'1532-13:'0'1532

	A...G~G
	A...G~G

#  Matched base-pairing interactions: 
	<A(3:)-G(9:) trans H/S>                        MATCHES	<A(4:'0'1659)-G(13:'0'1532) trans H/S>
	<A(3:)-G(6:) trans S/S>                        MATCHES	<A(4:'0'1659)-G(9:'0'1490) cis -/->
#  Matched base-stacking interactions: 

>>>>>>>>>>   ALIGNMENT ENDS   >>>>>>>>>>

<<<<<<<<<<  ALIGNMENT BEGINS  <<<<<<<<<<

#  Aligning k-turn_consensus and 1ffk_0:2560-2570_2503-2514:
#  Alignment score:  24.4
#  P-value:  1.000e+00
#  Query aligned region: 0-1,11-12
#  Target aligned region: 12:'0'2506-20:'0'2514

	GG...AC
	AG...AU

#  Matched base-pairing interactions: 
	<G(1:)-A(11:) trans S/H>                       MATCHES	<G(13:'0'2507)-A(19:'0'2513) trans S/H>
	<G(0:)-C(12:) cis W/W>                         MATCHES	<A(12:'0'2506)-U(20:'0'2514) cis W/W>
#  Matched base-stacking interactions: 

>>>>>>>>>>   ALIGNMENT ENDS   >>>>>>>>>>

<<<<<<<<<<  ALIGNMENT BEGINS  <<<<<<<<<<

#  Aligning k-turn_consensus and 1ffk_0:1842-1849_1827-1830_1879-1883:
#  Alignment score:  24.4
#  P-value:  1.000e+00
#  Query aligned region: 3-3,6-9
#  Target aligned region: 3:'0'1847-3:'0'1847,8:'0'1829-8:'0'1829,15:'0'1884-15:'0'1884

	A...G~G
	A...A~G

#  Matched base-pairing interactions: 
	<A(3:)-G(9:) trans H/S>                        MATCHES	<A(3:'0'1847)-G(15:'0'1884) trans H/S>
	<A(3:)-G(6:) trans S/S>                        MATCHES	<A(3:'0'1847)-A(8:'0'1829) cis -/->
#  Matched base-stacking interactions: 

>>>>>>>>>>   ALIGNMENT ENDS   >>>>>>>>>>

<<<<<<<<<<  ALIGNMENT BEGINS  <<<<<<<<<<

#  Aligning k-turn_consensus and 1ffk_0:457-463_449-456_473-476:
#  Alignment score:  24.2
#  P-value:  1.000e+00
#  Query aligned region: 3-3,6-9
#  Target aligned region: 4:'0'463-4:'0'463,14:'0'458-14:'0'458,17:'0'477-17:'0'477

	A...G~G
	A...G~A

#  Matched base-pairing interactions: 
	<A(3:)-G(6:) trans S/S>                        MATCHES	<A(4:'0'463)-G(14:'0'458) trans S/S>
	<A(3:)-G(9:) trans H/S>                        MATCHES	<A(4:'0'463)-A(17:'0'477) trans H/H>
#  Matched base-stacking interactions: 

>>>>>>>>>>   ALIGNMENT ENDS   >>>>>>>>>>

<<<<<<<<<<  ALIGNMENT BEGINS  <<<<<<<<<<

#  Aligning k-turn_consensus and 1ffk_0:1289-1292_1067-1071_909-912:
#  Alignment score:  24.2
#  P-value:  1.000e+00
#  Query aligned region: 1-1,11-11
#  Target aligned region: 5:'0'1070-5:'0'1070,12:'0'914-12:'0'914

	G...A
	A...A

#  Matched base-pairing interactions: 
	<G(1:)-A(11:) trans S/H>                       MATCHES	<A(5:'0'1070)-A(12:'0'914) trans S/H>
#  Matched base-stacking interactions: 

>>>>>>>>>>   ALIGNMENT ENDS   >>>>>>>>>>

<<<<<<<<<<  ALIGNMENT BEGINS  <<<<<<<<<<

#  Aligning k-turn_consensus and 1ffk_0:2639-2640_1828-1832_1837-1844:
#  Alignment score:  24.2
#  P-value:  1.000e+00
#  Query aligned region: 1-1,11-11
#  Target aligned region: 0:'0'2641-0:'0'2641,10:'0'1842-10:'0'1842

	G...A
	C...A

#  Matched base-pairing interactions: 
	<G(1:)-A(11:) trans S/H>                       MATCHES	<C(0:'0'2641)-A(10:'0'1842) trans S/H>
#  Matched base-stacking interactions: 

>>>>>>>>>>   ALIGNMENT ENDS   >>>>>>>>>>

<<<<<<<<<<  ALIGNMENT BEGINS  <<<<<<<<<<

#  Aligning k-turn_consensus and 1ffk_0:1569-1576_1509-1510_1614-1624:
#  Alignment score:  24
#  P-value:  1.000e+00
#  Query aligned region: 3-3,6-9
#  Target aligned region: 2:'0'1573-2:'0'1573,8:'0'1511-8:'0'1511,17:'0'1623-17:'0'1623

	A...G~G
	A...U~C

#  Matched base-pairing interactions: 
	<A(3:)-G(9:) trans H/S>                        MATCHES	<A(2:'0'1573)-C(17:'0'1623) trans H/S>
	<A(3:)-G(6:) trans S/S>                        MATCHES	<A(2:'0'1573)-U(8:'0'1511) cis -/->
#  Matched base-stacking interactions: 

>>>>>>>>>>   ALIGNMENT ENDS   >>>>>>>>>>

<<<<<<<<<<  ALIGNMENT BEGINS  <<<<<<<<<<

#  Aligning k-turn_consensus and 1ffk_0:2772-2781_2556-2558_2788-2799:
#  Alignment score:  24
#  P-value:  1.000e+00
#  Query aligned region: 3-3,6-9
#  Target aligned region: 2:'0'2776-2:'0'2776,11:'0'2559-11:'0'2559,21:'0'2798-21:'0'2798

	A...G~G
	A...C~G

#  Matched base-pairing interactions: 
	<A(3:)-G(9:) trans H/S>                        MATCHES	<A(2:'0'2776)-G(21:'0'2798) trans H/S>
	<A(3:)-G(6:) trans S/S>                        MATCHES	<A(2:'0'2776)-C(11:'0'2559) cis -/->
#  Matched base-stacking interactions: 

>>>>>>>>>>   ALIGNMENT ENDS   >>>>>>>>>>

<<<<<<<<<<  ALIGNMENT BEGINS  <<<<<<<<<<

#  Aligning k-turn_consensus and 1ffk_0:761-766_2106-2109_891-899:
#  Alignment score:  23.8
#  P-value:  1.000e+00
#  Query aligned region: 3-3,6-9
#  Target aligned region: 4:'0'767-4:'0'767,8:'0'2110-8:'0'2110,12:'0'895-12:'0'895

	A...G~G
	A...G~A

#  Matched base-pairing interactions: 
	<A(3:)-G(6:) trans S/S>                        MATCHES	<A(4:'0'767)-G(8:'0'2110) trans S/S>
	<A(3:)-G(9:) trans H/S>                        MATCHES	<A(4:'0'767)-A(12:'0'895) trans H/W>
#  Matched base-stacking interactions: 

>>>>>>>>>>   ALIGNMENT ENDS   >>>>>>>>>>

<<<<<<<<<<  ALIGNMENT BEGINS  <<<<<<<<<<

#  Aligning k-turn_consensus and 1ffk_0:171-178_155-160_890-893:
#  Alignment score:  23.8
#  P-value:  1.000e+00
#  Query aligned region: 1-1,11-11
#  Target aligned region: 13:'0'162-13:'0'162,15:'0'893-15:'0'893

	G...A
	C...C

#  Matched base-pairing interactions: 
	<G(1:)-A(11:) trans S/H>                       MATCHES	<C(13:'0'162)-C(15:'0'893) trans S/H>
#  Matched base-stacking interactions: 

>>>>>>>>>>   ALIGNMENT ENDS   >>>>>>>>>>

<<<<<<<<<<  ALIGNMENT BEGINS  <<<<<<<<<<

#  Aligning k-turn_consensus and 1ffk_0:1773-1778_1758-1766:
#  Alignment score:  23.8
#  P-value:  1.000e+00
#  Query aligned region: 1-1,11-11
#  Target aligned region: 0:'0'1775-0:'0'1775,14:'0'1768-14:'0'1768

	G...A
	A...C

#  Matched base-pairing interactions: 
	<G(1:)-A(11:) trans S/H>                       MATCHES	<A(0:'0'1775)-C(14:'0'1768) trans S/H>
#  Matched base-stacking interactions: 

>>>>>>>>>>   ALIGNMENT ENDS   >>>>>>>>>>

<<<<<<<<<<  ALIGNMENT BEGINS  <<<<<<<<<<

#  Aligning k-turn_consensus and 1ffk_0:822-830_848-857_787-788:
#  Alignment score:  23.8
#  P-value:  1.000e+00
#  Query aligned region: 1-1,11-11
#  Target aligned region: 0:'0'824-0:'0'824,20:'0'790-20:'0'790

	G...A
	G...A

#  Matched base-pairing interactions: 
	<G(1:)-A(11:) trans S/H>                       MATCHES	<G(0:'0'824)-A(20:'0'790) trans S/H>
#  Matched base-stacking interactions: 

>>>>>>>>>>   ALIGNMENT ENDS   >>>>>>>>>>

<<<<<<<<<<  ALIGNMENT BEGINS  <<<<<<<<<<

#  Aligning k-turn_consensus and 1ffk_0:2723-2730_2747-2755:
#  Alignment score:  23.8
#  P-value:  1.000e+00
#  Query aligned region: 1-1,11-11
#  Target aligned region: 0:'0'2725-0:'0'2725,16:'0'2757-16:'0'2757

	G...A
	G...A

#  Matched base-pairing interactions: 
	<G(1:)-A(11:) trans S/H>                       MATCHES	<G(0:'0'2725)-A(16:'0'2757) trans S/H>
#  Matched base-stacking interactions: 

>>>>>>>>>>   ALIGNMENT ENDS   >>>>>>>>>>

<<<<<<<<<<  ALIGNMENT BEGINS  <<<<<<<<<<

#  Aligning k-turn_consensus and 1ffk_0:1429-1430_1366-1372_2049-2054:
#  Alignment score:  23.8
#  P-value:  1.000e+00
#  Query aligned region: 1-1,11-11
#  Target aligned region: 2:'0'1368-2:'0'1368,14:'0'2056-14:'0'2056

	G...A
	U...C

#  Matched base-pairing interactions: 
	<G(1:)-A(11:) trans S/H>                       MATCHES	<U(2:'0'1368)-C(14:'0'2056) trans S/H>
#  Matched base-stacking interactions: 

>>>>>>>>>>   ALIGNMENT ENDS   >>>>>>>>>>

<<<<<<<<<<  ALIGNMENT BEGINS  <<<<<<<<<<

#  Aligning k-turn_consensus and 1ffk_0:2556-2558_2772-2781_2788-2799:
#  Alignment score:  23.8
#  P-value:  1.000e+00
#  Query aligned region: 1-1,11-11
#  Target aligned region: 11:'0'2782-11:'0'2782,15:'0'2792-15:'0'2792

	G...A
	G...A

#  Matched base-pairing interactions: 
	<G(1:)-A(11:) trans S/H>                       MATCHES	<G(11:'0'2782)-A(15:'0'2792) trans S/H>
#  Matched base-stacking interactions: 

>>>>>>>>>>   ALIGNMENT ENDS   >>>>>>>>>>

<<<<<<<<<<  ALIGNMENT BEGINS  <<<<<<<<<<

#  Aligning k-turn_consensus and 1ffk_0:238-242_372-377_265-273:
#  Alignment score:  23.6
#  P-value:  1.000e+00
#  Query aligned region: 3-3,6-9
#  Target aligned region: 2:'0'242-2:'0'242,8:'0'377-8:'0'377,13:'0'269-13:'0'269

	A...G~G
	A...C~G

#  Matched base-pairing interactions: 
	<A(3:)-G(9:) trans H/S>                        MATCHES	<A(2:'0'242)-G(13:'0'269) trans H/S>
	<A(3:)-G(6:) trans S/S>                        MATCHES	<A(2:'0'242)-C(8:'0'377) cis -/->
#  Matched base-stacking interactions: 

>>>>>>>>>>   ALIGNMENT ENDS   >>>>>>>>>>

<<<<<<<<<<  ALIGNMENT BEGINS  <<<<<<<<<<

#  Aligning k-turn_consensus and 1ffk_0:516-522_1356-1362_18-22:
#  Alignment score:  23.4
#  P-value:  1.000e+00
#  Query aligned region: 3-3,6-9
#  Target aligned region: 3:'0'521-3:'0'521,13:'0'1364-13:'0'1364,16:'0'22-16:'0'22

	A...G~G
	A...G~U

#  Matched base-pairing interactions: 
	<A(3:)-G(6:) trans S/S>                        MATCHES	<A(3:'0'521)-G(13:'0'1364) trans S/S>
	<A(3:)-G(9:) trans H/S>                        MATCHES	<A(3:'0'521)-U(16:'0'22) trans H/W>
#  Matched base-stacking interactions: 

>>>>>>>>>>   ALIGNMENT ENDS   >>>>>>>>>>

<<<<<<<<<<  ALIGNMENT BEGINS  <<<<<<<<<<

#  Aligning k-turn_consensus and 1ffk_0:1509-1512_1483-1492_1446-1454:
#  Alignment score:  23.4
#  P-value:  1.000e+00
#  Query aligned region: 0-1,11-12
#  Target aligned region: 9:'0'1490-10:'0'1491,20:'0'1454-21:'0'1455

	GG...AC
	GG...UC

#  Matched base-pairing interactions: 
	<G(1:)-A(11:) trans S/H>                       MATCHES	<G(10:'0'1491)-U(20:'0'1454) trans S/H>
	<G(0:)-C(12:) cis W/W>                         MATCHES	<G(9:'0'1490)-C(21:'0'1455) cis W/W>
#  Matched base-stacking interactions: 

>>>>>>>>>>   ALIGNMENT ENDS   >>>>>>>>>>

<<<<<<<<<<  ALIGNMENT BEGINS  <<<<<<<<<<

#  Aligning k-turn_consensus and 1ffk_0:1128-1136_2518-2522_1223-1230:
#  Alignment score:  23.4
#  P-value:  1.000e+00
#  Query aligned region: 3-3,6-9
#  Target aligned region: 3:'0'1133-3:'0'1133,9:'0'2520-9:'0'2520,18:'0'1229-18:'0'1229

	A...G~G
	A...G~C

#  Matched base-pairing interactions: 
	<A(3:)-G(9:) trans H/S>                        MATCHES	<A(3:'0'1133)-C(18:'0'1229) trans H/S>
	<A(3:)-G(6:) trans S/S>                        MATCHES	<A(3:'0'1133)-G(9:'0'2520) cis S/S>
#  Matched base-stacking interactions: 

>>>>>>>>>>   ALIGNMENT ENDS   >>>>>>>>>>

<<<<<<<<<<  ALIGNMENT BEGINS  <<<<<<<<<<

#  Aligning k-turn_consensus and 1ffk_0:2820-2826_2910-2912_2665-2666:
#  Alignment score:  23
#  P-value:  1.000e+00
#  Query aligned region: 1-1,11-11
#  Target aligned region: 4:'0'2826-4:'0'2826,9:'0'2914-9:'0'2914

	G...A
	G...A

#  Matched base-pairing interactions: 
	<G(1:)-A(11:) trans S/H>                       MATCHES	<G(4:'0'2826)-A(9:'0'2914) trans S/H>
#  Matched base-stacking interactions: 

>>>>>>>>>>   ALIGNMENT ENDS   >>>>>>>>>>

<<<<<<<<<<  ALIGNMENT BEGINS  <<<<<<<<<<

#  Aligning k-turn_consensus and 1ffk_0:890-893_157-162_169-175:
#  Alignment score:  23
#  P-value:  1.000e+00
#  Query aligned region: 1-1,11-11
#  Target aligned region: 4:'0'159-4:'0'159,16:'0'177-16:'0'177

	G...A
	G...A

#  Matched base-pairing interactions: 
	<G(1:)-A(11:) trans S/H>                       MATCHES	<G(4:'0'159)-A(16:'0'177) trans S/H>
#  Matched base-stacking interactions: 

>>>>>>>>>>   ALIGNMENT ENDS   >>>>>>>>>>

<<<<<<<<<<  ALIGNMENT BEGINS  <<<<<<<<<<

#  Aligning k-turn_consensus and 1ffk_0:145-146_41-50_106-113:
#  Alignment score:  23
#  P-value:  1.000e+00
#  Query aligned region: 1-1,11-11
#  Target aligned region: 6:'0'47-6:'0'47,17:'0'113-17:'0'113

	G...A
	G...A

#  Matched base-pairing interactions: 
	<G(1:)-A(11:) trans S/H>                       MATCHES	<G(6:'0'47)-A(17:'0'113) trans S/H>
#  Matched base-stacking interactions: 

>>>>>>>>>>   ALIGNMENT ENDS   >>>>>>>>>>

<<<<<<<<<<  ALIGNMENT BEGINS  <<<<<<<<<<

#  Aligning k-turn_consensus and 1ffk_0:1569-1576_1614-1624_1509-1510:
#  Alignment score:  23
#  P-value:  1.000e+00
#  Query aligned region: 1-1,11-11
#  Target aligned region: 0:'0'1571-0:'0'1571,18:'0'1626-18:'0'1626

	G...A
	G...A

#  Matched base-pairing interactions: 
	<G(1:)-A(11:) trans S/H>                       MATCHES	<G(0:'0'1571)-A(18:'0'1626) trans S/H>
#  Matched base-stacking interactions: 

>>>>>>>>>>   ALIGNMENT ENDS   >>>>>>>>>>

<<<<<<<<<<  ALIGNMENT BEGINS  <<<<<<<<<<

#  Aligning k-turn_consensus and 1ffk_0:485-486_21-26_510-517:
#  Alignment score:  23
#  P-value:  1.000e+00
#  Query aligned region: 1-1,11-11
#  Target aligned region: 3:'0'24-3:'0'24,15:'0'519-15:'0'519

	G...A
	G...A

#  Matched base-pairing interactions: 
	<G(1:)-A(11:) trans S/H>                       MATCHES	<G(3:'0'24)-A(15:'0'519) trans S/H>
#  Matched base-stacking interactions: 

>>>>>>>>>>   ALIGNMENT ENDS   >>>>>>>>>>

<<<<<<<<<<  ALIGNMENT BEGINS  <<<<<<<<<<

#  Aligning k-turn_consensus and 1ffk_0:2081-2083_526-532_9-14:
#  Alignment score:  22.6
#  P-value:  1.000e+00
#  Query aligned region: 0-1,11-12
#  Target aligned region: 5:'0'530-6:'0'531,11:'0'12-12:'0'13

	GG...AC
	CG...UG

#  Matched base-pairing interactions: 
	<G(1:)-A(11:) trans S/H>                       MATCHES	<G(6:'0'531)-U(11:'0'12) trans S/H>
	<G(0:)-C(12:) cis W/W>                         MATCHES	<C(5:'0'530)-G(12:'0'13) cis W/W>
#  Matched base-stacking interactions: 

>>>>>>>>>>   ALIGNMENT ENDS   >>>>>>>>>>

<<<<<<<<<<  ALIGNMENT BEGINS  <<<<<<<<<<

#  Aligning k-turn_consensus and 1ffk_0:899-903_637-643_1352-1361:
#  Alignment score:  22.3
#  P-value:  1.000e+00
#  Query aligned region: 0-1,11-12
#  Target aligned region: 7:'0'641-8:'0'642,16:'0'1358-18:'0'1360

	GG...A-C
	GG...AUC

#  Matched base-pairing interactions: 
	<G(0:)-C(12:) cis W/W>                         MATCHES	<G(7:'0'641)-C(18:'0'1360) cis W/W>
	<G(1:)-A(11:) trans S/H>                       MATCHES	<G(8:'0'642)-A(16:'0'1358) trans S/H>
#  Matched base-stacking interactions: 

>>>>>>>>>>   ALIGNMENT ENDS   >>>>>>>>>>

<<<<<<<<<<  ALIGNMENT BEGINS  <<<<<<<<<<

#  Aligning k-turn_consensus and 1ffk_0:549-551_1316-1322_1332-1337:
#  Alignment score:  22.2
#  P-value:  1.000e+00
#  Query aligned region: 3-3,6-9
#  Target aligned region: 1:'0'552-1:'0'552,8:'0'1323-8:'0'1323,10:'0'1334-10:'0'1334

	A...G~G
	A...G~C

#  Matched base-pairing interactions: 
	<A(3:)-G(6:) trans S/S>                        MATCHES	<A(1:'0'552)-G(8:'0'1323) trans S/S>
	<A(3:)-G(9:) trans H/S>                        MATCHES	<A(1:'0'552)-C(10:'0'1334) cis S/S>
#  Matched base-stacking interactions: 

>>>>>>>>>>   ALIGNMENT ENDS   >>>>>>>>>>

<<<<<<<<<<  ALIGNMENT BEGINS  <<<<<<<<<<

#  Aligning k-turn_consensus and 1ffk_0:22-26_501-516_479-487:
#  Alignment score:  22.2
#  P-value:  1.000e+00
#  Query aligned region: 1-1,11-11
#  Target aligned region: 5:'0'503-5:'0'503,29:'0'489-29:'0'489

	G...A
	G...A

#  Matched base-pairing interactions: 
	<G(1:)-A(11:) trans S/H>                       MATCHES	<G(5:'0'503)-A(29:'0'489) trans S/H>
#  Matched base-stacking interactions: 

>>>>>>>>>>   ALIGNMENT ENDS   >>>>>>>>>>

<<<<<<<<<<  ALIGNMENT BEGINS  <<<<<<<<<<

#  Aligning k-turn_consensus and 1ffk_0:258-265_242-247:
#  Alignment score:  22.2
#  P-value:  1.000e+00
#  Query aligned region: 1-1,11-11
#  Target aligned region: 4:'0'264-4:'0'264,11:'0'247-11:'0'247

	G...A
	G...A

#  Matched base-pairing interactions: 
	<G(1:)-A(11:) trans S/H>                       MATCHES	<G(4:'0'264)-A(11:'0'247) trans S/H>
#  Matched base-stacking interactions: 

>>>>>>>>>>   ALIGNMENT ENDS   >>>>>>>>>>

<<<<<<<<<<  ALIGNMENT BEGINS  <<<<<<<<<<

#  Aligning k-turn_consensus and 1ffk_0:1141-1152_1211-1219:
#  Alignment score:  21.4
#  P-value:  1.000e+00
#  Query aligned region: 1-1,11-11
#  Target aligned region: 8:'0'1151-8:'0'1151,14:'0'1215-14:'0'1215

	G...A
	G...A

#  Matched base-pairing interactions: 
	<G(1:)-A(11:) trans S/H>                       MATCHES	<G(8:'0'1151)-A(14:'0'1215) trans S/H>
#  Matched base-stacking interactions: 

>>>>>>>>>>   ALIGNMENT ENDS   >>>>>>>>>>

<<<<<<<<<<  ALIGNMENT BEGINS  <<<<<<<<<<

#  Aligning k-turn_consensus and 1ffk_0:824-831_847-857_787-788:
#  Alignment score:  21.2
#  P-value:  1.000e+00
#  Query aligned region: 0-1,11-12
#  Target aligned region: 15:'0'856-17:'0'858,19:'0'789-19:'0'789

	GG...A~C
	GA...U~C

#  Matched base-pairing interactions: 
	<G(0:)-C(12:) cis W/W>                         MATCHES	<G(15:'0'856)-C(19:'0'789) cis W/W>
	<G(1:)-A(11:) trans S/H>                       MATCHES	<A(16:'0'857)-U(17:'0'858) trans S/H>
#  Matched base-stacking interactions: 

>>>>>>>>>>   ALIGNMENT ENDS   >>>>>>>>>>

<<<<<<<<<<  ALIGNMENT BEGINS  <<<<<<<<<<

#  Aligning k-turn_consensus and 1ffk_0:2315-2316_2355-2364_2419-2426:
#  Alignment score:  21
#  P-value:  1.000e+00
#  Query aligned region: 1-1,11-11
#  Target aligned region: 5:'0'2360-5:'0'2360,16:'0'2425-16:'0'2425

	G...A
	C...A

#  Matched base-pairing interactions: 
	<G(1:)-A(11:) trans S/H>                       MATCHES	<C(5:'0'2360)-A(16:'0'2425) trans S/H>
#  Matched base-stacking interactions: 

>>>>>>>>>>   ALIGNMENT ENDS   >>>>>>>>>>

<<<<<<<<<<  ALIGNMENT BEGINS  <<<<<<<<<<

#  Aligning k-turn_consensus and 1ffk_0:1630-1637_1565-1567_1544-1553:
#  Alignment score:  21
#  P-value:  1.000e+00
#  Query aligned region: 3-3,6-9
#  Target aligned region: 0:'0'1632-0:'0'1632,9:'0'1568-9:'0'1568,18:'0'1553-18:'0'1553

	A...G~G
	A...G~C

#  Matched base-pairing interactions: 
	<A(3:)-G(6:) trans S/S>                        MATCHES	<A(0:'0'1632)-G(9:'0'1568) trans S/S>
	<A(3:)-G(9:) trans H/S>                        MATCHES	<A(0:'0'1632)-C(18:'0'1553) cis S/S>
#  Matched base-stacking interactions: 

>>>>>>>>>>   ALIGNMENT ENDS   >>>>>>>>>>

<<<<<<<<<<  ALIGNMENT BEGINS  <<<<<<<<<<

#  Aligning k-turn_consensus and 1ffk_0:2886-2893_2859-2867:
#  Alignment score:  21
#  P-value:  1.000e+00
#  Query aligned region: 1-1,11-11
#  Target aligned region: 2:'0'2890-3:'0'2891

	G...A
	A...A

#  Matched base-pairing interactions: 
	<G(1:)-A(11:) trans S/H>                       MATCHES	<A(2:'0'2890)-A(3:'0'2891) trans S/H>
#  Matched base-stacking interactions: 

>>>>>>>>>>   ALIGNMENT ENDS   >>>>>>>>>>

<<<<<<<<<<  ALIGNMENT BEGINS  <<<<<<<<<<

#  Aligning k-turn_consensus and 1ffk_0:2296-2299_950-952_2300-2308:
#  Alignment score:  20.8
#  P-value:  1.000e+00
#  Query aligned region: 0-4,5-12
#  Target aligned region: 0:'0'2298-3:'0'2301,5:'0'953-6:'0'954,7:'0'2302-15:'0'2310

	GGGA~G...C~G-AAGAA-C
	CGAA~G...U~AAGAUAUCG

#  Matched base-pairing interactions: 
	<A(3:)-G(6:) trans S/S>                        MATCHES	<A(3:'0'2301)-A(7:'0'2302) trans S/S>
	<G(2:)-A(10:) trans S/H>                       MATCHES	<A(2:'0'2300)-A(12:'0'2307) trans H/H>
	<G(4:)-C(5:) cis W/W>                          MATCHES	<G(5:'0'953)-U(6:'0'954) cis S/H>
	<A(3:)-G(9:) trans H/S>                        MATCHES	<A(3:'0'2301)-U(11:'0'2306) trans W/W>
	<G(0:)-C(12:) cis W/W>                         MATCHES	<C(0:'0'2298)-G(15:'0'2310) cis W/W>
	<G(1:)-A(11:) trans S/H>                       MATCHES	<G(1:'0'2299)-U(13:'0'2308) trans S/H>
#  Matched base-stacking interactions: 

>>>>>>>>>>   ALIGNMENT ENDS   >>>>>>>>>>

<<<<<<<<<<  ALIGNMENT BEGINS  <<<<<<<<<<

#  Aligning k-turn_consensus and 1ffk_0:2015-2019_1765-1776_1825-1827:
#  Alignment score:  20.4
#  P-value:  1.000e+00
#  Query aligned region: 3-3,6-9
#  Target aligned region: 2:'0'2019-2:'0'2019,13:'0'1775-13:'0'1775,19:'0'1829-19:'0'1829

	A...G~G
	A...A~A

#  Matched base-pairing interactions: 
	<A(3:)-G(6:) trans S/S>                        MATCHES	<A(2:'0'2019)-A(13:'0'1775) trans S/S>
	<A(3:)-G(9:) trans H/S>                        MATCHES	<A(2:'0'2019)-A(19:'0'1829) cis -/->
#  Matched base-stacking interactions: 

>>>>>>>>>>   ALIGNMENT ENDS   >>>>>>>>>>

<<<<<<<<<<  ALIGNMENT BEGINS  <<<<<<<<<<

#  Aligning k-turn_consensus and 1ffk_0:2239-2247_2251-2258_2131-2133:
#  Alignment score:  20.4
#  P-value:  1.000e+00
#  Query aligned region: 3-3,6-9
#  Target aligned region: 3:'0'2244-4:'0'2245,13:'0'2257-13:'0'2257

	A...G~G
	A...C~G

#  Matched base-pairing interactions: 
	<A(3:)-G(9:) trans H/S>                        MATCHES	<A(3:'0'2244)-G(13:'0'2257) trans H/S>
	<A(3:)-G(6:) trans S/S>                        MATCHES	<A(3:'0'2244)-C(4:'0'2245) cis -/->
#  Matched base-stacking interactions: 

>>>>>>>>>>   ALIGNMENT ENDS   >>>>>>>>>>

<<<<<<<<<<  ALIGNMENT BEGINS  <<<<<<<<<<

#  Aligning k-turn_consensus and 1ffk_0:158-172_885-893_766-773:
#  Alignment score:  20.2
#  P-value:  1.000e+00
#  Query aligned region: 3-3,6-9
#  Target aligned region: 1:'0'161-1:'0'161,20:'0'892-20:'0'892,25:'0'769-25:'0'769

	A...G~G
	A...G~C

#  Matched base-pairing interactions: 
	<A(3:)-G(6:) trans S/S>                        MATCHES	<A(1:'0'161)-G(20:'0'892) trans S/S>
	<A(3:)-G(9:) trans H/S>                        MATCHES	<A(1:'0'161)-C(25:'0'769) cis S/S>
#  Matched base-stacking interactions: 

>>>>>>>>>>   ALIGNMENT ENDS   >>>>>>>>>>

<<<<<<<<<<  ALIGNMENT BEGINS  <<<<<<<<<<

#  Aligning k-turn_consensus and 1ffk_0:1490-1493_1496-1505_1509-1512:
#  Alignment score:  19.8
#  P-value:  1.000e+00
#  Query aligned region: 3-3,6-9
#  Target aligned region: 2:'0'1494-2:'0'1494,11:'0'1505-11:'0'1505,14:'0'1511-14:'0'1511

	A...G~G
	A...U~U

#  Matched base-pairing interactions: 
	<A(3:)-G(6:) trans S/S>                        MATCHES	<A(2:'0'1494)-U(11:'0'1505) trans S/S>
	<A(3:)-G(9:) trans H/S>                        MATCHES	<A(2:'0'1494)-U(14:'0'1511) cis W/W>
#  Matched base-stacking interactions: 

>>>>>>>>>>   ALIGNMENT ENDS   >>>>>>>>>>

<<<<<<<<<<  ALIGNMENT BEGINS  <<<<<<<<<<

#  Aligning k-turn_consensus and 1ffk_0:2671-2677_2804-2812_2659-2660:
#  Alignment score:  19.8
#  P-value:  1.000e+00
#  Query aligned region: 1-1,11-11
#  Target aligned region: 1:'0'2674-1:'0'2674,14:'0'2813-14:'0'2813

	G...A
	G...A

#  Matched base-pairing interactions: 
	<G(1:)-A(11:) trans S/H>                       MATCHES	<G(1:'0'2674)-A(14:'0'2813) trans S/H>
#  Matched base-stacking interactions: 

>>>>>>>>>>   ALIGNMENT ENDS   >>>>>>>>>>

<<<<<<<<<<  ALIGNMENT BEGINS  <<<<<<<<<<

#  Aligning k-turn_consensus and 1ffk_0:2826-2834_2842-2852_2903-2910:
#  Alignment score:  19.6
#  P-value:  1.000e+00
#  Query aligned region: 0-1,11-12
#  Target aligned region: 0:'0'2828-0:'0'2828,13:'0'2848-14:'0'2849,27:'0'2912-27:'0'2912

	G~G...A~C
	G~G...U~C

#  Matched base-pairing interactions: 
	<G(0:)-C(12:) cis W/W>                         MATCHES	<G(0:'0'2828)-C(27:'0'2912) cis W/W>
	<G(1:)-A(11:) trans S/H>                       MATCHES	<G(13:'0'2848)-U(14:'0'2849) trans S/H>
#  Matched base-stacking interactions: 

>>>>>>>>>>   ALIGNMENT ENDS   >>>>>>>>>>

<<<<<<<<<<  ALIGNMENT BEGINS  <<<<<<<<<<

#  Aligning k-turn_consensus and 1ffk_0:1490-1497_1445-1449_1501-1512:
#  Alignment score:  19.4
#  P-value:  1.000e+00
#  Query aligned region: 3-3,6-9
#  Target aligned region: 1:'0'1493-1:'0'1493,10:'0'1449-10:'0'1449,23:'0'1513-23:'0'1513

	A...G~G
	A...G~C

#  Matched base-pairing interactions: 
	<A(3:)-G(6:) trans S/S>                        MATCHES	<A(1:'0'1493)-G(10:'0'1449) trans S/S>
	<A(3:)-G(9:) trans H/S>                        MATCHES	<A(1:'0'1493)-C(23:'0'1513) cis S/S>
#  Matched base-stacking interactions: 

>>>>>>>>>>   ALIGNMENT ENDS   >>>>>>>>>>

<<<<<<<<<<  ALIGNMENT BEGINS  <<<<<<<<<<

#  Aligning k-turn_consensus and 1ffk_0:1750-1752_1739-1745_2029-2036:
#  Alignment score:  19.4
#  P-value:  1.000e+00
#  Query aligned region: 0-1,11-12
#  Target aligned region: 6:'0'1744-7:'0'1745,13:'0'2034-14:'0'2035

	GG...AC
	GG...UC

#  Matched base-pairing interactions: 
	<G(1:)-A(11:) trans S/H>                       MATCHES	<G(7:'0'1745)-U(13:'0'2034) trans S/H>
	<G(0:)-C(12:) cis W/W>                         MATCHES	<G(6:'0'1744)-C(14:'0'2035) cis W/W>
#  Matched base-stacking interactions: 

>>>>>>>>>>   ALIGNMENT ENDS   >>>>>>>>>>

<<<<<<<<<<  ALIGNMENT BEGINS  <<<<<<<<<<

#  Aligning k-turn_consensus and 1ffk_0:935-936_703-710_714-721:
#  Alignment score:  19.2
#  P-value:  1.000e+00
#  Query aligned region: 0-1,11-12
#  Target aligned region: 2:'0'705-3:'0'706,16:'0'722-17:'0'723

	GG...AC
	CG...GG

#  Matched base-pairing interactions: 
	<G(1:)-A(11:) trans S/H>                       MATCHES	<G(3:'0'706)-G(16:'0'722) trans S/H>
	<G(0:)-C(12:) cis W/W>                         MATCHES	<C(2:'0'705)-G(17:'0'723) cis W/W>
#  Matched base-stacking interactions: 

>>>>>>>>>>   ALIGNMENT ENDS   >>>>>>>>>>

<<<<<<<<<<  ALIGNMENT BEGINS  <<<<<<<<<<

#  Aligning k-turn_consensus and 1ffk_0:2784-2795_2775-2783_1151-1152:
#  Alignment score:  19
#  P-value:  1.000e+00
#  Query aligned region: 1-1,11-11
#  Target aligned region: 4:'0'2790-4:'0'2790,15:'0'2780-15:'0'2780

	G...A
	C...C

#  Matched base-pairing interactions: 
	<G(1:)-A(11:) trans S/H>                       MATCHES	<C(4:'0'2790)-C(15:'0'2780) trans S/H>
#  Matched base-stacking interactions: 

>>>>>>>>>>   ALIGNMENT ENDS   >>>>>>>>>>

<<<<<<<<<<  ALIGNMENT BEGINS  <<<<<<<<<<

#  Aligning k-turn_consensus and 1ffk_0:2593-2600_2574-2581_2550-2555:
#  Alignment score:  18.6
#  P-value:  1.000e+00
#  Query aligned region: 3-3,6-9
#  Target aligned region: 5:'0'2600-5:'0'2600,12:'0'2580-12:'0'2580,19:'0'2555-19:'0'2555

	A...G~G
	A...G~C

#  Matched base-pairing interactions: 
	<A(3:)-G(6:) trans S/S>                        MATCHES	<A(5:'0'2600)-G(12:'0'2580) trans S/S>
	<A(3:)-G(9:) trans H/S>                        MATCHES	<A(5:'0'2600)-C(19:'0'2555) cis S/S>
#  Matched base-stacking interactions: 

>>>>>>>>>>   ALIGNMENT ENDS   >>>>>>>>>>

<<<<<<<<<<  ALIGNMENT BEGINS  <<<<<<<<<<

#  Aligning k-turn_consensus and 1ffk_0:1319-1328_1329-1335_903-905:
#  Alignment score:  18.2
#  P-value:  1.000e+00
#  Query aligned region: 3-3,6-9
#  Target aligned region: 9:'0'1330-9:'0'1330,10:'0'1331-10:'0'1331,17:'0'905-17:'0'905

	A...G~G
	A...A~C

#  Matched base-pairing interactions: 
	<A(3:)-G(6:) trans S/S>                        MATCHES	<A(9:'0'1330)-A(10:'0'1331) trans S/S>
	<A(3:)-G(9:) trans H/S>                        MATCHES	<A(9:'0'1330)-C(17:'0'905) cis S/S>
#  Matched base-stacking interactions: 

>>>>>>>>>>   ALIGNMENT ENDS   >>>>>>>>>>

<<<<<<<<<<  ALIGNMENT BEGINS  <<<<<<<<<<

#  Aligning k-turn_consensus and 1ffk_0:1963-1970_1938-1945_1889-1896:
#  Alignment score:  18.2
#  P-value:  1.000e+00
#  Query aligned region: 3-3,6-9
#  Target aligned region: 4:'0'1969-4:'0'1969,13:'0'1945-13:'0'1945,17:'0'1892-17:'0'1892

	A...G~G
	A...G~C

#  Matched base-pairing interactions: 
	<A(3:)-G(6:) trans S/S>                        MATCHES	<A(4:'0'1969)-G(13:'0'1945) trans S/S>
	<A(3:)-G(9:) trans H/S>                        MATCHES	<A(4:'0'1969)-C(17:'0'1892) cis S/S>
#  Matched base-stacking interactions: 

>>>>>>>>>>   ALIGNMENT ENDS   >>>>>>>>>>

<<<<<<<<<<  ALIGNMENT BEGINS  <<<<<<<<<<

#  Aligning k-turn_consensus and 1ffk_0:865-878_1825-1833_1838-1845:
#  Alignment score:  17.8
#  P-value:  1.000e+00
#  Query aligned region: 3-3,6-9
#  Target aligned region: 7:'0'874-7:'0'874,19:'0'1832-19:'0'1832,28:'0'1845-28:'0'1845

	A...G~G
	A...G~A

#  Matched base-pairing interactions: 
	<A(3:)-G(6:) trans S/S>                        MATCHES	<A(7:'0'874)-G(19:'0'1832) trans S/S>
	<A(3:)-G(9:) trans H/S>                        MATCHES	<A(7:'0'874)-A(28:'0'1845) cis S/S>
#  Matched base-stacking interactions: 

>>>>>>>>>>   ALIGNMENT ENDS   >>>>>>>>>>

<<<<<<<<<<  ALIGNMENT BEGINS  <<<<<<<<<<

#  Aligning k-turn_consensus and 1ffk_0:476-477_446-463_27-32:
#  Alignment score:  17.7
#  P-value:  1.000e+00
#  Query aligned region: 0-4,5-12
#  Target aligned region: 2:'0'448-14:'0'460,20:'0'29-25:'0'34

	G-GG-A--G...C~GAAG-AAC
	GACCGAUAG...A~C--UCGGC

#  Matched base-pairing interactions: 
	<A(3:)-G(6:) trans S/S>                        MATCHES	<A(7:'0'453)-C(20:'0'29) cis -/->
	<G(4:)-A(10:) trans S/S>                       MATCHES	<G(10:'0'456)-G(23:'0'32) trans S/S>
	<G(2:)-A(10:) trans S/H>                       MATCHES	<C(5:'0'451)-G(23:'0'32) cis W/W>
	<A(3:)-G(9:) trans H/S>                        MATCHES	<A(7:'0'453)-U(21:'0'30) trans H/W>
	<G(0:)-C(12:) cis W/W>                         MATCHES	<G(2:'0'448)-C(25:'0'34) cis W/W>
	<G(4:)-C(5:) cis W/W>                          MATCHES	<G(10:'0'456)-A(14:'0'460) cis -/->
	<G(1:)-A(11:) trans S/H>                       MATCHES	<C(4:'0'450)-G(24:'0'33) cis W/W>
#  Matched base-stacking interactions: 

>>>>>>>>>>   ALIGNMENT ENDS   >>>>>>>>>>

<<<<<<<<<<  ALIGNMENT BEGINS  <<<<<<<<<<

#  Aligning k-turn_consensus and 1ffk_0:2677-2682_2552-2556_2573-2578:
#  Alignment score:  17.6
#  P-value:  1.000e+00
#  Query aligned region: 3-3,6-9
#  Target aligned region: 5:'0'2684-5:'0'2684,9:'0'2557-9:'0'2557,14:'0'2578-14:'0'2578

	A...G~G
	A...U~G

#  Matched base-pairing interactions: 
	<A(3:)-G(9:) trans H/S>                        MATCHES	<A(5:'0'2684)-G(14:'0'2578) cis -/->
	<A(3:)-G(6:) trans S/S>                        MATCHES	<A(5:'0'2684)-U(9:'0'2557) trans S/S>
#  Matched base-stacking interactions: 

>>>>>>>>>>   ALIGNMENT ENDS   >>>>>>>>>>

<<<<<<<<<<  ALIGNMENT BEGINS  <<<<<<<<<<

#  Aligning k-turn_consensus and 1ffk_0:228-230_662-669_673-681:
#  Alignment score:  15.6
#  P-value:  1.000e+00
#  Query aligned region: 0-1,11-12
#  Target aligned region: 9:'0'670-10:'0'671,11:'0'675-12:'0'676

	GG...AC
	GA...UC

#  Matched base-pairing interactions: 
	<G(1:)-A(11:) trans S/H>                       MATCHES	<A(10:'0'671)-U(11:'0'675) cis -/->
	<G(0:)-C(12:) cis W/W>                         MATCHES	<G(9:'0'670)-C(12:'0'676) cis W/W>
#  Matched base-stacking interactions: 

>>>>>>>>>>   ALIGNMENT ENDS   >>>>>>>>>>

<<<<<<<<<<  ALIGNMENT BEGINS  <<<<<<<<<<

#  Aligning k-turn_consensus and 1ffk_0:1825-1827_2015-2019_1765-1776:
#  Alignment score:  15
#  P-value:  1.000e+00
#  Query aligned region: 0-1,11-12
#  Target aligned region: 0:'0'1827-1:'0'1828,6:'0'2020-7:'0'2021

	GG...AC
	GG...CC

#  Matched base-pairing interactions: 
	<G(1:)-A(11:) trans S/H>                       MATCHES	<G(1:'0'1828)-C(6:'0'2020) cis W/W>
	<G(0:)-C(12:) cis W/W>                         MATCHES	<G(0:'0'1827)-C(7:'0'2021) cis W/W>
#  Matched base-stacking interactions: 

>>>>>>>>>>   ALIGNMENT ENDS   >>>>>>>>>>

<<<<<<<<<<  ALIGNMENT BEGINS  <<<<<<<<<<

#  Aligning k-turn_consensus and 1ffk_0:2418-2426_2315-2317_2356-2363:
#  Alignment score:  15
#  P-value:  1.000e+00
#  Query aligned region: 0-1,11-12
#  Target aligned region: 0:'0'2420-1:'0'2421,10:'0'2318-11:'0'2319

	GG...AC
	GG...CC

#  Matched base-pairing interactions: 
	<G(1:)-A(11:) trans S/H>                       MATCHES	<G(1:'0'2421)-C(10:'0'2318) cis W/W>
	<G(0:)-C(12:) cis W/W>                         MATCHES	<G(0:'0'2420)-C(11:'0'2319) cis W/W>
#  Matched base-stacking interactions: 

>>>>>>>>>>   ALIGNMENT ENDS   >>>>>>>>>>

<<<<<<<<<<  ALIGNMENT BEGINS  <<<<<<<<<<

#  Aligning k-turn_consensus and 1ffk_0:2125-2126_1924-1930_1905-1911:
#  Alignment score:  15
#  P-value:  1.000e+00
#  Query aligned region: 0-1,11-12
#  Target aligned region: 2:'0'1926-3:'0'1927,14:'0'1912-15:'0'1913

	GG...AC
	GA...AC

#  Matched base-pairing interactions: 
	<G(1:)-A(11:) trans S/H>                       MATCHES	<A(3:'0'1927)-A(14:'0'1912) cis W/W>
	<G(0:)-C(12:) cis W/W>                         MATCHES	<G(2:'0'1926)-C(15:'0'1913) cis W/W>
#  Matched base-stacking interactions: 

>>>>>>>>>>   ALIGNMENT ENDS   >>>>>>>>>>

<<<<<<<<<<  ALIGNMENT BEGINS  <<<<<<<<<<

#  Aligning k-turn_consensus and 1ffk_0:824-832_846-852_787-788:
#  Alignment score:  15
#  P-value:  1.000e+00
#  Query aligned region: 0-1,11-12
#  Target aligned region: 7:'0'833-8:'0'834,9:'0'848-10:'0'849

	GG...AC
	GG...CC

#  Matched base-pairing interactions: 
	<G(1:)-A(11:) trans S/H>                       MATCHES	<G(8:'0'834)-C(9:'0'848) cis W/W>
	<G(0:)-C(12:) cis W/W>                         MATCHES	<G(7:'0'833)-C(10:'0'849) cis W/W>
#  Matched base-stacking interactions: 

>>>>>>>>>>   ALIGNMENT ENDS   >>>>>>>>>>

<<<<<<<<<<  ALIGNMENT BEGINS  <<<<<<<<<<

#  Aligning k-turn_consensus and 1ffk_0:889-893_158-175_765-769:
#  Alignment score:  14.8
#  P-value:  1.000e+00
#  Query aligned region: 0-1,11-12
#  Target aligned region: 9:'0'164-16:'0'171

	GG...AC
	GA...UC

#  Matched base-pairing interactions: 
	<G(1:)-A(11:) trans S/H>                       MATCHES	<A(10:'0'165)-U(15:'0'170) cis -/->
	<G(0:)-C(12:) cis W/W>                         MATCHES	<G(9:'0'164)-C(16:'0'171) cis W/W>
#  Matched base-stacking interactions: 

>>>>>>>>>>   ALIGNMENT ENDS   >>>>>>>>>>

<<<<<<<<<<  ALIGNMENT BEGINS  <<<<<<<<<<

#  Aligning k-turn_consensus and 1ffk_0:2679-2685_2706-2711_2677-2678:
#  Alignment score:  14.7
#  P-value:  1.000e+00
#  Query aligned region: 3-3,6-9
#  Target aligned region: 0:'0'2681-0:'0'2681,13:'0'2679-14:'0'2680

	A...GAAG
	A...G--A

#  Matched base-pairing interactions: 
	<A(3:)-G(6:) trans S/S>                        MATCHES	<A(0:'0'2681)-G(13:'0'2679) trans S/S>
	<A(3:)-G(9:) trans H/S>                        MATCHES	<A(0:'0'2681)-A(14:'0'2680) cis -/->
#  Matched base-stacking interactions: 

>>>>>>>>>>   ALIGNMENT ENDS   >>>>>>>>>>

<<<<<<<<<<  ALIGNMENT BEGINS  <<<<<<<<<<

#  Aligning k-turn_consensus and 1ffk_0:2125-2126_1925-1932_1901-1910:
#  Alignment score:  14.6
#  P-value:  1.000e+00
#  Query aligned region: 0-1,11-12
#  Target aligned region: 9:'0'1934-9:'0'1934,10:'0'1903-12:'0'1905

	G~G...AC
	A~U...AU

#  Matched base-pairing interactions: 
	<G(1:)-A(11:) trans S/H>                       MATCHES	<U(10:'0'1903)-A(11:'0'1904) cis -/->
	<G(0:)-C(12:) cis W/W>                         MATCHES	<A(9:'0'1934)-U(12:'0'1905) cis W/W>
#  Matched base-stacking interactions: 

>>>>>>>>>>   ALIGNMENT ENDS   >>>>>>>>>>

<<<<<<<<<<  ALIGNMENT BEGINS  <<<<<<<<<<

#  Aligning k-turn_consensus and 1ffk_0:354-361_287-293:
#  Alignment score:  14.6
#  P-value:  1.000e+00
#  Query aligned region: 0-1,11-12
#  Target aligned region: 6:'0'362-7:'0'363,8:'0'289-9:'0'290

	GG...AC
	GA...GC

#  Matched base-pairing interactions: 
	<G(1:)-A(11:) trans S/H>                       MATCHES	<A(7:'0'363)-G(8:'0'289) cis W/W>
	<G(0:)-C(12:) cis W/W>                         MATCHES	<G(6:'0'362)-C(9:'0'290) cis W/W>
#  Matched base-stacking interactions: 

>>>>>>>>>>   ALIGNMENT ENDS   >>>>>>>>>>

<<<<<<<<<<  ALIGNMENT BEGINS  <<<<<<<<<<

#  Aligning k-turn_consensus and 1ffk_0:1450-1454_1684-1695_1483-1489:
#  Alignment score:  14.4
#  P-value:  1.000e+00
#  Query aligned region: 0-1,11-12
#  Target aligned region: 4:'0'1456-4:'0'1456,16:'0'1697-16:'0'1697,20:'0'1488-21:'0'1489

	G~G...AC
	C~G...UG

#  Matched base-pairing interactions: 
	<G(0:)-C(12:) cis W/W>                         MATCHES	<C(4:'0'1456)-G(21:'0'1489) cis W/W>
	<G(1:)-A(11:) trans S/H>                       MATCHES	<G(16:'0'1697)-U(20:'0'1488) trans S/H>
#  Matched base-stacking interactions: 

>>>>>>>>>>   ALIGNMENT ENDS   >>>>>>>>>>

<<<<<<<<<<  ALIGNMENT BEGINS  <<<<<<<<<<

#  Aligning k-turn_consensus and 1ffk_0:22-26_479-487_501-516:
#  Alignment score:  14.4
#  P-value:  1.000e+00
#  Query aligned region: 0-1,11-12
#  Target aligned region: 3:'0'27-3:'0'27,6:'0'482-10:'0'486,27:'0'516-27:'0'516

	G~G...A~C
	U~G...A~A

#  Matched base-pairing interactions: 
	<G(0:)-C(12:) cis W/W>                         MATCHES	<U(3:'0'27)-A(27:'0'516) cis W/W>
	<G(1:)-A(11:) trans S/H>                       MATCHES	<G(6:'0'482)-A(10:'0'486) trans S/H>
#  Matched base-stacking interactions: 

>>>>>>>>>>   ALIGNMENT ENDS   >>>>>>>>>>

<<<<<<<<<<  ALIGNMENT BEGINS  <<<<<<<<<<

#  Aligning k-turn_consensus and 1ffk_0:2106-2116_2468-2475_879-883:
#  Alignment score:  14.2
#  P-value:  1.000e+00
#  Query aligned region: 0-1,11-12
#  Target aligned region: 2:'0'2110-3:'0'2111,17:'0'2476-18:'0'2477

	GG...AC
	GG...CC

#  Matched base-pairing interactions: 
	<G(1:)-A(11:) trans S/H>                       MATCHES	<G(3:'0'2111)-C(17:'0'2476) cis W/W>
	<G(0:)-C(12:) cis W/W>                         MATCHES	<G(2:'0'2110)-C(18:'0'2477) cis W/W>
#  Matched base-stacking interactions: 

>>>>>>>>>>   ALIGNMENT ENDS   >>>>>>>>>>

<<<<<<<<<<  ALIGNMENT BEGINS  <<<<<<<<<<

#  Aligning k-turn_consensus and 1ffk_0:1637-1644_1613-1614_1538-1544:
#  Alignment score:  14.2
#  P-value:  1.000e+00
#  Query aligned region: 0-1,11-12
#  Target aligned region: 0:'0'1639-1:'0'1640,15:'0'1545-16:'0'1546

	GG...AC
	UC...CG

#  Matched base-pairing interactions: 
	<G(1:)-A(11:) trans S/H>                       MATCHES	<C(1:'0'1640)-C(15:'0'1545) cis -/->
	<G(0:)-C(12:) cis W/W>                         MATCHES	<U(0:'0'1639)-G(16:'0'1546) cis W/W>
#  Matched base-stacking interactions: 

>>>>>>>>>>   ALIGNMENT ENDS   >>>>>>>>>>

<<<<<<<<<<  ALIGNMENT BEGINS  <<<<<<<<<<

#  Aligning k-turn_consensus and 1ffk_0:2898-2907_2850-2855_2829-2836:
#  Alignment score:  14.2
#  P-value:  1.000e+00
#  Query aligned region: 0-1,11-12
#  Target aligned region: 0:'0'2900-1:'0'2901,14:'0'2856-15:'0'2857

	GG...AC
	GC...AC

#  Matched base-pairing interactions: 
	<G(1:)-A(11:) trans S/H>                       MATCHES	<C(1:'0'2901)-A(14:'0'2856) cis W/W>
	<G(0:)-C(12:) cis W/W>                         MATCHES	<G(0:'0'2900)-C(15:'0'2857) cis W/W>
#  Matched base-stacking interactions: 

>>>>>>>>>>   ALIGNMENT ENDS   >>>>>>>>>>

<<<<<<<<<<  ALIGNMENT BEGINS  <<<<<<<<<<

#  Aligning k-turn_consensus and 1ffk_0:2850-2855_2829-2836_2898-2907:
#  Alignment score:  14.2
#  P-value:  1.000e+00
#  Query aligned region: 0-1,11-12
#  Target aligned region: 6:'0'2831-7:'0'2832,22:'0'2908-23:'0'2909

	GG...AC
	CC...AG

#  Matched base-pairing interactions: 
	<G(1:)-A(11:) trans S/H>                       MATCHES	<C(7:'0'2832)-A(22:'0'2908) cis S/W>
	<G(0:)-C(12:) cis W/W>                         MATCHES	<C(6:'0'2831)-G(23:'0'2909) cis W/W>
#  Matched base-stacking interactions: 

>>>>>>>>>>   ALIGNMENT ENDS   >>>>>>>>>>

<<<<<<<<<<  ALIGNMENT BEGINS  <<<<<<<<<<

#  Aligning k-turn_consensus and 1ffk_0:2114-2126_1927-1929_2264-2270:
#  Alignment score:  14.2
#  P-value:  1.000e+00
#  Query aligned region: 0-1,11-12
#  Target aligned region: 8:'0'2124-8:'0'2124,13:'0'1929-14:'0'1930,19:'0'2269-19:'0'2269

	G~G...A~C
	G~G...A~C

#  Matched base-pairing interactions: 
	<G(0:)-C(12:) cis W/W>                         MATCHES	<G(8:'0'2124)-C(19:'0'2269) cis W/W>
	<G(1:)-A(11:) trans S/H>                       MATCHES	<G(13:'0'1929)-A(14:'0'1930) cis S/S>
#  Matched base-stacking interactions: 

>>>>>>>>>>   ALIGNMENT ENDS   >>>>>>>>>>

<<<<<<<<<<  ALIGNMENT BEGINS  <<<<<<<<<<

#  Aligning k-turn_consensus and 1ffk_0:322-324_332-341_310-317:
#  Alignment score:  14.2
#  P-value:  1.000e+00
#  Query aligned region: 0-1,11-12
#  Target aligned region: 0:'0'324-1:'0'325,9:'0'340-10:'0'341

	GG...AC
	GU...AC

#  Matched base-pairing interactions: 
	<G(1:)-A(11:) trans S/H>                       MATCHES	<U(1:'0'325)-A(9:'0'340) cis W/W>
	<G(0:)-C(12:) cis W/W>                         MATCHES	<G(0:'0'324)-C(10:'0'341) cis W/W>
#  Matched base-stacking interactions: 

>>>>>>>>>>   ALIGNMENT ENDS   >>>>>>>>>>

<<<<<<<<<<  ALIGNMENT BEGINS  <<<<<<<<<<

#  Aligning k-turn_consensus and 1ffk_0:1721-1726_1367-1375_2045-2052:
#  Alignment score:  14.2
#  P-value:  1.000e+00
#  Query aligned region: 0-1,11-12
#  Target aligned region: 10:'0'1373-11:'0'1374,19:'0'2051-20:'0'2052

	GG...AC
	GC...GU

#  Matched base-pairing interactions: 
	<G(1:)-A(11:) trans S/H>                       MATCHES	<C(11:'0'1374)-G(19:'0'2051) cis W/W>
	<G(0:)-C(12:) cis W/W>                         MATCHES	<G(10:'0'1373)-U(20:'0'2052) cis W/W>
#  Matched base-stacking interactions: 

>>>>>>>>>>   ALIGNMENT ENDS   >>>>>>>>>>

<<<<<<<<<<  ALIGNMENT BEGINS  <<<<<<<<<<

#  Aligning k-turn_consensus and 1ffk_0:2021-2026_1983-1998_1820-1824:
#  Alignment score:  14
#  P-value:  1.000e+00
#  Query aligned region: 0-1,11-12
#  Target aligned region: 0:'0'2023-0:'0'2023,13:'0'1992-15:'0'1994,26:'0'1826-26:'0'1826

	G~G...A~C
	G~U...A~C

#  Matched base-pairing interactions: 
	<G(0:)-C(12:) cis W/W>                         MATCHES	<G(0:'0'2023)-C(26:'0'1826) cis W/W>
	<G(1:)-A(11:) trans S/H>                       MATCHES	<U(13:'0'1992)-A(15:'0'1994) cis -/->
#  Matched base-stacking interactions: 

>>>>>>>>>>   ALIGNMENT ENDS   >>>>>>>>>>

<<<<<<<<<<  ALIGNMENT BEGINS  <<<<<<<<<<

#  Aligning k-turn_consensus and 1ffk_0:323-330_338-349_299-304:
#  Alignment score:  14
#  P-value:  1.000e+00
#  Query aligned region: 0-1,11-12
#  Target aligned region: 7:'0'332-7:'0'332,9:'0'341-12:'0'344

	G~G...AC
	G~C...CC

#  Matched base-pairing interactions: 
	<G(0:)-C(12:) cis W/W>                         MATCHES	<G(7:'0'332)-C(12:'0'344) cis W/W>
	<G(1:)-A(11:) trans S/H>                       MATCHES	<C(9:'0'341)-C(11:'0'343) cis -/->
#  Matched base-stacking interactions: 

>>>>>>>>>>   ALIGNMENT ENDS   >>>>>>>>>>

<<<<<<<<<<  ALIGNMENT BEGINS  <<<<<<<<<<

#  Aligning k-turn_consensus and 1ffk_0:480-491_497-513:
#  Alignment score:  13.8
#  P-value:  1.000e+00
#  Query aligned region: 0-1,11-12
#  Target aligned region: 8:'0'490-9:'0'491,14:'0'501-15:'0'502

	GG...AC
	CC...GA

#  Matched base-pairing interactions: 
	<G(1:)-A(11:) trans S/H>                       MATCHES	<C(9:'0'491)-G(14:'0'501) cis W/W>
	<G(0:)-C(12:) cis W/W>                         MATCHES	<C(8:'0'490)-A(15:'0'502) cis W/W>
#  Matched base-stacking interactions: 

>>>>>>>>>>   ALIGNMENT ENDS   >>>>>>>>>>

<<<<<<<<<<  ALIGNMENT BEGINS  <<<<<<<<<<

#  Aligning k-turn_consensus and 1ffk_0:353-360_288-294:
#  Alignment score:  13.8
#  P-value:  1.000e+00
#  Query aligned region: 0-1,11-12
#  Target aligned region: 0:'0'355-1:'0'356,13:'0'295-14:'0'296

	GG...AC
	CC...CG

#  Matched base-pairing interactions: 
	<G(1:)-A(11:) trans S/H>                       MATCHES	<C(1:'0'356)-C(13:'0'295) cis W/W>
	<G(0:)-C(12:) cis W/W>                         MATCHES	<C(0:'0'355)-G(14:'0'296) cis W/W>
#  Matched base-stacking interactions: 

>>>>>>>>>>   ALIGNMENT ENDS   >>>>>>>>>>

<<<<<<<<<<  ALIGNMENT BEGINS  <<<<<<<<<<

#  Aligning k-turn_consensus and 1ffk_0:891-899_2106-2109_761-766:
#  Alignment score:  13.2
#  P-value:  1.000e+00
#  Query aligned region: 0-1,11-12
#  Target aligned region: 6:'0'899-7:'0'900,14:'0'764-15:'0'765

	GG...AC
	CU...CG

#  Matched base-pairing interactions: 
	<G(1:)-A(11:) trans S/H>                       MATCHES	<U(7:'0'900)-C(14:'0'764) cis W/W>
	<G(0:)-C(12:) cis W/W>                         MATCHES	<C(6:'0'899)-G(15:'0'765) cis W/W>
#  Matched base-stacking interactions: 

>>>>>>>>>>   ALIGNMENT ENDS   >>>>>>>>>>

<<<<<<<<<<  ALIGNMENT BEGINS  <<<<<<<<<<

#  Aligning k-turn_consensus and 1ffk_0:2300-2309_1004-1005_2295-2299:
#  Alignment score:  13.2
#  P-value:  1.000e+00
#  Query aligned region: 0-1,11-12
#  Target aligned region: 8:'0'2310-8:'0'2310,11:'0'1007-11:'0'1007,12:'0'2297-13:'0'2298

	G~G...AC
	G~A...UC

#  Matched base-pairing interactions: 
	<G(0:)-C(12:) cis W/W>                         MATCHES	<G(8:'0'2310)-C(13:'0'2298) cis W/W>
	<G(1:)-A(11:) trans S/H>                       MATCHES	<A(11:'0'1007)-U(12:'0'2297) cis S/S>
#  Matched base-stacking interactions: 

>>>>>>>>>>   ALIGNMENT ENDS   >>>>>>>>>>

<<<<<<<<<<  ALIGNMENT BEGINS  <<<<<<<<<<

#  Aligning k-turn_consensus and 1ffk_0:1358-1363_1354-1357_634-641:
#  Alignment score:  13.2
#  P-value:  1.000e+00
#  Query aligned region: 0-1,11-12
#  Target aligned region: 5:'0'1365-5:'0'1365,6:'0'1356-7:'0'1357,10:'0'636-10:'0'636

	G~G...A~C
	C~A...A~G

#  Matched base-pairing interactions: 
	<G(0:)-C(12:) cis W/W>                         MATCHES	<C(5:'0'1365)-G(10:'0'636) cis W/W>
	<G(1:)-A(11:) trans S/H>                       MATCHES	<A(6:'0'1356)-A(7:'0'1357) cis -/->
#  Matched base-stacking interactions: 

>>>>>>>>>>   ALIGNMENT ENDS   >>>>>>>>>>

<<<<<<<<<<  ALIGNMENT BEGINS  <<<<<<<<<<

#  Aligning k-turn_consensus and 1ffk_0:102-107_60-72_50-54:
#  Alignment score:  13.2
#  P-value:  1.000e+00
#  Query aligned region: 0-1,11-12
#  Target aligned region: 1:'0'105-2:'0'106,15:'0'71-16:'0'72

	GG...AC
	GA...GC

#  Matched base-pairing interactions: 
	<G(1:)-A(11:) trans S/H>                       MATCHES	<A(2:'0'106)-G(15:'0'71) cis W/W>
	<G(0:)-C(12:) cis W/W>                         MATCHES	<G(1:'0'105)-C(16:'0'72) cis W/W>
#  Matched base-stacking interactions: 

>>>>>>>>>>   ALIGNMENT ENDS   >>>>>>>>>>

<<<<<<<<<<  ALIGNMENT BEGINS  <<<<<<<<<<

#  Aligning k-turn_consensus and 1ffk_0:743-752_679-684_650-662:
#  Alignment score:  13
#  P-value:  1.000e+00
#  Query aligned region: 0-1,11-12
#  Target aligned region: 14:'0'685-15:'0'686,24:'0'660-25:'0'661

	GG...AC
	CA...AG

#  Matched base-pairing interactions: 
	<G(1:)-A(11:) trans S/H>                       MATCHES	<A(15:'0'686)-A(24:'0'660) cis -/->
	<G(0:)-C(12:) cis W/W>                         MATCHES	<C(14:'0'685)-G(25:'0'661) cis W/W>
#  Matched base-stacking interactions: 

>>>>>>>>>>   ALIGNMENT ENDS   >>>>>>>>>>

<<<<<<<<<<  ALIGNMENT BEGINS  <<<<<<<<<<

#  Aligning k-turn_consensus and 1ffk_0:650-662_743-752_679-684:
#  Alignment score:  13
#  P-value:  1.000e+00
#  Query aligned region: 0-1,11-12
#  Target aligned region: 6:'0'658-7:'0'659,14:'0'746-15:'0'747

	GG...AC
	CA...AG

#  Matched base-pairing interactions: 
	<G(1:)-A(11:) trans S/H>                       MATCHES	<A(7:'0'659)-A(14:'0'746) cis -/->
	<G(0:)-C(12:) cis W/W>                         MATCHES	<C(6:'0'658)-G(15:'0'747) cis W/W>
#  Matched base-stacking interactions: 

>>>>>>>>>>   ALIGNMENT ENDS   >>>>>>>>>>

<<<<<<<<<<  ALIGNMENT BEGINS  <<<<<<<<<<

#  Aligning k-turn_consensus and 1ffk_0:271-278_238-241_367-377:
#  Alignment score:  13
#  P-value:  1.000e+00
#  Query aligned region: 0-1,11-12
#  Target aligned region: 8:'0'240-9:'0'241,21:'0'378-22:'0'379

	GG...AC
	CA...AG

#  Matched base-pairing interactions: 
	<G(1:)-A(11:) trans S/H>                       MATCHES	<A(9:'0'241)-A(21:'0'378) cis -/->
	<G(0:)-C(12:) cis W/W>                         MATCHES	<C(8:'0'240)-G(22:'0'379) cis W/W>
#  Matched base-stacking interactions: 

>>>>>>>>>>   ALIGNMENT ENDS   >>>>>>>>>>

<<<<<<<<<<  ALIGNMENT BEGINS  <<<<<<<<<<

#  Aligning k-turn_consensus and 1ffk_0:686-688_725-730_692-697:
#  Alignment score:  12.8
#  P-value:  1.000e+00
#  Query aligned region: 0-1,11-12
#  Target aligned region: 2:'0'690-2:'0'690,8:'0'732-8:'0'732,9:'0'694-10:'0'695

	G~G...AC
	G~C...AC

#  Matched base-pairing interactions: 
	<G(0:)-C(12:) cis W/W>                         MATCHES	<G(2:'0'690)-C(10:'0'695) cis W/W>
	<G(1:)-A(11:) trans S/H>                       MATCHES	<C(8:'0'732)-A(9:'0'694) cis -/->
#  Matched base-stacking interactions: 

>>>>>>>>>>   ALIGNMENT ENDS   >>>>>>>>>>

<<<<<<<<<<  ALIGNMENT BEGINS  <<<<<<<<<<

#  Aligning k-turn_consensus and 1ffk_0:35-39_353-357_438-444:
#  Alignment score:  12.2
#  P-value:  1.000e+00
#  Query aligned region: 0-1,11-12
#  Target aligned region: 2:'0'39-2:'0'39,8:'0'358-9:'0'359,13:'0'443-13:'0'443

	G~G...A~C
	G~G...U~C

#  Matched base-pairing interactions: 
	<G(0:)-C(12:) cis W/W>                         MATCHES	<G(2:'0'39)-C(13:'0'443) cis W/W>
	<G(1:)-A(11:) trans S/H>                       MATCHES	<G(8:'0'358)-U(9:'0'359) cis S/H>
#  Matched base-stacking interactions: 

>>>>>>>>>>   ALIGNMENT ENDS   >>>>>>>>>>

<<<<<<<<<<  ALIGNMENT BEGINS  <<<<<<<<<<

#  Aligning k-turn_consensus and 1ffk_0:2593-2600_2550-2555_2574-2581:
#  Alignment score:  12.2
#  P-value:  1.000e+00
#  Query aligned region: 0-1,11-12
#  Target aligned region: 0:'0'2595-1:'0'2596,20:'0'2582-21:'0'2583

	GG...AC
	UA...GA

#  Matched base-pairing interactions: 
	<G(1:)-A(11:) trans S/H>                       MATCHES	<A(1:'0'2596)-G(20:'0'2582) cis W/W>
	<G(0:)-C(12:) cis W/W>                         MATCHES	<U(0:'0'2595)-A(21:'0'2583) cis W/W>
#  Matched base-stacking interactions: 

>>>>>>>>>>   ALIGNMENT ENDS   >>>>>>>>>>

<<<<<<<<<<  ALIGNMENT BEGINS  <<<<<<<<<<

#  Aligning k-turn_consensus and 1ffk_0:2061-2066_1075-1078_2075-2081:
#  Alignment score:  12.2
#  P-value:  1.000e+00
#  Query aligned region: 3-3,6-9
#  Target aligned region: 5:'0'2068-5:'0'2068,8:'0'1079-8:'0'1079,10:'0'2077-10:'0'2077

	A...G~G
	G...A~C

#  Matched base-pairing interactions: 
	<A(3:)-G(6:) trans S/S>                        MATCHES	<G(5:'0'2068)-A(8:'0'1079) trans S/S>
	<A(3:)-G(9:) trans H/S>                        MATCHES	<G(5:'0'2068)-C(10:'0'2077) cis W/W>
#  Matched base-stacking interactions: 

>>>>>>>>>>   ALIGNMENT ENDS   >>>>>>>>>>

<<<<<<<<<<  ALIGNMENT BEGINS  <<<<<<<<<<

#  Aligning k-turn_consensus and 1ffk_0:1093-1099_1104-1106_1252-1260:
#  Alignment score:  12
#  P-value:  1.000e+00
#  Query aligned region: 0-1,11-12
#  Target aligned region: 6:'0'1101-6:'0'1101,9:'0'1108-9:'0'1108,10:'0'1254-11:'0'1255

	G~G...AC
	U~G...CA

#  Matched base-pairing interactions: 
	<G(0:)-C(12:) cis W/W>                         MATCHES	<U(6:'0'1101)-A(11:'0'1255) cis W/W>
	<G(1:)-A(11:) trans S/H>                       MATCHES	<G(9:'0'1108)-C(10:'0'1254) cis W/W>
#  Matched base-stacking interactions: 

>>>>>>>>>>   ALIGNMENT ENDS   >>>>>>>>>>

<<<<<<<<<<  ALIGNMENT BEGINS  <<<<<<<<<<

#  Aligning k-turn_consensus and 1ffk_0:2480-2488_2066-2075_2531-2534:
#  Alignment score:  12
#  P-value:  1.000e+00
#  Query aligned region: 0-1,11-12
#  Target aligned region: 7:'0'2489-8:'0'2490,13:'0'2072-13:'0'2072,19:'0'2533-19:'0'2533

	GG...A~C
	GA...G~C

#  Matched base-pairing interactions: 
	<G(0:)-C(12:) cis W/W>                         MATCHES	<G(7:'0'2489)-C(19:'0'2533) cis W/W>
	<G(1:)-A(11:) trans S/H>                       MATCHES	<A(8:'0'2490)-G(13:'0'2072) cis S/S>
#  Matched base-stacking interactions: 

>>>>>>>>>>   ALIGNMENT ENDS   >>>>>>>>>>

<<<<<<<<<<  ALIGNMENT BEGINS  <<<<<<<<<<

#  Aligning k-turn_consensus and 1ffk_0:549-552_1321-1333_603-605:
#  Alignment score:  11.6
#  P-value:  1.000e+00
#  Query aligned region: 0-1,11-12
#  Target aligned region: 3:'0'554-3:'0'554,8:'0'1327-11:'0'1330,17:'0'605-17:'0'605

	G~G...A~C
	G~G...A~C

#  Matched base-pairing interactions: 
	<G(0:)-C(12:) cis W/W>                         MATCHES	<G(3:'0'554)-C(17:'0'605) cis W/W>
	<G(1:)-A(11:) trans S/H>                       MATCHES	<G(8:'0'1327)-A(11:'0'1330) trans W/H>
#  Matched base-stacking interactions: 

>>>>>>>>>>   ALIGNMENT ENDS   >>>>>>>>>>

<<<<<<<<<<  ALIGNMENT BEGINS  <<<<<<<<<<

#  Aligning k-turn_consensus and 1ffk_0:1726-1737_1373-1374_2039-2045:
#  Alignment score:  11.4
#  P-value:  1.000e+00
#  Query aligned region: 0-1,11-12
#  Target aligned region: 6:'0'1734-6:'0'1734,12:'0'1375-12:'0'1375,17:'0'2044-18:'0'2045

	G~G...AC
	C~A...GG

#  Matched base-pairing interactions: 
	<G(0:)-C(12:) cis W/W>                         MATCHES	<C(6:'0'1734)-G(18:'0'2045) cis W/W>
	<G(1:)-A(11:) trans S/H>                       MATCHES	<A(12:'0'1375)-G(17:'0'2044) cis -/->
#  Matched base-stacking interactions: 

>>>>>>>>>>   ALIGNMENT ENDS   >>>>>>>>>>

<<<<<<<<<<  ALIGNMENT BEGINS  <<<<<<<<<<

#  Aligning k-turn_consensus and 1ffk_0:2523-2531_2280-2284_2487-2493:
#  Alignment score:  11.2
#  P-value:  1.000e+00
#  Query aligned region: 0-1,11-12
#  Target aligned region: 4:'0'2529-4:'0'2529,9:'0'2282-13:'0'2286,17:'0'2492-17:'0'2492

	G~G...A~C
	G~U...G~U

#  Matched base-pairing interactions: 
	<G(0:)-C(12:) cis W/W>                         MATCHES	<G(4:'0'2529)-U(17:'0'2492) cis W/W>
	<G(1:)-A(11:) trans S/H>                       MATCHES	<U(9:'0'2282)-G(13:'0'2286) cis -/->
#  Matched base-stacking interactions: 

>>>>>>>>>>   ALIGNMENT ENDS   >>>>>>>>>>

<<<<<<<<<<  ALIGNMENT BEGINS  <<<<<<<<<<

#  Aligning k-turn_consensus and 1ffk_0:787-788_822-830_848-857:
#  Alignment score:  11.2
#  P-value:  1.000e+00
#  Query aligned region: 0-1,11-12
#  Target aligned region: 8:'0'830-10:'0'832,12:'0'851-12:'0'851

	GG...A~C
	GU...U~C

#  Matched base-pairing interactions: 
	<G(0:)-C(12:) cis W/W>                         MATCHES	<G(8:'0'830)-C(12:'0'851) cis W/W>
	<G(1:)-A(11:) trans S/H>                       MATCHES	<U(9:'0'831)-U(10:'0'832) cis S/H>
#  Matched base-stacking interactions: 

>>>>>>>>>>   ALIGNMENT ENDS   >>>>>>>>>>

<<<<<<<<<<  ALIGNMENT BEGINS  <<<<<<<<<<

#  Aligning k-turn_consensus and 1ffk_0:1439-1446_1492-1505_1416-1422:
#  Alignment score:  11.2
#  P-value:  1.000e+00
#  Query aligned region: 0-1,11-12
#  Target aligned region: 3:'0'1444-3:'0'1444,14:'0'1500-16:'0'1502,24:'0'1420-24:'0'1420

	G~G...A~C
	G~U...A~C

#  Matched base-pairing interactions: 
	<G(0:)-C(12:) cis W/W>                         MATCHES	<G(3:'0'1444)-C(24:'0'1420) cis W/W>
	<G(1:)-A(11:) trans S/H>                       MATCHES	<U(14:'0'1500)-A(16:'0'1502) cis -/->
#  Matched base-stacking interactions: 

>>>>>>>>>>   ALIGNMENT ENDS   >>>>>>>>>>

<<<<<<<<<<  ALIGNMENT BEGINS  <<<<<<<<<<

#  Aligning k-turn_consensus and 1ffk_0:692-697_725-730_686-688:
#  Alignment score:  11
#  P-value:  1.000e+00
#  Query aligned region: 0-1,11-12
#  Target aligned region: 2:'0'696-3:'0'697,12:'0'688-13:'0'689

	GG...AC
	CG...AG

#  Matched base-pairing interactions: 
	<G(1:)-A(11:) trans S/H>                       MATCHES	<G(3:'0'697)-A(12:'0'688) cis -/->
	<G(0:)-C(12:) cis W/W>                         MATCHES	<C(2:'0'696)-G(13:'0'689) cis W/W>
#  Matched base-stacking interactions: 

>>>>>>>>>>   ALIGNMENT ENDS   >>>>>>>>>>

<<<<<<<<<<  ALIGNMENT BEGINS  <<<<<<<<<<

#  Aligning k-turn_consensus and 1ffk_0:1825-1833_1838-1845_865-878:
#  Alignment score:  11
#  P-value:  1.000e+00
#  Query aligned region: 0-1,11-12
#  Target aligned region: 5:'0'1832-6:'0'1833,12:'0'1843-13:'0'1844

	GG...AC
	GU...AC

#  Matched base-pairing interactions: 
	<G(1:)-A(11:) trans S/H>                       MATCHES	<U(6:'0'1833)-A(12:'0'1843) cis W/W>
	<G(0:)-C(12:) cis W/W>                         MATCHES	<G(5:'0'1832)-C(13:'0'1844) cis W/W>
#  Matched base-stacking interactions: 

>>>>>>>>>>   ALIGNMENT ENDS   >>>>>>>>>>

<<<<<<<<<<  ALIGNMENT BEGINS  <<<<<<<<<<

#  Aligning k-turn_consensus and 1ffk_0:2300-2301_950-956_1003-1013:
#  Alignment score:  11
#  P-value:  1.000e+00
#  Query aligned region: 0-1,11-12
#  Target aligned region: 7:'0'957-8:'0'958,12:'0'1008-13:'0'1009

	GG...AC
	AG...CU

#  Matched base-pairing interactions: 
	<G(1:)-A(11:) trans S/H>                       MATCHES	<G(8:'0'958)-C(12:'0'1008) cis W/W>
	<G(0:)-C(12:) cis W/W>                         MATCHES	<A(7:'0'957)-U(13:'0'1009) cis W/W>
#  Matched base-stacking interactions: 

>>>>>>>>>>   ALIGNMENT ENDS   >>>>>>>>>>

<<<<<<<<<<  ALIGNMENT BEGINS  <<<<<<<<<<

#  Aligning k-turn_consensus and 1ffk_0:2552-2556_2677-2682_2573-2578:
#  Alignment score:  11
#  P-value:  1.000e+00
#  Query aligned region: 0-1,11-12
#  Target aligned region: 4:'0'2558-4:'0'2558,7:'0'2681-8:'0'2682,11:'0'2575-11:'0'2575

	G~G...A~C
	G~A...C~C

#  Matched base-pairing interactions: 
	<G(0:)-C(12:) cis W/W>                         MATCHES	<G(4:'0'2558)-C(11:'0'2575) cis W/W>
	<G(1:)-A(11:) trans S/H>                       MATCHES	<A(7:'0'2681)-C(8:'0'2682) cis S/S>
#  Matched base-stacking interactions: 

>>>>>>>>>>   ALIGNMENT ENDS   >>>>>>>>>>

<<<<<<<<<<  ALIGNMENT BEGINS  <<<<<<<<<<

#  Aligning k-turn_consensus and 1ffk_0:1455-1458_1684-1695_1481-1487:
#  Alignment score:  10.8
#  P-value:  1.000e+00
#  Query aligned region: 0-1,11-12
#  Target aligned region: 4:'0'1686-13:'0'1695

	GG...AC
	CC...GG

#  Matched base-pairing interactions: 
	<G(1:)-A(11:) trans S/H>                       MATCHES	<C(5:'0'1687)-G(12:'0'1694) cis W/W>
	<G(0:)-C(12:) cis W/W>                         MATCHES	<C(4:'0'1686)-G(13:'0'1695) cis W/W>
#  Matched base-stacking interactions: 

>>>>>>>>>>   ALIGNMENT ENDS   >>>>>>>>>>

<<<<<<<<<<  ALIGNMENT BEGINS  <<<<<<<<<<

#  Aligning k-turn_consensus and 1ffk_0:2315-2316_2419-2426_2355-2364:
#  Alignment score:  10.8
#  P-value:  1.000e+00
#  Query aligned region: 0-1,11-12
#  Target aligned region: 0:'0'2317-0:'0'2317,8:'0'2427-9:'0'2428,12:'0'2359-12:'0'2359

	G~G...A~C
	C~C...G~G

#  Matched base-pairing interactions: 
	<G(0:)-C(12:) cis W/W>                         MATCHES	<C(0:'0'2317)-G(12:'0'2359) cis W/W>
	<G(1:)-A(11:) trans S/H>                       MATCHES	<C(8:'0'2427)-G(9:'0'2428) cis S/H>
#  Matched base-stacking interactions: 

>>>>>>>>>>   ALIGNMENT ENDS   >>>>>>>>>>

<<<<<<<<<<  ALIGNMENT BEGINS  <<<<<<<<<<

#  Aligning k-turn_consensus and 1ffk_0:353-357_35-39_438-444:
#  Alignment score:  10.6
#  P-value:  1.000e+00
#  Query aligned region: 0-0,12-12
#  Target aligned region: 9:'0'41-9:'0'41,10:'0'440-10:'0'440

	G...C
	G...C

#  Matched base-pairing interactions: 
	<G(0:)-C(12:) cis W/W>                         MATCHES	<G(9:'0'41)-C(10:'0'440) cis W/W>
#  Matched base-stacking interactions: 

>>>>>>>>>>   ALIGNMENT ENDS   >>>>>>>>>>

<<<<<<<<<<  ALIGNMENT BEGINS  <<<<<<<<<<

#  Aligning k-turn_consensus and 1ffk_0:1094-1103_1252-1257_1104-1108:
#  Alignment score:  10.6
#  P-value:  1.000e+00
#  Query aligned region: 0-0,12-12
#  Target aligned region: 3:'0'1099-3:'0'1099,13:'0'1257-13:'0'1257

	G...C
	G...C

#  Matched base-pairing interactions: 
	<G(0:)-C(12:) cis W/W>                         MATCHES	<G(3:'0'1099)-C(13:'0'1257) cis W/W>
#  Matched base-stacking interactions: 

>>>>>>>>>>   ALIGNMENT ENDS   >>>>>>>>>>

<<<<<<<<<<  ALIGNMENT BEGINS  <<<<<<<<<<

#  Aligning k-turn_consensus and 1ffk_0:61-69_48-54_104-109:
#  Alignment score:  10.6
#  P-value:  1.000e+00
#  Query aligned region: 0-0,12-12
#  Target aligned region: 9:'0'50-9:'0'50,21:'0'111-21:'0'111

	G...C
	G...C

#  Matched base-pairing interactions: 
	<G(0:)-C(12:) cis W/W>                         MATCHES	<G(9:'0'50)-C(21:'0'111) cis W/W>
#  Matched base-stacking interactions: 

>>>>>>>>>>   ALIGNMENT ENDS   >>>>>>>>>>

<<<<<<<<<<  ALIGNMENT BEGINS  <<<<<<<<<<

#  Aligning k-turn_consensus and 1ffk_0:787-789_1706-1714_1699-1705:
#  Alignment score:  10.6
#  P-value:  1.000e+00
#  Query aligned region: 0-0,12-12
#  Target aligned region: 8:'0'1713-8:'0'1713,16:'0'1705-16:'0'1705

	G...C
	G...C

#  Matched base-pairing interactions: 
	<G(0:)-C(12:) cis W/W>                         MATCHES	<G(8:'0'1713)-C(16:'0'1705) cis W/W>
#  Matched base-stacking interactions: 

>>>>>>>>>>   ALIGNMENT ENDS   >>>>>>>>>>

<<<<<<<<<<  ALIGNMENT BEGINS  <<<<<<<<<<

#  Aligning k-turn_consensus and 1ffk_0:2665-2670_2809-2820_2659-2660:
#  Alignment score:  10.6
#  P-value:  1.000e+00
#  Query aligned region: 0-0,12-12
#  Target aligned region: 0:'0'2667-0:'0'2667,17:'0'2822-17:'0'2822

	G...C
	G...C

#  Matched base-pairing interactions: 
	<G(0:)-C(12:) cis W/W>                         MATCHES	<G(0:'0'2667)-C(17:'0'2822) cis W/W>
#  Matched base-stacking interactions: 

>>>>>>>>>>   ALIGNMENT ENDS   >>>>>>>>>>

<<<<<<<<<<  ALIGNMENT BEGINS  <<<<<<<<<<

#  Aligning k-turn_consensus and 1ffk_0:2665-2670_2659-2660_2809-2820:
#  Alignment score:  10.6
#  P-value:  1.000e+00
#  Query aligned region: 0-1,11-12
#  Target aligned region: 5:'0'2672-5:'0'2672,7:'0'2662-7:'0'2662,13:'0'2816-14:'0'2817

	G~G...AC
	C~G...AG

#  Matched base-pairing interactions: 
	<G(0:)-C(12:) cis W/W>                         MATCHES	<C(5:'0'2672)-G(14:'0'2817) cis W/W>
	<G(1:)-A(11:) trans S/H>                       MATCHES	<G(7:'0'2662)-A(13:'0'2816) trans S/S>
#  Matched base-stacking interactions: 

>>>>>>>>>>   ALIGNMENT ENDS   >>>>>>>>>>

<<<<<<<<<<  ALIGNMENT BEGINS  <<<<<<<<<<

#  Aligning k-turn_consensus and 1ffk_0:2594-2604_2546-2555_2575-2580:
#  Alignment score:  10.6
#  P-value:  1.000e+00
#  Query aligned region: 0-0,12-12
#  Target aligned region: 10:'0'2606-10:'0'2606,11:'0'2548-11:'0'2548

	G...C
	G...C

#  Matched base-pairing interactions: 
	<G(0:)-C(12:) cis W/W>                         MATCHES	<G(10:'0'2606)-C(11:'0'2548) cis W/W>
#  Matched base-stacking interactions: 

>>>>>>>>>>   ALIGNMENT ENDS   >>>>>>>>>>

<<<<<<<<<<  ALIGNMENT BEGINS  <<<<<<<<<<

#  Aligning k-turn_consensus and 1ffk_0:1938-1945_1889-1896_1963-1970:
#  Alignment score:  10.6
#  P-value:  1.000e+00
#  Query aligned region: 0-0,12-12
#  Target aligned region: 4:'0'1944-4:'0'1944,10:'0'1893-10:'0'1893

	G...C
	G...C

#  Matched base-pairing interactions: 
	<G(0:)-C(12:) cis W/W>                         MATCHES	<G(4:'0'1944)-C(10:'0'1893) cis W/W>
#  Matched base-stacking interactions: 

>>>>>>>>>>   ALIGNMENT ENDS   >>>>>>>>>>

<<<<<<<<<<  ALIGNMENT BEGINS  <<<<<<<<<<

#  Aligning k-turn_consensus and 1ffk_0:1654-1656_1454-1461_1479-1487:
#  Alignment score:  10.6
#  P-value:  1.000e+00
#  Query aligned region: 0-0,12-12
#  Target aligned region: 7:'0'1460-7:'0'1460,13:'0'1483-13:'0'1483

	G...C
	G...C

#  Matched base-pairing interactions: 
	<G(0:)-C(12:) cis W/W>                         MATCHES	<G(7:'0'1460)-C(13:'0'1483) cis W/W>
#  Matched base-stacking interactions: 

>>>>>>>>>>   ALIGNMENT ENDS   >>>>>>>>>>

<<<<<<<<<<  ALIGNMENT BEGINS  <<<<<<<<<<

#  Aligning k-turn_consensus and 1ffk_0:2365-2369_2327-2335_2346-2354:
#  Alignment score:  10.6
#  P-value:  1.000e+00
#  Query aligned region: 0-0,12-12
#  Target aligned region: 9:'0'2333-9:'0'2333,17:'0'2351-17:'0'2351

	G...C
	G...C

#  Matched base-pairing interactions: 
	<G(0:)-C(12:) cis W/W>                         MATCHES	<G(9:'0'2333)-C(17:'0'2351) cis W/W>
#  Matched base-stacking interactions: 

>>>>>>>>>>   ALIGNMENT ENDS   >>>>>>>>>>

<<<<<<<<<<  ALIGNMENT BEGINS  <<<<<<<<<<

#  Aligning k-turn_consensus and 1ffk_0:1726-1737_2039-2045_1373-1374:
#  Alignment score:  10.6
#  P-value:  1.000e+00
#  Query aligned region: 0-0,12-12
#  Target aligned region: 0:'0'1728-0:'0'1728,18:'0'2047-18:'0'2047

	G...C
	G...C

#  Matched base-pairing interactions: 
	<G(0:)-C(12:) cis W/W>                         MATCHES	<G(0:'0'1728)-C(18:'0'2047) cis W/W>
#  Matched base-stacking interactions: 

>>>>>>>>>>   ALIGNMENT ENDS   >>>>>>>>>>

<<<<<<<<<<  ALIGNMENT BEGINS  <<<<<<<<<<

#  Aligning k-turn_consensus and 1ffk_0:1641-1644_1576-1584_1608-1616:
#  Alignment score:  10.6
#  P-value:  1.000e+00
#  Query aligned region: 0-1,11-12
#  Target aligned region: 8:'0'1582-9:'0'1583,15:'0'1612-16:'0'1613

	GG...AC
	CU...AC

#  Matched base-pairing interactions: 
	<G(1:)-A(11:) trans S/H>                       MATCHES	<U(9:'0'1583)-A(15:'0'1612) cis W/W>
	<G(0:)-C(12:) cis W/W>                         MATCHES	<C(8:'0'1582)-C(16:'0'1613) cis W/W>
#  Matched base-stacking interactions: 

>>>>>>>>>>   ALIGNMENT ENDS   >>>>>>>>>>

<<<<<<<<<<  ALIGNMENT BEGINS  <<<<<<<<<<

#  Aligning k-turn_consensus and 1ffk_0:959-960_951-956_1003-1013:
#  Alignment score:  10.6
#  P-value:  1.000e+00
#  Query aligned region: 0-0,12-12
#  Target aligned region: 5:'0'956-5:'0'956,14:'0'1011-14:'0'1011

	G...C
	G...C

#  Matched base-pairing interactions: 
	<G(0:)-C(12:) cis W/W>                         MATCHES	<G(5:'0'956)-C(14:'0'1011) cis W/W>
#  Matched base-stacking interactions: 

>>>>>>>>>>   ALIGNMENT ENDS   >>>>>>>>>>

<<<<<<<<<<  ALIGNMENT BEGINS  <<<<<<<<<<

#  Aligning k-turn_consensus and 1ffk_0:1289-1293_908-912_1068-1070:
#  Alignment score:  10.6
#  P-value:  1.000e+00
#  Query aligned region: 0-0,12-12
#  Target aligned region: 4:'0'1295-4:'0'1295,5:'0'910-5:'0'910

	G...C
	G...C

#  Matched base-pairing interactions: 
	<G(0:)-C(12:) cis W/W>                         MATCHES	<G(4:'0'1295)-C(5:'0'910) cis W/W>
#  Matched base-stacking interactions: 

>>>>>>>>>>   ALIGNMENT ENDS   >>>>>>>>>>

<<<<<<<<<<  ALIGNMENT BEGINS  <<<<<<<<<<

#  Aligning k-turn_consensus and 1ffk_0:2329-2336_2343-2354:
#  Alignment score:  10.6
#  P-value:  1.000e+00
#  Query aligned region: 0-0,12-12
#  Target aligned region: 7:'0'2338-7:'0'2338,9:'0'2346-9:'0'2346

	G...C
	G...C

#  Matched base-pairing interactions: 
	<G(0:)-C(12:) cis W/W>                         MATCHES	<G(7:'0'2338)-C(9:'0'2346) cis W/W>
#  Matched base-stacking interactions: 

>>>>>>>>>>   ALIGNMENT ENDS   >>>>>>>>>>

<<<<<<<<<<  ALIGNMENT BEGINS  <<<<<<<<<<

#  Aligning k-turn_consensus and 1ffk_0:1919-1921_1914-1918_417-419:
#  Alignment score:  10.6
#  P-value:  1.000e+00
#  Query aligned region: 0-0,12-12
#  Target aligned region: 2:'0'1923-2:'0'1923,3:'0'1916-3:'0'1916

	G...C
	G...C

#  Matched base-pairing interactions: 
	<G(0:)-C(12:) cis W/W>                         MATCHES	<G(2:'0'1923)-C(3:'0'1916) cis W/W>
#  Matched base-stacking interactions: 

>>>>>>>>>>   ALIGNMENT ENDS   >>>>>>>>>>

<<<<<<<<<<  ALIGNMENT BEGINS  <<<<<<<<<<

#  Aligning k-turn_consensus and 1ffk_0:1818-1820_2026-2036_1742-1752:
#  Alignment score:  10.6
#  P-value:  1.000e+00
#  Query aligned region: 0-0,12-12
#  Target aligned region: 0:'0'1820-0:'0'1820,4:'0'2029-4:'0'2029

	G...C
	G...C

#  Matched base-pairing interactions: 
	<G(0:)-C(12:) cis W/W>                         MATCHES	<G(0:'0'1820)-C(4:'0'2029) cis W/W>
#  Matched base-stacking interactions: 

>>>>>>>>>>   ALIGNMENT ENDS   >>>>>>>>>>

<<<<<<<<<<  ALIGNMENT BEGINS  <<<<<<<<<<

#  Aligning k-turn_consensus and 1ffk_0:2518-2522_1128-1136_1223-1230:
#  Alignment score:  10.6
#  P-value:  1.000e+00
#  Query aligned region: 0-0,12-12
#  Target aligned region: 9:'0'1134-9:'0'1134,17:'0'1228-17:'0'1228

	G...C
	G...C

#  Matched base-pairing interactions: 
	<G(0:)-C(12:) cis W/W>                         MATCHES	<G(9:'0'1134)-C(17:'0'1228) cis W/W>
#  Matched base-stacking interactions: 

>>>>>>>>>>   ALIGNMENT ENDS   >>>>>>>>>>

<<<<<<<<<<  ALIGNMENT BEGINS  <<<<<<<<<<

#  Aligning k-turn_consensus and 1ffk_0:427-428_378-384_402-410:
#  Alignment score:  10.6
#  P-value:  1.000e+00
#  Query aligned region: 0-0,12-12
#  Target aligned region: 6:'0'384-6:'0'384,10:'0'405-10:'0'405

	G...C
	G...C

#  Matched base-pairing interactions: 
	<G(0:)-C(12:) cis W/W>                         MATCHES	<G(6:'0'384)-C(10:'0'405) cis W/W>
#  Matched base-stacking interactions: 

>>>>>>>>>>   ALIGNMENT ENDS   >>>>>>>>>>

<<<<<<<<<<  ALIGNMENT BEGINS  <<<<<<<<<<

#  Aligning k-turn_consensus and 1ffk_0:321-332_337-347_300-307:
#  Alignment score:  10.6
#  P-value:  1.000e+00
#  Query aligned region: 0-1,11-12
#  Target aligned region: 21:'0'348-22:'0'349,23:'0'302-24:'0'303

	GG...AC
	CU...AC

#  Matched base-pairing interactions: 
	<G(1:)-A(11:) trans S/H>                       MATCHES	<U(22:'0'349)-A(23:'0'302) cis W/W>
	<G(0:)-C(12:) cis W/W>                         MATCHES	<C(21:'0'348)-C(24:'0'303) cis W/W>
#  Matched base-stacking interactions: 

>>>>>>>>>>   ALIGNMENT ENDS   >>>>>>>>>>

<<<<<<<<<<  ALIGNMENT BEGINS  <<<<<<<<<<

#  Aligning k-turn_consensus and 1ffk_0:743-752_650-662_679-684:
#  Alignment score:  10.4
#  P-value:  1.000e+00
#  Query aligned region: 0-1,11-12
#  Target aligned region: 21:'0'663-22:'0'664,24:'0'682-25:'0'683

	GG...AC
	CU...AG

#  Matched base-pairing interactions: 
	<G(1:)-A(11:) trans S/H>                       MATCHES	<U(22:'0'664)-A(24:'0'682) trans W/H>
	<G(0:)-C(12:) cis W/W>                         MATCHES	<C(21:'0'663)-G(25:'0'683) cis W/W>
#  Matched base-stacking interactions: 

>>>>>>>>>>   ALIGNMENT ENDS   >>>>>>>>>>

<<<<<<<<<<  ALIGNMENT BEGINS  <<<<<<<<<<

#  Aligning k-turn_consensus and 1ffk_0:170-177_890-897_156-161:
#  Alignment score:  10.4
#  P-value:  1.000e+00
#  Query aligned region: 0-1,11-12
#  Target aligned region: 6:'0'178-6:'0'178,14:'0'898-15:'0'899,16:'0'158-16:'0'158

	G~G...A~C
	U~G...C~A

#  Matched base-pairing interactions: 
	<G(0:)-C(12:) cis W/W>                         MATCHES	<U(6:'0'178)-A(16:'0'158) cis W/W>
	<G(1:)-A(11:) trans S/H>                       MATCHES	<G(14:'0'898)-C(15:'0'899) cis -/->
#  Matched base-stacking interactions: 

>>>>>>>>>>   ALIGNMENT ENDS   >>>>>>>>>>

<<<<<<<<<<  ALIGNMENT BEGINS  <<<<<<<<<<

#  Aligning k-turn_consensus and 1ffk_0:1316-1322_1332-1337_549-551:
#  Alignment score:  10.2
#  P-value:  1.000e+00
#  Query aligned region: 0-0,12-12
#  Target aligned region: 1:'0'1319-1:'0'1319,11:'0'1338-11:'0'1338

	G...C
	G...U

#  Matched base-pairing interactions: 
	<G(0:)-C(12:) cis W/W>                         MATCHES	<G(1:'0'1319)-U(11:'0'1338) cis W/W>
#  Matched base-stacking interactions: 

>>>>>>>>>>   ALIGNMENT ENDS   >>>>>>>>>>

<<<<<<<<<<  ALIGNMENT BEGINS  <<<<<<<<<<

#  Aligning k-turn_consensus and 1ffk_0:1487-1488_1653-1660_1527-1533:
#  Alignment score:  10.2
#  P-value:  1.000e+00
#  Query aligned region: 0-0,12-12
#  Target aligned region: 7:'0'1660-7:'0'1660,12:'0'1531-12:'0'1531

	G...C
	G...U

#  Matched base-pairing interactions: 
	<G(0:)-C(12:) cis W/W>                         MATCHES	<G(7:'0'1660)-U(12:'0'1531) cis W/W>
#  Matched base-stacking interactions: 

>>>>>>>>>>   ALIGNMENT ENDS   >>>>>>>>>>

<<<<<<<<<<  ALIGNMENT BEGINS  <<<<<<<<<<

#  Aligning k-turn_consensus and 1ffk_0:1844-1858_1867-1882:
#  Alignment score:  10.2
#  P-value:  1.000e+00
#  Query aligned region: 0-0,12-12
#  Target aligned region: 2:'0'1848-2:'0'1848,29:'0'1883-29:'0'1883

	G...C
	G...U

#  Matched base-pairing interactions: 
	<G(0:)-C(12:) cis W/W>                         MATCHES	<G(2:'0'1848)-U(29:'0'1883) cis W/W>
#  Matched base-stacking interactions: 

>>>>>>>>>>   ALIGNMENT ENDS   >>>>>>>>>>

<<<<<<<<<<  ALIGNMENT BEGINS  <<<<<<<<<<

#  Aligning k-turn_consensus and 1ffk_0:271-278_367-377_238-241:
#  Alignment score:  10.2
#  P-value:  1.000e+00
#  Query aligned region: 0-0,12-12
#  Target aligned region: 2:'0'275-2:'0'275,13:'0'374-13:'0'374

	G...C
	G...U

#  Matched base-pairing interactions: 
	<G(0:)-C(12:) cis W/W>                         MATCHES	<G(2:'0'275)-U(13:'0'374) cis W/W>
#  Matched base-stacking interactions: 

>>>>>>>>>>   ALIGNMENT ENDS   >>>>>>>>>>

<<<<<<<<<<  ALIGNMENT BEGINS  <<<<<<<<<<

#  Aligning k-turn_consensus and 1ffk_0:2393-2397_2387-2392_925-926:
#  Alignment score:  10.2
#  P-value:  1.000e+00
#  Query aligned region: 0-0,12-12
#  Target aligned region: 4:'0'2399-4:'0'2399,5:'0'2389-5:'0'2389

	G...C
	G...U

#  Matched base-pairing interactions: 
	<G(0:)-C(12:) cis W/W>                         MATCHES	<G(4:'0'2399)-U(5:'0'2389) cis W/W>
#  Matched base-stacking interactions: 

>>>>>>>>>>   ALIGNMENT ENDS   >>>>>>>>>>

<<<<<<<<<<  ALIGNMENT BEGINS  <<<<<<<<<<

#  Aligning k-turn_consensus and 1ffk_0:2312-2315_2458-2464_2423-2427:
#  Alignment score:  9.8
#  P-value:  1.000e+00
#  Query aligned region: 0-0,12-12
#  Target aligned region: 2:'0'2316-2:'0'2316,8:'0'2464-8:'0'2464

	G...C
	G...C

#  Matched base-pairing interactions: 
	<G(0:)-C(12:) cis W/W>                         MATCHES	<G(2:'0'2316)-C(8:'0'2464) cis W/W>
#  Matched base-stacking interactions: 

>>>>>>>>>>   ALIGNMENT ENDS   >>>>>>>>>>

<<<<<<<<<<  ALIGNMENT BEGINS  <<<<<<<<<<

#  Aligning k-turn_consensus and 1ffk_0:2580-2584_2590-2594_1988-1996:
#  Alignment score:  9.8
#  P-value:  1.000e+00
#  Query aligned region: 0-0,12-12
#  Target aligned region: 4:'0'2586-4:'0'2586,5:'0'2592-5:'0'2592

	G...C
	U...G

#  Matched base-pairing interactions: 
	<G(0:)-C(12:) cis W/W>                         MATCHES	<U(4:'0'2586)-G(5:'0'2592) cis W/W>
#  Matched base-stacking interactions: 

>>>>>>>>>>   ALIGNMENT ENDS   >>>>>>>>>>

<<<<<<<<<<  ALIGNMENT BEGINS  <<<<<<<<<<

#  Aligning k-turn_consensus and 1ffk_0:2075-2081_2061-2066_1075-1078:
#  Alignment score:  9.8
#  P-value:  1.000e+00
#  Query aligned region: 0-0,12-12
#  Target aligned region: 4:'0'2081-4:'0'2081,8:'0'2064-8:'0'2064

	G...C
	A...U

#  Matched base-pairing interactions: 
	<G(0:)-C(12:) cis W/W>                         MATCHES	<A(4:'0'2081)-U(8:'0'2064) cis W/W>
#  Matched base-stacking interactions: 

>>>>>>>>>>   ALIGNMENT ENDS   >>>>>>>>>>

<<<<<<<<<<  ALIGNMENT BEGINS  <<<<<<<<<<

#  Aligning k-turn_consensus and 1ffk_0:372-377_238-242_265-273:
#  Alignment score:  9.8
#  P-value:  1.000e+00
#  Query aligned region: 0-0,12-12
#  Target aligned region: 10:'0'244-10:'0'244,11:'0'267-11:'0'267

	G...C
	C...G

#  Matched base-pairing interactions: 
	<G(0:)-C(12:) cis W/W>                         MATCHES	<C(10:'0'244)-G(11:'0'267) cis W/W>
#  Matched base-stacking interactions: 

>>>>>>>>>>   ALIGNMENT ENDS   >>>>>>>>>>

<<<<<<<<<<  ALIGNMENT BEGINS  <<<<<<<<<<

#  Aligning k-turn_consensus and 1ffk_0:658-665_677-684:
#  Alignment score:  9.8
#  P-value:  1.000e+00
#  Query aligned region: 0-0,12-12
#  Target aligned region: 7:'0'667-7:'0'667,8:'0'679-8:'0'679

	G...C
	C...G

#  Matched base-pairing interactions: 
	<G(0:)-C(12:) cis W/W>                         MATCHES	<C(7:'0'667)-G(8:'0'679) cis W/W>
#  Matched base-stacking interactions: 

>>>>>>>>>>   ALIGNMENT ENDS   >>>>>>>>>>

<<<<<<<<<<  ALIGNMENT BEGINS  <<<<<<<<<<

#  Aligning k-turn_consensus and 1ffk_0:1943-1945_1963-1972_2006-2013:
#  Alignment score:  9.8
#  P-value:  1.000e+00
#  Query aligned region: 0-0,12-12
#  Target aligned region: 2:'0'1947-2:'0'1947,3:'0'1965-3:'0'1965

	G...C
	G...C

#  Matched base-pairing interactions: 
	<G(0:)-C(12:) cis W/W>                         MATCHES	<G(2:'0'1947)-C(3:'0'1965) cis W/W>
#  Matched base-stacking interactions: 

>>>>>>>>>>   ALIGNMENT ENDS   >>>>>>>>>>

<<<<<<<<<<  ALIGNMENT BEGINS  <<<<<<<<<<

#  Aligning k-turn_consensus and 1ffk_0:2636-2639_1974-1984_2000-2006:
#  Alignment score:  9.8
#  P-value:  1.000e+00
#  Query aligned region: 0-0,12-12
#  Target aligned region: 14:'0'1986-14:'0'1986,15:'0'2002-15:'0'2002

	G...C
	G...C

#  Matched base-pairing interactions: 
	<G(0:)-C(12:) cis W/W>                         MATCHES	<G(14:'0'1986)-C(15:'0'2002) cis W/W>
#  Matched base-stacking interactions: 

>>>>>>>>>>   ALIGNMENT ENDS   >>>>>>>>>>

<<<<<<<<<<  ALIGNMENT BEGINS  <<<<<<<<<<

#  Aligning k-turn_consensus and 1ffk_0:2352-2356_2367-2369_2363-2365:
#  Alignment score:  9.8
#  P-value:  1.000e+00
#  Query aligned region: 0-1,11-12
#  Target aligned region: 3:'0'2357-4:'0'2358,8:'0'2365-9:'0'2366

	GG...AC
	GU...GC

#  Matched base-pairing interactions: 
	<G(1:)-A(11:) trans S/H>                       MATCHES	<U(4:'0'2358)-G(8:'0'2365) cis W/W>
	<G(0:)-C(12:) cis W/W>                         MATCHES	<G(3:'0'2357)-C(9:'0'2366) cis W/W>
#  Matched base-stacking interactions: 

>>>>>>>>>>   ALIGNMENT ENDS   >>>>>>>>>>

<<<<<<<<<<  ALIGNMENT BEGINS  <<<<<<<<<<

#  Aligning k-turn_consensus and 1ffk_0:1501-1512_1490-1497_1445-1449:
#  Alignment score:  9.8
#  P-value:  1.000e+00
#  Query aligned region: 0-0,12-12
#  Target aligned region: 9:'0'1512-9:'0'1512,23:'0'1450-23:'0'1450

	G...C
	G...C

#  Matched base-pairing interactions: 
	<G(0:)-C(12:) cis W/W>                         MATCHES	<G(9:'0'1512)-C(23:'0'1450) cis W/W>
#  Matched base-stacking interactions: 

>>>>>>>>>>   ALIGNMENT ENDS   >>>>>>>>>>

<<<<<<<<<<  ALIGNMENT BEGINS  <<<<<<<<<<

#  Aligning k-turn_consensus and 1ffk_0:50-54_60-72_102-107:
#  Alignment score:  9.8
#  P-value:  1.000e+00
#  Query aligned region: 0-0,12-12
#  Target aligned region: 4:'0'56-4:'0'56,5:'0'62-5:'0'62

	G...C
	G...C

#  Matched base-pairing interactions: 
	<G(0:)-C(12:) cis W/W>                         MATCHES	<G(4:'0'56)-C(5:'0'62) cis W/W>
#  Matched base-stacking interactions: 

>>>>>>>>>>   ALIGNMENT ENDS   >>>>>>>>>>

<<<<<<<<<<  ALIGNMENT BEGINS  <<<<<<<<<<

#  Aligning k-turn_consensus and 1ffk_0:1969-1980_2001-2013_1887-1889:
#  Alignment score:  9.8
#  P-value:  1.000e+00
#  Query aligned region: 0-0,12-12
#  Target aligned region: 22:'0'2013-22:'0'2013,25:'0'1889-25:'0'1889

	G...C
	G...C

#  Matched base-pairing interactions: 
	<G(0:)-C(12:) cis W/W>                         MATCHES	<G(22:'0'2013)-C(25:'0'1889) cis W/W>
#  Matched base-stacking interactions: 

>>>>>>>>>>   ALIGNMENT ENDS   >>>>>>>>>>

<<<<<<<<<<  ALIGNMENT BEGINS  <<<<<<<<<<

#  Aligning k-turn_consensus and 1ffk_0:2723-2730_2747-2754_1808-1809:
#  Alignment score:  9.8
#  P-value:  1.000e+00
#  Query aligned region: 0-0,12-12
#  Target aligned region: 7:'0'2732-7:'0'2732,9:'0'2750-9:'0'2750

	G...C
	U...G

#  Matched base-pairing interactions: 
	<G(0:)-C(12:) cis W/W>                         MATCHES	<U(7:'0'2732)-G(9:'0'2750) cis W/W>
#  Matched base-stacking interactions: 

>>>>>>>>>>   ALIGNMENT ENDS   >>>>>>>>>>

<<<<<<<<<<  ALIGNMENT BEGINS  <<<<<<<<<<

#  Aligning k-turn_consensus and 1ffk_0:2112-2114_2630-2636_2625-2629:
#  Alignment score:  9.8
#  P-value:  1.000e+00
#  Query aligned region: 0-0,12-12
#  Target aligned region: 5:'0'2634-5:'0'2634,12:'0'2629-12:'0'2629

	G...C
	G...C

#  Matched base-pairing interactions: 
	<G(0:)-C(12:) cis W/W>                         MATCHES	<G(5:'0'2634)-C(12:'0'2629) cis W/W>
#  Matched base-stacking interactions: 

>>>>>>>>>>   ALIGNMENT ENDS   >>>>>>>>>>

<<<<<<<<<<  ALIGNMENT BEGINS  <<<<<<<<<<

#  Aligning k-turn_consensus and 1ffk_0:2619-2625_2634-2641_1975-1979:
#  Alignment score:  9.8
#  P-value:  1.000e+00
#  Query aligned region: 0-0,12-12
#  Target aligned region: 6:'0'2627-6:'0'2627,7:'0'2636-7:'0'2636

	G...C
	G...C

#  Matched base-pairing interactions: 
	<G(0:)-C(12:) cis W/W>                         MATCHES	<G(6:'0'2627)-C(7:'0'2636) cis W/W>
#  Matched base-stacking interactions: 

>>>>>>>>>>   ALIGNMENT ENDS   >>>>>>>>>>

<<<<<<<<<<  ALIGNMENT BEGINS  <<<<<<<<<<

#  Aligning k-turn_consensus and 1ffk_0:1043-1048_911-912_1063-1070:
#  Alignment score:  9.8
#  P-value:  1.000e+00
#  Query aligned region: 0-0,12-12
#  Target aligned region: 0:'0'1045-0:'0'1045,12:'0'1069-12:'0'1069

	G...C
	G...C

#  Matched base-pairing interactions: 
	<G(0:)-C(12:) cis W/W>                         MATCHES	<G(0:'0'1045)-C(12:'0'1069) cis W/W>
#  Matched base-stacking interactions: 

>>>>>>>>>>   ALIGNMENT ENDS   >>>>>>>>>>

<<<<<<<<<<  ALIGNMENT BEGINS  <<<<<<<<<<

#  Aligning k-turn_consensus and 1ffk_0:1694-1695_1410-1417_1676-1684:
#  Alignment score:  9.6
#  P-value:  1.000e+00
#  Query aligned region: 0-1,11-12
#  Target aligned region: 5:'0'1415-6:'0'1416,11:'0'1679-12:'0'1680

	GG...AC
	GG...CC

#  Matched base-pairing interactions: 
	<G(1:)-A(11:) trans S/H>                       MATCHES	<G(6:'0'1416)-C(11:'0'1679) cis W/W>
	<G(0:)-C(12:) cis W/W>                         MATCHES	<G(5:'0'1415)-C(12:'0'1680) cis W/W>
#  Matched base-stacking interactions: 

>>>>>>>>>>   ALIGNMENT ENDS   >>>>>>>>>>

<<<<<<<<<<  ALIGNMENT BEGINS  <<<<<<<<<<

#  Aligning k-turn_consensus and 1ffk_0:60-72_102-107_50-54:
#  Alignment score:  9.4
#  P-value:  1.000e+00
#  Query aligned region: 0-0,12-12
#  Target aligned region: 2:'0'64-2:'0'64,22:'0'55-22:'0'55

	G...C
	G...U

#  Matched base-pairing interactions: 
	<G(0:)-C(12:) cis W/W>                         MATCHES	<G(2:'0'64)-U(22:'0'55) cis W/W>
#  Matched base-stacking interactions: 

>>>>>>>>>>   ALIGNMENT ENDS   >>>>>>>>>>

<<<<<<<<<<  ALIGNMENT BEGINS  <<<<<<<<<<

#  Aligning k-turn_consensus and 1ffk_0:2679-2680_2673-2678_2804-2808:
#  Alignment score:  9
#  P-value:  1.000e+00
#  Query aligned region: 0-0,12-12
#  Target aligned region: 3:'0'2676-3:'0'2676,11:'0'2809-11:'0'2809

	G...C
	C...G

#  Matched base-pairing interactions: 
	<G(0:)-C(12:) cis W/W>                         MATCHES	<C(3:'0'2676)-G(11:'0'2809) cis W/W>
#  Matched base-stacking interactions: 

>>>>>>>>>>   ALIGNMENT ENDS   >>>>>>>>>>

<<<<<<<<<<  ALIGNMENT BEGINS  <<<<<<<<<<

#  Aligning k-turn_consensus and 1ffk_0:866-868_2111-2116_879-885:
#  Alignment score:  9
#  P-value:  1.000e+00
#  Query aligned region: 0-1,11-12
#  Target aligned region: 0:'0'868-0:'0'868,6:'0'2116-8:'0'2118,12:'0'884-12:'0'884

	G~G...A~C
	G~U...A~C

#  Matched base-pairing interactions: 
	<G(0:)-C(12:) cis W/W>                         MATCHES	<G(0:'0'868)-C(12:'0'884) cis W/W>
	<G(1:)-A(11:) trans S/H>                       MATCHES	<U(6:'0'2116)-A(8:'0'2118) cis W/H>
#  Matched base-stacking interactions: 

>>>>>>>>>>   ALIGNMENT ENDS   >>>>>>>>>>

<<<<<<<<<<  ALIGNMENT BEGINS  <<<<<<<<<<

#  Aligning k-turn_consensus and 1ffk_0:2753-2762_2717-2724_2037-2039:
#  Alignment score:  8.2
#  P-value:  1.000e+00
#  Query aligned region: 0-0,12-12
#  Target aligned region: 6:'0'2761-6:'0'2761,12:'0'2721-12:'0'2721

	G...C
	A...U

#  Matched base-pairing interactions: 
	<G(0:)-C(12:) cis W/W>                         MATCHES	<A(6:'0'2761)-U(12:'0'2721) cis W/W>
#  Matched base-stacking interactions: 

>>>>>>>>>>   ALIGNMENT ENDS   >>>>>>>>>>

<<<<<<<<<<  ALIGNMENT BEGINS  <<<<<<<<<<

#  Aligning k-turn_consensus and 1ffk_0:903-905_1329-1335_1319-1328:
#  Alignment score:  8
#  P-value:  1.000e+00
#  Query aligned region: 0-1,11-12
#  Target aligned region: 1:'0'906-2:'0'907,17:'0'1328-18:'0'1329

	GG...AC
	CA...AA

#  Matched base-pairing interactions: 
	<G(1:)-A(11:) trans S/H>                       MATCHES	<A(2:'0'907)-A(17:'0'1328) cis -/->
	<G(0:)-C(12:) cis W/W>                         MATCHES	<C(1:'0'906)-A(18:'0'1329) cis -/->
#  Matched base-stacking interactions: 

>>>>>>>>>>   ALIGNMENT ENDS   >>>>>>>>>>

<<<<<<<<<<  ALIGNMENT BEGINS  <<<<<<<<<<

#  Aligning k-turn_consensus and 1ffk_0:704-720:
#  Alignment score:  7.9
#  P-value:  1.000e+00
#  Query aligned region: 0-1,11-12
#  Target aligned region: 6:'0'712-10:'0'716

	GG...A-C
	CU...UUG

#  Matched base-pairing interactions: 
	<G(0:)-C(12:) cis W/W>                         MATCHES	<C(6:'0'712)-G(10:'0'716) cis W/W>
	<G(1:)-A(11:) trans S/H>                       MATCHES	<U(7:'0'713)-U(8:'0'714) cis S/S>
#  Matched base-stacking interactions: 

>>>>>>>>>>   ALIGNMENT ENDS   >>>>>>>>>>

<<<<<<<<<<  ALIGNMENT BEGINS  <<<<<<<<<<

#  Aligning k-turn_consensus and 1ffk_0:766-769_170-178_155-161:
#  Alignment score:  7.8
#  P-value:  1.000e+00
#  Query aligned region: 0-1,11-12
#  Target aligned region: 4:'0'172-5:'0'173,18:'0'162-19:'0'163

	GG...AC
	UC...CU

#  Matched base-pairing interactions: 
	<G(1:)-A(11:) trans S/H>                       MATCHES	<C(5:'0'173)-C(18:'0'162) cis -/->
	<G(0:)-C(12:) cis W/W>                         MATCHES	<U(4:'0'172)-U(19:'0'163) cis W/W>
#  Matched base-stacking interactions: 

>>>>>>>>>>   ALIGNMENT ENDS   >>>>>>>>>>

<<<<<<<<<<  ALIGNMENT BEGINS  <<<<<<<<<<

#  Aligning k-turn_consensus and 1ffk_0:1638-1644_1613-1616_1538-1542:
#  Alignment score:  7.7
#  P-value:  1.000e+00
#  Query aligned region: 0-1,11-12
#  Target aligned region: 1:'0'1641-2:'0'1642,14:'0'1543-15:'0'1544

	GG...AC
	AA...GU

#  Matched base-pairing interactions: 
	<G(1:)-A(11:) trans S/H>                       MATCHES	<A(2:'0'1642)-G(14:'0'1543) trans H/S>
	<G(0:)-C(12:) cis W/W>                         MATCHES	<A(1:'0'1641)-U(15:'0'1544) trans H/W>
#  Matched base-stacking interactions: 

>>>>>>>>>>   ALIGNMENT ENDS   >>>>>>>>>>

<<<<<<<<<<  ALIGNMENT BEGINS  <<<<<<<<<<

#  Aligning k-turn_consensus and 1ffk_0:911-913_1074-1081_1040-1044:
#  Alignment score:  7.4
#  P-value:  1.000e+00
#  Query aligned region: 0-0,12-12
#  Target aligned region: 3:'0'1076-10:'0'1083

	G...C
	G...C

#  Matched base-pairing interactions: 
	<G(0:)-C(12:) cis W/W>                         MATCHES	<G(3:'0'1076)-C(10:'0'1083) cis W/W>
#  Matched base-stacking interactions: 

>>>>>>>>>>   ALIGNMENT ENDS   >>>>>>>>>>

<<<<<<<<<<  ALIGNMENT BEGINS  <<<<<<<<<<

#  Aligning k-turn_consensus and 1ffk_0:866-868_879-885_2111-2116:
#  Alignment score:  6.8
#  P-value:  1.000e+00
#  Query aligned region: 0-1,11-12
#  Target aligned region: 1:'0'869-2:'0'870,8:'0'886-8:'0'886,10:'0'2113-10:'0'2113

	GG...A~C
	GG...A~G

#  Matched base-pairing interactions: 
	<G(0:)-C(12:) cis W/W>                         MATCHES	<G(1:'0'869)-G(10:'0'2113) cis -/->
	<G(1:)-A(11:) trans S/H>                       MATCHES	<G(2:'0'870)-A(8:'0'886) cis -/->
#  Matched base-stacking interactions: 

>>>>>>>>>>   ALIGNMENT ENDS   >>>>>>>>>>

<<<<<<<<<<  ALIGNMENT BEGINS  <<<<<<<<<<

#  Aligning k-turn_consensus and 1ffk_0:1329-1335_903-905_1319-1328:
#  Alignment score:  6.6
#  P-value:  1.000e+00
#  Query aligned region: 0-0,12-12
#  Target aligned region: 0:'0'1331-0:'0'1331,15:'0'1326-15:'0'1326

	G...C
	A...U

#  Matched base-pairing interactions: 
	<G(0:)-C(12:) cis W/W>                         MATCHES	<A(0:'0'1331)-U(15:'0'1326) cis W/W>
#  Matched base-stacking interactions: 

>>>>>>>>>>   ALIGNMENT ENDS   >>>>>>>>>>

<<<<<<<<<<  ALIGNMENT BEGINS  <<<<<<<<<<

#  Aligning k-turn_consensus and 1ffk_0:2527-2529_1055-1061_1050-1054:
#  Alignment score:  6.6
#  P-value:  1.000e+00
#  Query aligned region: 0-0,12-12
#  Target aligned region: 6:'0'1060-6:'0'1060,12:'0'1054-12:'0'1054

	G...C
	C...G

#  Matched base-pairing interactions: 
	<G(0:)-C(12:) cis W/W>                         MATCHES	<C(6:'0'1060)-G(12:'0'1054) cis W/W>
#  Matched base-stacking interactions: 

>>>>>>>>>>   ALIGNMENT ENDS   >>>>>>>>>>

<<<<<<<<<<  ALIGNMENT BEGINS  <<<<<<<<<<

#  Aligning k-turn_consensus and 1ffk_0:869-877_774-778_1830-1843:
#  Alignment score:  5.6
#  P-value:  1.000e+00
#  Query aligned region: 
#  Target aligned region: 

	
	

#  Matched base-pairing interactions: 
#  Matched base-stacking interactions: 

>>>>>>>>>>   ALIGNMENT ENDS   >>>>>>>>>>

<<<<<<<<<<  ALIGNMENT BEGINS  <<<<<<<<<<

#  Aligning k-turn_consensus and 1ffk_0:623-629_2067-2075_2480-2488:
#  Alignment score:  5.1
#  P-value:  1.000e+00
#  Query aligned region: 
#  Target aligned region: 

	
	

#  Matched base-pairing interactions: 
#  Matched base-stacking interactions: 

>>>>>>>>>>   ALIGNMENT ENDS   >>>>>>>>>>

<<<<<<<<<<  ALIGNMENT BEGINS  <<<<<<<<<<

#  Aligning k-turn_consensus and 1ffk_0:2067-2075_623-629_2480-2488:
#  Alignment score:  5.1
#  P-value:  1.000e+00
#  Query aligned region: 
#  Target aligned region: 

	
	

#  Matched base-pairing interactions: 
#  Matched base-stacking interactions: 

>>>>>>>>>>   ALIGNMENT ENDS   >>>>>>>>>>

<<<<<<<<<<  ALIGNMENT BEGINS  <<<<<<<<<<

#  Aligning k-turn_consensus and 1ffk_0:1297-1299_903-905_1322-1332:
#  Alignment score:  5
#  P-value:  1.000e+00
#  Query aligned region: 0-0,12-12
#  Target aligned region: 1:'0'1300-1:'0'1300,3:'0'905-3:'0'905

	G...C
	G...C

#  Matched base-pairing interactions: 
	<G(0:)-C(12:) cis W/W>                         MATCHES	<G(1:'0'1300)-C(3:'0'905) cis W/W>
#  Matched base-stacking interactions: 

>>>>>>>>>>   ALIGNMENT ENDS   >>>>>>>>>>

<<<<<<<<<<  ALIGNMENT BEGINS  <<<<<<<<<<

#  Aligning k-turn_consensus and 1ffk_0:449-456_457-463_473-476:
#  Alignment score:  4.9
#  P-value:  1.000e+00
#  Query aligned region: 
#  Target aligned region: 

	
	

#  Matched base-pairing interactions: 
#  Matched base-stacking interactions: 

>>>>>>>>>>   ALIGNMENT ENDS   >>>>>>>>>>

<<<<<<<<<<  ALIGNMENT BEGINS  <<<<<<<<<<

#  Aligning k-turn_consensus and 1ffk_0:869-877_1830-1843_774-778:
#  Alignment score:  4.8
#  P-value:  1.000e+00
#  Query aligned region: 
#  Target aligned region: 

	
	

#  Matched base-pairing interactions: 
#  Matched base-stacking interactions: 

>>>>>>>>>>   ALIGNMENT ENDS   >>>>>>>>>>

<<<<<<<<<<  ALIGNMENT BEGINS  <<<<<<<<<<

#  Aligning k-turn_consensus and 1ffk_0:774-778_869-877_1830-1843:
#  Alignment score:  4.8
#  P-value:  1.000e+00
#  Query aligned region: 
#  Target aligned region: 

	
	

#  Matched base-pairing interactions: 
#  Matched base-stacking interactions: 

>>>>>>>>>>   ALIGNMENT ENDS   >>>>>>>>>>

<<<<<<<<<<  ALIGNMENT BEGINS  <<<<<<<<<<

#  Aligning k-turn_consensus and 1ffk_0:2480-2488_623-629_2067-2075:
#  Alignment score:  4.8
#  P-value:  1.000e+00
#  Query aligned region: 
#  Target aligned region: 

	
	

#  Matched base-pairing interactions: 
#  Matched base-stacking interactions: 

>>>>>>>>>>   ALIGNMENT ENDS   >>>>>>>>>>

<<<<<<<<<<  ALIGNMENT BEGINS  <<<<<<<<<<

#  Aligning k-turn_consensus and 1ffk_0:2480-2488_2067-2075_623-629:
#  Alignment score:  4.7
#  P-value:  1.000e+00
#  Query aligned region: 
#  Target aligned region: 

	
	

#  Matched base-pairing interactions: 
#  Matched base-stacking interactions: 

>>>>>>>>>>   ALIGNMENT ENDS   >>>>>>>>>>

<<<<<<<<<<  ALIGNMENT BEGINS  <<<<<<<<<<

#  Aligning k-turn_consensus and 1ffk_0:903-905_1297-1299_1322-1332:
#  Alignment score:  4.6
#  P-value:  1.000e+00
#  Query aligned region: 
#  Target aligned region: 

	
	

#  Matched base-pairing interactions: 
#  Matched base-stacking interactions: 

>>>>>>>>>>   ALIGNMENT ENDS   >>>>>>>>>>

<<<<<<<<<<  ALIGNMENT BEGINS  <<<<<<<<<<

#  Aligning k-turn_consensus and 1ffk_0:1030-1038_928-935:
#  Alignment score:  4.5
#  P-value:  1.000e+00
#  Query aligned region: 
#  Target aligned region: 

	
	

#  Matched base-pairing interactions: 
#  Matched base-stacking interactions: 

>>>>>>>>>>   ALIGNMENT ENDS   >>>>>>>>>>

<<<<<<<<<<  ALIGNMENT BEGINS  <<<<<<<<<<

#  Aligning k-turn_consensus and 1ffk_0:2280-2284_2479-2483_2529-2534:
#  Alignment score:  4.4
#  P-value:  1.000e+00
#  Query aligned region: 
#  Target aligned region: 

	
	

#  Matched base-pairing interactions: 
#  Matched base-stacking interactions: 

>>>>>>>>>>   ALIGNMENT ENDS   >>>>>>>>>>

<<<<<<<<<<  ALIGNMENT BEGINS  <<<<<<<<<<

#  Aligning k-turn_consensus and 1ffk_0:2581-2594_2540-2541_1990-1995:
#  Alignment score:  4.4
#  P-value:  1.000e+00
#  Query aligned region: 
#  Target aligned region: 

	
	

#  Matched base-pairing interactions: 
#  Matched base-stacking interactions: 

>>>>>>>>>>   ALIGNMENT ENDS   >>>>>>>>>>

<<<<<<<<<<  ALIGNMENT BEGINS  <<<<<<<<<<

#  Aligning k-turn_consensus and 1ffk_0:928-935_1030-1038:
#  Alignment score:  4.3
#  P-value:  1.000e+00
#  Query aligned region: 
#  Target aligned region: 

	
	

#  Matched base-pairing interactions: 
#  Matched base-stacking interactions: 

>>>>>>>>>>   ALIGNMENT ENDS   >>>>>>>>>>

<<<<<<<<<<  ALIGNMENT BEGINS  <<<<<<<<<<

#  Aligning k-turn_consensus and 1ffk_0:449-456_473-476_457-463:
#  Alignment score:  4.3
#  P-value:  1.000e+00
#  Query aligned region: 
#  Target aligned region: 

	
	

#  Matched base-pairing interactions: 
#  Matched base-stacking interactions: 

>>>>>>>>>>   ALIGNMENT ENDS   >>>>>>>>>>

<<<<<<<<<<  ALIGNMENT BEGINS  <<<<<<<<<<

#  Aligning k-turn_consensus and 1ffk_0:856-859_854-855_784-787:
#  Alignment score:  4.3
#  P-value:  1.000e+00
#  Query aligned region: 
#  Target aligned region: 

	
	

#  Matched base-pairing interactions: 
#  Matched base-stacking interactions: 

>>>>>>>>>>   ALIGNMENT ENDS   >>>>>>>>>>

<<<<<<<<<<  ALIGNMENT BEGINS  <<<<<<<<<<

#  Aligning k-turn_consensus and 1ffk_0:2067-2075_2480-2488_623-629:
#  Alignment score:  4.3
#  P-value:  1.000e+00
#  Query aligned region: 
#  Target aligned region: 

	
	

#  Matched base-pairing interactions: 
#  Matched base-stacking interactions: 

>>>>>>>>>>   ALIGNMENT ENDS   >>>>>>>>>>

<<<<<<<<<<  ALIGNMENT BEGINS  <<<<<<<<<<

#  Aligning k-turn_consensus and 1ffk_0:2679-2685_2677-2678_2706-2711:
#  Alignment score:  4.2
#  P-value:  1.000e+00
#  Query aligned region: 0-0,12-12
#  Target aligned region: 1:'0'2682-1:'0'2682,13:'0'2712-13:'0'2712

	G...C
	C...G

#  Matched base-pairing interactions: 
	<G(0:)-C(12:) cis W/W>                         MATCHES	<C(1:'0'2682)-G(13:'0'2712) cis W/W>
#  Matched base-stacking interactions: 

>>>>>>>>>>   ALIGNMENT ENDS   >>>>>>>>>>

<<<<<<<<<<  ALIGNMENT BEGINS  <<<<<<<<<<

#  Aligning k-turn_consensus and 1ffk_0:623-629_2480-2488_2067-2075:
#  Alignment score:  4.2
#  P-value:  1.000e+00
#  Query aligned region: 
#  Target aligned region: 

	
	

#  Matched base-pairing interactions: 
#  Matched base-stacking interactions: 

>>>>>>>>>>   ALIGNMENT ENDS   >>>>>>>>>>

<<<<<<<<<<  ALIGNMENT BEGINS  <<<<<<<<<<

#  Aligning k-turn_consensus and 1ffk_0:2280-2284_2529-2534_2479-2483:
#  Alignment score:  4.1
#  P-value:  1.000e+00
#  Query aligned region: 
#  Target aligned region: 

	
	

#  Matched base-pairing interactions: 
#  Matched base-stacking interactions: 

>>>>>>>>>>   ALIGNMENT ENDS   >>>>>>>>>>

<<<<<<<<<<  ALIGNMENT BEGINS  <<<<<<<<<<

#  Aligning k-turn_consensus and 1ffk_0:1293-1298_902-908:
#  Alignment score:  4
#  P-value:  1.000e+00
#  Query aligned region: 
#  Target aligned region: 

	
	

#  Matched base-pairing interactions: 
#  Matched base-stacking interactions: 

>>>>>>>>>>   ALIGNMENT ENDS   >>>>>>>>>>

<<<<<<<<<<  ALIGNMENT BEGINS  <<<<<<<<<<

#  Aligning k-turn_consensus and 1ffk_0:2581-2594_1990-1995_2540-2541:
#  Alignment score:  4
#  P-value:  1.000e+00
#  Query aligned region: 
#  Target aligned region: 

	
	

#  Matched base-pairing interactions: 
#  Matched base-stacking interactions: 

>>>>>>>>>>   ALIGNMENT ENDS   >>>>>>>>>>

<<<<<<<<<<  ALIGNMENT BEGINS  <<<<<<<<<<

#  Aligning k-turn_consensus and 1ffk_0:1830-1843_774-778_869-877:
#  Alignment score:  4
#  P-value:  1.000e+00
#  Query aligned region: 
#  Target aligned region: 

	
	

#  Matched base-pairing interactions: 
#  Matched base-stacking interactions: 

>>>>>>>>>>   ALIGNMENT ENDS   >>>>>>>>>>

<<<<<<<<<<  ALIGNMENT BEGINS  <<<<<<<<<<

#  Aligning k-turn_consensus and 1ffk_0:784-787_856-859_854-855:
#  Alignment score:  3.9
#  P-value:  1.000e+00
#  Query aligned region: 
#  Target aligned region: 

	
	

#  Matched base-pairing interactions: 
#  Matched base-stacking interactions: 

>>>>>>>>>>   ALIGNMENT ENDS   >>>>>>>>>>

<<<<<<<<<<  ALIGNMENT BEGINS  <<<<<<<<<<

#  Aligning k-turn_consensus and 1ffk_0:1997-2006_1973-1976:
#  Alignment score:  3.9
#  P-value:  1.000e+00
#  Query aligned region: 
#  Target aligned region: 

	
	

#  Matched base-pairing interactions: 
#  Matched base-stacking interactions: 

>>>>>>>>>>   ALIGNMENT ENDS   >>>>>>>>>>

<<<<<<<<<<  ALIGNMENT BEGINS  <<<<<<<<<<

#  Aligning k-turn_consensus and 1ffk_0:1830-1843_869-877_774-778:
#  Alignment score:  3.9
#  P-value:  1.000e+00
#  Query aligned region: 
#  Target aligned region: 

	
	

#  Matched base-pairing interactions: 
#  Matched base-stacking interactions: 

>>>>>>>>>>   ALIGNMENT ENDS   >>>>>>>>>>

<<<<<<<<<<  ALIGNMENT BEGINS  <<<<<<<<<<

#  Aligning k-turn_consensus and 1ffk_0:473-476_449-456_457-463:
#  Alignment score:  3.8
#  P-value:  1.000e+00
#  Query aligned region: 
#  Target aligned region: 

	
	

#  Matched base-pairing interactions: 
#  Matched base-stacking interactions: 

>>>>>>>>>>   ALIGNMENT ENDS   >>>>>>>>>>

<<<<<<<<<<  ALIGNMENT BEGINS  <<<<<<<<<<

#  Aligning k-turn_consensus and 1ffk_0:457-463_473-476_449-456:
#  Alignment score:  3.8
#  P-value:  1.000e+00
#  Query aligned region: 
#  Target aligned region: 

	
	

#  Matched base-pairing interactions: 
#  Matched base-stacking interactions: 

>>>>>>>>>>   ALIGNMENT ENDS   >>>>>>>>>>

<<<<<<<<<<  ALIGNMENT BEGINS  <<<<<<<<<<

#  Aligning k-turn_consensus and 1ffk_0:2479-2483_2280-2284_2529-2534:
#  Alignment score:  3.8
#  P-value:  1.000e+00
#  Query aligned region: 
#  Target aligned region: 

	
	

#  Matched base-pairing interactions: 
#  Matched base-stacking interactions: 

>>>>>>>>>>   ALIGNMENT ENDS   >>>>>>>>>>

<<<<<<<<<<  ALIGNMENT BEGINS  <<<<<<<<<<

#  Aligning k-turn_consensus and 1ffk_0:1036-1042_927-929:
#  Alignment score:  3.7
#  P-value:  1.000e+00
#  Query aligned region: 
#  Target aligned region: 

	
	

#  Matched base-pairing interactions: 
#  Matched base-stacking interactions: 

>>>>>>>>>>   ALIGNMENT ENDS   >>>>>>>>>>

<<<<<<<<<<  ALIGNMENT BEGINS  <<<<<<<<<<

#  Aligning k-turn_consensus and 1ffk_0:774-778_1830-1843_869-877:
#  Alignment score:  3.7
#  P-value:  1.000e+00
#  Query aligned region: 
#  Target aligned region: 

	
	

#  Matched base-pairing interactions: 
#  Matched base-stacking interactions: 

>>>>>>>>>>   ALIGNMENT ENDS   >>>>>>>>>>

<<<<<<<<<<  ALIGNMENT BEGINS  <<<<<<<<<<

#  Aligning k-turn_consensus and 1ffk_0:2789-2791_1151-1152_2776-2788:
#  Alignment score:  3.6
#  P-value:  1.000e+00
#  Query aligned region: 
#  Target aligned region: 

	
	

#  Matched base-pairing interactions: 
#  Matched base-stacking interactions: 

>>>>>>>>>>   ALIGNMENT ENDS   >>>>>>>>>>

<<<<<<<<<<  ALIGNMENT BEGINS  <<<<<<<<<<

#  Aligning k-turn_consensus and 1ffk_0:2789-2791_2776-2788_1151-1152:
#  Alignment score:  3.5
#  P-value:  1.000e+00
#  Query aligned region: 
#  Target aligned region: 

	
	

#  Matched base-pairing interactions: 
#  Matched base-stacking interactions: 

>>>>>>>>>>   ALIGNMENT ENDS   >>>>>>>>>>

<<<<<<<<<<  ALIGNMENT BEGINS  <<<<<<<<<<

#  Aligning k-turn_consensus and 1ffk_0:1151-1152_2789-2791_2776-2788:
#  Alignment score:  3.5
#  P-value:  1.000e+00
#  Query aligned region: 
#  Target aligned region: 

	
	

#  Matched base-pairing interactions: 
#  Matched base-stacking interactions: 

>>>>>>>>>>   ALIGNMENT ENDS   >>>>>>>>>>

<<<<<<<<<<  ALIGNMENT BEGINS  <<<<<<<<<<

#  Aligning k-turn_consensus and 1ffk_0:473-476_457-463_449-456:
#  Alignment score:  3.5
#  P-value:  1.000e+00
#  Query aligned region: 
#  Target aligned region: 

	
	

#  Matched base-pairing interactions: 
#  Matched base-stacking interactions: 

>>>>>>>>>>   ALIGNMENT ENDS   >>>>>>>>>>

<<<<<<<<<<  ALIGNMENT BEGINS  <<<<<<<<<<

#  Aligning k-turn_consensus and 1ffk_0:2479-2483_2529-2534_2280-2284:
#  Alignment score:  3.5
#  P-value:  1.000e+00
#  Query aligned region: 
#  Target aligned region: 

	
	

#  Matched base-pairing interactions: 
#  Matched base-stacking interactions: 

>>>>>>>>>>   ALIGNMENT ENDS   >>>>>>>>>>

<<<<<<<<<<  ALIGNMENT BEGINS  <<<<<<<<<<

#  Aligning k-turn_consensus and 1ffk_0:2529-2534_2280-2284_2479-2483:
#  Alignment score:  3.5
#  P-value:  1.000e+00
#  Query aligned region: 
#  Target aligned region: 

	
	

#  Matched base-pairing interactions: 
#  Matched base-stacking interactions: 

>>>>>>>>>>   ALIGNMENT ENDS   >>>>>>>>>>

<<<<<<<<<<  ALIGNMENT BEGINS  <<<<<<<<<<

#  Aligning k-turn_consensus and 1ffk_0:2540-2541_2581-2594_1990-1995:
#  Alignment score:  3.5
#  P-value:  1.000e+00
#  Query aligned region: 
#  Target aligned region: 

	
	

#  Matched base-pairing interactions: 
#  Matched base-stacking interactions: 

>>>>>>>>>>   ALIGNMENT ENDS   >>>>>>>>>>

<<<<<<<<<<  ALIGNMENT BEGINS  <<<<<<<<<<

#  Aligning k-turn_consensus and 1ffk_0:902-908_1293-1298:
#  Alignment score:  3.3
#  P-value:  1.000e+00
#  Query aligned region: 
#  Target aligned region: 

	
	

#  Matched base-pairing interactions: 
#  Matched base-stacking interactions: 

>>>>>>>>>>   ALIGNMENT ENDS   >>>>>>>>>>

<<<<<<<<<<  ALIGNMENT BEGINS  <<<<<<<<<<

#  Aligning k-turn_consensus and 1ffk_0:1973-1976_1997-2006:
#  Alignment score:  3.1
#  P-value:  1.000e+00
#  Query aligned region: 
#  Target aligned region: 

	
	

#  Matched base-pairing interactions: 
#  Matched base-stacking interactions: 

>>>>>>>>>>   ALIGNMENT ENDS   >>>>>>>>>>

<<<<<<<<<<  ALIGNMENT BEGINS  <<<<<<<<<<

#  Aligning k-turn_consensus and 1ffk_0:2529-2534_2479-2483_2280-2284:
#  Alignment score:  3
#  P-value:  1.000e+00
#  Query aligned region: 
#  Target aligned region: 

	
	

#  Matched base-pairing interactions: 
#  Matched base-stacking interactions: 

>>>>>>>>>>   ALIGNMENT ENDS   >>>>>>>>>>

<<<<<<<<<<  ALIGNMENT BEGINS  <<<<<<<<<<

#  Aligning k-turn_consensus and 1ffk_0:2458-2460_2425-2428:
#  Alignment score:  3
#  P-value:  1.000e+00
#  Query aligned region: 
#  Target aligned region: 

	
	

#  Matched base-pairing interactions: 
#  Matched base-stacking interactions: 

>>>>>>>>>>   ALIGNMENT ENDS   >>>>>>>>>>

<<<<<<<<<<  ALIGNMENT BEGINS  <<<<<<<<<<

#  Aligning k-turn_consensus and 1ffk_0:927-929_1036-1042:
#  Alignment score:  2.8
#  P-value:  1.000e+00
#  Query aligned region: 
#  Target aligned region: 

	
	

#  Matched base-pairing interactions: 
#  Matched base-stacking interactions: 

>>>>>>>>>>   ALIGNMENT ENDS   >>>>>>>>>>

<<<<<<<<<<  ALIGNMENT BEGINS  <<<<<<<<<<

#  Aligning k-turn_consensus and 1ffk_0:2425-2428_2458-2460:
#  Alignment score:  2.2
#  P-value:  1.000e+00
#  Query aligned region: 
#  Target aligned region: 

	
	

#  Matched base-pairing interactions: 
#  Matched base-stacking interactions: 

>>>>>>>>>>   ALIGNMENT ENDS   >>>>>>>>>>

<<<<<<<<<<  ALIGNMENT BEGINS  <<<<<<<<<<

#  Aligning k-turn_consensus and 1ffk_0:132-142:
#  Alignment score:  2.1
#  P-value:  1.000e+00
#  Query aligned region: 
#  Target aligned region: 

	
	

#  Matched base-pairing interactions: 
#  Matched base-stacking interactions: 

>>>>>>>>>>   ALIGNMENT ENDS   >>>>>>>>>>

