$ /home/s081p868/scratch/RNAMotifScanX-release/bin/scan /home/s081p868/scratch/RNAMotifScanX-release/models/k-turn_consensus.struct /rfs/poseidon_share/s081p868/RNAMotifScanX_nr/rmsx_work_default/3cc2/0/3cc2_0.rmsx.in --map_pdb=/rfs/poseidon_share/s081p868/RNAMotifScanX_nr/rmsx_work_default/3cc2/0/3cc2_0.rmsx.nch --pvalue 1.0 --num_threads 8 --write_alignment
<<<<<<<<<<  ALIGNMENT BEGINS  <<<<<<<<<<

#  Aligning k-turn_consensus and 3cc2_0:73-82_90-103:
#  Alignment score:  151.8
#  P-value:  6.984e-03
#  Query aligned region: 0-4,5-12
#  Target aligned region: 3:'0'77-7:'0'81,12:'0'93-19:'0'100

	GGGAG...CGAAGAAC
	GGGAG...CGAAGAAC

#  Matched base-pairing interactions: 
	<G(1:)-A(11:) trans S/H>                       MATCHES	<G(4:'0'78)-A(18:'0'99) trans S/H>
	<G(2:)-A(10:) trans S/H>                       MATCHES	<G(5:'0'79)-A(17:'0'98) trans S/H>
	<A(3:)-G(9:) trans H/S>                        MATCHES	<A(6:'0'80)-G(16:'0'97) trans H/S>
	<A(3:)-G(6:) trans S/S>                        MATCHES	<A(6:'0'80)-G(13:'0'94) cis -/->
	<G(4:)-A(10:) trans S/S>                       MATCHES	<G(7:'0'81)-A(17:'0'98) trans S/S>
	<G(4:)-C(5:) cis W/W>                          MATCHES	<G(7:'0'81)-C(12:'0'93) cis W/W>
	<G(0:)-C(12:) cis W/W>                         MATCHES	<G(3:'0'77)-C(19:'0'100) cis W/W>
#  Matched base-stacking interactions: 
	<A(3:)-A(10:) outward>                         MATCHES	<A(6:'0'80)-A(17:'0'98) outward>

>>>>>>>>>>   ALIGNMENT ENDS   >>>>>>>>>>

<<<<<<<<<<  ALIGNMENT BEGINS  <<<<<<<<<<

#  Aligning k-turn_consensus and 3cc2_0:934-942_1023-1026_1030-1035:
#  Alignment score:  130.6
#  P-value:  1.016e-02
#  Query aligned region: 0-4,5-12
#  Target aligned region: 1:'0'936-5:'0'940,11:'0'1026-12:'0'1027,13:'0'1031-16:'0'1034

	GGGAG...CG~GAAC
	CCGAG...UG~GACG

#  Matched base-pairing interactions: 
	<G(1:)-A(11:) trans S/H>                       MATCHES	<C(2:'0'937)-C(15:'0'1033) cis W/W>
	<G(0:)-C(12:) cis W/W>                         MATCHES	<C(1:'0'936)-G(16:'0'1034) cis W/W>
	<G(2:)-A(10:) trans S/H>                       MATCHES	<G(3:'0'938)-A(14:'0'1032) trans S/H>
	<A(3:)-G(9:) trans H/S>                        MATCHES	<A(4:'0'939)-G(13:'0'1031) trans H/S>
	<G(4:)-A(10:) trans S/S>                       MATCHES	<G(5:'0'940)-A(14:'0'1032) trans S/S>
	<G(4:)-C(5:) cis W/W>                          MATCHES	<G(5:'0'940)-U(11:'0'1026) cis W/W>
	<A(3:)-G(6:) trans S/S>                        MATCHES	<A(4:'0'939)-G(12:'0'1027) cis -/->
#  Matched base-stacking interactions: 
	<A(3:)-A(10:) outward>                         MATCHES	<A(4:'0'939)-A(14:'0'1032) outward>

>>>>>>>>>>   ALIGNMENT ENDS   >>>>>>>>>>

<<<<<<<<<<  ALIGNMENT BEGINS  <<<<<<<<<<

#  Aligning k-turn_consensus and 3cc2_0:1207-1215_1187-1188_1146-1158:
#  Alignment score:  129.9
#  P-value:  1.030e-02
#  Query aligned region: 0-4,5-12
#  Target aligned region: 4:'0'1212-8:'0'1216,11:'0'1147-19:'0'1155

	GGGAG...CGAAGA-AC
	CCGAG...CCUAGACAG

#  Matched base-pairing interactions: 
	<A(3:)-G(9:) trans H/S>                        MATCHES	<A(7:'0'1215)-G(15:'0'1151) trans H/S>
	<A(3:)-G(6:) trans S/S>                        MATCHES	<A(7:'0'1215)-C(12:'0'1148) cis -/->
	<G(4:)-A(10:) trans S/S>                       MATCHES	<G(8:'0'1216)-A(16:'0'1152) trans S/S>
	<G(4:)-C(5:) cis W/W>                          MATCHES	<G(8:'0'1216)-C(11:'0'1147) cis W/W>
	<G(1:)-A(11:) trans S/H>                       MATCHES	<C(5:'0'1213)-A(18:'0'1154) trans W/W>
	<G(2:)-A(10:) trans S/H>                       MATCHES	<G(6:'0'1214)-A(16:'0'1152) trans S/H>
	<G(0:)-C(12:) cis W/W>                         MATCHES	<C(4:'0'1212)-G(19:'0'1155) cis W/W>
#  Matched base-stacking interactions: 
	<A(3:)-A(10:) outward>                         MATCHES	<A(7:'0'1215)-A(16:'0'1152) outward>

>>>>>>>>>>   ALIGNMENT ENDS   >>>>>>>>>>

<<<<<<<<<<  ALIGNMENT BEGINS  <<<<<<<<<<

#  Aligning k-turn_consensus and 3cc2_0:315-316_1336-1343_1310-1320:
#  Alignment score:  125.8
#  P-value:  1.117e-02
#  Query aligned region: 0-4,5-12
#  Target aligned region: 3:'0'1338-7:'0'1342,11:'0'1312-18:'0'1319

	GGGAG...CGAAGAAC
	UGGAC...GAUGGAAG

#  Matched base-pairing interactions: 
	<G(1:)-A(11:) trans S/H>                       MATCHES	<G(4:'0'1339)-A(17:'0'1318) trans S/H>
	<G(2:)-A(10:) trans S/H>                       MATCHES	<G(5:'0'1340)-A(16:'0'1317) trans S/H>
	<A(3:)-G(9:) trans H/S>                        MATCHES	<A(6:'0'1341)-G(15:'0'1316) trans H/S>
	<G(4:)-C(5:) cis W/W>                          MATCHES	<C(7:'0'1342)-G(11:'0'1312) cis W/W>
	<A(3:)-G(6:) trans S/S>                        MATCHES	<A(6:'0'1341)-A(12:'0'1313) cis -/->
	<G(4:)-A(10:) trans S/S>                       MATCHES	<C(7:'0'1342)-A(16:'0'1317) cis -/->
	<G(0:)-C(12:) cis W/W>                         MATCHES	<U(3:'0'1338)-G(18:'0'1319) cis W/W>
#  Matched base-stacking interactions: 
	<A(3:)-A(10:) outward>                         MATCHES	<A(6:'0'1341)-A(16:'0'1317) outward>

>>>>>>>>>>   ALIGNMENT ENDS   >>>>>>>>>>

<<<<<<<<<<  ALIGNMENT BEGINS  <<<<<<<<<<

#  Aligning k-turn_consensus and 3cc2_0:2911-2913_2666-2667_2821-2827:
#  Alignment score:  120.2
#  P-value:  1.257e-02
#  Query aligned region: 1-4,5-11
#  Target aligned region: 0:'0'2912-2:'0'2914,3:'0'2667-3:'0'2667,5:'0'2822-11:'0'2828

	GGA~G...CGAAGAA
	CAA~G...CGCCGAG

#  Matched base-pairing interactions: 
	<G(1:)-A(11:) trans S/H>                       MATCHES	<C(0:'0'2912)-G(11:'0'2828) cis W/W>
	<G(2:)-A(10:) trans S/H>                       MATCHES	<A(1:'0'2913)-A(10:'0'2827) trans S/H>
	<A(3:)-G(9:) trans H/S>                        MATCHES	<A(2:'0'2914)-G(9:'0'2826) trans H/S>
	<A(3:)-G(6:) trans S/S>                        MATCHES	<A(2:'0'2914)-G(6:'0'2823) cis -/->
	<G(4:)-A(10:) trans S/S>                       MATCHES	<G(3:'0'2667)-A(10:'0'2827) trans S/S>
	<G(4:)-C(5:) cis W/W>                          MATCHES	<G(3:'0'2667)-C(5:'0'2822) cis W/W>
#  Matched base-stacking interactions: 
	<A(3:)-A(10:) outward>                         MATCHES	<A(2:'0'2914)-A(10:'0'2827) outward>

>>>>>>>>>>   ALIGNMENT ENDS   >>>>>>>>>>

<<<<<<<<<<  ALIGNMENT BEGINS  <<<<<<<<<<

#  Aligning k-turn_consensus and 3cc2_0:21-26_637-644_515-520:
#  Alignment score:  99.6
#  P-value:  2.079e-02
#  Query aligned region: 0-3,6-12
#  Target aligned region: 0:'0'22-3:'0'25,7:'0'639-7:'0'639,16:'0'518-19:'0'521

	GGGA...G~GAAC
	UGGA...A~GAAA

#  Matched base-pairing interactions: 
	<A(3:)-G(9:) trans H/S>                        MATCHES	<A(3:'0'25)-G(16:'0'518) trans H/S>
	<G(2:)-A(10:) trans S/H>                       MATCHES	<G(2:'0'24)-A(17:'0'519) trans S/H>
	<A(3:)-G(6:) trans S/S>                        MATCHES	<A(3:'0'25)-A(7:'0'639) trans S/S>
	<G(1:)-A(11:) trans S/H>                       MATCHES	<G(1:'0'23)-A(18:'0'520) trans S/H>
	<G(0:)-C(12:) cis W/W>                         MATCHES	<U(0:'0'22)-A(19:'0'521) trans W/H>
#  Matched base-stacking interactions: 
	<A(3:)-A(10:) outward>                         MATCHES	<A(3:'0'25)-A(17:'0'519) outward>

>>>>>>>>>>   ALIGNMENT ENDS   >>>>>>>>>>

<<<<<<<<<<  ALIGNMENT BEGINS  <<<<<<<<<<

#  Aligning k-turn_consensus and 3cc2_0:1585-1591_1600-1609:
#  Alignment score:  95
#  P-value:  2.373e-02
#  Query aligned region: 0-4,6-12
#  Target aligned region: 1:'0'1587-4:'0'1590,7:'0'1601-14:'0'1608

	GGGA~G...GAAGAAC
	UGGA~G...CAGGAAG

#  Matched base-pairing interactions: 
	<A(3:)-G(9:) trans H/S>                        MATCHES	<A(4:'0'1590)-G(11:'0'1605) trans H/S>
	<A(3:)-G(6:) trans S/S>                        MATCHES	<A(4:'0'1590)-C(8:'0'1602) cis -/->
	<G(2:)-A(10:) trans S/H>                       MATCHES	<G(3:'0'1589)-A(12:'0'1606) trans S/H>
	<G(4:)-A(10:) trans S/S>                       MATCHES	<G(7:'0'1601)-A(12:'0'1606) cis -/->
	<G(1:)-A(11:) trans S/H>                       MATCHES	<G(2:'0'1588)-A(13:'0'1607) trans S/H>
	<G(0:)-C(12:) cis W/W>                         MATCHES	<U(1:'0'1587)-G(14:'0'1608) cis W/W>
#  Matched base-stacking interactions: 
	<A(3:)-A(10:) outward>                         MATCHES	<A(4:'0'1590)-A(12:'0'1606) outward>

>>>>>>>>>>   ALIGNMENT ENDS   >>>>>>>>>>

<<<<<<<<<<  ALIGNMENT BEGINS  <<<<<<<<<<

#  Aligning k-turn_consensus and 3cc2_0:243-248_259-266:
#  Alignment score:  88.1
#  P-value:  2.945e-02
#  Query aligned region: 0-4,5-12
#  Target aligned region: 0:'0'244-5:'0'249,6:'0'260-13:'0'267

	GGGA-G...CGAAGAAC
	CCGAAG...CAAUGUGG

#  Matched base-pairing interactions: 
	<G(1:)-A(11:) trans S/H>                       MATCHES	<C(1:'0'245)-G(12:'0'266) cis W/W>
	<G(2:)-A(10:) trans S/H>                       MATCHES	<G(2:'0'246)-U(11:'0'265) trans S/H>
	<A(3:)-G(9:) trans H/S>                        MATCHES	<A(3:'0'247)-G(10:'0'264) trans H/S>
	<A(3:)-G(6:) trans S/S>                        MATCHES	<A(3:'0'247)-A(7:'0'261) cis -/->
	<G(4:)-C(5:) cis W/W>                          MATCHES	<G(5:'0'249)-C(6:'0'260) cis W/W>
	<G(4:)-A(10:) trans S/S>                       MATCHES	<G(5:'0'249)-U(11:'0'265) cis -/->
	<G(0:)-C(12:) cis W/W>                         MATCHES	<C(0:'0'244)-G(13:'0'267) cis W/W>
#  Matched base-stacking interactions: 
	<A(3:)-A(10:) outward>                         MATCHES	<A(3:'0'247)-U(11:'0'265) outward>

>>>>>>>>>>   ALIGNMENT ENDS   >>>>>>>>>>

<<<<<<<<<<  ALIGNMENT BEGINS  <<<<<<<<<<

#  Aligning k-turn_consensus and 3cc2_0:2881-2888_1804-1806_2865-2874:
#  Alignment score:  76
#  P-value:  4.603e-02
#  Query aligned region: 2-4,6-10
#  Target aligned region: 0:'0'2882-1:'0'2883,8:'0'1805-9:'0'1806,19:'0'2874-20:'0'2875

	GA~G...G~GA
	GA~G...G~GA

#  Matched base-pairing interactions: 
	<A(3:)-G(9:) trans H/S>                        MATCHES	<A(1:'0'2883)-G(19:'0'2874) trans H/S>
	<G(2:)-A(10:) trans S/H>                       MATCHES	<G(0:'0'2882)-A(20:'0'2875) trans S/H>
	<A(3:)-G(6:) trans S/S>                        MATCHES	<A(1:'0'2883)-G(9:'0'1806) trans S/S>
	<G(4:)-A(10:) trans S/S>                       MATCHES	<G(8:'0'1805)-A(20:'0'2875) cis S/S>
#  Matched base-stacking interactions: 
	<A(3:)-A(10:) outward>                         MATCHES	<A(1:'0'2883)-A(20:'0'2875) outward>

>>>>>>>>>>   ALIGNMENT ENDS   >>>>>>>>>>

<<<<<<<<<<  ALIGNMENT BEGINS  <<<<<<<<<<

#  Aligning k-turn_consensus and 3cc2_0:813-817_1593-1599_794-799:
#  Alignment score:  60.2
#  P-value:  1.015e-01
#  Query aligned region: 0-4,5-12
#  Target aligned region: 1:'0'815-4:'0'818,5:'0'1594-11:'0'1600,12:'0'795-15:'0'798

	GGGA~G...C~GAAC
	UGGA~C...G~GAAG

#  Matched base-pairing interactions: 
	<G(4:)-C(5:) cis W/W>                          MATCHES	<C(5:'0'1594)-G(11:'0'1600) cis W/W>
	<A(3:)-G(9:) trans H/S>                        MATCHES	<A(4:'0'818)-G(12:'0'795) trans H/S>
	<G(2:)-A(10:) trans S/H>                       MATCHES	<G(3:'0'817)-A(13:'0'796) trans S/H>
	<G(1:)-A(11:) trans S/H>                       MATCHES	<G(2:'0'816)-A(14:'0'797) trans S/H>
	<G(0:)-C(12:) cis W/W>                         MATCHES	<U(1:'0'815)-G(15:'0'798) cis W/W>
#  Matched base-stacking interactions: 
	<A(3:)-A(10:) outward>                         MATCHES	<A(4:'0'818)-A(13:'0'796) outward>

>>>>>>>>>>   ALIGNMENT ENDS   >>>>>>>>>>

<<<<<<<<<<  ALIGNMENT BEGINS  <<<<<<<<<<

#  Aligning k-turn_consensus and 3cc2_0:2904-2911_2827-2835_2843-2853:
#  Alignment score:  54.9
#  P-value:  1.449e-01
#  Query aligned region: 2-4,6-10
#  Target aligned region: 0:'0'2905-1:'0'2906,14:'0'2834-14:'0'2834,20:'0'2847-26:'0'2853

	GA~G...G-AAG-A
	AA~G...GGUCGAU

#  Matched base-pairing interactions: 
	<G(4:)-A(10:) trans S/S>                       MATCHES	<G(14:'0'2834)-U(26:'0'2853) trans S/S>
	<G(2:)-A(10:) trans S/H>                       MATCHES	<A(0:'0'2905)-U(26:'0'2853) cis W/W>
	<A(3:)-G(6:) trans S/S>                        MATCHES	<A(1:'0'2906)-G(20:'0'2847) trans S/S>
	<A(3:)-G(9:) trans H/S>                        MATCHES	<A(1:'0'2906)-G(24:'0'2851) trans H/S>
#  Matched base-stacking interactions: 
	<A(3:)-A(10:) outward>                         MATCHES	<A(1:'0'2906)-U(26:'0'2853) outward>

>>>>>>>>>>   ALIGNMENT ENDS   >>>>>>>>>>

<<<<<<<<<<  ALIGNMENT BEGINS  <<<<<<<<<<

#  Aligning k-turn_consensus and 3cc2_0:1096-1097_1068-1075_1080-1087:
#  Alignment score:  53.3
#  P-value:  1.635e-01
#  Query aligned region: 2-4,5-10
#  Target aligned region: 5:'0'1072-7:'0'1074,14:'0'1085-17:'0'1088

	GAG...CGAAGA
	GAG...CA--GA

#  Matched base-pairing interactions: 
	<G(4:)-C(5:) cis W/W>                          MATCHES	<G(7:'0'1074)-C(14:'0'1085) cis W/W>
	<A(3:)-G(9:) trans H/S>                        MATCHES	<A(6:'0'1073)-G(16:'0'1087) trans H/S>
	<G(2:)-A(10:) trans S/H>                       MATCHES	<G(5:'0'1072)-A(17:'0'1088) trans S/H>
	<A(3:)-G(6:) trans S/S>                        MATCHES	<A(6:'0'1073)-A(15:'0'1086) trans H/S>
#  Matched base-stacking interactions: 
	<A(3:)-A(10:) outward>                         MATCHES	<A(6:'0'1073)-A(17:'0'1088) outward>

>>>>>>>>>>   ALIGNMENT ENDS   >>>>>>>>>>

<<<<<<<<<<  ALIGNMENT BEGINS  <<<<<<<<<<

#  Aligning k-turn_consensus and 3cc2_0:107-114_146-147_42-51:
#  Alignment score:  52.3
#  P-value:  1.770e-01
#  Query aligned region: 0-4,5-12
#  Target aligned region: 3:'0'111-5:'0'113,9:'0'148-9:'0'148,10:'0'43-17:'0'50

	GGGA~G...CGAAGAAC
	CG-A~A...UGAUGAAG

#  Matched base-pairing interactions: 
	<A(3:)-G(9:) trans H/S>                        MATCHES	<A(5:'0'113)-G(14:'0'47) trans H/S>
	<A(3:)-G(6:) trans S/S>                        MATCHES	<A(5:'0'113)-G(11:'0'44) cis -/->
	<G(1:)-A(11:) trans S/H>                       MATCHES	<G(4:'0'112)-A(16:'0'49) trans S/H>
	<G(4:)-C(5:) cis W/W>                          MATCHES	<A(9:'0'148)-U(10:'0'43) cis W/W>
	<G(4:)-A(10:) trans S/S>                       MATCHES	<A(9:'0'148)-A(15:'0'48) cis -/->
	<G(0:)-C(12:) cis W/W>                         MATCHES	<C(3:'0'111)-G(17:'0'50) cis W/W>
#  Matched base-stacking interactions: 
	<A(3:)-A(10:) outward>                         MATCHES	<A(5:'0'113)-A(15:'0'48) outward>

>>>>>>>>>>   ALIGNMENT ENDS   >>>>>>>>>>

<<<<<<<<<<  ALIGNMENT BEGINS  <<<<<<<<<<

#  Aligning k-turn_consensus and 3cc2_0:265-279_368-378_239-244:
#  Alignment score:  50.5
#  P-value:  2.060e-01
#  Query aligned region: 0-4,5-12
#  Target aligned region: 0:'0'266-8:'0'274,22:'0'376-22:'0'376,27:'0'241-31:'0'245

	GGGA----G...C~GAAGAAC
	GGUGUCAGG...C~A--AACC

#  Matched base-pairing interactions: 
	<A(3:)-G(6:) trans S/S>                        MATCHES	<G(3:'0'269)-A(27:'0'241) cis -/->
	<G(4:)-A(10:) trans S/S>                       MATCHES	<G(8:'0'274)-A(29:'0'243) trans S/S>
	<G(4:)-C(5:) cis W/W>                          MATCHES	<G(8:'0'274)-C(22:'0'376) cis W/W>
	<A(3:)-G(9:) trans H/S>                        MATCHES	<G(3:'0'269)-A(28:'0'242) trans S/H>
	<G(2:)-A(10:) trans S/H>                       MATCHES	<U(2:'0'268)-A(29:'0'243) trans S/H>
	<G(1:)-A(11:) trans S/H>                       MATCHES	<G(1:'0'267)-C(30:'0'244) cis W/W>
	<G(0:)-C(12:) cis W/W>                         MATCHES	<G(0:'0'266)-C(31:'0'245) cis W/W>
#  Matched base-stacking interactions: 

>>>>>>>>>>   ALIGNMENT ENDS   >>>>>>>>>>

<<<<<<<<<<  ALIGNMENT BEGINS  <<<<<<<<<<

#  Aligning k-turn_consensus and 3cc2_0:2252-2259_2132-2133_2240-2248:
#  Alignment score:  48.7
#  P-value:  2.427e-01
#  Query aligned region: 1-4,5-11
#  Target aligned region: 3:'0'2256-6:'0'2259,8:'0'2133-8:'0'2133,11:'0'2242-14:'0'2245

	GGAG...C~GAAGAA
	GGAC...U~U--CAC

#  Matched base-pairing interactions: 
	<A(3:)-G(6:) trans S/S>                        MATCHES	<A(5:'0'2258)-U(11:'0'2242) trans H/W>
	<G(2:)-A(10:) trans S/H>                       MATCHES	<G(4:'0'2257)-A(13:'0'2244) trans S/H>
	<G(4:)-C(5:) cis W/W>                          MATCHES	<C(6:'0'2259)-U(8:'0'2133) cis -/->
	<A(3:)-G(9:) trans H/S>                        MATCHES	<A(5:'0'2258)-C(12:'0'2243) cis -/->
	<G(4:)-A(10:) trans S/S>                       MATCHES	<C(6:'0'2259)-A(13:'0'2244) trans H/W>
	<G(1:)-A(11:) trans S/H>                       MATCHES	<G(3:'0'2256)-C(14:'0'2245) cis W/W>
#  Matched base-stacking interactions: 
	<A(3:)-A(10:) outward>                         MATCHES	<A(5:'0'2258)-A(13:'0'2244) outward>

>>>>>>>>>>   ALIGNMENT ENDS   >>>>>>>>>>

<<<<<<<<<<  ALIGNMENT BEGINS  <<<<<<<<<<

#  Aligning k-turn_consensus and 3cc2_0:660-666_229-231_678-685:
#  Alignment score:  47.2
#  P-value:  2.814e-01
#  Query aligned region: 3-3,6-9
#  Target aligned region: 5:'0'666-5:'0'666,8:'0'231-8:'0'231,11:'0'680-11:'0'680

	A...G~G
	A...G~G

#  Matched base-pairing interactions: 
	<A(3:)-G(6:) trans S/S>                        MATCHES	<A(5:'0'666)-G(8:'0'231) trans S/S>
	<A(3:)-G(9:) trans H/S>                        MATCHES	<A(5:'0'666)-G(11:'0'680) trans H/S>
#  Matched base-stacking interactions: 

>>>>>>>>>>   ALIGNMENT ENDS   >>>>>>>>>>

<<<<<<<<<<  ALIGNMENT BEGINS  <<<<<<<<<<

#  Aligning k-turn_consensus and 3cc2_0:1453-1459_860-863_1482-1490:
#  Alignment score:  47.2
#  P-value:  2.814e-01
#  Query aligned region: 3-3,6-9
#  Target aligned region: 5:'0'1459-5:'0'1459,9:'0'863-9:'0'863,12:'0'1484-12:'0'1484

	A...G~G
	A...G~G

#  Matched base-pairing interactions: 
	<A(3:)-G(6:) trans S/S>                        MATCHES	<A(5:'0'1459)-G(9:'0'863) trans S/S>
	<A(3:)-G(9:) trans H/S>                        MATCHES	<A(5:'0'1459)-G(12:'0'1484) trans H/S>
#  Matched base-stacking interactions: 

>>>>>>>>>>   ALIGNMENT ENDS   >>>>>>>>>>

<<<<<<<<<<  ALIGNMENT BEGINS  <<<<<<<<<<

#  Aligning k-turn_consensus and 3cc2_0:1925-1931_2265-2267_1906-1912:
#  Alignment score:  46.4
#  P-value:  3.059e-01
#  Query aligned region: 3-3,6-9
#  Target aligned region: 5:'0'1931-5:'0'1931,8:'0'2267-8:'0'2267,11:'0'1908-11:'0'1908

	A...G~G
	A...G~G

#  Matched base-pairing interactions: 
	<A(3:)-G(6:) trans S/S>                        MATCHES	<A(5:'0'1931)-G(8:'0'2267) trans S/S>
	<A(3:)-G(9:) trans H/S>                        MATCHES	<A(5:'0'1931)-G(11:'0'1908) trans H/S>
#  Matched base-stacking interactions: 

>>>>>>>>>>   ALIGNMENT ENDS   >>>>>>>>>>

<<<<<<<<<<  ALIGNMENT BEGINS  <<<<<<<<<<

#  Aligning k-turn_consensus and 3cc2_0:638-644_900-904_1352-1362:
#  Alignment score:  44.7
#  P-value:  3.699e-01
#  Query aligned region: 2-4,6-10
#  Target aligned region: 3:'0'642-4:'0'643,7:'0'901-8:'0'902,14:'0'1355-17:'0'1358

	GA~G...G~G--A
	GA~G...G~AAAA

#  Matched base-pairing interactions: 
	<A(3:)-G(6:) trans S/S>                        MATCHES	<A(4:'0'643)-G(8:'0'902) trans S/S>
	<G(2:)-A(10:) trans S/H>                       MATCHES	<G(3:'0'642)-A(17:'0'1358) trans S/H>
	<A(3:)-G(9:) trans H/S>                        MATCHES	<A(4:'0'643)-A(14:'0'1355) trans H/H>
	<G(4:)-A(10:) trans S/S>                       MATCHES	<G(7:'0'901)-A(17:'0'1358) cis S/S>
#  Matched base-stacking interactions: 
	<A(3:)-A(10:) outward>                         MATCHES	<A(4:'0'643)-A(17:'0'1358) outward>

>>>>>>>>>>   ALIGNMENT ENDS   >>>>>>>>>>

<<<<<<<<<<  ALIGNMENT BEGINS  <<<<<<<<<<

#  Aligning k-turn_consensus and 3cc2_0:561-568_1092-1093_586-594:
#  Alignment score:  42.4
#  P-value:  4.941e-01
#  Query aligned region: 3-3,6-9
#  Target aligned region: 4:'0'566-4:'0'566,8:'0'1093-8:'0'1093,15:'0'592-15:'0'592

	A...G~G
	A...G~G

#  Matched base-pairing interactions: 
	<A(3:)-G(6:) trans S/S>                        MATCHES	<A(4:'0'566)-G(8:'0'1093) trans S/S>
	<A(3:)-G(9:) trans H/S>                        MATCHES	<A(4:'0'566)-G(15:'0'592) trans H/S>
#  Matched base-stacking interactions: 

>>>>>>>>>>   ALIGNMENT ENDS   >>>>>>>>>>

<<<<<<<<<<  ALIGNMENT BEGINS  <<<<<<<<<<

#  Aligning k-turn_consensus and 3cc2_0:2305-2313_2294-2301_1061-1062:
#  Alignment score:  41.6
#  P-value:  5.524e-01
#  Query aligned region: 3-3,6-9
#  Target aligned region: 15:'0'2301-16:'0'2302,18:'0'1063-18:'0'1063

	A...G~G
	A...A~G

#  Matched base-pairing interactions: 
	<A(3:)-G(6:) trans S/S>                        MATCHES	<A(15:'0'2301)-A(16:'0'2302) trans S/S>
	<A(3:)-G(9:) trans H/S>                        MATCHES	<A(15:'0'2301)-G(18:'0'1063) trans H/S>
#  Matched base-stacking interactions: 

>>>>>>>>>>   ALIGNMENT ENDS   >>>>>>>>>>

<<<<<<<<<<  ALIGNMENT BEGINS  <<<<<<<<<<

#  Aligning k-turn_consensus and 3cc2_0:2688-2695_2565-2566_2697-2705:
#  Alignment score:  39.4
#  P-value:  7.783e-01
#  Query aligned region: 0-3,6-12
#  Target aligned region: 0:'0'2689-5:'0'2694,9:'0'2567-9:'0'2567,13:'0'2701-17:'0'2705

	GG--GA...G~GA-AC
	AUAGUA...G~GAACU

#  Matched base-pairing interactions: 
	<A(3:)-G(9:) trans H/S>                        MATCHES	<A(5:'0'2694)-G(13:'0'2701) trans H/S>
	<G(1:)-A(11:) trans S/H>                       MATCHES	<U(1:'0'2690)-C(16:'0'2704) trans S/H>
	<G(2:)-A(10:) trans S/H>                       MATCHES	<U(4:'0'2693)-A(14:'0'2702) trans W/H>
	<A(3:)-G(6:) trans S/S>                        MATCHES	<A(5:'0'2694)-G(9:'0'2567) cis -/->
	<G(0:)-C(12:) cis W/W>                         MATCHES	<A(0:'0'2689)-U(17:'0'2705) cis W/W>
#  Matched base-stacking interactions: 
	<A(3:)-A(10:) outward>                         MATCHES	<A(5:'0'2694)-A(14:'0'2702) outward>

>>>>>>>>>>   ALIGNMENT ENDS   >>>>>>>>>>

<<<<<<<<<<  ALIGNMENT BEGINS  <<<<<<<<<<

#  Aligning k-turn_consensus and 3cc2_0:651-663_680-685_744-753:
#  Alignment score:  38.2
#  P-value:  9.652e-01
#  Query aligned region: 2-4,5-10
#  Target aligned region: 6:'0'658-9:'0'661,17:'0'685-18:'0'686,19:'0'745-21:'0'747

	G-AG...CG~G-A
	CAAG...CA~GAG

#  Matched base-pairing interactions: 
	<A(3:)-G(6:) trans S/S>                        MATCHES	<A(8:'0'660)-A(18:'0'686) cis -/->
	<A(3:)-G(9:) trans H/S>                        MATCHES	<A(8:'0'660)-G(19:'0'745) cis -/->
	<G(4:)-A(10:) trans S/S>                       MATCHES	<G(9:'0'661)-G(21:'0'747) trans S/S>
	<G(4:)-C(5:) cis W/W>                          MATCHES	<G(9:'0'661)-C(17:'0'685) cis W/W>
	<G(2:)-A(10:) trans S/H>                       MATCHES	<C(6:'0'658)-G(21:'0'747) cis W/W>
#  Matched base-stacking interactions: 

>>>>>>>>>>   ALIGNMENT ENDS   >>>>>>>>>>

<<<<<<<<<<  ALIGNMENT BEGINS  <<<<<<<<<<

#  Aligning k-turn_consensus and 3cc2_0:1614-1617_1539-1545_1638-1645:
#  Alignment score:  27.6
#  P-value:  1.000e+00
#  Query aligned region: 0-1,11-12
#  Target aligned region: 6:'0'1542-7:'0'1543,14:'0'1642-15:'0'1643

	GG...AC
	GG...AC

#  Matched base-pairing interactions: 
	<G(1:)-A(11:) trans S/H>                       MATCHES	<G(7:'0'1543)-A(14:'0'1642) trans S/H>
	<G(0:)-C(12:) cis W/W>                         MATCHES	<G(6:'0'1542)-C(15:'0'1643) cis W/W>
#  Matched base-stacking interactions: 

>>>>>>>>>>   ALIGNMENT ENDS   >>>>>>>>>>

<<<<<<<<<<  ALIGNMENT BEGINS  <<<<<<<<<<

#  Aligning k-turn_consensus and 3cc2_0:1199-1203_1168-1169_1171-1176:
#  Alignment score:  27.5
#  P-value:  1.000e+00
#  Query aligned region: 0-1,11-12
#  Target aligned region: 3:'0'1203-3:'0'1203,6:'0'1170-6:'0'1170,8:'0'1173-11:'0'1176

	G~G...A--C
	G~U...AAGC

#  Matched base-pairing interactions: 
	<G(0:)-C(12:) cis W/W>                         MATCHES	<G(3:'0'1203)-C(11:'0'1176) cis W/W>
	<G(1:)-A(11:) trans S/H>                       MATCHES	<U(6:'0'1170)-A(8:'0'1173) trans S/H>
#  Matched base-stacking interactions: 

>>>>>>>>>>   ALIGNMENT ENDS   >>>>>>>>>>

<<<<<<<<<<  ALIGNMENT BEGINS  <<<<<<<<<<

#  Aligning k-turn_consensus and 3cc2_0:1650-1661_1488-1489_1528-1534:
#  Alignment score:  26.8
#  P-value:  1.000e+00
#  Query aligned region: 3-3,6-9
#  Target aligned region: 8:'0'1659-8:'0'1659,13:'0'1490-13:'0'1490,17:'0'1532-17:'0'1532

	A...G~G
	A...G~G

#  Matched base-pairing interactions: 
	<A(3:)-G(9:) trans H/S>                        MATCHES	<A(8:'0'1659)-G(17:'0'1532) trans H/S>
	<A(3:)-G(6:) trans S/S>                        MATCHES	<A(8:'0'1659)-G(13:'0'1490) cis -/->
#  Matched base-stacking interactions: 

>>>>>>>>>>   ALIGNMENT ENDS   >>>>>>>>>>

<<<<<<<<<<  ALIGNMENT BEGINS  <<<<<<<<<<

#  Aligning k-turn_consensus and 3cc2_0:2768-2776_2796-2798_2799-2804:
#  Alignment score:  26.6
#  P-value:  1.000e+00
#  Query aligned region: 0-1,11-12
#  Target aligned region: 3:'0'2772-3:'0'2772,12:'0'2800-14:'0'2802

	G~G...AC
	G~A...AC

#  Matched base-pairing interactions: 
	<G(0:)-C(12:) cis W/W>                         MATCHES	<G(3:'0'2772)-C(14:'0'2802) cis W/W>
	<G(1:)-A(11:) trans S/H>                       MATCHES	<A(12:'0'2800)-A(13:'0'2801) trans S/H>
#  Matched base-stacking interactions: 

>>>>>>>>>>   ALIGNMENT ENDS   >>>>>>>>>>

<<<<<<<<<<  ALIGNMENT BEGINS  <<<<<<<<<<

#  Aligning k-turn_consensus and 3cc2_0:1205-1209_1187-1190_1157-1163:
#  Alignment score:  26
#  P-value:  1.000e+00
#  Query aligned region: 3-3,6-9
#  Target aligned region: 1:'0'1207-1:'0'1207,7:'0'1190-7:'0'1190,11:'0'1160-11:'0'1160

	A...G~G
	A...G~G

#  Matched base-pairing interactions: 
	<A(3:)-G(9:) trans H/S>                        MATCHES	<A(1:'0'1207)-G(11:'0'1160) trans H/S>
	<A(3:)-G(6:) trans S/S>                        MATCHES	<A(1:'0'1207)-G(7:'0'1190) cis -/->
#  Matched base-stacking interactions: 

>>>>>>>>>>   ALIGNMENT ENDS   >>>>>>>>>>

<<<<<<<<<<  ALIGNMENT BEGINS  <<<<<<<<<<

#  Aligning k-turn_consensus and 3cc2_0:692-697_730-732_687-690:
#  Alignment score:  26
#  P-value:  1.000e+00
#  Query aligned region: 3-3,6-9
#  Target aligned region: 1:'0'694-1:'0'694,7:'0'732-7:'0'732,12:'0'691-12:'0'691

	A...G~G
	A...C~G

#  Matched base-pairing interactions: 
	<A(3:)-G(9:) trans H/S>                        MATCHES	<A(1:'0'694)-G(12:'0'691) trans H/S>
	<A(3:)-G(6:) trans S/S>                        MATCHES	<A(1:'0'694)-C(7:'0'732) cis -/->
#  Matched base-stacking interactions: 

>>>>>>>>>>   ALIGNMENT ENDS   >>>>>>>>>>

<<<<<<<<<<  ALIGNMENT BEGINS  <<<<<<<<<<

#  Aligning k-turn_consensus and 3cc2_0:406-415_423-428_191-202:
#  Alignment score:  25.5
#  P-value:  1.000e+00
#  Query aligned region: 0-1,11-12
#  Target aligned region: 19:'0'195-25:'0'201

	GG...A-C
	CG...ACG

#  Matched base-pairing interactions: 
	<G(0:)-C(12:) cis W/W>                         MATCHES	<C(19:'0'195)-G(25:'0'201) cis W/W>
	<G(1:)-A(11:) trans S/H>                       MATCHES	<G(20:'0'196)-A(23:'0'199) trans S/H>
#  Matched base-stacking interactions: 

>>>>>>>>>>   ALIGNMENT ENDS   >>>>>>>>>>

<<<<<<<<<<  ALIGNMENT BEGINS  <<<<<<<<<<

#  Aligning k-turn_consensus and 3cc2_0:2628-2633_2469-2471_2113-2117:
#  Alignment score:  25.4
#  P-value:  1.000e+00
#  Query aligned region: 3-3,6-9
#  Target aligned region: 4:'0'2633-4:'0'2633,7:'0'2471-7:'0'2471,9:'0'2114-9:'0'2114

	A...G~G
	A...G~C

#  Matched base-pairing interactions: 
	<A(3:)-G(6:) trans S/S>                        MATCHES	<A(4:'0'2633)-G(7:'0'2471) trans S/S>
	<A(3:)-G(9:) trans H/S>                        MATCHES	<A(4:'0'2633)-C(9:'0'2114) cis S/S>
#  Matched base-stacking interactions: 

>>>>>>>>>>   ALIGNMENT ENDS   >>>>>>>>>>

<<<<<<<<<<  ALIGNMENT BEGINS  <<<<<<<<<<

#  Aligning k-turn_consensus and 3cc2_0:1577-1585_1642-1645_1609-1617:
#  Alignment score:  25.4
#  P-value:  1.000e+00
#  Query aligned region: 3-3,6-9
#  Target aligned region: 3:'0'1581-3:'0'1581,12:'0'1646-12:'0'1646,17:'0'1614-17:'0'1614

	A...G~G
	A...G~G

#  Matched base-pairing interactions: 
	<A(3:)-G(9:) trans H/S>                        MATCHES	<A(3:'0'1581)-G(17:'0'1614) trans H/S>
	<A(3:)-G(6:) trans S/S>                        MATCHES	<A(3:'0'1581)-G(12:'0'1646) cis S/S>
#  Matched base-stacking interactions: 

>>>>>>>>>>   ALIGNMENT ENDS   >>>>>>>>>>

<<<<<<<<<<  ALIGNMENT BEGINS  <<<<<<<<<<

#  Aligning k-turn_consensus and 3cc2_0:1291-1295_1037-1041_909-912:
#  Alignment score:  25.2
#  P-value:  1.000e+00
#  Query aligned region: 3-3,6-9
#  Target aligned region: 2:'0'1294-2:'0'1294,8:'0'1041-8:'0'1041,11:'0'911-11:'0'911

	A...G~G
	A...U~G

#  Matched base-pairing interactions: 
	<A(3:)-G(9:) trans H/S>                        MATCHES	<A(2:'0'1294)-G(11:'0'911) trans H/S>
	<A(3:)-G(6:) trans S/S>                        MATCHES	<A(2:'0'1294)-U(8:'0'1041) cis -/->
#  Matched base-stacking interactions: 

>>>>>>>>>>   ALIGNMENT ENDS   >>>>>>>>>>

<<<<<<<<<<  ALIGNMENT BEGINS  <<<<<<<<<<

#  Aligning k-turn_consensus and 3cc2_0:1130-1137_2497-2500_1224-1230:
#  Alignment score:  25.2
#  P-value:  1.000e+00
#  Query aligned region: 3-3,6-9
#  Target aligned region: 2:'0'1133-2:'0'1133,10:'0'2500-10:'0'2500,16:'0'1229-16:'0'1229

	A...G~G
	A...C~C

#  Matched base-pairing interactions: 
	<A(3:)-G(9:) trans H/S>                        MATCHES	<A(2:'0'1133)-C(16:'0'1229) trans H/S>
	<A(3:)-G(6:) trans S/S>                        MATCHES	<A(2:'0'1133)-C(10:'0'2500) cis -/->
#  Matched base-stacking interactions: 

>>>>>>>>>>   ALIGNMENT ENDS   >>>>>>>>>>

<<<<<<<<<<  ALIGNMENT BEGINS  <<<<<<<<<<

#  Aligning k-turn_consensus and 3cc2_0:1989-1997_2581-2585_2591-2595:
#  Alignment score:  25
#  P-value:  1.000e+00
#  Query aligned region: 3-3,6-9
#  Target aligned region: 4:'0'1994-4:'0'1994,11:'0'2584-11:'0'2584,16:'0'2594-16:'0'2594

	A...G~G
	A...G~C

#  Matched base-pairing interactions: 
	<A(3:)-G(6:) trans S/S>                        MATCHES	<A(4:'0'1994)-G(11:'0'2584) trans S/S>
	<A(3:)-G(9:) trans H/S>                        MATCHES	<A(4:'0'1994)-C(16:'0'2594) cis S/S>
#  Matched base-stacking interactions: 

>>>>>>>>>>   ALIGNMENT ENDS   >>>>>>>>>>

<<<<<<<<<<  ALIGNMENT BEGINS  <<<<<<<<<<

#  Aligning k-turn_consensus and 3cc2_0:853-857_787-792_818-826:
#  Alignment score:  24.6
#  P-value:  1.000e+00
#  Query aligned region: 1-1,11-11
#  Target aligned region: 0:'0'854-0:'0'854,19:'0'827-19:'0'827

	G...A
	G...A

#  Matched base-pairing interactions: 
	<G(1:)-A(11:) trans S/H>                       MATCHES	<G(0:'0'854)-A(19:'0'827) trans S/H>
#  Matched base-stacking interactions: 

>>>>>>>>>>   ALIGNMENT ENDS   >>>>>>>>>>

<<<<<<<<<<  ALIGNMENT BEGINS  <<<<<<<<<<

#  Aligning k-turn_consensus and 3cc2_0:1764-1770_1771-1778_2016-2018:
#  Alignment score:  24.6
#  P-value:  1.000e+00
#  Query aligned region: 1-1,11-11
#  Target aligned region: 0:'0'1765-0:'0'1765,14:'0'1779-14:'0'1779

	G...A
	G...A

#  Matched base-pairing interactions: 
	<G(1:)-A(11:) trans S/H>                       MATCHES	<G(0:'0'1765)-A(14:'0'1779) trans S/H>
#  Matched base-stacking interactions: 

>>>>>>>>>>   ALIGNMENT ENDS   >>>>>>>>>>

<<<<<<<<<<  ALIGNMENT BEGINS  <<<<<<<<<<

#  Aligning k-turn_consensus and 3cc2_0:2637-2643_1837-1842_2621-2626:
#  Alignment score:  24.5
#  P-value:  1.000e+00
#  Query aligned region: 0-1,11-12
#  Target aligned region: 0:'0'2638-3:'0'2641,11:'0'1842-11:'0'1842,17:'0'2626-17:'0'2626

	G--G...A~C
	GGUC...A~C

#  Matched base-pairing interactions: 
	<G(0:)-C(12:) cis W/W>                         MATCHES	<G(0:'0'2638)-C(17:'0'2626) cis W/W>
	<G(1:)-A(11:) trans S/H>                       MATCHES	<C(3:'0'2641)-A(11:'0'1842) trans S/H>
#  Matched base-stacking interactions: 

>>>>>>>>>>   ALIGNMENT ENDS   >>>>>>>>>>

<<<<<<<<<<  ALIGNMENT BEGINS  <<<<<<<<<<

#  Aligning k-turn_consensus and 3cc2_0:1843-1850_1828-1831_1880-1884:
#  Alignment score:  24.4
#  P-value:  1.000e+00
#  Query aligned region: 3-3,6-9
#  Target aligned region: 3:'0'1847-3:'0'1847,8:'0'1829-8:'0'1829,15:'0'1884-15:'0'1884

	A...G~G
	A...A~G

#  Matched base-pairing interactions: 
	<A(3:)-G(9:) trans H/S>                        MATCHES	<A(3:'0'1847)-G(15:'0'1884) trans H/S>
	<A(3:)-G(6:) trans S/S>                        MATCHES	<A(3:'0'1847)-A(8:'0'1829) cis -/->
#  Matched base-stacking interactions: 

>>>>>>>>>>   ALIGNMENT ENDS   >>>>>>>>>>

<<<<<<<<<<  ALIGNMENT BEGINS  <<<<<<<<<<

#  Aligning k-turn_consensus and 3cc2_0:2637-2643_2621-2626_1837-1842:
#  Alignment score:  24.4
#  P-value:  1.000e+00
#  Query aligned region: 0-1,11-12
#  Target aligned region: 4:'0'2642-5:'0'2643,7:'0'2622-7:'0'2622,14:'0'1839-14:'0'1839

	GG...A~C
	GG...A~A

#  Matched base-pairing interactions: 
	<G(0:)-C(12:) cis W/W>                         MATCHES	<G(4:'0'2642)-A(14:'0'1839) cis S/S>
	<G(1:)-A(11:) trans S/H>                       MATCHES	<G(5:'0'2643)-A(7:'0'2622) trans S/H>
#  Matched base-stacking interactions: 

>>>>>>>>>>   ALIGNMENT ENDS   >>>>>>>>>>

<<<<<<<<<<  ALIGNMENT BEGINS  <<<<<<<<<<

#  Aligning k-turn_consensus and 3cc2_0:458-464_450-457_474-478:
#  Alignment score:  24.2
#  P-value:  1.000e+00
#  Query aligned region: 3-3,6-9
#  Target aligned region: 4:'0'463-4:'0'463,14:'0'458-14:'0'458,17:'0'477-17:'0'477

	A...G~G
	A...G~A

#  Matched base-pairing interactions: 
	<A(3:)-G(6:) trans S/S>                        MATCHES	<A(4:'0'463)-G(14:'0'458) trans S/S>
	<A(3:)-G(9:) trans H/S>                        MATCHES	<A(4:'0'463)-A(17:'0'477) trans H/H>
#  Matched base-stacking interactions: 

>>>>>>>>>>   ALIGNMENT ENDS   >>>>>>>>>>

<<<<<<<<<<  ALIGNMENT BEGINS  <<<<<<<<<<

#  Aligning k-turn_consensus and 3cc2_0:1290-1293_1068-1071_910-913:
#  Alignment score:  24.2
#  P-value:  1.000e+00
#  Query aligned region: 1-1,11-11
#  Target aligned region: 5:'0'1070-5:'0'1070,11:'0'914-11:'0'914

	G...A
	A...A

#  Matched base-pairing interactions: 
	<G(1:)-A(11:) trans S/H>                       MATCHES	<A(5:'0'1070)-A(11:'0'914) trans S/H>
#  Matched base-stacking interactions: 

>>>>>>>>>>   ALIGNMENT ENDS   >>>>>>>>>>

<<<<<<<<<<  ALIGNMENT BEGINS  <<<<<<<<<<

#  Aligning k-turn_consensus and 3cc2_0:1570-1578_1510-1511_1615-1625:
#  Alignment score:  24
#  P-value:  1.000e+00
#  Query aligned region: 3-3,6-9
#  Target aligned region: 2:'0'1573-2:'0'1573,9:'0'1511-9:'0'1511,18:'0'1623-18:'0'1623

	A...G~G
	A...U~C

#  Matched base-pairing interactions: 
	<A(3:)-G(9:) trans H/S>                        MATCHES	<A(2:'0'1573)-C(18:'0'1623) trans H/S>
	<A(3:)-G(6:) trans S/S>                        MATCHES	<A(2:'0'1573)-U(9:'0'1511) cis -/->
#  Matched base-stacking interactions: 

>>>>>>>>>>   ALIGNMENT ENDS   >>>>>>>>>>

<<<<<<<<<<  ALIGNMENT BEGINS  <<<<<<<<<<

#  Aligning k-turn_consensus and 3cc2_0:2773-2782_2557-2559_2789-2800:
#  Alignment score:  24
#  P-value:  1.000e+00
#  Query aligned region: 3-3,6-9
#  Target aligned region: 2:'0'2776-2:'0'2776,11:'0'2559-11:'0'2559,21:'0'2798-21:'0'2798

	A...G~G
	A...C~G

#  Matched base-pairing interactions: 
	<A(3:)-G(9:) trans H/S>                        MATCHES	<A(2:'0'2776)-G(21:'0'2798) trans H/S>
	<A(3:)-G(6:) trans S/S>                        MATCHES	<A(2:'0'2776)-C(11:'0'2559) cis -/->
#  Matched base-stacking interactions: 

>>>>>>>>>>   ALIGNMENT ENDS   >>>>>>>>>>

<<<<<<<<<<  ALIGNMENT BEGINS  <<<<<<<<<<

#  Aligning k-turn_consensus and 3cc2_0:2528-2530_2281-2285_1051-1062:
#  Alignment score:  23.9
#  P-value:  1.000e+00
#  Query aligned region: 0-1,11-12
#  Target aligned region: 10:'0'1054-16:'0'1060

	GG...A-C
	GG...AGC

#  Matched base-pairing interactions: 
	<G(0:)-C(12:) cis W/W>                         MATCHES	<G(10:'0'1054)-C(16:'0'1060) cis W/W>
	<G(1:)-A(11:) trans S/H>                       MATCHES	<G(11:'0'1055)-A(14:'0'1058) trans S/H>
#  Matched base-stacking interactions: 

>>>>>>>>>>   ALIGNMENT ENDS   >>>>>>>>>>

<<<<<<<<<<  ALIGNMENT BEGINS  <<<<<<<<<<

#  Aligning k-turn_consensus and 3cc2_0:2269-2276_2117-2122_162-171:
#  Alignment score:  23.8
#  P-value:  1.000e+00
#  Query aligned region: 1-1,11-11
#  Target aligned region: 0:'0'2270-0:'0'2270,13:'0'2123-13:'0'2123

	G...A
	G...A

#  Matched base-pairing interactions: 
	<G(1:)-A(11:) trans S/H>                       MATCHES	<G(0:'0'2270)-A(13:'0'2123) trans S/H>
#  Matched base-stacking interactions: 

>>>>>>>>>>   ALIGNMENT ENDS   >>>>>>>>>>

<<<<<<<<<<  ALIGNMENT BEGINS  <<<<<<<<<<

#  Aligning k-turn_consensus and 3cc2_0:172-179_156-161_891-894:
#  Alignment score:  23.8
#  P-value:  1.000e+00
#  Query aligned region: 1-1,11-11
#  Target aligned region: 13:'0'162-13:'0'162,15:'0'893-15:'0'893

	G...A
	C...C

#  Matched base-pairing interactions: 
	<G(1:)-A(11:) trans S/H>                       MATCHES	<C(13:'0'162)-C(15:'0'893) trans S/H>
#  Matched base-stacking interactions: 

>>>>>>>>>>   ALIGNMENT ENDS   >>>>>>>>>>

<<<<<<<<<<  ALIGNMENT BEGINS  <<<<<<<<<<

#  Aligning k-turn_consensus and 3cc2_0:1774-1779_1759-1767:
#  Alignment score:  23.8
#  P-value:  1.000e+00
#  Query aligned region: 1-1,11-11
#  Target aligned region: 0:'0'1775-0:'0'1775,14:'0'1768-14:'0'1768

	G...A
	A...C

#  Matched base-pairing interactions: 
	<G(1:)-A(11:) trans S/H>                       MATCHES	<A(0:'0'1775)-C(14:'0'1768) trans S/H>
#  Matched base-stacking interactions: 

>>>>>>>>>>   ALIGNMENT ENDS   >>>>>>>>>>

<<<<<<<<<<  ALIGNMENT BEGINS  <<<<<<<<<<

#  Aligning k-turn_consensus and 3cc2_0:823-831_788-789_849-858:
#  Alignment score:  23.8
#  P-value:  1.000e+00
#  Query aligned region: 1-1,11-11
#  Target aligned region: 0:'0'824-0:'0'824,10:'0'790-10:'0'790

	G...A
	G...A

#  Matched base-pairing interactions: 
	<G(1:)-A(11:) trans S/H>                       MATCHES	<G(0:'0'824)-A(10:'0'790) trans S/H>
#  Matched base-stacking interactions: 

>>>>>>>>>>   ALIGNMENT ENDS   >>>>>>>>>>

<<<<<<<<<<  ALIGNMENT BEGINS  <<<<<<<<<<

#  Aligning k-turn_consensus and 3cc2_0:1430-1431_1367-1373_2050-2055:
#  Alignment score:  23.8
#  P-value:  1.000e+00
#  Query aligned region: 1-1,11-11
#  Target aligned region: 2:'0'1368-2:'0'1368,14:'0'2056-14:'0'2056

	G...A
	U...C

#  Matched base-pairing interactions: 
	<G(1:)-A(11:) trans S/H>                       MATCHES	<U(2:'0'1368)-C(14:'0'2056) trans S/H>
#  Matched base-stacking interactions: 

>>>>>>>>>>   ALIGNMENT ENDS   >>>>>>>>>>

<<<<<<<<<<  ALIGNMENT BEGINS  <<<<<<<<<<

#  Aligning k-turn_consensus and 3cc2_0:1970-1985_2012-2013_2001-2009:
#  Alignment score:  23.6
#  P-value:  1.000e+00
#  Query aligned region: 3-3,6-9
#  Target aligned region: 2:'0'1973-2:'0'1973,17:'0'2014-17:'0'2014,25:'0'2009-25:'0'2009

	A...G~G
	A...G~G

#  Matched base-pairing interactions: 
	<A(3:)-G(9:) trans H/S>                        MATCHES	<A(2:'0'1973)-G(25:'0'2009) trans H/S>
	<A(3:)-G(6:) trans S/S>                        MATCHES	<A(2:'0'1973)-G(17:'0'2014) cis -/->
#  Matched base-stacking interactions: 

>>>>>>>>>>   ALIGNMENT ENDS   >>>>>>>>>>

<<<<<<<<<<  ALIGNMENT BEGINS  <<<<<<<<<<

#  Aligning k-turn_consensus and 3cc2_0:1510-1513_1484-1493_1447-1455:
#  Alignment score:  23.4
#  P-value:  1.000e+00
#  Query aligned region: 0-1,11-12
#  Target aligned region: 9:'0'1490-10:'0'1491,20:'0'1454-21:'0'1455

	GG...AC
	GG...UC

#  Matched base-pairing interactions: 
	<G(1:)-A(11:) trans S/H>                       MATCHES	<G(10:'0'1491)-U(20:'0'1454) trans S/H>
	<G(0:)-C(12:) cis W/W>                         MATCHES	<G(9:'0'1490)-C(21:'0'1455) cis W/W>
#  Matched base-stacking interactions: 

>>>>>>>>>>   ALIGNMENT ENDS   >>>>>>>>>>

<<<<<<<<<<  ALIGNMENT BEGINS  <<<<<<<<<<

#  Aligning k-turn_consensus and 3cc2_0:1631-1638_1566-1568_1545-1554:
#  Alignment score:  23.4
#  P-value:  1.000e+00
#  Query aligned region: 3-3,6-9
#  Target aligned region: 0:'0'1632-0:'0'1632,9:'0'1568-9:'0'1568,18:'0'1553-18:'0'1553

	A...G~G
	A...G~C

#  Matched base-pairing interactions: 
	<A(3:)-G(6:) trans S/S>                        MATCHES	<A(0:'0'1632)-G(9:'0'1568) trans S/S>
	<A(3:)-G(9:) trans H/S>                        MATCHES	<A(0:'0'1632)-C(18:'0'1553) cis S/S>
#  Matched base-stacking interactions: 

>>>>>>>>>>   ALIGNMENT ENDS   >>>>>>>>>>

<<<<<<<<<<  ALIGNMENT BEGINS  <<<<<<<<<<

#  Aligning k-turn_consensus and 3cc2_0:891-894_158-163_170-176:
#  Alignment score:  23
#  P-value:  1.000e+00
#  Query aligned region: 1-1,11-11
#  Target aligned region: 4:'0'159-4:'0'159,16:'0'177-16:'0'177

	G...A
	G...A

#  Matched base-pairing interactions: 
	<G(1:)-A(11:) trans S/H>                       MATCHES	<G(4:'0'159)-A(16:'0'177) trans S/H>
#  Matched base-stacking interactions: 

>>>>>>>>>>   ALIGNMENT ENDS   >>>>>>>>>>

<<<<<<<<<<  ALIGNMENT BEGINS  <<<<<<<<<<

#  Aligning k-turn_consensus and 3cc2_0:2825-2832_2905-2913_2666-2667:
#  Alignment score:  23
#  P-value:  1.000e+00
#  Query aligned region: 1-1,11-11
#  Target aligned region: 0:'0'2826-0:'0'2826,16:'0'2914-16:'0'2914

	G...A
	G...A

#  Matched base-pairing interactions: 
	<G(1:)-A(11:) trans S/H>                       MATCHES	<G(0:'0'2826)-A(16:'0'2914) trans S/H>
#  Matched base-stacking interactions: 

>>>>>>>>>>   ALIGNMENT ENDS   >>>>>>>>>>

<<<<<<<<<<  ALIGNMENT BEGINS  <<<<<<<<<<

#  Aligning k-turn_consensus and 3cc2_0:1570-1578_1615-1625_1510-1511:
#  Alignment score:  23
#  P-value:  1.000e+00
#  Query aligned region: 1-1,11-11
#  Target aligned region: 0:'0'1571-0:'0'1571,19:'0'1626-19:'0'1626

	G...A
	G...A

#  Matched base-pairing interactions: 
	<G(1:)-A(11:) trans S/H>                       MATCHES	<G(0:'0'1571)-A(19:'0'1626) trans S/H>
#  Matched base-stacking interactions: 

>>>>>>>>>>   ALIGNMENT ENDS   >>>>>>>>>>

<<<<<<<<<<  ALIGNMENT BEGINS  <<<<<<<<<<

#  Aligning k-turn_consensus and 3cc2_0:2891-2895_2724-2731_2748-2756:
#  Alignment score:  23
#  P-value:  1.000e+00
#  Query aligned region: 1-1,11-11
#  Target aligned region: 5:'0'2725-5:'0'2725,21:'0'2757-21:'0'2757

	G...A
	G...A

#  Matched base-pairing interactions: 
	<G(1:)-A(11:) trans S/H>                       MATCHES	<G(5:'0'2725)-A(21:'0'2757) trans S/H>
#  Matched base-stacking interactions: 

>>>>>>>>>>   ALIGNMENT ENDS   >>>>>>>>>>

<<<<<<<<<<  ALIGNMENT BEGINS  <<<<<<<<<<

#  Aligning k-turn_consensus and 3cc2_0:486-487_22-27_511-518:
#  Alignment score:  23
#  P-value:  1.000e+00
#  Query aligned region: 1-1,11-11
#  Target aligned region: 3:'0'24-3:'0'24,15:'0'519-15:'0'519

	G...A
	G...A

#  Matched base-pairing interactions: 
	<G(1:)-A(11:) trans S/H>                       MATCHES	<G(3:'0'24)-A(15:'0'519) trans S/H>
#  Matched base-stacking interactions: 

>>>>>>>>>>   ALIGNMENT ENDS   >>>>>>>>>>

<<<<<<<<<<  ALIGNMENT BEGINS  <<<<<<<<<<

#  Aligning k-turn_consensus and 3cc2_0:2082-2084_526-533_10-16:
#  Alignment score:  22.6
#  P-value:  1.000e+00
#  Query aligned region: 0-1,11-12
#  Target aligned region: 6:'0'530-7:'0'531,12:'0'12-13:'0'13

	GG...AC
	CG...UG

#  Matched base-pairing interactions: 
	<G(1:)-A(11:) trans S/H>                       MATCHES	<G(7:'0'531)-U(12:'0'12) trans S/H>
	<G(0:)-C(12:) cis W/W>                         MATCHES	<C(6:'0'530)-G(13:'0'13) cis W/W>
#  Matched base-stacking interactions: 

>>>>>>>>>>   ALIGNMENT ENDS   >>>>>>>>>>

<<<<<<<<<<  ALIGNMENT BEGINS  <<<<<<<<<<

#  Aligning k-turn_consensus and 3cc2_0:2313-2317_2356-2365_2420-2427:
#  Alignment score:  22.4
#  P-value:  1.000e+00
#  Query aligned region: 0-1,11-12
#  Target aligned region: 2:'0'2316-2:'0'2316,8:'0'2360-8:'0'2360,19:'0'2425-20:'0'2426

	G~G...AC
	G~C...AG

#  Matched base-pairing interactions: 
	<G(0:)-C(12:) cis W/W>                         MATCHES	<G(2:'0'2316)-G(20:'0'2426) cis -/->
	<G(1:)-A(11:) trans S/H>                       MATCHES	<C(8:'0'2360)-A(19:'0'2425) trans S/H>
#  Matched base-stacking interactions: 

>>>>>>>>>>   ALIGNMENT ENDS   >>>>>>>>>>

<<<<<<<<<<  ALIGNMENT BEGINS  <<<<<<<<<<

#  Aligning k-turn_consensus and 3cc2_0:936-937_704-711_715-722:
#  Alignment score:  22.4
#  P-value:  1.000e+00
#  Query aligned region: 0-1,11-12
#  Target aligned region: 2:'0'705-3:'0'706,16:'0'722-17:'0'723

	GG...AC
	CG...GG

#  Matched base-pairing interactions: 
	<G(1:)-A(11:) trans S/H>                       MATCHES	<G(3:'0'706)-G(16:'0'722) trans S/H>
	<G(0:)-C(12:) cis W/W>                         MATCHES	<C(2:'0'705)-G(17:'0'723) cis W/W>
#  Matched base-stacking interactions: 

>>>>>>>>>>   ALIGNMENT ENDS   >>>>>>>>>>

<<<<<<<<<<  ALIGNMENT BEGINS  <<<<<<<<<<

#  Aligning k-turn_consensus and 3cc2_0:897-903_638-644_1353-1362:
#  Alignment score:  22.3
#  P-value:  1.000e+00
#  Query aligned region: 0-1,11-12
#  Target aligned region: 9:'0'641-10:'0'642,18:'0'1358-20:'0'1360

	GG...A-C
	GG...AUC

#  Matched base-pairing interactions: 
	<G(0:)-C(12:) cis W/W>                         MATCHES	<G(9:'0'641)-C(20:'0'1360) cis W/W>
	<G(1:)-A(11:) trans S/H>                       MATCHES	<G(10:'0'642)-A(18:'0'1358) trans S/H>
#  Matched base-stacking interactions: 

>>>>>>>>>>   ALIGNMENT ENDS   >>>>>>>>>>

<<<<<<<<<<  ALIGNMENT BEGINS  <<<<<<<<<<

#  Aligning k-turn_consensus and 3cc2_0:550-552_1317-1323_1333-1338:
#  Alignment score:  22.2
#  P-value:  1.000e+00
#  Query aligned region: 3-3,6-9
#  Target aligned region: 1:'0'552-1:'0'552,8:'0'1323-8:'0'1323,10:'0'1334-10:'0'1334

	A...G~G
	A...G~C

#  Matched base-pairing interactions: 
	<A(3:)-G(6:) trans S/S>                        MATCHES	<A(1:'0'552)-G(8:'0'1323) trans S/S>
	<A(3:)-G(9:) trans H/S>                        MATCHES	<A(1:'0'552)-C(10:'0'1334) cis S/S>
#  Matched base-stacking interactions: 

>>>>>>>>>>   ALIGNMENT ENDS   >>>>>>>>>>

<<<<<<<<<<  ALIGNMENT BEGINS  <<<<<<<<<<

#  Aligning k-turn_consensus and 3cc2_0:2727-2728_2887-2894_2860-2868:
#  Alignment score:  22.2
#  P-value:  1.000e+00
#  Query aligned region: 0-1,11-12
#  Target aligned region: 1:'0'2729-1:'0'2729,4:'0'2890-6:'0'2892

	G~G...AC
	C~A...AG

#  Matched base-pairing interactions: 
	<G(0:)-C(12:) cis W/W>                         MATCHES	<C(1:'0'2729)-G(6:'0'2892) cis -/->
	<G(1:)-A(11:) trans S/H>                       MATCHES	<A(4:'0'2890)-A(5:'0'2891) trans S/H>
#  Matched base-stacking interactions: 

>>>>>>>>>>   ALIGNMENT ENDS   >>>>>>>>>>

<<<<<<<<<<  ALIGNMENT BEGINS  <<<<<<<<<<

#  Aligning k-turn_consensus and 3cc2_0:146-147_42-51_107-114:
#  Alignment score:  22.2
#  P-value:  1.000e+00
#  Query aligned region: 1-1,11-11
#  Target aligned region: 6:'0'47-6:'0'47,17:'0'113-17:'0'113

	G...A
	G...A

#  Matched base-pairing interactions: 
	<G(1:)-A(11:) trans S/H>                       MATCHES	<G(6:'0'47)-A(17:'0'113) trans S/H>
#  Matched base-stacking interactions: 

>>>>>>>>>>   ALIGNMENT ENDS   >>>>>>>>>>

<<<<<<<<<<  ALIGNMENT BEGINS  <<<<<<<<<<

#  Aligning k-turn_consensus and 3cc2_0:23-27_502-517_480-488:
#  Alignment score:  22.2
#  P-value:  1.000e+00
#  Query aligned region: 1-1,11-11
#  Target aligned region: 5:'0'503-5:'0'503,29:'0'489-29:'0'489

	G...A
	G...A

#  Matched base-pairing interactions: 
	<G(1:)-A(11:) trans S/H>                       MATCHES	<G(5:'0'503)-A(29:'0'489) trans S/H>
#  Matched base-stacking interactions: 

>>>>>>>>>>   ALIGNMENT ENDS   >>>>>>>>>>

<<<<<<<<<<  ALIGNMENT BEGINS  <<<<<<<<<<

#  Aligning k-turn_consensus and 3cc2_0:259-266_243-248:
#  Alignment score:  22.2
#  P-value:  1.000e+00
#  Query aligned region: 1-1,11-11
#  Target aligned region: 4:'0'264-4:'0'264,11:'0'247-11:'0'247

	G...A
	G...A

#  Matched base-pairing interactions: 
	<G(1:)-A(11:) trans S/H>                       MATCHES	<G(4:'0'264)-A(11:'0'247) trans S/H>
#  Matched base-stacking interactions: 

>>>>>>>>>>   ALIGNMENT ENDS   >>>>>>>>>>

<<<<<<<<<<  ALIGNMENT BEGINS  <<<<<<<<<<

#  Aligning k-turn_consensus and 3cc2_0:764-767_2104-2110_2475-2480:
#  Alignment score:  21.8
#  P-value:  1.000e+00
#  Query aligned region: 3-3,6-9
#  Target aligned region: 2:'0'767-2:'0'767,9:'0'2110-9:'0'2110,12:'0'2477-12:'0'2477

	A...G~G
	A...G~C

#  Matched base-pairing interactions: 
	<A(3:)-G(6:) trans S/S>                        MATCHES	<A(2:'0'767)-G(9:'0'2110) trans S/S>
	<A(3:)-G(9:) trans H/S>                        MATCHES	<A(2:'0'767)-C(12:'0'2477) cis S/S>
#  Matched base-stacking interactions: 

>>>>>>>>>>   ALIGNMENT ENDS   >>>>>>>>>>

<<<<<<<<<<  ALIGNMENT BEGINS  <<<<<<<<<<

#  Aligning k-turn_consensus and 3cc2_0:2297-2300_951-953_2301-2309:
#  Alignment score:  21.6
#  P-value:  1.000e+00
#  Query aligned region: 0-4,5-12
#  Target aligned region: 0:'0'2298-3:'0'2301,5:'0'953-6:'0'954,7:'0'2302-15:'0'2310

	GGGA~G...C~G-AAGAA-C
	CGAA~G...U~AAGAUAUCG

#  Matched base-pairing interactions: 
	<A(3:)-G(6:) trans S/S>                        MATCHES	<A(3:'0'2301)-A(7:'0'2302) trans S/S>
	<G(2:)-A(10:) trans S/H>                       MATCHES	<A(2:'0'2300)-A(12:'0'2307) trans H/H>
	<G(4:)-C(5:) cis W/W>                          MATCHES	<G(5:'0'953)-U(6:'0'954) cis S/H>
	<A(3:)-G(9:) trans H/S>                        MATCHES	<A(3:'0'2301)-U(11:'0'2306) trans W/W>
	<G(0:)-C(12:) cis W/W>                         MATCHES	<C(0:'0'2298)-G(15:'0'2310) cis W/W>
	<G(1:)-A(11:) trans S/H>                       MATCHES	<G(1:'0'2299)-U(13:'0'2308) trans S/H>
#  Matched base-stacking interactions: 

>>>>>>>>>>   ALIGNMENT ENDS   >>>>>>>>>>

<<<<<<<<<<  ALIGNMENT BEGINS  <<<<<<<<<<

#  Aligning k-turn_consensus and 3cc2_0:1142-1153_1212-1220:
#  Alignment score:  21.4
#  P-value:  1.000e+00
#  Query aligned region: 1-1,11-11
#  Target aligned region: 8:'0'1151-8:'0'1151,14:'0'1215-14:'0'1215

	G...A
	G...A

#  Matched base-pairing interactions: 
	<G(1:)-A(11:) trans S/H>                       MATCHES	<G(8:'0'1151)-A(14:'0'1215) trans S/H>
#  Matched base-stacking interactions: 

>>>>>>>>>>   ALIGNMENT ENDS   >>>>>>>>>>

<<<<<<<<<<  ALIGNMENT BEGINS  <<<<<<<<<<

#  Aligning k-turn_consensus and 3cc2_0:2785-2796_2776-2784_1151-1153:
#  Alignment score:  21.4
#  P-value:  1.000e+00
#  Query aligned region: 1-1,11-11
#  Target aligned region: 4:'0'2790-4:'0'2790,15:'0'2780-15:'0'2780

	G...A
	C...C

#  Matched base-pairing interactions: 
	<G(1:)-A(11:) trans S/H>                       MATCHES	<C(4:'0'2790)-C(15:'0'2780) trans S/H>
#  Matched base-stacking interactions: 

>>>>>>>>>>   ALIGNMENT ENDS   >>>>>>>>>>

<<<<<<<<<<  ALIGNMENT BEGINS  <<<<<<<<<<

#  Aligning k-turn_consensus and 3cc2_0:2557-2559_2773-2782_2789-2800:
#  Alignment score:  21.4
#  P-value:  1.000e+00
#  Query aligned region: 1-1,11-11
#  Target aligned region: 11:'0'2782-11:'0'2782,15:'0'2792-15:'0'2792

	G...A
	G...A

#  Matched base-pairing interactions: 
	<G(1:)-A(11:) trans S/H>                       MATCHES	<G(11:'0'2782)-A(15:'0'2792) trans S/H>
#  Matched base-stacking interactions: 

>>>>>>>>>>   ALIGNMENT ENDS   >>>>>>>>>>

<<<<<<<<<<  ALIGNMENT BEGINS  <<<<<<<<<<

#  Aligning k-turn_consensus and 3cc2_0:2016-2020_1765-1775_1826-1828:
#  Alignment score:  21.2
#  P-value:  1.000e+00
#  Query aligned region: 3-3,6-9
#  Target aligned region: 2:'0'2019-2:'0'2019,14:'0'1775-14:'0'1775,18:'0'1829-18:'0'1829

	A...G~G
	A...A~A

#  Matched base-pairing interactions: 
	<A(3:)-G(6:) trans S/S>                        MATCHES	<A(2:'0'2019)-A(14:'0'1775) trans S/S>
	<A(3:)-G(9:) trans H/S>                        MATCHES	<A(2:'0'2019)-A(18:'0'1829) cis -/->
#  Matched base-stacking interactions: 

>>>>>>>>>>   ALIGNMENT ENDS   >>>>>>>>>>

<<<<<<<<<<  ALIGNMENT BEGINS  <<<<<<<<<<

#  Aligning k-turn_consensus and 3cc2_0:1320-1329_1330-1336_904-906:
#  Alignment score:  21
#  P-value:  1.000e+00
#  Query aligned region: 3-3,6-9
#  Target aligned region: 9:'0'1330-9:'0'1330,10:'0'1331-10:'0'1331,17:'0'905-17:'0'905

	A...G~G
	A...G~C

#  Matched base-pairing interactions: 
	<A(3:)-G(6:) trans S/S>                        MATCHES	<A(9:'0'1330)-G(10:'0'1331) trans S/S>
	<A(3:)-G(9:) trans H/S>                        MATCHES	<A(9:'0'1330)-C(17:'0'905) cis S/S>
#  Matched base-stacking interactions: 

>>>>>>>>>>   ALIGNMENT ENDS   >>>>>>>>>>

<<<<<<<<<<  ALIGNMENT BEGINS  <<<<<<<<<<

#  Aligning k-turn_consensus and 3cc2_0:239-244_368-378_265-279:
#  Alignment score:  20.8
#  P-value:  1.000e+00
#  Query aligned region: 3-3,6-9
#  Target aligned region: 2:'0'242-2:'0'242,14:'0'377-14:'0'377,20:'0'269-20:'0'269

	A...G~G
	A...C~G

#  Matched base-pairing interactions: 
	<A(3:)-G(9:) trans H/S>                        MATCHES	<A(2:'0'242)-G(20:'0'269) trans H/S>
	<A(3:)-G(6:) trans S/S>                        MATCHES	<A(2:'0'242)-C(14:'0'377) cis -/->
#  Matched base-stacking interactions: 

>>>>>>>>>>   ALIGNMENT ENDS   >>>>>>>>>>

<<<<<<<<<<  ALIGNMENT BEGINS  <<<<<<<<<<

#  Aligning k-turn_consensus and 3cc2_0:1751-1753_1740-1746_2030-2037:
#  Alignment score:  20.2
#  P-value:  1.000e+00
#  Query aligned region: 0-1,11-12
#  Target aligned region: 6:'0'1744-7:'0'1745,13:'0'2034-14:'0'2035

	GG...AC
	GG...UC

#  Matched base-pairing interactions: 
	<G(1:)-A(11:) trans S/H>                       MATCHES	<G(7:'0'1745)-U(13:'0'2034) trans S/H>
	<G(0:)-C(12:) cis W/W>                         MATCHES	<G(6:'0'1744)-C(14:'0'2035) cis W/W>
#  Matched base-stacking interactions: 

>>>>>>>>>>   ALIGNMENT ENDS   >>>>>>>>>>

<<<<<<<<<<  ALIGNMENT BEGINS  <<<<<<<<<<

#  Aligning k-turn_consensus and 3cc2_0:2672-2678_2805-2813_2660-2661:
#  Alignment score:  19.8
#  P-value:  1.000e+00
#  Query aligned region: 1-1,11-11
#  Target aligned region: 1:'0'2674-1:'0'2674,14:'0'2813-14:'0'2813

	G...A
	G...A

#  Matched base-pairing interactions: 
	<G(1:)-A(11:) trans S/H>                       MATCHES	<G(1:'0'2674)-A(14:'0'2813) trans S/H>
#  Matched base-stacking interactions: 

>>>>>>>>>>   ALIGNMENT ENDS   >>>>>>>>>>

<<<<<<<<<<  ALIGNMENT BEGINS  <<<<<<<<<<

#  Aligning k-turn_consensus and 3cc2_0:1491-1498_1446-1450_1502-1513:
#  Alignment score:  19.4
#  P-value:  1.000e+00
#  Query aligned region: 3-3,6-9
#  Target aligned region: 1:'0'1493-1:'0'1493,10:'0'1449-10:'0'1449,23:'0'1513-23:'0'1513

	A...G~G
	A...G~C

#  Matched base-pairing interactions: 
	<A(3:)-G(6:) trans S/S>                        MATCHES	<A(1:'0'1493)-G(10:'0'1449) trans S/S>
	<A(3:)-G(9:) trans H/S>                        MATCHES	<A(1:'0'1493)-C(23:'0'1513) cis S/S>
#  Matched base-stacking interactions: 

>>>>>>>>>>   ALIGNMENT ENDS   >>>>>>>>>>

<<<<<<<<<<  ALIGNMENT BEGINS  <<<<<<<<<<

#  Aligning k-turn_consensus and 3cc2_0:146-153_181-186_40-44:
#  Alignment score:  19
#  P-value:  1.000e+00
#  Query aligned region: 0-1,11-12
#  Target aligned region: 2:'0'149-3:'0'150,11:'0'185-11:'0'185,15:'0'42-15:'0'42

	GG...A~C
	GG...G~C

#  Matched base-pairing interactions: 
	<G(0:)-C(12:) cis W/W>                         MATCHES	<G(2:'0'149)-C(15:'0'42) cis W/W>
	<G(1:)-A(11:) trans S/H>                       MATCHES	<G(3:'0'150)-G(11:'0'185) trans S/H>
#  Matched base-stacking interactions: 

>>>>>>>>>>   ALIGNMENT ENDS   >>>>>>>>>>

<<<<<<<<<<  ALIGNMENT BEGINS  <<<<<<<<<<

#  Aligning k-turn_consensus and 3cc2_0:2594-2601_2575-2582_2551-2556:
#  Alignment score:  18.6
#  P-value:  1.000e+00
#  Query aligned region: 3-3,6-9
#  Target aligned region: 5:'0'2600-5:'0'2600,12:'0'2580-12:'0'2580,19:'0'2555-19:'0'2555

	A...G~G
	A...G~C

#  Matched base-pairing interactions: 
	<A(3:)-G(6:) trans S/S>                        MATCHES	<A(5:'0'2600)-G(12:'0'2580) trans S/S>
	<A(3:)-G(9:) trans H/S>                        MATCHES	<A(5:'0'2600)-C(19:'0'2555) cis S/S>
#  Matched base-stacking interactions: 

>>>>>>>>>>   ALIGNMENT ENDS   >>>>>>>>>>

<<<<<<<<<<  ALIGNMENT BEGINS  <<<<<<<<<<

#  Aligning k-turn_consensus and 3cc2_0:866-879_1826-1834_1839-1846:
#  Alignment score:  18.2
#  P-value:  1.000e+00
#  Query aligned region: 3-3,6-9
#  Target aligned region: 7:'0'874-7:'0'874,19:'0'1832-19:'0'1832,27:'0'1844-27:'0'1844

	A...G~G
	A...G~C

#  Matched base-pairing interactions: 
	<A(3:)-G(6:) trans S/S>                        MATCHES	<A(7:'0'874)-G(19:'0'1832) trans S/S>
	<A(3:)-G(9:) trans H/S>                        MATCHES	<A(7:'0'874)-C(27:'0'1844) cis S/S>
#  Matched base-stacking interactions: 

>>>>>>>>>>   ALIGNMENT ENDS   >>>>>>>>>>

<<<<<<<<<<  ALIGNMENT BEGINS  <<<<<<<<<<

#  Aligning k-turn_consensus and 3cc2_0:1964-1971_1939-1946_1889-1897:
#  Alignment score:  17.8
#  P-value:  1.000e+00
#  Query aligned region: 3-3,6-9
#  Target aligned region: 4:'0'1969-4:'0'1969,13:'0'1945-13:'0'1945,18:'0'1892-18:'0'1892

	A...G~G
	A...G~C

#  Matched base-pairing interactions: 
	<A(3:)-G(6:) trans S/S>                        MATCHES	<A(4:'0'1969)-G(13:'0'1945) trans S/S>
	<A(3:)-G(9:) trans H/S>                        MATCHES	<A(4:'0'1969)-C(18:'0'1892) cis S/S>
#  Matched base-stacking interactions: 

>>>>>>>>>>   ALIGNMENT ENDS   >>>>>>>>>>

<<<<<<<<<<  ALIGNMENT BEGINS  <<<<<<<<<<

#  Aligning k-turn_consensus and 3cc2_0:2678-2683_2553-2557_2574-2579:
#  Alignment score:  17.6
#  P-value:  1.000e+00
#  Query aligned region: 3-3,6-9
#  Target aligned region: 5:'0'2684-5:'0'2684,9:'0'2557-9:'0'2557,14:'0'2578-14:'0'2578

	A...G~G
	A...U~G

#  Matched base-pairing interactions: 
	<A(3:)-G(9:) trans H/S>                        MATCHES	<A(5:'0'2684)-G(14:'0'2578) cis -/->
	<A(3:)-G(6:) trans S/S>                        MATCHES	<A(5:'0'2684)-U(9:'0'2557) trans S/S>
#  Matched base-stacking interactions: 

>>>>>>>>>>   ALIGNMENT ENDS   >>>>>>>>>>

<<<<<<<<<<  ALIGNMENT BEGINS  <<<<<<<<<<

#  Aligning k-turn_consensus and 3cc2_0:23-27_480-488_502-517:
#  Alignment score:  16.8
#  P-value:  1.000e+00
#  Query aligned region: 0-1,11-12
#  Target aligned region: 3:'0'27-3:'0'27,6:'0'482-10:'0'486,27:'0'516-27:'0'516

	G~G...A~C
	U~G...A~A

#  Matched base-pairing interactions: 
	<G(0:)-C(12:) cis W/W>                         MATCHES	<U(3:'0'27)-A(27:'0'516) cis W/W>
	<G(1:)-A(11:) trans S/H>                       MATCHES	<G(6:'0'482)-A(10:'0'486) trans S/H>
#  Matched base-stacking interactions: 

>>>>>>>>>>   ALIGNMENT ENDS   >>>>>>>>>>

<<<<<<<<<<  ALIGNMENT BEGINS  <<<<<<<<<<

#  Aligning k-turn_consensus and 3cc2_0:1105-1109_1095-1104_1253-1258:
#  Alignment score:  16.5
#  P-value:  1.000e+00
#  Query aligned region: 3-3,6-9
#  Target aligned region: 1:'0'1107-1:'0'1107,9:'0'1100-14:'0'1105

	A...G--AAG
	A...GUCCCC

#  Matched base-pairing interactions: 
	<A(3:)-G(6:) trans S/S>                        MATCHES	<A(1:'0'1107)-G(9:'0'1100) trans S/S>
	<A(3:)-G(9:) trans H/S>                        MATCHES	<A(1:'0'1107)-C(14:'0'1105) cis W/S>
#  Matched base-stacking interactions: 

>>>>>>>>>>   ALIGNMENT ENDS   >>>>>>>>>>

<<<<<<<<<<  ALIGNMENT BEGINS  <<<<<<<<<<

#  Aligning k-turn_consensus and 3cc2_0:229-231_663-670_674-681:
#  Alignment score:  15.6
#  P-value:  1.000e+00
#  Query aligned region: 0-1,11-12
#  Target aligned region: 9:'0'670-10:'0'671,11:'0'675-12:'0'676

	GG...AC
	GA...UC

#  Matched base-pairing interactions: 
	<G(1:)-A(11:) trans S/H>                       MATCHES	<A(10:'0'671)-U(11:'0'675) cis -/->
	<G(0:)-C(12:) cis W/W>                         MATCHES	<G(9:'0'670)-C(12:'0'676) cis W/W>
#  Matched base-stacking interactions: 

>>>>>>>>>>   ALIGNMENT ENDS   >>>>>>>>>>

<<<<<<<<<<  ALIGNMENT BEGINS  <<<<<<<<<<

#  Aligning k-turn_consensus and 3cc2_0:477-478_447-464_28-33:
#  Alignment score:  15.3
#  P-value:  1.000e+00
#  Query aligned region: 0-4,5-12
#  Target aligned region: 2:'0'448-14:'0'460,20:'0'29-25:'0'34

	G-GG-A--G...C~GAAG-AAC
	GACCGAUAG...A~C--UCGGC

#  Matched base-pairing interactions: 
	<A(3:)-G(6:) trans S/S>                        MATCHES	<A(7:'0'453)-C(20:'0'29) cis -/->
	<G(4:)-A(10:) trans S/S>                       MATCHES	<G(10:'0'456)-G(23:'0'32) trans S/S>
	<G(2:)-A(10:) trans S/H>                       MATCHES	<C(5:'0'451)-G(23:'0'32) cis W/W>
	<A(3:)-G(9:) trans H/S>                        MATCHES	<A(7:'0'453)-U(21:'0'30) trans H/W>
	<G(0:)-C(12:) cis W/W>                         MATCHES	<G(2:'0'448)-C(25:'0'34) cis W/W>
	<G(4:)-C(5:) cis W/W>                          MATCHES	<G(10:'0'456)-A(14:'0'460) cis -/->
	<G(1:)-A(11:) trans S/H>                       MATCHES	<C(4:'0'450)-G(24:'0'33) cis W/W>
#  Matched base-stacking interactions: 

>>>>>>>>>>   ALIGNMENT ENDS   >>>>>>>>>>

<<<<<<<<<<  ALIGNMENT BEGINS  <<<<<<<<<<

#  Aligning k-turn_consensus and 3cc2_0:1031-1039_929-936:
#  Alignment score:  15
#  P-value:  1.000e+00
#  Query aligned region: 0-1,11-12
#  Target aligned region: 7:'0'1039-8:'0'1040,9:'0'930-10:'0'931

	GG...AC
	GA...CC

#  Matched base-pairing interactions: 
	<G(1:)-A(11:) trans S/H>                       MATCHES	<A(8:'0'1040)-C(9:'0'930) cis -/->
	<G(0:)-C(12:) cis W/W>                         MATCHES	<G(7:'0'1039)-C(10:'0'931) cis W/W>
#  Matched base-stacking interactions: 

>>>>>>>>>>   ALIGNMENT ENDS   >>>>>>>>>>

<<<<<<<<<<  ALIGNMENT BEGINS  <<<<<<<<<<

#  Aligning k-turn_consensus and 3cc2_0:1826-1828_2016-2020_1765-1775:
#  Alignment score:  15
#  P-value:  1.000e+00
#  Query aligned region: 0-1,11-12
#  Target aligned region: 0:'0'1827-1:'0'1828,6:'0'2020-7:'0'2021

	GG...AC
	GG...CC

#  Matched base-pairing interactions: 
	<G(1:)-A(11:) trans S/H>                       MATCHES	<G(1:'0'1828)-C(6:'0'2020) cis W/W>
	<G(0:)-C(12:) cis W/W>                         MATCHES	<G(0:'0'1827)-C(7:'0'2021) cis W/W>
#  Matched base-stacking interactions: 

>>>>>>>>>>   ALIGNMENT ENDS   >>>>>>>>>>

<<<<<<<<<<  ALIGNMENT BEGINS  <<<<<<<<<<

#  Aligning k-turn_consensus and 3cc2_0:2419-2427_2357-2364_2313-2318:
#  Alignment score:  15
#  P-value:  1.000e+00
#  Query aligned region: 0-1,11-12
#  Target aligned region: 0:'0'2420-1:'0'2421,21:'0'2318-22:'0'2319

	GG...AC
	GG...CC

#  Matched base-pairing interactions: 
	<G(1:)-A(11:) trans S/H>                       MATCHES	<G(1:'0'2421)-C(21:'0'2318) cis W/W>
	<G(0:)-C(12:) cis W/W>                         MATCHES	<G(0:'0'2420)-C(22:'0'2319) cis W/W>
#  Matched base-stacking interactions: 

>>>>>>>>>>   ALIGNMENT ENDS   >>>>>>>>>>

<<<<<<<<<<  ALIGNMENT BEGINS  <<<<<<<<<<

#  Aligning k-turn_consensus and 3cc2_0:2265-2267_1925-1931_1906-1912:
#  Alignment score:  15
#  P-value:  1.000e+00
#  Query aligned region: 0-1,11-12
#  Target aligned region: 3:'0'1926-4:'0'1927,15:'0'1912-16:'0'1913

	GG...AC
	GA...AC

#  Matched base-pairing interactions: 
	<G(1:)-A(11:) trans S/H>                       MATCHES	<A(4:'0'1927)-A(15:'0'1912) cis W/W>
	<G(0:)-C(12:) cis W/W>                         MATCHES	<G(3:'0'1926)-C(16:'0'1913) cis W/W>
#  Matched base-stacking interactions: 

>>>>>>>>>>   ALIGNMENT ENDS   >>>>>>>>>>

<<<<<<<<<<  ALIGNMENT BEGINS  <<<<<<<<<<

#  Aligning k-turn_consensus and 3cc2_0:825-833_847-853_788-789:
#  Alignment score:  15
#  P-value:  1.000e+00
#  Query aligned region: 0-1,11-12
#  Target aligned region: 7:'0'833-8:'0'834,9:'0'848-10:'0'849

	GG...AC
	GG...CC

#  Matched base-pairing interactions: 
	<G(1:)-A(11:) trans S/H>                       MATCHES	<G(8:'0'834)-C(9:'0'848) cis W/W>
	<G(0:)-C(12:) cis W/W>                         MATCHES	<G(7:'0'833)-C(10:'0'849) cis W/W>
#  Matched base-stacking interactions: 

>>>>>>>>>>   ALIGNMENT ENDS   >>>>>>>>>>

<<<<<<<<<<  ALIGNMENT BEGINS  <<<<<<<<<<

#  Aligning k-turn_consensus and 3cc2_0:279-289_361-368:
#  Alignment score:  14.8
#  P-value:  1.000e+00
#  Query aligned region: 0-1,11-12
#  Target aligned region: 0:'0'280-1:'0'281,17:'0'368-18:'0'369

	GG...AC
	CU...CG

#  Matched base-pairing interactions: 
	<G(1:)-A(11:) trans S/H>                       MATCHES	<U(1:'0'281)-C(17:'0'368) trans W/H>
	<G(0:)-C(12:) cis W/W>                         MATCHES	<C(0:'0'280)-G(18:'0'369) cis W/W>
#  Matched base-stacking interactions: 

>>>>>>>>>>   ALIGNMENT ENDS   >>>>>>>>>>

<<<<<<<<<<  ALIGNMENT BEGINS  <<<<<<<<<<

#  Aligning k-turn_consensus and 3cc2_0:766-770_890-894_159-176:
#  Alignment score:  14.8
#  P-value:  1.000e+00
#  Query aligned region: 0-1,11-12
#  Target aligned region: 14:'0'164-21:'0'171

	GG...AC
	GA...UC

#  Matched base-pairing interactions: 
	<G(1:)-A(11:) trans S/H>                       MATCHES	<A(15:'0'165)-U(20:'0'170) cis -/->
	<G(0:)-C(12:) cis W/W>                         MATCHES	<G(14:'0'164)-C(21:'0'171) cis W/W>
#  Matched base-stacking interactions: 

>>>>>>>>>>   ALIGNMENT ENDS   >>>>>>>>>>

<<<<<<<<<<  ALIGNMENT BEGINS  <<<<<<<<<<

#  Aligning k-turn_consensus and 3cc2_0:2265-2267_1926-1933_1902-1911:
#  Alignment score:  14.6
#  P-value:  1.000e+00
#  Query aligned region: 0-1,11-12
#  Target aligned region: 10:'0'1934-10:'0'1934,11:'0'1903-13:'0'1905

	G~G...AC
	A~U...AU

#  Matched base-pairing interactions: 
	<G(1:)-A(11:) trans S/H>                       MATCHES	<U(11:'0'1903)-A(12:'0'1904) cis -/->
	<G(0:)-C(12:) cis W/W>                         MATCHES	<A(10:'0'1934)-U(13:'0'1905) cis W/W>
#  Matched base-stacking interactions: 

>>>>>>>>>>   ALIGNMENT ENDS   >>>>>>>>>>

<<<<<<<<<<  ALIGNMENT BEGINS  <<<<<<<<<<

#  Aligning k-turn_consensus and 3cc2_0:897-902_761-764:
#  Alignment score:  14.4
#  P-value:  1.000e+00
#  Query aligned region: 0-1,11-12
#  Target aligned region: 3:'0'901-4:'0'902,6:'0'762-7:'0'763

	GG...AC
	GG...CC

#  Matched base-pairing interactions: 
	<G(1:)-A(11:) trans S/H>                       MATCHES	<G(4:'0'902)-C(6:'0'762) cis W/W>
	<G(0:)-C(12:) cis W/W>                         MATCHES	<G(3:'0'901)-C(7:'0'763) cis W/W>
#  Matched base-stacking interactions: 

>>>>>>>>>>   ALIGNMENT ENDS   >>>>>>>>>>

<<<<<<<<<<  ALIGNMENT BEGINS  <<<<<<<<<<

#  Aligning k-turn_consensus and 3cc2_0:1451-1455_1685-1696_1484-1490:
#  Alignment score:  14.4
#  P-value:  1.000e+00
#  Query aligned region: 0-1,11-12
#  Target aligned region: 4:'0'1456-4:'0'1456,16:'0'1697-16:'0'1697,20:'0'1488-21:'0'1489

	G~G...AC
	C~G...UG

#  Matched base-pairing interactions: 
	<G(0:)-C(12:) cis W/W>                         MATCHES	<C(4:'0'1456)-G(21:'0'1489) cis W/W>
	<G(1:)-A(11:) trans S/H>                       MATCHES	<G(16:'0'1697)-U(20:'0'1488) trans S/H>
#  Matched base-stacking interactions: 

>>>>>>>>>>   ALIGNMENT ENDS   >>>>>>>>>>

<<<<<<<<<<  ALIGNMENT BEGINS  <<<<<<<<<<

#  Aligning k-turn_consensus and 3cc2_0:2899-2908_2851-2856_2830-2837:
#  Alignment score:  14.2
#  P-value:  1.000e+00
#  Query aligned region: 0-1,11-12
#  Target aligned region: 0:'0'2900-1:'0'2901,14:'0'2856-15:'0'2857

	GG...AC
	GC...AC

#  Matched base-pairing interactions: 
	<G(1:)-A(11:) trans S/H>                       MATCHES	<C(1:'0'2901)-A(14:'0'2856) cis W/W>
	<G(0:)-C(12:) cis W/W>                         MATCHES	<G(0:'0'2900)-C(15:'0'2857) cis W/W>
#  Matched base-stacking interactions: 

>>>>>>>>>>   ALIGNMENT ENDS   >>>>>>>>>>

<<<<<<<<<<  ALIGNMENT BEGINS  <<<<<<<<<<

#  Aligning k-turn_consensus and 3cc2_0:2851-2856_2830-2837_2899-2908:
#  Alignment score:  14.2
#  P-value:  1.000e+00
#  Query aligned region: 0-1,11-12
#  Target aligned region: 6:'0'2831-7:'0'2832,22:'0'2908-23:'0'2909

	GG...AC
	CC...AG

#  Matched base-pairing interactions: 
	<G(1:)-A(11:) trans S/H>                       MATCHES	<C(7:'0'2832)-A(22:'0'2908) cis S/W>
	<G(0:)-C(12:) cis W/W>                         MATCHES	<C(6:'0'2831)-G(23:'0'2909) cis W/W>
#  Matched base-stacking interactions: 

>>>>>>>>>>   ALIGNMENT ENDS   >>>>>>>>>>

<<<<<<<<<<  ALIGNMENT BEGINS  <<<<<<<<<<

#  Aligning k-turn_consensus and 3cc2_0:1722-1727_1368-1376_2046-2053:
#  Alignment score:  14.2
#  P-value:  1.000e+00
#  Query aligned region: 0-1,11-12
#  Target aligned region: 10:'0'1373-11:'0'1374,19:'0'2051-20:'0'2052

	GG...AC
	GC...GU

#  Matched base-pairing interactions: 
	<G(1:)-A(11:) trans S/H>                       MATCHES	<C(11:'0'1374)-G(19:'0'2051) cis W/W>
	<G(0:)-C(12:) cis W/W>                         MATCHES	<G(10:'0'1373)-U(20:'0'2052) cis W/W>
#  Matched base-stacking interactions: 

>>>>>>>>>>   ALIGNMENT ENDS   >>>>>>>>>>

<<<<<<<<<<  ALIGNMENT BEGINS  <<<<<<<<<<

#  Aligning k-turn_consensus and 3cc2_0:2022-2027_1984-1999_1821-1825:
#  Alignment score:  14
#  P-value:  1.000e+00
#  Query aligned region: 0-1,11-12
#  Target aligned region: 0:'0'2023-0:'0'2023,13:'0'1992-15:'0'1994,26:'0'1826-26:'0'1826

	G~G...A~C
	G~U...A~C

#  Matched base-pairing interactions: 
	<G(0:)-C(12:) cis W/W>                         MATCHES	<G(0:'0'2023)-C(26:'0'1826) cis W/W>
	<G(1:)-A(11:) trans S/H>                       MATCHES	<U(13:'0'1992)-A(15:'0'1994) cis -/->
#  Matched base-stacking interactions: 

>>>>>>>>>>   ALIGNMENT ENDS   >>>>>>>>>>

<<<<<<<<<<  ALIGNMENT BEGINS  <<<<<<<<<<

#  Aligning k-turn_consensus and 3cc2_0:478-479_449-459_27-32:
#  Alignment score:  13.8
#  P-value:  1.000e+00
#  Query aligned region: 0-1,11-12
#  Target aligned region: 0:'0'479-1:'0'480,13:'0'28-14:'0'29

	GG...AC
	GC...GC

#  Matched base-pairing interactions: 
	<G(1:)-A(11:) trans S/H>                       MATCHES	<C(1:'0'480)-G(13:'0'28) cis W/W>
	<G(0:)-C(12:) cis W/W>                         MATCHES	<G(0:'0'479)-C(14:'0'29) cis W/W>
#  Matched base-stacking interactions: 

>>>>>>>>>>   ALIGNMENT ENDS   >>>>>>>>>>

<<<<<<<<<<  ALIGNMENT BEGINS  <<<<<<<<<<

#  Aligning k-turn_consensus and 3cc2_0:2115-2127_1928-1931_2265-2271:
#  Alignment score:  13.8
#  P-value:  1.000e+00
#  Query aligned region: 0-1,11-12
#  Target aligned region: 8:'0'2124-8:'0'2124,13:'0'1929-14:'0'1930,20:'0'2269-20:'0'2269

	G~G...A~C
	G~G...A~C

#  Matched base-pairing interactions: 
	<G(0:)-C(12:) cis W/W>                         MATCHES	<G(8:'0'2124)-C(20:'0'2269) cis W/W>
	<G(1:)-A(11:) trans S/H>                       MATCHES	<G(13:'0'1929)-A(14:'0'1930) cis S/S>
#  Matched base-stacking interactions: 

>>>>>>>>>>   ALIGNMENT ENDS   >>>>>>>>>>

<<<<<<<<<<  ALIGNMENT BEGINS  <<<<<<<<<<

#  Aligning k-turn_consensus and 3cc2_0:2127-2133_2257-2265_1908-1909:
#  Alignment score:  13.8
#  P-value:  1.000e+00
#  Query aligned region: 0-1,11-12
#  Target aligned region: 3:'0'2131-4:'0'2132,10:'0'2261-11:'0'2262

	GG...AC
	GC...CC

#  Matched base-pairing interactions: 
	<G(1:)-A(11:) trans S/H>                       MATCHES	<C(4:'0'2132)-C(10:'0'2261) cis W/W>
	<G(0:)-C(12:) cis W/W>                         MATCHES	<G(3:'0'2131)-C(11:'0'2262) cis W/W>
#  Matched base-stacking interactions: 

>>>>>>>>>>   ALIGNMENT ENDS   >>>>>>>>>>

<<<<<<<<<<  ALIGNMENT BEGINS  <<<<<<<<<<

#  Aligning k-turn_consensus and 3cc2_0:354-361_289-295:
#  Alignment score:  13.8
#  P-value:  1.000e+00
#  Query aligned region: 0-1,11-12
#  Target aligned region: 0:'0'355-1:'0'356,13:'0'295-14:'0'296

	GG...AC
	CC...CG

#  Matched base-pairing interactions: 
	<G(1:)-A(11:) trans S/H>                       MATCHES	<C(1:'0'356)-C(13:'0'295) cis W/W>
	<G(0:)-C(12:) cis W/W>                         MATCHES	<C(0:'0'355)-G(14:'0'296) cis W/W>
#  Matched base-stacking interactions: 

>>>>>>>>>>   ALIGNMENT ENDS   >>>>>>>>>>

<<<<<<<<<<  ALIGNMENT BEGINS  <<<<<<<<<<

#  Aligning k-turn_consensus and 3cc2_0:280-290_360-367:
#  Alignment score:  13.8
#  P-value:  1.000e+00
#  Query aligned region: 0-1,11-12
#  Target aligned region: 9:'0'290-10:'0'291,11:'0'361-12:'0'362

	GG...AC
	CC...CG

#  Matched base-pairing interactions: 
	<G(1:)-A(11:) trans S/H>                       MATCHES	<C(10:'0'291)-C(11:'0'361) cis W/W>
	<G(0:)-C(12:) cis W/W>                         MATCHES	<C(9:'0'290)-G(12:'0'362) cis W/W>
#  Matched base-stacking interactions: 

>>>>>>>>>>   ALIGNMENT ENDS   >>>>>>>>>>

<<<<<<<<<<  ALIGNMENT BEGINS  <<<<<<<<<<

#  Aligning k-turn_consensus and 3cc2_0:2553-2557_2678-2683_2574-2579:
#  Alignment score:  13.4
#  P-value:  1.000e+00
#  Query aligned region: 0-1,11-12
#  Target aligned region: 4:'0'2558-4:'0'2558,7:'0'2681-8:'0'2682,11:'0'2575-11:'0'2575

	G~G...A~C
	G~A...C~C

#  Matched base-pairing interactions: 
	<G(0:)-C(12:) cis W/W>                         MATCHES	<G(4:'0'2558)-C(11:'0'2575) cis W/W>
	<G(1:)-A(11:) trans S/H>                       MATCHES	<A(7:'0'2681)-C(8:'0'2682) cis S/S>
#  Matched base-stacking interactions: 

>>>>>>>>>>   ALIGNMENT ENDS   >>>>>>>>>>

<<<<<<<<<<  ALIGNMENT BEGINS  <<<<<<<<<<

#  Aligning k-turn_consensus and 3cc2_0:692-697_687-690_730-732:
#  Alignment score:  13.4
#  P-value:  1.000e+00
#  Query aligned region: 0-1,11-12
#  Target aligned region: 3:'0'696-4:'0'697,6:'0'688-7:'0'689

	GG...AC
	CG...AG

#  Matched base-pairing interactions: 
	<G(1:)-A(11:) trans S/H>                       MATCHES	<G(4:'0'697)-A(6:'0'688) cis -/->
	<G(0:)-C(12:) cis W/W>                         MATCHES	<C(3:'0'696)-G(7:'0'689) cis W/W>
#  Matched base-stacking interactions: 

>>>>>>>>>>   ALIGNMENT ENDS   >>>>>>>>>>

<<<<<<<<<<  ALIGNMENT BEGINS  <<<<<<<<<<

#  Aligning k-turn_consensus and 3cc2_0:2301-2310_1005-1006_2296-2300:
#  Alignment score:  13.2
#  P-value:  1.000e+00
#  Query aligned region: 0-1,11-12
#  Target aligned region: 8:'0'2310-8:'0'2310,11:'0'1007-11:'0'1007,12:'0'2297-13:'0'2298

	G~G...AC
	G~A...UC

#  Matched base-pairing interactions: 
	<G(0:)-C(12:) cis W/W>                         MATCHES	<G(8:'0'2310)-C(13:'0'2298) cis W/W>
	<G(1:)-A(11:) trans S/H>                       MATCHES	<A(11:'0'1007)-U(12:'0'2297) cis S/S>
#  Matched base-stacking interactions: 

>>>>>>>>>>   ALIGNMENT ENDS   >>>>>>>>>>

<<<<<<<<<<  ALIGNMENT BEGINS  <<<<<<<<<<

#  Aligning k-turn_consensus and 3cc2_0:1359-1364_1355-1358_635-642:
#  Alignment score:  13.2
#  P-value:  1.000e+00
#  Query aligned region: 0-1,11-12
#  Target aligned region: 5:'0'1365-5:'0'1365,6:'0'1356-7:'0'1357,10:'0'636-10:'0'636

	G~G...A~C
	C~A...A~G

#  Matched base-pairing interactions: 
	<G(0:)-C(12:) cis W/W>                         MATCHES	<C(5:'0'1365)-G(10:'0'636) cis W/W>
	<G(1:)-A(11:) trans S/H>                       MATCHES	<A(6:'0'1356)-A(7:'0'1357) cis -/->
#  Matched base-stacking interactions: 

>>>>>>>>>>   ALIGNMENT ENDS   >>>>>>>>>>

<<<<<<<<<<  ALIGNMENT BEGINS  <<<<<<<<<<

#  Aligning k-turn_consensus and 3cc2_0:550-553_1322-1334_604-606:
#  Alignment score:  13.2
#  P-value:  1.000e+00
#  Query aligned region: 0-1,11-12
#  Target aligned region: 3:'0'554-3:'0'554,8:'0'1327-10:'0'1329,17:'0'605-17:'0'605

	G~G...A~C
	G~G...G~C

#  Matched base-pairing interactions: 
	<G(0:)-C(12:) cis W/W>                         MATCHES	<G(3:'0'554)-C(17:'0'605) cis W/W>
	<G(1:)-A(11:) trans S/H>                       MATCHES	<G(8:'0'1327)-G(10:'0'1329) cis -/->
#  Matched base-stacking interactions: 

>>>>>>>>>>   ALIGNMENT ENDS   >>>>>>>>>>

<<<<<<<<<<  ALIGNMENT BEGINS  <<<<<<<<<<

#  Aligning k-turn_consensus and 3cc2_0:862-863_1458-1465_1476-1483:
#  Alignment score:  13
#  P-value:  1.000e+00
#  Query aligned region: 0-1,11-12
#  Target aligned region: 8:'0'1465-9:'0'1466,10:'0'1477-11:'0'1478

	GG...AC
	AC...CU

#  Matched base-pairing interactions: 
	<G(1:)-A(11:) trans S/H>                       MATCHES	<C(9:'0'1466)-C(10:'0'1477) cis W/W>
	<G(0:)-C(12:) cis W/W>                         MATCHES	<A(8:'0'1465)-U(11:'0'1478) cis W/W>
#  Matched base-stacking interactions: 

>>>>>>>>>>   ALIGNMENT ENDS   >>>>>>>>>>

<<<<<<<<<<  ALIGNMENT BEGINS  <<<<<<<<<<

#  Aligning k-turn_consensus and 3cc2_0:1343-1352_447-449_1302-1310:
#  Alignment score:  12.8
#  P-value:  1.000e+00
#  Query aligned region: 0-1,11-12
#  Target aligned region: 7:'0'1351-8:'0'1352,12:'0'450-12:'0'450,13:'0'1303-13:'0'1303

	GG...A~C
	GA...C~C

#  Matched base-pairing interactions: 
	<G(1:)-A(11:) trans S/H>                       MATCHES	<A(8:'0'1352)-C(12:'0'450) cis -/->
	<G(0:)-C(12:) cis W/W>                         MATCHES	<G(7:'0'1351)-C(13:'0'1303) cis W/W>
#  Matched base-stacking interactions: 

>>>>>>>>>>   ALIGNMENT ENDS   >>>>>>>>>>

<<<<<<<<<<  ALIGNMENT BEGINS  <<<<<<<<<<

#  Aligning k-turn_consensus and 3cc2_0:2107-2117_2469-2479_764-767:
#  Alignment score:  12.8
#  P-value:  1.000e+00
#  Query aligned region: 0-1,11-12
#  Target aligned region: 7:'0'2115-10:'0'2118,11:'0'2470-11:'0'2470

	GG...A~C
	UU...A~A

#  Matched base-pairing interactions: 
	<G(1:)-A(11:) trans S/H>                       MATCHES	<U(8:'0'2116)-A(10:'0'2118) cis W/H>
	<G(0:)-C(12:) cis W/W>                         MATCHES	<U(7:'0'2115)-A(11:'0'2470) cis W/W>
#  Matched base-stacking interactions: 

>>>>>>>>>>   ALIGNMENT ENDS   >>>>>>>>>>

<<<<<<<<<<  ALIGNMENT BEGINS  <<<<<<<<<<

#  Aligning k-turn_consensus and 3cc2_0:411-415_189-194_423-428:
#  Alignment score:  12.6
#  P-value:  1.000e+00
#  Query aligned region: 0-1,11-12
#  Target aligned region: 4:'0'416-4:'0'416,5:'0'190-6:'0'191,11:'0'424-11:'0'424

	G~G...A~C
	G~G...A~C

#  Matched base-pairing interactions: 
	<G(0:)-C(12:) cis W/W>                         MATCHES	<G(4:'0'416)-C(11:'0'424) cis W/W>
	<G(1:)-A(11:) trans S/H>                       MATCHES	<G(5:'0'190)-A(6:'0'191) cis S/H>
#  Matched base-stacking interactions: 

>>>>>>>>>>   ALIGNMENT ENDS   >>>>>>>>>>

<<<<<<<<<<  ALIGNMENT BEGINS  <<<<<<<<<<

#  Aligning k-turn_consensus and 3cc2_0:36-40_354-358_439-445:
#  Alignment score:  12.2
#  P-value:  1.000e+00
#  Query aligned region: 0-1,11-12
#  Target aligned region: 2:'0'39-2:'0'39,8:'0'358-9:'0'359,13:'0'443-13:'0'443

	G~G...A~C
	G~G...U~C

#  Matched base-pairing interactions: 
	<G(0:)-C(12:) cis W/W>                         MATCHES	<G(2:'0'39)-C(13:'0'443) cis W/W>
	<G(1:)-A(11:) trans S/H>                       MATCHES	<G(8:'0'358)-U(9:'0'359) cis S/H>
#  Matched base-stacking interactions: 

>>>>>>>>>>   ALIGNMENT ENDS   >>>>>>>>>>

<<<<<<<<<<  ALIGNMENT BEGINS  <<<<<<<<<<

#  Aligning k-turn_consensus and 3cc2_0:2594-2601_2551-2556_2575-2582:
#  Alignment score:  12.2
#  P-value:  1.000e+00
#  Query aligned region: 0-1,11-12
#  Target aligned region: 0:'0'2595-1:'0'2596,20:'0'2582-21:'0'2583

	GG...AC
	UA...GA

#  Matched base-pairing interactions: 
	<G(1:)-A(11:) trans S/H>                       MATCHES	<A(1:'0'2596)-G(20:'0'2582) cis W/W>
	<G(0:)-C(12:) cis W/W>                         MATCHES	<U(0:'0'2595)-A(21:'0'2583) cis W/W>
#  Matched base-stacking interactions: 

>>>>>>>>>>   ALIGNMENT ENDS   >>>>>>>>>>

<<<<<<<<<<  ALIGNMENT BEGINS  <<<<<<<<<<

#  Aligning k-turn_consensus and 3cc2_0:2062-2067_1076-1079_2076-2082:
#  Alignment score:  12.2
#  P-value:  1.000e+00
#  Query aligned region: 3-3,6-9
#  Target aligned region: 5:'0'2068-5:'0'2068,8:'0'1079-8:'0'1079,10:'0'2077-10:'0'2077

	A...G~G
	G...A~C

#  Matched base-pairing interactions: 
	<A(3:)-G(6:) trans S/S>                        MATCHES	<G(5:'0'2068)-A(8:'0'1079) trans S/S>
	<A(3:)-G(9:) trans H/S>                        MATCHES	<G(5:'0'2068)-C(10:'0'2077) cis W/W>
#  Matched base-stacking interactions: 

>>>>>>>>>>   ALIGNMENT ENDS   >>>>>>>>>>

<<<<<<<<<<  ALIGNMENT BEGINS  <<<<<<<<<<

#  Aligning k-turn_consensus and 3cc2_0:2104-2110_764-767_2475-2480:
#  Alignment score:  12.2
#  P-value:  1.000e+00
#  Query aligned region: 0-1,11-12
#  Target aligned region: 0:'0'2105-0:'0'2105,7:'0'765-7:'0'765,15:'0'2480-16:'0'2481

	G~G...AC
	C~G...GG

#  Matched base-pairing interactions: 
	<G(0:)-C(12:) cis W/W>                         MATCHES	<C(0:'0'2105)-G(16:'0'2481) cis W/W>
	<G(1:)-A(11:) trans S/H>                       MATCHES	<G(7:'0'765)-G(15:'0'2480) cis -/->
#  Matched base-stacking interactions: 

>>>>>>>>>>   ALIGNMENT ENDS   >>>>>>>>>>

<<<<<<<<<<  ALIGNMENT BEGINS  <<<<<<<<<<

#  Aligning k-turn_consensus and 3cc2_0:1343-1352_1302-1310_447-449:
#  Alignment score:  12.2
#  P-value:  1.000e+00
#  Query aligned region: 0-1,11-12
#  Target aligned region: 5:'0'1349-6:'0'1350,11:'0'1304-12:'0'1305

	GG...AC
	GU...UC

#  Matched base-pairing interactions: 
	<G(1:)-A(11:) trans S/H>                       MATCHES	<U(6:'0'1350)-U(11:'0'1304) cis W/W>
	<G(0:)-C(12:) cis W/W>                         MATCHES	<G(5:'0'1349)-C(12:'0'1305) cis W/W>
#  Matched base-stacking interactions: 

>>>>>>>>>>   ALIGNMENT ENDS   >>>>>>>>>>

<<<<<<<<<<  ALIGNMENT BEGINS  <<<<<<<<<<

#  Aligning k-turn_consensus and 3cc2_0:181-186_40-44_146-153:
#  Alignment score:  12.2
#  P-value:  1.000e+00
#  Query aligned region: 0-1,11-12
#  Target aligned region: 0:'0'182-0:'0'182,9:'0'44-10:'0'45,18:'0'154-18:'0'154

	G~G...A~C
	G~G...A~C

#  Matched base-pairing interactions: 
	<G(0:)-C(12:) cis W/W>                         MATCHES	<G(0:'0'182)-C(18:'0'154) cis W/W>
	<G(1:)-A(11:) trans S/H>                       MATCHES	<G(9:'0'44)-A(10:'0'45) cis S/W>
#  Matched base-stacking interactions: 

>>>>>>>>>>   ALIGNMENT ENDS   >>>>>>>>>>

<<<<<<<<<<  ALIGNMENT BEGINS  <<<<<<<<<<

#  Aligning k-turn_consensus and 3cc2_0:544-547_601-610_527-528:
#  Alignment score:  12
#  P-value:  1.000e+00
#  Query aligned region: 0-1,11-12
#  Target aligned region: 3:'0'548-3:'0'548,6:'0'604-10:'0'608

	G~G...AC
	U~G...GA

#  Matched base-pairing interactions: 
	<G(0:)-C(12:) cis W/W>                         MATCHES	<U(3:'0'548)-A(10:'0'608) cis W/W>
	<G(1:)-A(11:) trans S/H>                       MATCHES	<G(6:'0'604)-G(9:'0'607) cis W/H>
#  Matched base-stacking interactions: 

>>>>>>>>>>   ALIGNMENT ENDS   >>>>>>>>>>

<<<<<<<<<<  ALIGNMENT BEGINS  <<<<<<<<<<

#  Aligning k-turn_consensus and 3cc2_0:1456-1459_1685-1696_1482-1488:
#  Alignment score:  12
#  P-value:  1.000e+00
#  Query aligned region: 0-1,11-12
#  Target aligned region: 3:'0'1460-3:'0'1460,7:'0'1689-10:'0'1692,16:'0'1483-16:'0'1483

	G~G...A~C
	G~A...C~C

#  Matched base-pairing interactions: 
	<G(0:)-C(12:) cis W/W>                         MATCHES	<G(3:'0'1460)-C(16:'0'1483) cis W/W>
	<G(1:)-A(11:) trans S/H>                       MATCHES	<A(7:'0'1689)-C(10:'0'1692) cis -/->
#  Matched base-stacking interactions: 

>>>>>>>>>>   ALIGNMENT ENDS   >>>>>>>>>>

<<<<<<<<<<  ALIGNMENT BEGINS  <<<<<<<<<<

#  Aligning k-turn_consensus and 3cc2_0:2073-2082_533-537_2058-2069:
#  Alignment score:  11.8
#  P-value:  1.000e+00
#  Query aligned region: 3-3,6-9
#  Target aligned region: 1:'0'2075-1:'0'2075,12:'0'536-12:'0'536,17:'0'2061-17:'0'2061

	A...G~G
	G...A~C

#  Matched base-pairing interactions: 
	<A(3:)-G(6:) trans S/S>                        MATCHES	<G(1:'0'2075)-A(12:'0'536) trans S/S>
	<A(3:)-G(9:) trans H/S>                        MATCHES	<G(1:'0'2075)-C(17:'0'2061) cis W/W>
#  Matched base-stacking interactions: 

>>>>>>>>>>   ALIGNMENT ENDS   >>>>>>>>>>

<<<<<<<<<<  ALIGNMENT BEGINS  <<<<<<<<<<

#  Aligning k-turn_consensus and 3cc2_0:1440-1447_1494-1506_1417-1423:
#  Alignment score:  11.6
#  P-value:  1.000e+00
#  Query aligned region: 0-1,11-12
#  Target aligned region: 3:'0'1444-3:'0'1444,13:'0'1500-15:'0'1502,23:'0'1420-23:'0'1420

	G~G...A~C
	G~U...A~C

#  Matched base-pairing interactions: 
	<G(0:)-C(12:) cis W/W>                         MATCHES	<G(3:'0'1444)-C(23:'0'1420) cis W/W>
	<G(1:)-A(11:) trans S/H>                       MATCHES	<U(13:'0'1500)-A(15:'0'1502) cis -/->
#  Matched base-stacking interactions: 

>>>>>>>>>>   ALIGNMENT ENDS   >>>>>>>>>>

<<<<<<<<<<  ALIGNMENT BEGINS  <<<<<<<<<<

#  Aligning k-turn_consensus and 3cc2_0:103-108_62-73_51-55:
#  Alignment score:  11.6
#  P-value:  1.000e+00
#  Query aligned region: 0-1,11-12
#  Target aligned region: 1:'0'105-2:'0'106,14:'0'71-15:'0'72

	GG...AC
	GA...GC

#  Matched base-pairing interactions: 
	<G(1:)-A(11:) trans S/H>                       MATCHES	<A(2:'0'106)-G(14:'0'71) cis W/W>
	<G(0:)-C(12:) cis W/W>                         MATCHES	<G(1:'0'105)-C(15:'0'72) cis W/W>
#  Matched base-stacking interactions: 

>>>>>>>>>>   ALIGNMENT ENDS   >>>>>>>>>>

<<<<<<<<<<  ALIGNMENT BEGINS  <<<<<<<<<<

#  Aligning k-turn_consensus and 3cc2_0:2480-2490_2532-2535_2067-2076:
#  Alignment score:  11.6
#  P-value:  1.000e+00
#  Query aligned region: 0-1,11-12
#  Target aligned region: 7:'0'2488-8:'0'2489,11:'0'2533-12:'0'2534

	GG...AC
	AG...CC

#  Matched base-pairing interactions: 
	<G(1:)-A(11:) trans S/H>                       MATCHES	<G(8:'0'2489)-C(11:'0'2533) cis W/W>
	<G(0:)-C(12:) cis W/W>                         MATCHES	<A(7:'0'2488)-C(12:'0'2534) cis W/W>
#  Matched base-stacking interactions: 

>>>>>>>>>>   ALIGNMENT ENDS   >>>>>>>>>>

<<<<<<<<<<  ALIGNMENT BEGINS  <<<<<<<<<<

#  Aligning k-turn_consensus and 3cc2_0:1727-1738_1374-1375_2040-2046:
#  Alignment score:  11.4
#  P-value:  1.000e+00
#  Query aligned region: 0-1,11-12
#  Target aligned region: 6:'0'1734-6:'0'1734,12:'0'1375-12:'0'1375,17:'0'2044-18:'0'2045

	G~G...AC
	C~A...GG

#  Matched base-pairing interactions: 
	<G(0:)-C(12:) cis W/W>                         MATCHES	<C(6:'0'1734)-G(18:'0'2045) cis W/W>
	<G(1:)-A(11:) trans S/H>                       MATCHES	<A(12:'0'1375)-G(17:'0'2044) cis -/->
#  Matched base-stacking interactions: 

>>>>>>>>>>   ALIGNMENT ENDS   >>>>>>>>>>

<<<<<<<<<<  ALIGNMENT BEGINS  <<<<<<<<<<

#  Aligning k-turn_consensus and 3cc2_0:2523-2532_2281-2285_2488-2494:
#  Alignment score:  11.2
#  P-value:  1.000e+00
#  Query aligned region: 0-1,11-12
#  Target aligned region: 5:'0'2529-5:'0'2529,10:'0'2282-14:'0'2286,18:'0'2492-18:'0'2492

	G~G...A~C
	G~U...G~U

#  Matched base-pairing interactions: 
	<G(0:)-C(12:) cis W/W>                         MATCHES	<G(5:'0'2529)-U(18:'0'2492) cis W/W>
	<G(1:)-A(11:) trans S/H>                       MATCHES	<U(10:'0'2282)-G(14:'0'2286) cis -/->
#  Matched base-stacking interactions: 

>>>>>>>>>>   ALIGNMENT ENDS   >>>>>>>>>>

<<<<<<<<<<  ALIGNMENT BEGINS  <<<<<<<<<<

#  Aligning k-turn_consensus and 3cc2_0:2421-2425_2291-2295_2356-2369:
#  Alignment score:  11.2
#  P-value:  1.000e+00
#  Query aligned region: 0-1,11-12
#  Target aligned region: 2:'0'2424-2:'0'2424,5:'0'2292-6:'0'2293,15:'0'2362-15:'0'2362

	G~G...A~C
	U~C...G~A

#  Matched base-pairing interactions: 
	<G(0:)-C(12:) cis W/W>                         MATCHES	<U(2:'0'2424)-A(15:'0'2362) cis W/W>
	<G(1:)-A(11:) trans S/H>                       MATCHES	<C(5:'0'2292)-G(6:'0'2293) cis S/H>
#  Matched base-stacking interactions: 

>>>>>>>>>>   ALIGNMENT ENDS   >>>>>>>>>>

<<<<<<<<<<  ALIGNMENT BEGINS  <<<<<<<<<<

#  Aligning k-turn_consensus and 3cc2_0:2301-2302_951-957_1004-1014:
#  Alignment score:  11
#  P-value:  1.000e+00
#  Query aligned region: 0-1,11-12
#  Target aligned region: 7:'0'957-8:'0'958,12:'0'1008-13:'0'1009

	GG...AC
	AG...CU

#  Matched base-pairing interactions: 
	<G(1:)-A(11:) trans S/H>                       MATCHES	<G(8:'0'958)-C(12:'0'1008) cis W/W>
	<G(0:)-C(12:) cis W/W>                         MATCHES	<A(7:'0'957)-U(13:'0'1009) cis W/W>
#  Matched base-stacking interactions: 

>>>>>>>>>>   ALIGNMENT ENDS   >>>>>>>>>>

<<<<<<<<<<  ALIGNMENT BEGINS  <<<<<<<<<<

#  Aligning k-turn_consensus and 3cc2_0:1502-1513_1446-1450_1491-1498:
#  Alignment score:  11
#  P-value:  1.000e+00
#  Query aligned region: 0-1,11-12
#  Target aligned region: 8:'0'1511-9:'0'1512,15:'0'1450-15:'0'1450,19:'0'1494-19:'0'1494

	GG...A~C
	UG...C~A

#  Matched base-pairing interactions: 
	<G(0:)-C(12:) cis W/W>                         MATCHES	<U(8:'0'1511)-A(19:'0'1494) cis W/W>
	<G(1:)-A(11:) trans S/H>                       MATCHES	<G(9:'0'1512)-C(15:'0'1450) cis W/W>
#  Matched base-stacking interactions: 

>>>>>>>>>>   ALIGNMENT ENDS   >>>>>>>>>>

<<<<<<<<<<  ALIGNMENT BEGINS  <<<<<<<<<<

#  Aligning k-turn_consensus and 3cc2_0:1091-1098_563-566_1256-1264:
#  Alignment score:  11
#  P-value:  1.000e+00
#  Query aligned region: 0-1,11-12
#  Target aligned region: 7:'0'1099-7:'0'1099,8:'0'564-9:'0'565,12:'0'1257-12:'0'1257

	G~G...A~C
	G~G...A~C

#  Matched base-pairing interactions: 
	<G(0:)-C(12:) cis W/W>                         MATCHES	<G(7:'0'1099)-C(12:'0'1257) cis W/W>
	<G(1:)-A(11:) trans S/H>                       MATCHES	<G(8:'0'564)-A(9:'0'565) cis S/H>
#  Matched base-stacking interactions: 

>>>>>>>>>>   ALIGNMENT ENDS   >>>>>>>>>>

<<<<<<<<<<  ALIGNMENT BEGINS  <<<<<<<<<<

#  Aligning k-turn_consensus and 3cc2_0:1456-1459_1482-1488_1685-1696:
#  Alignment score:  10.8
#  P-value:  1.000e+00
#  Query aligned region: 0-1,11-12
#  Target aligned region: 11:'0'1686-20:'0'1695

	GG...AC
	CC...GG

#  Matched base-pairing interactions: 
	<G(1:)-A(11:) trans S/H>                       MATCHES	<C(12:'0'1687)-G(19:'0'1694) cis W/W>
	<G(0:)-C(12:) cis W/W>                         MATCHES	<C(11:'0'1686)-G(20:'0'1695) cis W/W>
#  Matched base-stacking interactions: 

>>>>>>>>>>   ALIGNMENT ENDS   >>>>>>>>>>

<<<<<<<<<<  ALIGNMENT BEGINS  <<<<<<<<<<

#  Aligning k-turn_consensus and 3cc2_0:2313-2317_2420-2427_2356-2365:
#  Alignment score:  10.8
#  P-value:  1.000e+00
#  Query aligned region: 0-1,11-12
#  Target aligned region: 3:'0'2317-3:'0'2317,11:'0'2427-12:'0'2428,15:'0'2359-15:'0'2359

	G~G...A~C
	C~C...G~G

#  Matched base-pairing interactions: 
	<G(0:)-C(12:) cis W/W>                         MATCHES	<C(3:'0'2317)-G(15:'0'2359) cis W/W>
	<G(1:)-A(11:) trans S/H>                       MATCHES	<C(11:'0'2427)-G(12:'0'2428) cis S/H>
#  Matched base-stacking interactions: 

>>>>>>>>>>   ALIGNMENT ENDS   >>>>>>>>>>

<<<<<<<<<<  ALIGNMENT BEGINS  <<<<<<<<<<

#  Aligning k-turn_consensus and 3cc2_0:697-701_656-661_741-747:
#  Alignment score:  10.6
#  P-value:  1.000e+00
#  Query aligned region: 0-1,11-12
#  Target aligned region: 6:'0'658-7:'0'659,15:'0'746-16:'0'747

	GG...AC
	CA...AG

#  Matched base-pairing interactions: 
	<G(1:)-A(11:) trans S/H>                       MATCHES	<A(7:'0'659)-A(15:'0'746) cis -/->
	<G(0:)-C(12:) cis W/W>                         MATCHES	<C(6:'0'658)-G(16:'0'747) cis W/W>
#  Matched base-stacking interactions: 

>>>>>>>>>>   ALIGNMENT ENDS   >>>>>>>>>>

<<<<<<<<<<  ALIGNMENT BEGINS  <<<<<<<<<<

#  Aligning k-turn_consensus and 3cc2_0:354-358_36-40_439-445:
#  Alignment score:  10.6
#  P-value:  1.000e+00
#  Query aligned region: 0-0,12-12
#  Target aligned region: 9:'0'41-9:'0'41,10:'0'440-10:'0'440

	G...C
	G...C

#  Matched base-pairing interactions: 
	<G(0:)-C(12:) cis W/W>                         MATCHES	<G(9:'0'41)-C(10:'0'440) cis W/W>
#  Matched base-stacking interactions: 

>>>>>>>>>>   ALIGNMENT ENDS   >>>>>>>>>>

<<<<<<<<<<  ALIGNMENT BEGINS  <<<<<<<<<<

#  Aligning k-turn_consensus and 3cc2_0:1577-1582_1611-1617_1541-1542:
#  Alignment score:  10.6
#  P-value:  1.000e+00
#  Query aligned region: 0-1,11-12
#  Target aligned region: 4:'0'1582-5:'0'1583,6:'0'1612-7:'0'1613

	GG...AC
	CU...AC

#  Matched base-pairing interactions: 
	<G(1:)-A(11:) trans S/H>                       MATCHES	<U(5:'0'1583)-A(6:'0'1612) cis W/W>
	<G(0:)-C(12:) cis W/W>                         MATCHES	<C(4:'0'1582)-C(7:'0'1613) cis W/W>
#  Matched base-stacking interactions: 

>>>>>>>>>>   ALIGNMENT ENDS   >>>>>>>>>>

<<<<<<<<<<  ALIGNMENT BEGINS  <<<<<<<<<<

#  Aligning k-turn_consensus and 3cc2_0:330-338_341-344_311-318:
#  Alignment score:  10.6
#  P-value:  1.000e+00
#  Query aligned region: 0-0,12-12
#  Target aligned region: 1:'0'332-1:'0'332,11:'0'344-11:'0'344

	G...C
	G...C

#  Matched base-pairing interactions: 
	<G(0:)-C(12:) cis W/W>                         MATCHES	<G(1:'0'332)-C(11:'0'344) cis W/W>
#  Matched base-stacking interactions: 

>>>>>>>>>>   ALIGNMENT ENDS   >>>>>>>>>>

<<<<<<<<<<  ALIGNMENT BEGINS  <<<<<<<<<<

#  Aligning k-turn_consensus and 3cc2_0:62-70_49-55_105-110:
#  Alignment score:  10.6
#  P-value:  1.000e+00
#  Query aligned region: 0-0,12-12
#  Target aligned region: 9:'0'50-9:'0'50,21:'0'111-21:'0'111

	G...C
	G...C

#  Matched base-pairing interactions: 
	<G(0:)-C(12:) cis W/W>                         MATCHES	<G(9:'0'50)-C(21:'0'111) cis W/W>
#  Matched base-stacking interactions: 

>>>>>>>>>>   ALIGNMENT ENDS   >>>>>>>>>>

<<<<<<<<<<  ALIGNMENT BEGINS  <<<<<<<<<<

#  Aligning k-turn_consensus and 3cc2_0:788-790_1707-1715_1700-1706:
#  Alignment score:  10.6
#  P-value:  1.000e+00
#  Query aligned region: 0-0,12-12
#  Target aligned region: 8:'0'1713-8:'0'1713,16:'0'1705-16:'0'1705

	G...C
	G...C

#  Matched base-pairing interactions: 
	<G(0:)-C(12:) cis W/W>                         MATCHES	<G(8:'0'1713)-C(16:'0'1705) cis W/W>
#  Matched base-stacking interactions: 

>>>>>>>>>>   ALIGNMENT ENDS   >>>>>>>>>>

<<<<<<<<<<  ALIGNMENT BEGINS  <<<<<<<<<<

#  Aligning k-turn_consensus and 3cc2_0:2520-2523_1129-1137_1224-1231:
#  Alignment score:  10.6
#  P-value:  1.000e+00
#  Query aligned region: 0-0,12-12
#  Target aligned region: 8:'0'1134-8:'0'1134,16:'0'1228-16:'0'1228

	G...C
	G...C

#  Matched base-pairing interactions: 
	<G(0:)-C(12:) cis W/W>                         MATCHES	<G(8:'0'1134)-C(16:'0'1228) cis W/W>
#  Matched base-stacking interactions: 

>>>>>>>>>>   ALIGNMENT ENDS   >>>>>>>>>>

<<<<<<<<<<  ALIGNMENT BEGINS  <<<<<<<<<<

#  Aligning k-turn_consensus and 3cc2_0:2666-2671_2810-2821_2660-2661:
#  Alignment score:  10.6
#  P-value:  1.000e+00
#  Query aligned region: 0-0,12-12
#  Target aligned region: 0:'0'2667-0:'0'2667,17:'0'2822-17:'0'2822

	G...C
	G...C

#  Matched base-pairing interactions: 
	<G(0:)-C(12:) cis W/W>                         MATCHES	<G(0:'0'2667)-C(17:'0'2822) cis W/W>
#  Matched base-stacking interactions: 

>>>>>>>>>>   ALIGNMENT ENDS   >>>>>>>>>>

<<<<<<<<<<  ALIGNMENT BEGINS  <<<<<<<<<<

#  Aligning k-turn_consensus and 3cc2_0:2666-2671_2660-2661_2810-2821:
#  Alignment score:  10.6
#  P-value:  1.000e+00
#  Query aligned region: 0-1,11-12
#  Target aligned region: 5:'0'2672-5:'0'2672,7:'0'2662-7:'0'2662,13:'0'2816-14:'0'2817

	G~G...AC
	C~G...AG

#  Matched base-pairing interactions: 
	<G(0:)-C(12:) cis W/W>                         MATCHES	<C(5:'0'2672)-G(14:'0'2817) cis W/W>
	<G(1:)-A(11:) trans S/H>                       MATCHES	<G(7:'0'2662)-A(13:'0'2816) trans S/S>
#  Matched base-stacking interactions: 

>>>>>>>>>>   ALIGNMENT ENDS   >>>>>>>>>>

<<<<<<<<<<  ALIGNMENT BEGINS  <<<<<<<<<<

#  Aligning k-turn_consensus and 3cc2_0:2595-2605_2547-2556_2576-2581:
#  Alignment score:  10.6
#  P-value:  1.000e+00
#  Query aligned region: 0-0,12-12
#  Target aligned region: 10:'0'2606-10:'0'2606,11:'0'2548-11:'0'2548

	G...C
	G...C

#  Matched base-pairing interactions: 
	<G(0:)-C(12:) cis W/W>                         MATCHES	<G(10:'0'2606)-C(11:'0'2548) cis W/W>
#  Matched base-stacking interactions: 

>>>>>>>>>>   ALIGNMENT ENDS   >>>>>>>>>>

<<<<<<<<<<  ALIGNMENT BEGINS  <<<<<<<<<<

#  Aligning k-turn_consensus and 3cc2_0:1939-1946_1889-1897_1964-1971:
#  Alignment score:  10.6
#  P-value:  1.000e+00
#  Query aligned region: 0-0,12-12
#  Target aligned region: 4:'0'1944-4:'0'1944,11:'0'1893-11:'0'1893

	G...C
	G...C

#  Matched base-pairing interactions: 
	<G(0:)-C(12:) cis W/W>                         MATCHES	<G(4:'0'1944)-C(11:'0'1893) cis W/W>
#  Matched base-stacking interactions: 

>>>>>>>>>>   ALIGNMENT ENDS   >>>>>>>>>>

<<<<<<<<<<  ALIGNMENT BEGINS  <<<<<<<<<<

#  Aligning k-turn_consensus and 3cc2_0:2366-2370_2328-2335_2348-2355:
#  Alignment score:  10.6
#  P-value:  1.000e+00
#  Query aligned region: 0-0,12-12
#  Target aligned region: 9:'0'2333-9:'0'2333,15:'0'2351-15:'0'2351

	G...C
	G...C

#  Matched base-pairing interactions: 
	<G(0:)-C(12:) cis W/W>                         MATCHES	<G(9:'0'2333)-C(15:'0'2351) cis W/W>
#  Matched base-stacking interactions: 

>>>>>>>>>>   ALIGNMENT ENDS   >>>>>>>>>>

<<<<<<<<<<  ALIGNMENT BEGINS  <<<<<<<<<<

#  Aligning k-turn_consensus and 3cc2_0:1727-1738_2040-2046_1374-1375:
#  Alignment score:  10.6
#  P-value:  1.000e+00
#  Query aligned region: 0-0,12-12
#  Target aligned region: 0:'0'1728-0:'0'1728,18:'0'2047-18:'0'2047

	G...C
	G...C

#  Matched base-pairing interactions: 
	<G(0:)-C(12:) cis W/W>                         MATCHES	<G(0:'0'1728)-C(18:'0'2047) cis W/W>
#  Matched base-stacking interactions: 

>>>>>>>>>>   ALIGNMENT ENDS   >>>>>>>>>>

<<<<<<<<<<  ALIGNMENT BEGINS  <<<<<<<<<<

#  Aligning k-turn_consensus and 3cc2_0:1037-1041_1291-1295_909-912:
#  Alignment score:  10.6
#  P-value:  1.000e+00
#  Query aligned region: 0-0,12-12
#  Target aligned region: 8:'0'1295-8:'0'1295,10:'0'910-10:'0'910

	G...C
	G...C

#  Matched base-pairing interactions: 
	<G(0:)-C(12:) cis W/W>                         MATCHES	<G(8:'0'1295)-C(10:'0'910) cis W/W>
#  Matched base-stacking interactions: 

>>>>>>>>>>   ALIGNMENT ENDS   >>>>>>>>>>

<<<<<<<<<<  ALIGNMENT BEGINS  <<<<<<<<<<

#  Aligning k-turn_consensus and 3cc2_0:2330-2337_2345-2355:
#  Alignment score:  10.6
#  P-value:  1.000e+00
#  Query aligned region: 0-0,12-12
#  Target aligned region: 7:'0'2338-7:'0'2338,8:'0'2346-8:'0'2346

	G...C
	G...C

#  Matched base-pairing interactions: 
	<G(0:)-C(12:) cis W/W>                         MATCHES	<G(7:'0'2338)-C(8:'0'2346) cis W/W>
#  Matched base-stacking interactions: 

>>>>>>>>>>   ALIGNMENT ENDS   >>>>>>>>>>

<<<<<<<<<<  ALIGNMENT BEGINS  <<<<<<<<<<

#  Aligning k-turn_consensus and 3cc2_0:1819-1821_2027-2037_1743-1753:
#  Alignment score:  10.6
#  P-value:  1.000e+00
#  Query aligned region: 0-0,12-12
#  Target aligned region: 0:'0'1820-0:'0'1820,4:'0'2029-4:'0'2029

	G...C
	G...C

#  Matched base-pairing interactions: 
	<G(0:)-C(12:) cis W/W>                         MATCHES	<G(0:'0'1820)-C(4:'0'2029) cis W/W>
#  Matched base-stacking interactions: 

>>>>>>>>>>   ALIGNMENT ENDS   >>>>>>>>>>

<<<<<<<<<<  ALIGNMENT BEGINS  <<<<<<<<<<

#  Aligning k-turn_consensus and 3cc2_0:2296-2297_952-962_1004-1012:
#  Alignment score:  10.6
#  P-value:  1.000e+00
#  Query aligned region: 0-0,12-12
#  Target aligned region: 5:'0'956-5:'0'956,19:'0'1011-19:'0'1011

	G...C
	G...C

#  Matched base-pairing interactions: 
	<G(0:)-C(12:) cis W/W>                         MATCHES	<G(5:'0'956)-C(19:'0'1011) cis W/W>
#  Matched base-stacking interactions: 

>>>>>>>>>>   ALIGNMENT ENDS   >>>>>>>>>>

<<<<<<<<<<  ALIGNMENT BEGINS  <<<<<<<<<<

#  Aligning k-turn_consensus and 3cc2_0:428-429_379-385_403-409:
#  Alignment score:  10.6
#  P-value:  1.000e+00
#  Query aligned region: 0-0,12-12
#  Target aligned region: 6:'0'384-6:'0'384,10:'0'405-10:'0'405

	G...C
	G...C

#  Matched base-pairing interactions: 
	<G(0:)-C(12:) cis W/W>                         MATCHES	<G(6:'0'384)-C(10:'0'405) cis W/W>
#  Matched base-stacking interactions: 

>>>>>>>>>>   ALIGNMENT ENDS   >>>>>>>>>>

<<<<<<<<<<  ALIGNMENT BEGINS  <<<<<<<<<<

#  Aligning k-turn_consensus and 3cc2_0:788-789_823-831_849-858:
#  Alignment score:  10.4
#  P-value:  1.000e+00
#  Query aligned region: 0-1,11-12
#  Target aligned region: 8:'0'830-10:'0'832,12:'0'851-12:'0'851

	GG...A~C
	GU...U~C

#  Matched base-pairing interactions: 
	<G(0:)-C(12:) cis W/W>                         MATCHES	<G(8:'0'830)-C(12:'0'851) cis W/W>
	<G(1:)-A(11:) trans S/H>                       MATCHES	<U(9:'0'831)-U(10:'0'832) cis S/H>
#  Matched base-stacking interactions: 

>>>>>>>>>>   ALIGNMENT ENDS   >>>>>>>>>>

<<<<<<<<<<  ALIGNMENT BEGINS  <<<<<<<<<<

#  Aligning k-turn_consensus and 3cc2_0:744-753_651-663_680-685:
#  Alignment score:  10.4
#  P-value:  1.000e+00
#  Query aligned region: 0-1,11-12
#  Target aligned region: 21:'0'663-22:'0'664,24:'0'682-25:'0'683

	GG...AC
	CU...AG

#  Matched base-pairing interactions: 
	<G(1:)-A(11:) trans S/H>                       MATCHES	<U(22:'0'664)-A(24:'0'682) trans W/H>
	<G(0:)-C(12:) cis W/W>                         MATCHES	<C(21:'0'663)-G(25:'0'683) cis W/W>
#  Matched base-stacking interactions: 

>>>>>>>>>>   ALIGNMENT ENDS   >>>>>>>>>>

<<<<<<<<<<  ALIGNMENT BEGINS  <<<<<<<<<<

#  Aligning k-turn_consensus and 3cc2_0:171-178_891-898_157-162:
#  Alignment score:  10.4
#  P-value:  1.000e+00
#  Query aligned region: 0-1,11-12
#  Target aligned region: 6:'0'178-6:'0'178,14:'0'898-15:'0'899,16:'0'158-16:'0'158

	G~G...A~C
	U~G...C~A

#  Matched base-pairing interactions: 
	<G(0:)-C(12:) cis W/W>                         MATCHES	<U(6:'0'178)-A(16:'0'158) cis W/W>
	<G(1:)-A(11:) trans S/H>                       MATCHES	<G(14:'0'898)-C(15:'0'899) cis -/->
#  Matched base-stacking interactions: 

>>>>>>>>>>   ALIGNMENT ENDS   >>>>>>>>>>

<<<<<<<<<<  ALIGNMENT BEGINS  <<<<<<<<<<

#  Aligning k-turn_consensus and 3cc2_0:1928-1931_2126-2127_1906-1909:
#  Alignment score:  10.2
#  P-value:  1.000e+00
#  Query aligned region: 0-0,12-12
#  Target aligned region: 3:'0'1932-3:'0'1932,6:'0'1907-6:'0'1907

	G...C
	G...U

#  Matched base-pairing interactions: 
	<G(0:)-C(12:) cis W/W>                         MATCHES	<G(3:'0'1932)-U(6:'0'1907) cis W/W>
#  Matched base-stacking interactions: 

>>>>>>>>>>   ALIGNMENT ENDS   >>>>>>>>>>

<<<<<<<<<<  ALIGNMENT BEGINS  <<<<<<<<<<

#  Aligning k-turn_consensus and 3cc2_0:1317-1323_1333-1338_550-552:
#  Alignment score:  10.2
#  P-value:  1.000e+00
#  Query aligned region: 0-0,12-12
#  Target aligned region: 1:'0'1319-1:'0'1319,11:'0'1338-11:'0'1338

	G...C
	G...U

#  Matched base-pairing interactions: 
	<G(0:)-C(12:) cis W/W>                         MATCHES	<G(1:'0'1319)-U(11:'0'1338) cis W/W>
#  Matched base-stacking interactions: 

>>>>>>>>>>   ALIGNMENT ENDS   >>>>>>>>>>

<<<<<<<<<<  ALIGNMENT BEGINS  <<<<<<<<<<

#  Aligning k-turn_consensus and 3cc2_0:1488-1489_1650-1661_1528-1534:
#  Alignment score:  10.2
#  P-value:  1.000e+00
#  Query aligned region: 0-0,12-12
#  Target aligned region: 11:'0'1660-11:'0'1660,16:'0'1531-16:'0'1531

	G...C
	G...U

#  Matched base-pairing interactions: 
	<G(0:)-C(12:) cis W/W>                         MATCHES	<G(11:'0'1660)-U(16:'0'1531) cis W/W>
#  Matched base-stacking interactions: 

>>>>>>>>>>   ALIGNMENT ENDS   >>>>>>>>>>

<<<<<<<<<<  ALIGNMENT BEGINS  <<<<<<<<<<

#  Aligning k-turn_consensus and 3cc2_0:1545-1554_1631-1638_1566-1568:
#  Alignment score:  10.2
#  P-value:  1.000e+00
#  Query aligned region: 0-0,12-12
#  Target aligned region: 0:'0'1546-0:'0'1546,17:'0'1639-17:'0'1639

	G...C
	G...U

#  Matched base-pairing interactions: 
	<G(0:)-C(12:) cis W/W>                         MATCHES	<G(0:'0'1546)-U(17:'0'1639) cis W/W>
#  Matched base-stacking interactions: 

>>>>>>>>>>   ALIGNMENT ENDS   >>>>>>>>>>

<<<<<<<<<<  ALIGNMENT BEGINS  <<<<<<<<<<

#  Aligning k-turn_consensus and 3cc2_0:1944-1946_1964-1973_2007-2013:
#  Alignment score:  10.2
#  P-value:  1.000e+00
#  Query aligned region: 0-0,12-12
#  Target aligned region: 12:'0'1974-12:'0'1974,13:'0'2008-13:'0'2008

	G...C
	G...U

#  Matched base-pairing interactions: 
	<G(0:)-C(12:) cis W/W>                         MATCHES	<G(12:'0'1974)-U(13:'0'2008) cis W/W>
#  Matched base-stacking interactions: 

>>>>>>>>>>   ALIGNMENT ENDS   >>>>>>>>>>

<<<<<<<<<<  ALIGNMENT BEGINS  <<<<<<<<<<

#  Aligning k-turn_consensus and 3cc2_0:533-537_2058-2069_2073-2082:
#  Alignment score:  10.2
#  P-value:  1.000e+00
#  Query aligned region: 0-0,12-12
#  Target aligned region: 3:'0'537-3:'0'537,5:'0'2059-5:'0'2059

	G...C
	G...U

#  Matched base-pairing interactions: 
	<G(0:)-C(12:) cis W/W>                         MATCHES	<G(3:'0'537)-U(5:'0'2059) cis W/W>
#  Matched base-stacking interactions: 

>>>>>>>>>>   ALIGNMENT ENDS   >>>>>>>>>>

<<<<<<<<<<  ALIGNMENT BEGINS  <<<<<<<<<<

#  Aligning k-turn_consensus and 3cc2_0:1828-1831_1843-1850_1880-1884:
#  Alignment score:  10.2
#  P-value:  1.000e+00
#  Query aligned region: 0-0,12-12
#  Target aligned region: 8:'0'1848-8:'0'1848,14:'0'1883-14:'0'1883

	G...C
	G...U

#  Matched base-pairing interactions: 
	<G(0:)-C(12:) cis W/W>                         MATCHES	<G(8:'0'1848)-U(14:'0'1883) cis W/W>
#  Matched base-stacking interactions: 

>>>>>>>>>>   ALIGNMENT ENDS   >>>>>>>>>>

<<<<<<<<<<  ALIGNMENT BEGINS  <<<<<<<<<<

#  Aligning k-turn_consensus and 3cc2_0:767-770_171-179_156-162:
#  Alignment score:  10.2
#  P-value:  1.000e+00
#  Query aligned region: 0-1,11-12
#  Target aligned region: 4:'0'172-5:'0'173,18:'0'162-19:'0'163

	GG...AC
	UC...CU

#  Matched base-pairing interactions: 
	<G(1:)-A(11:) trans S/H>                       MATCHES	<C(5:'0'173)-C(18:'0'162) cis -/->
	<G(0:)-C(12:) cis W/W>                         MATCHES	<U(4:'0'172)-U(19:'0'163) cis W/W>
#  Matched base-stacking interactions: 

>>>>>>>>>>   ALIGNMENT ENDS   >>>>>>>>>>

<<<<<<<<<<  ALIGNMENT BEGINS  <<<<<<<<<<

#  Aligning k-turn_consensus and 3cc2_0:2395-2398_2388-2394_926-927:
#  Alignment score:  10.2
#  P-value:  1.000e+00
#  Query aligned region: 0-0,12-12
#  Target aligned region: 3:'0'2399-3:'0'2399,4:'0'2389-4:'0'2389

	G...C
	G...U

#  Matched base-pairing interactions: 
	<G(0:)-C(12:) cis W/W>                         MATCHES	<G(3:'0'2399)-U(4:'0'2389) cis W/W>
#  Matched base-stacking interactions: 

>>>>>>>>>>   ALIGNMENT ENDS   >>>>>>>>>>

<<<<<<<<<<  ALIGNMENT BEGINS  <<<<<<<<<<

#  Aligning k-turn_consensus and 3cc2_0:2563-2571_2561-2562_2693-2694:
#  Alignment score:  10
#  P-value:  1.000e+00
#  Query aligned region: 0-1,11-12
#  Target aligned region: 2:'0'2566-3:'0'2567,11:'0'2694-12:'0'2695

	GG...AC
	AG...AC

#  Matched base-pairing interactions: 
	<G(1:)-A(11:) trans S/H>                       MATCHES	<G(3:'0'2567)-A(11:'0'2694) cis -/->
	<G(0:)-C(12:) cis W/W>                         MATCHES	<A(2:'0'2566)-C(12:'0'2695) cis -/->
#  Matched base-stacking interactions: 

>>>>>>>>>>   ALIGNMENT ENDS   >>>>>>>>>>

<<<<<<<<<<  ALIGNMENT BEGINS  <<<<<<<<<<

#  Aligning k-turn_consensus and 3cc2_0:2313-2316_2459-2465_2424-2428:
#  Alignment score:  9.8
#  P-value:  1.000e+00
#  Query aligned region: 0-0,12-12
#  Target aligned region: 2:'0'2316-2:'0'2316,8:'0'2464-8:'0'2464

	G...C
	G...C

#  Matched base-pairing interactions: 
	<G(0:)-C(12:) cis W/W>                         MATCHES	<G(2:'0'2316)-C(8:'0'2464) cis W/W>
#  Matched base-stacking interactions: 

>>>>>>>>>>   ALIGNMENT ENDS   >>>>>>>>>>

<<<<<<<<<<  ALIGNMENT BEGINS  <<<<<<<<<<

#  Aligning k-turn_consensus and 3cc2_0:2581-2585_2591-2595_1989-1997:
#  Alignment score:  9.8
#  P-value:  1.000e+00
#  Query aligned region: 0-0,12-12
#  Target aligned region: 4:'0'2586-4:'0'2586,5:'0'2592-5:'0'2592

	G...C
	U...G

#  Matched base-pairing interactions: 
	<G(0:)-C(12:) cis W/W>                         MATCHES	<U(4:'0'2586)-G(5:'0'2592) cis W/W>
#  Matched base-stacking interactions: 

>>>>>>>>>>   ALIGNMENT ENDS   >>>>>>>>>>

<<<<<<<<<<  ALIGNMENT BEGINS  <<<<<<<<<<

#  Aligning k-turn_consensus and 3cc2_0:2076-2082_2062-2067_1076-1079:
#  Alignment score:  9.8
#  P-value:  1.000e+00
#  Query aligned region: 0-0,12-12
#  Target aligned region: 4:'0'2081-4:'0'2081,8:'0'2064-8:'0'2064

	G...C
	A...U

#  Matched base-pairing interactions: 
	<G(0:)-C(12:) cis W/W>                         MATCHES	<A(4:'0'2081)-U(8:'0'2064) cis W/W>
#  Matched base-stacking interactions: 

>>>>>>>>>>   ALIGNMENT ENDS   >>>>>>>>>>

<<<<<<<<<<  ALIGNMENT BEGINS  <<<<<<<<<<

#  Aligning k-turn_consensus and 3cc2_0:787-792_818-826_853-857:
#  Alignment score:  9.8
#  P-value:  1.000e+00
#  Query aligned region: 0-0,12-12
#  Target aligned region: 3:'0'791-3:'0'791,10:'0'823-10:'0'823

	G...C
	A...U

#  Matched base-pairing interactions: 
	<G(0:)-C(12:) cis W/W>                         MATCHES	<A(3:'0'791)-U(10:'0'823) cis W/W>
#  Matched base-stacking interactions: 

>>>>>>>>>>   ALIGNMENT ENDS   >>>>>>>>>>

<<<<<<<<<<  ALIGNMENT BEGINS  <<<<<<<<<<

#  Aligning k-turn_consensus and 3cc2_0:2442-2452_415-422_2439-2441:
#  Alignment score:  9.8
#  P-value:  1.000e+00
#  Query aligned region: 0-0,12-12
#  Target aligned region: 6:'0'2449-6:'0'2449,13:'0'418-13:'0'418

	G...C
	G...C

#  Matched base-pairing interactions: 
	<G(0:)-C(12:) cis W/W>                         MATCHES	<G(6:'0'2449)-C(13:'0'418) cis W/W>
#  Matched base-stacking interactions: 

>>>>>>>>>>   ALIGNMENT ENDS   >>>>>>>>>>

<<<<<<<<<<  ALIGNMENT BEGINS  <<<<<<<<<<

#  Aligning k-turn_consensus and 3cc2_0:659-666_678-685:
#  Alignment score:  9.8
#  P-value:  1.000e+00
#  Query aligned region: 0-0,12-12
#  Target aligned region: 7:'0'667-7:'0'667,8:'0'679-8:'0'679

	G...C
	C...G

#  Matched base-pairing interactions: 
	<G(0:)-C(12:) cis W/W>                         MATCHES	<C(7:'0'667)-G(8:'0'679) cis W/W>
#  Matched base-stacking interactions: 

>>>>>>>>>>   ALIGNMENT ENDS   >>>>>>>>>>

<<<<<<<<<<  ALIGNMENT BEGINS  <<<<<<<<<<

#  Aligning k-turn_consensus and 3cc2_0:2353-2357_2368-2370_2364-2366:
#  Alignment score:  9.8
#  P-value:  1.000e+00
#  Query aligned region: 0-1,11-12
#  Target aligned region: 3:'0'2357-4:'0'2358,8:'0'2365-9:'0'2366

	GG...AC
	GU...GC

#  Matched base-pairing interactions: 
	<G(1:)-A(11:) trans S/H>                       MATCHES	<U(4:'0'2358)-G(8:'0'2365) cis W/W>
	<G(0:)-C(12:) cis W/W>                         MATCHES	<G(3:'0'2357)-C(9:'0'2366) cis W/W>
#  Matched base-stacking interactions: 

>>>>>>>>>>   ALIGNMENT ENDS   >>>>>>>>>>

<<<<<<<<<<  ALIGNMENT BEGINS  <<<<<<<<<<

#  Aligning k-turn_consensus and 3cc2_0:1491-1498_1502-1513_1446-1450:
#  Alignment score:  9.8
#  P-value:  1.000e+00
#  Query aligned region: 0-0,12-12
#  Target aligned region: 6:'0'1498-6:'0'1498,12:'0'1507-12:'0'1507

	G...C
	G...C

#  Matched base-pairing interactions: 
	<G(0:)-C(12:) cis W/W>                         MATCHES	<G(6:'0'1498)-C(12:'0'1507) cis W/W>
#  Matched base-stacking interactions: 

>>>>>>>>>>   ALIGNMENT ENDS   >>>>>>>>>>

<<<<<<<<<<  ALIGNMENT BEGINS  <<<<<<<<<<

#  Aligning k-turn_consensus and 3cc2_0:28-33_477-478_447-464:
#  Alignment score:  9.8
#  P-value:  1.000e+00
#  Query aligned region: 0-0,12-12
#  Target aligned region: 4:'0'33-4:'0'33,10:'0'450-10:'0'450

	G...C
	G...C

#  Matched base-pairing interactions: 
	<G(0:)-C(12:) cis W/W>                         MATCHES	<G(4:'0'33)-C(10:'0'450) cis W/W>
#  Matched base-stacking interactions: 

>>>>>>>>>>   ALIGNMENT ENDS   >>>>>>>>>>

<<<<<<<<<<  ALIGNMENT BEGINS  <<<<<<<<<<

#  Aligning k-turn_consensus and 3cc2_0:1187-1190_1205-1209_1157-1163:
#  Alignment score:  9.8
#  P-value:  1.000e+00
#  Query aligned region: 0-0,12-12
#  Target aligned region: 3:'0'1191-3:'0'1191,4:'0'1206-4:'0'1206

	G...C
	A...U

#  Matched base-pairing interactions: 
	<G(0:)-C(12:) cis W/W>                         MATCHES	<A(3:'0'1191)-U(4:'0'1206) cis W/W>
#  Matched base-stacking interactions: 

>>>>>>>>>>   ALIGNMENT ENDS   >>>>>>>>>>

<<<<<<<<<<  ALIGNMENT BEGINS  <<<<<<<<<<

#  Aligning k-turn_consensus and 3cc2_0:1970-1981_2002-2013_1888-1890:
#  Alignment score:  9.8
#  P-value:  1.000e+00
#  Query aligned region: 0-0,12-12
#  Target aligned region: 22:'0'2013-22:'0'2013,24:'0'1889-24:'0'1889

	G...C
	G...C

#  Matched base-pairing interactions: 
	<G(0:)-C(12:) cis W/W>                         MATCHES	<G(22:'0'2013)-C(24:'0'1889) cis W/W>
#  Matched base-stacking interactions: 

>>>>>>>>>>   ALIGNMENT ENDS   >>>>>>>>>>

<<<<<<<<<<  ALIGNMENT BEGINS  <<<<<<<<<<

#  Aligning k-turn_consensus and 3cc2_0:1200-1207_1193-1197_1158-1164:
#  Alignment score:  9.8
#  P-value:  1.000e+00
#  Query aligned region: 0-0,12-12
#  Target aligned region: 7:'0'1208-7:'0'1208,13:'0'1159-13:'0'1159

	G...C
	C...G

#  Matched base-pairing interactions: 
	<G(0:)-C(12:) cis W/W>                         MATCHES	<C(7:'0'1208)-G(13:'0'1159) cis W/W>
#  Matched base-stacking interactions: 

>>>>>>>>>>   ALIGNMENT ENDS   >>>>>>>>>>

<<<<<<<<<<  ALIGNMENT BEGINS  <<<<<<<<<<

#  Aligning k-turn_consensus and 3cc2_0:2012-2013_1970-1985_2001-2009:
#  Alignment score:  9.8
#  P-value:  1.000e+00
#  Query aligned region: 0-0,12-12
#  Target aligned region: 17:'0'1986-17:'0'1986,18:'0'2002-18:'0'2002

	G...C
	G...C

#  Matched base-pairing interactions: 
	<G(0:)-C(12:) cis W/W>                         MATCHES	<G(17:'0'1986)-C(18:'0'2002) cis W/W>
#  Matched base-stacking interactions: 

>>>>>>>>>>   ALIGNMENT ENDS   >>>>>>>>>>

<<<<<<<<<<  ALIGNMENT BEGINS  <<<<<<<<<<

#  Aligning k-turn_consensus and 3cc2_0:2010-2012_1845-1859_1868-1883:
#  Alignment score:  9.8
#  P-value:  1.000e+00
#  Query aligned region: 0-1,11-12
#  Target aligned region: 16:'0'1859-17:'0'1860,18:'0'1869-19:'0'1870

	GG...AC
	AU...AC

#  Matched base-pairing interactions: 
	<G(1:)-A(11:) trans S/H>                       MATCHES	<U(17:'0'1860)-A(18:'0'1869) cis W/W>
	<G(0:)-C(12:) cis W/W>                         MATCHES	<A(16:'0'1859)-C(19:'0'1870) cis W/W>
#  Matched base-stacking interactions: 

>>>>>>>>>>   ALIGNMENT ENDS   >>>>>>>>>>

<<<<<<<<<<  ALIGNMENT BEGINS  <<<<<<<<<<

#  Aligning k-turn_consensus and 3cc2_0:2497-2500_1130-1137_1224-1230:
#  Alignment score:  9.8
#  P-value:  1.000e+00
#  Query aligned region: 0-0,12-12
#  Target aligned region: 11:'0'1138-11:'0'1138,12:'0'1225-12:'0'1225

	G...C
	G...C

#  Matched base-pairing interactions: 
	<G(0:)-C(12:) cis W/W>                         MATCHES	<G(11:'0'1138)-C(12:'0'1225) cis W/W>
#  Matched base-stacking interactions: 

>>>>>>>>>>   ALIGNMENT ENDS   >>>>>>>>>>

<<<<<<<<<<  ALIGNMENT BEGINS  <<<<<<<<<<

#  Aligning k-turn_consensus and 3cc2_0:1041-1049_912-915_1064-1071:
#  Alignment score:  9.8
#  P-value:  1.000e+00
#  Query aligned region: 0-0,12-12
#  Target aligned region: 3:'0'1045-3:'0'1045,17:'0'1069-17:'0'1069

	G...C
	G...C

#  Matched base-pairing interactions: 
	<G(0:)-C(12:) cis W/W>                         MATCHES	<G(3:'0'1045)-C(17:'0'1069) cis W/W>
#  Matched base-stacking interactions: 

>>>>>>>>>>   ALIGNMENT ENDS   >>>>>>>>>>

<<<<<<<<<<  ALIGNMENT BEGINS  <<<<<<<<<<

#  Aligning k-turn_consensus and 3cc2_0:1695-1696_1411-1418_1677-1685:
#  Alignment score:  9.6
#  P-value:  1.000e+00
#  Query aligned region: 0-1,11-12
#  Target aligned region: 5:'0'1415-6:'0'1416,11:'0'1679-12:'0'1680

	GG...AC
	GG...CC

#  Matched base-pairing interactions: 
	<G(1:)-A(11:) trans S/H>                       MATCHES	<G(6:'0'1416)-C(11:'0'1679) cis W/W>
	<G(0:)-C(12:) cis W/W>                         MATCHES	<G(5:'0'1415)-C(12:'0'1680) cis W/W>
#  Matched base-stacking interactions: 

>>>>>>>>>>   ALIGNMENT ENDS   >>>>>>>>>>

<<<<<<<<<<  ALIGNMENT BEGINS  <<<<<<<<<<

#  Aligning k-turn_consensus and 3cc2_0:833-847:
#  Alignment score:  9.4
#  P-value:  1.000e+00
#  Query aligned region: 1-1,11-11
#  Target aligned region: 10:'0'844-11:'0'845

	G...A
	A...U

#  Matched base-pairing interactions: 
	<G(1:)-A(11:) trans S/H>                       MATCHES	<A(10:'0'844)-U(11:'0'845) trans S/H>
#  Matched base-stacking interactions: 

>>>>>>>>>>   ALIGNMENT ENDS   >>>>>>>>>>

<<<<<<<<<<  ALIGNMENT BEGINS  <<<<<<<<<<

#  Aligning k-turn_consensus and 3cc2_0:1199-1205_1192-1197_1173-1175:
#  Alignment score:  9.3
#  P-value:  1.000e+00
#  Query aligned region: 0-1,11-12
#  Target aligned region: 1:'0'1201-2:'0'1202,11:'0'1197-12:'0'1198

	GG...AC
	CA...GU

#  Matched base-pairing interactions: 
	<G(1:)-A(11:) trans S/H>                       MATCHES	<A(2:'0'1202)-G(11:'0'1197) trans H/S>
	<G(0:)-C(12:) cis W/W>                         MATCHES	<C(1:'0'1201)-U(12:'0'1198) cis -/->
#  Matched base-stacking interactions: 

>>>>>>>>>>   ALIGNMENT ENDS   >>>>>>>>>>

<<<<<<<<<<  ALIGNMENT BEGINS  <<<<<<<<<<

#  Aligning k-turn_consensus and 3cc2_0:2466-2470_163-170_2274-2277:
#  Alignment score:  9.2
#  P-value:  1.000e+00
#  Query aligned region: 2-4,5-10
#  Target aligned region: 3:'0'2470-3:'0'2470,6:'0'165-11:'0'170,15:'0'2277-15:'0'2277

	G~A-G...CGAAG~A
	A~AAA...CA--U~U

#  Matched base-pairing interactions: 
	<A(3:)-G(6:) trans S/S>                        MATCHES	<A(6:'0'165)-A(10:'0'169) cis -/->
	<A(3:)-G(9:) trans H/S>                        MATCHES	<A(6:'0'165)-U(11:'0'170) cis -/->
	<G(4:)-A(10:) trans S/S>                       MATCHES	<A(8:'0'167)-U(15:'0'2277) trans S/S>
	<G(4:)-C(5:) cis W/W>                          MATCHES	<A(8:'0'167)-C(9:'0'168) cis -/->
	<G(2:)-A(10:) trans S/H>                       MATCHES	<A(3:'0'2470)-U(15:'0'2277) cis H/W>
#  Matched base-stacking interactions: 

>>>>>>>>>>   ALIGNMENT ENDS   >>>>>>>>>>

<<<<<<<<<<  ALIGNMENT BEGINS  <<<<<<<<<<

#  Aligning k-turn_consensus and 3cc2_0:1826-1834_1839-1846_866-879:
#  Alignment score:  9
#  P-value:  1.000e+00
#  Query aligned region: 0-0,12-12
#  Target aligned region: 6:'0'1833-6:'0'1833,12:'0'1843-12:'0'1843

	G...C
	U...A

#  Matched base-pairing interactions: 
	<G(0:)-C(12:) cis W/W>                         MATCHES	<U(6:'0'1833)-A(12:'0'1843) cis W/W>
#  Matched base-stacking interactions: 

>>>>>>>>>>   ALIGNMENT ENDS   >>>>>>>>>>

<<<<<<<<<<  ALIGNMENT BEGINS  <<<<<<<<<<

#  Aligning k-turn_consensus and 3cc2_0:415-422_2442-2452_2439-2441:
#  Alignment score:  9
#  P-value:  1.000e+00
#  Query aligned region: 0-0,12-12
#  Target aligned region: 7:'0'423-7:'0'423,9:'0'2444-9:'0'2444

	G...C
	A...U

#  Matched base-pairing interactions: 
	<G(0:)-C(12:) cis W/W>                         MATCHES	<A(7:'0'423)-U(9:'0'2444) cis W/W>
#  Matched base-stacking interactions: 

>>>>>>>>>>   ALIGNMENT ENDS   >>>>>>>>>>

<<<<<<<<<<  ALIGNMENT BEGINS  <<<<<<<<<<

#  Aligning k-turn_consensus and 3cc2_0:705-720:
#  Alignment score:  7.9
#  P-value:  1.000e+00
#  Query aligned region: 0-1,11-12
#  Target aligned region: 6:'0'712-10:'0'716

	GG...A-C
	CU...UUG

#  Matched base-pairing interactions: 
	<G(0:)-C(12:) cis W/W>                         MATCHES	<C(6:'0'712)-G(10:'0'716) cis W/W>
	<G(1:)-A(11:) trans S/H>                       MATCHES	<U(7:'0'713)-U(8:'0'714) cis S/H>
#  Matched base-stacking interactions: 

>>>>>>>>>>   ALIGNMENT ENDS   >>>>>>>>>>

<<<<<<<<<<  ALIGNMENT BEGINS  <<<<<<<<<<

#  Aligning k-turn_consensus and 3cc2_0:2693-2694_2563-2571_2561-2562:
#  Alignment score:  7.8
#  P-value:  1.000e+00
#  Query aligned region: 0-0,12-12
#  Target aligned region: 8:'0'2570-8:'0'2570,12:'0'2563-12:'0'2563

	G...C
	G...U

#  Matched base-pairing interactions: 
	<G(0:)-C(12:) cis W/W>                         MATCHES	<G(8:'0'2570)-U(12:'0'2563) cis W/W>
#  Matched base-stacking interactions: 

>>>>>>>>>>   ALIGNMENT ENDS   >>>>>>>>>>

<<<<<<<<<<  ALIGNMENT BEGINS  <<<<<<<<<<

#  Aligning k-turn_consensus and 3cc2_0:2492-2500_2525-2527_2519-2524:
#  Alignment score:  7.8
#  P-value:  1.000e+00
#  Query aligned region: 0-0,12-12
#  Target aligned region: 1:'0'2494-1:'0'2494,11:'0'2528-11:'0'2528

	G...C
	G...U

#  Matched base-pairing interactions: 
	<G(0:)-C(12:) cis W/W>                         MATCHES	<G(1:'0'2494)-U(11:'0'2528) cis W/W>
#  Matched base-stacking interactions: 

>>>>>>>>>>   ALIGNMENT ENDS   >>>>>>>>>>

<<<<<<<<<<  ALIGNMENT BEGINS  <<<<<<<<<<

#  Aligning k-turn_consensus and 3cc2_0:624-629_1075-1082_2067-2073:
#  Alignment score:  7.6
#  P-value:  1.000e+00
#  Query aligned region: 0-1,11-12
#  Target aligned region: 0:'0'625-1:'0'626,11:'0'1081-11:'0'1081,17:'0'2071-17:'0'2071

	GG...A~C
	UU...A~C

#  Matched base-pairing interactions: 
	<G(0:)-C(12:) cis W/W>                         MATCHES	<U(0:'0'625)-C(17:'0'2071) cis W/W>
	<G(1:)-A(11:) trans S/H>                       MATCHES	<U(1:'0'626)-A(11:'0'1081) cis -/->
#  Matched base-stacking interactions: 

>>>>>>>>>>   ALIGNMENT ENDS   >>>>>>>>>>

<<<<<<<<<<  ALIGNMENT BEGINS  <<<<<<<<<<

#  Aligning k-turn_consensus and 3cc2_0:2754-2763_2038-2040_2717-2725:
#  Alignment score:  7.4
#  P-value:  1.000e+00
#  Query aligned region: 0-1,11-12
#  Target aligned region: 3:'0'2758-3:'0'2758,10:'0'2039-10:'0'2039,18:'0'2723-19:'0'2724

	G~G...AC
	G~A...GU

#  Matched base-pairing interactions: 
	<G(0:)-C(12:) cis W/W>                         MATCHES	<G(3:'0'2758)-U(19:'0'2724) cis W/W>
	<G(1:)-A(11:) trans S/H>                       MATCHES	<A(10:'0'2039)-G(18:'0'2723) cis -/->
#  Matched base-stacking interactions: 

>>>>>>>>>>   ALIGNMENT ENDS   >>>>>>>>>>

<<<<<<<<<<  ALIGNMENT BEGINS  <<<<<<<<<<

#  Aligning k-turn_consensus and 3cc2_0:1075-1082_1041-1045_912-915:
#  Alignment score:  7.4
#  P-value:  1.000e+00
#  Query aligned region: 0-0,12-12
#  Target aligned region: 0:'0'1076-7:'0'1083

	G...C
	G...C

#  Matched base-pairing interactions: 
	<G(0:)-C(12:) cis W/W>                         MATCHES	<G(0:'0'1076)-C(7:'0'1083) cis W/W>
#  Matched base-stacking interactions: 

>>>>>>>>>>   ALIGNMENT ENDS   >>>>>>>>>>

<<<<<<<<<<  ALIGNMENT BEGINS  <<<<<<<<<<

#  Aligning k-turn_consensus and 3cc2_0:1330-1336_904-906_1320-1329:
#  Alignment score:  7.4
#  P-value:  1.000e+00
#  Query aligned region: 0-0,12-12
#  Target aligned region: 0:'0'1331-0:'0'1331,15:'0'1326-15:'0'1326

	G...C
	G...C

#  Matched base-pairing interactions: 
	<G(0:)-C(12:) cis W/W>                         MATCHES	<G(0:'0'1331)-C(15:'0'1326) cis W/W>
#  Matched base-stacking interactions: 

>>>>>>>>>>   ALIGNMENT ENDS   >>>>>>>>>>

<<<<<<<<<<  ALIGNMENT BEGINS  <<<<<<<<<<

#  Aligning k-turn_consensus and 3cc2_0:1974-1977_1998-2007:
#  Alignment score:  7.4
#  P-value:  1.000e+00
#  Query aligned region: 0-1,11-12
#  Target aligned region: 0:'0'1975-1:'0'1976,9:'0'2004-10:'0'2005

	GG...AC
	CG...UG

#  Matched base-pairing interactions: 
	<G(1:)-A(11:) trans S/H>                       MATCHES	<G(1:'0'1976)-U(9:'0'2004) cis -/->
	<G(0:)-C(12:) cis W/W>                         MATCHES	<C(0:'0'1975)-G(10:'0'2005) cis W/W>
#  Matched base-stacking interactions: 

>>>>>>>>>>   ALIGNMENT ENDS   >>>>>>>>>>

<<<<<<<<<<  ALIGNMENT BEGINS  <<<<<<<<<<

#  Aligning k-turn_consensus and 3cc2_0:2469-2474_2111-2114_2625-2637:
#  Alignment score:  7.4
#  P-value:  1.000e+00
#  Query aligned region: 0-0,12-12
#  Target aligned region: 3:'0'2473-3:'0'2473,6:'0'2112-6:'0'2112

	G...C
	U...A

#  Matched base-pairing interactions: 
	<G(0:)-C(12:) cis W/W>                         MATCHES	<U(3:'0'2473)-A(6:'0'2112) cis W/W>
#  Matched base-stacking interactions: 

>>>>>>>>>>   ALIGNMENT ENDS   >>>>>>>>>>

<<<<<<<<<<  ALIGNMENT BEGINS  <<<<<<<<<<

#  Aligning k-turn_consensus and 3cc2_0:2754-2763_2717-2725_2038-2040:
#  Alignment score:  7.2
#  P-value:  1.000e+00
#  Query aligned region: 0-1,11-12
#  Target aligned region: 8:'0'2763-9:'0'2764,11:'0'2719-12:'0'2720

	GG...AC
	GC...AC

#  Matched base-pairing interactions: 
	<G(1:)-A(11:) trans S/H>                       MATCHES	<C(9:'0'2764)-A(11:'0'2719) trans S/W>
	<G(0:)-C(12:) cis W/W>                         MATCHES	<G(8:'0'2763)-C(12:'0'2720) cis S/W>
#  Matched base-stacking interactions: 

>>>>>>>>>>   ALIGNMENT ENDS   >>>>>>>>>>

<<<<<<<<<<  ALIGNMENT BEGINS  <<<<<<<<<<

#  Aligning k-turn_consensus and 3cc2_0:425-429_407-414_189-193:
#  Alignment score:  6.6
#  P-value:  1.000e+00
#  Query aligned region: 0-0,12-12
#  Target aligned region: 2:'0'428-2:'0'428,9:'0'412-9:'0'412

	G...C
	G...C

#  Matched base-pairing interactions: 
	<G(0:)-C(12:) cis W/W>                         MATCHES	<G(2:'0'428)-C(9:'0'412) cis W/W>
#  Matched base-stacking interactions: 

>>>>>>>>>>   ALIGNMENT ENDS   >>>>>>>>>>

<<<<<<<<<<  ALIGNMENT BEGINS  <<<<<<<<<<

#  Aligning k-turn_consensus and 3cc2_0:541-546_609-614_527-528:
#  Alignment score:  6.4
#  P-value:  1.000e+00
#  Query aligned region: 0-1,11-12
#  Target aligned region: 3:'0'545-3:'0'545,6:'0'610-6:'0'610,12:'0'528-13:'0'529

	G~G...AC
	G~G...GG

#  Matched base-pairing interactions: 
	<G(0:)-C(12:) cis W/W>                         MATCHES	<G(3:'0'545)-G(13:'0'529) cis -/->
	<G(1:)-A(11:) trans S/H>                       MATCHES	<G(6:'0'610)-G(12:'0'528) trans S/S>
#  Matched base-stacking interactions: 

>>>>>>>>>>   ALIGNMENT ENDS   >>>>>>>>>>

<<<<<<<<<<  ALIGNMENT BEGINS  <<<<<<<<<<

#  Aligning k-turn_consensus and 3cc2_0:1298-1300_904-906_1323-1333:
#  Alignment score:  5.8
#  P-value:  1.000e+00
#  Query aligned region: 0-0,12-12
#  Target aligned region: 1:'0'1300-1:'0'1300,3:'0'905-3:'0'905

	G...C
	G...C

#  Matched base-pairing interactions: 
	<G(0:)-C(12:) cis W/W>                         MATCHES	<G(1:'0'1300)-C(3:'0'905) cis W/W>
#  Matched base-stacking interactions: 

>>>>>>>>>>   ALIGNMENT ENDS   >>>>>>>>>>

<<<<<<<<<<  ALIGNMENT BEGINS  <<<<<<<<<<

#  Aligning k-turn_consensus and 3cc2_0:870-878_775-779_1830-1844:
#  Alignment score:  5.6
#  P-value:  1.000e+00
#  Query aligned region: 
#  Target aligned region: 

	
	

#  Matched base-pairing interactions: 
#  Matched base-stacking interactions: 

>>>>>>>>>>   ALIGNMENT ENDS   >>>>>>>>>>

<<<<<<<<<<  ALIGNMENT BEGINS  <<<<<<<<<<

#  Aligning k-turn_consensus and 3cc2_0:2068-2076_624-629_2480-2490:
#  Alignment score:  5.1
#  P-value:  1.000e+00
#  Query aligned region: 
#  Target aligned region: 

	
	

#  Matched base-pairing interactions: 
#  Matched base-stacking interactions: 

>>>>>>>>>>   ALIGNMENT ENDS   >>>>>>>>>>

<<<<<<<<<<  ALIGNMENT BEGINS  <<<<<<<<<<

#  Aligning k-turn_consensus and 3cc2_0:1312-1313_333-342_311-318:
#  Alignment score:  5
#  P-value:  1.000e+00
#  Query aligned region: 0-1,11-12
#  Target aligned region: 1:'0'1314-1:'0'1314,4:'0'336-4:'0'336,15:'0'315-16:'0'316

	G~G...AC
	U~G...GA

#  Matched base-pairing interactions: 
	<G(0:)-C(12:) cis W/W>                         MATCHES	<U(1:'0'1314)-A(16:'0'316) trans W/W>
	<G(1:)-A(11:) trans S/H>                       MATCHES	<G(4:'0'336)-G(15:'0'315) trans S/S>
#  Matched base-stacking interactions: 

>>>>>>>>>>   ALIGNMENT ENDS   >>>>>>>>>>

<<<<<<<<<<  ALIGNMENT BEGINS  <<<<<<<<<<

#  Aligning k-turn_consensus and 3cc2_0:450-457_458-464_474-478:
#  Alignment score:  4.9
#  P-value:  1.000e+00
#  Query aligned region: 
#  Target aligned region: 

	
	

#  Matched base-pairing interactions: 
#  Matched base-stacking interactions: 

>>>>>>>>>>   ALIGNMENT ENDS   >>>>>>>>>>

<<<<<<<<<<  ALIGNMENT BEGINS  <<<<<<<<<<

#  Aligning k-turn_consensus and 3cc2_0:870-878_1830-1844_775-779:
#  Alignment score:  4.8
#  P-value:  1.000e+00
#  Query aligned region: 
#  Target aligned region: 

	
	

#  Matched base-pairing interactions: 
#  Matched base-stacking interactions: 

>>>>>>>>>>   ALIGNMENT ENDS   >>>>>>>>>>

<<<<<<<<<<  ALIGNMENT BEGINS  <<<<<<<<<<

#  Aligning k-turn_consensus and 3cc2_0:775-779_870-878_1830-1844:
#  Alignment score:  4.8
#  P-value:  1.000e+00
#  Query aligned region: 
#  Target aligned region: 

	
	

#  Matched base-pairing interactions: 
#  Matched base-stacking interactions: 

>>>>>>>>>>   ALIGNMENT ENDS   >>>>>>>>>>

<<<<<<<<<<  ALIGNMENT BEGINS  <<<<<<<<<<

#  Aligning k-turn_consensus and 3cc2_0:2529-2537_2281-2285_1056-1059:
#  Alignment score:  4.6
#  P-value:  1.000e+00
#  Query aligned region: 0-1,11-12
#  Target aligned region: 0:'0'2530-1:'0'2531,10:'0'2283-10:'0'2283,14:'0'1057-14:'0'1057

	GG...A~C
	CU...G~A

#  Matched base-pairing interactions: 
	<G(0:)-C(12:) cis W/W>                         MATCHES	<C(0:'0'2530)-A(14:'0'1057) cis -/->
	<G(1:)-A(11:) trans S/H>                       MATCHES	<U(1:'0'2531)-G(10:'0'2283) trans S/S>
#  Matched base-stacking interactions: 

>>>>>>>>>>   ALIGNMENT ENDS   >>>>>>>>>>

<<<<<<<<<<  ALIGNMENT BEGINS  <<<<<<<<<<

#  Aligning k-turn_consensus and 3cc2_0:2281-2285_1056-1059_2529-2537:
#  Alignment score:  4.6
#  P-value:  1.000e+00
#  Query aligned region: 
#  Target aligned region: 

	
	

#  Matched base-pairing interactions: 
#  Matched base-stacking interactions: 

>>>>>>>>>>   ALIGNMENT ENDS   >>>>>>>>>>

<<<<<<<<<<  ALIGNMENT BEGINS  <<<<<<<<<<

#  Aligning k-turn_consensus and 3cc2_0:2281-2285_2529-2537_1056-1059:
#  Alignment score:  4.6
#  P-value:  1.000e+00
#  Query aligned region: 
#  Target aligned region: 

	
	

#  Matched base-pairing interactions: 
#  Matched base-stacking interactions: 

>>>>>>>>>>   ALIGNMENT ENDS   >>>>>>>>>>

<<<<<<<<<<  ALIGNMENT BEGINS  <<<<<<<<<<

#  Aligning k-turn_consensus and 3cc2_0:527-528_609-614_541-546:
#  Alignment score:  4.6
#  P-value:  1.000e+00
#  Query aligned region: 
#  Target aligned region: 

	
	

#  Matched base-pairing interactions: 
#  Matched base-stacking interactions: 

>>>>>>>>>>   ALIGNMENT ENDS   >>>>>>>>>>

<<<<<<<<<<  ALIGNMENT BEGINS  <<<<<<<<<<

#  Aligning k-turn_consensus and 3cc2_0:2561-2562_2693-2694_2563-2571:
#  Alignment score:  4.4
#  P-value:  1.000e+00
#  Query aligned region: 
#  Target aligned region: 

	
	

#  Matched base-pairing interactions: 
#  Matched base-stacking interactions: 

>>>>>>>>>>   ALIGNMENT ENDS   >>>>>>>>>>

<<<<<<<<<<  ALIGNMENT BEGINS  <<<<<<<<<<

#  Aligning k-turn_consensus and 3cc2_0:2561-2562_2563-2571_2693-2694:
#  Alignment score:  4.4
#  P-value:  1.000e+00
#  Query aligned region: 
#  Target aligned region: 

	
	

#  Matched base-pairing interactions: 
#  Matched base-stacking interactions: 

>>>>>>>>>>   ALIGNMENT ENDS   >>>>>>>>>>

<<<<<<<<<<  ALIGNMENT BEGINS  <<<<<<<<<<

#  Aligning k-turn_consensus and 3cc2_0:1830-1844_775-779_870-878:
#  Alignment score:  4.4
#  P-value:  1.000e+00
#  Query aligned region: 
#  Target aligned region: 

	
	

#  Matched base-pairing interactions: 
#  Matched base-stacking interactions: 

>>>>>>>>>>   ALIGNMENT ENDS   >>>>>>>>>>

<<<<<<<<<<  ALIGNMENT BEGINS  <<<<<<<<<<

#  Aligning k-turn_consensus and 3cc2_0:450-457_474-478_458-464:
#  Alignment score:  4.3
#  P-value:  1.000e+00
#  Query aligned region: 
#  Target aligned region: 

	
	

#  Matched base-pairing interactions: 
#  Matched base-stacking interactions: 

>>>>>>>>>>   ALIGNMENT ENDS   >>>>>>>>>>

<<<<<<<<<<  ALIGNMENT BEGINS  <<<<<<<<<<

#  Aligning k-turn_consensus and 3cc2_0:609-614_527-528_541-546:
#  Alignment score:  4.3
#  P-value:  1.000e+00
#  Query aligned region: 
#  Target aligned region: 

	
	

#  Matched base-pairing interactions: 
#  Matched base-stacking interactions: 

>>>>>>>>>>   ALIGNMENT ENDS   >>>>>>>>>>

<<<<<<<<<<  ALIGNMENT BEGINS  <<<<<<<<<<

#  Aligning k-turn_consensus and 3cc2_0:1830-1844_870-878_775-779:
#  Alignment score:  4.2
#  P-value:  1.000e+00
#  Query aligned region: 0-0,12-12
#  Target aligned region: 5:'0'1836-5:'0'1836,26:'0'778-26:'0'778

	G...C
	A...C

#  Matched base-pairing interactions: 
	<G(0:)-C(12:) cis W/W>                         MATCHES	<A(5:'0'1836)-C(26:'0'778) cis -/->
#  Matched base-stacking interactions: 

>>>>>>>>>>   ALIGNMENT ENDS   >>>>>>>>>>

<<<<<<<<<<  ALIGNMENT BEGINS  <<<<<<<<<<

#  Aligning k-turn_consensus and 3cc2_0:1312-1313_311-318_333-342:
#  Alignment score:  4.2
#  P-value:  1.000e+00
#  Query aligned region: 
#  Target aligned region: 

	
	

#  Matched base-pairing interactions: 
#  Matched base-stacking interactions: 

>>>>>>>>>>   ALIGNMENT ENDS   >>>>>>>>>>

<<<<<<<<<<  ALIGNMENT BEGINS  <<<<<<<<<<

#  Aligning k-turn_consensus and 3cc2_0:311-318_333-342_1312-1313:
#  Alignment score:  4.2
#  P-value:  1.000e+00
#  Query aligned region: 
#  Target aligned region: 

	
	

#  Matched base-pairing interactions: 
#  Matched base-stacking interactions: 

>>>>>>>>>>   ALIGNMENT ENDS   >>>>>>>>>>

<<<<<<<<<<  ALIGNMENT BEGINS  <<<<<<<<<<

#  Aligning k-turn_consensus and 3cc2_0:856-862_783-788:
#  Alignment score:  4.1
#  P-value:  1.000e+00
#  Query aligned region: 
#  Target aligned region: 

	
	

#  Matched base-pairing interactions: 
#  Matched base-stacking interactions: 

>>>>>>>>>>   ALIGNMENT ENDS   >>>>>>>>>>

<<<<<<<<<<  ALIGNMENT BEGINS  <<<<<<<<<<

#  Aligning k-turn_consensus and 3cc2_0:474-478_450-457_458-464:
#  Alignment score:  4
#  P-value:  1.000e+00
#  Query aligned region: 
#  Target aligned region: 

	
	

#  Matched base-pairing interactions: 
#  Matched base-stacking interactions: 

>>>>>>>>>>   ALIGNMENT ENDS   >>>>>>>>>>

<<<<<<<<<<  ALIGNMENT BEGINS  <<<<<<<<<<

#  Aligning k-turn_consensus and 3cc2_0:2693-2694_2561-2562_2563-2571:
#  Alignment score:  4
#  P-value:  1.000e+00
#  Query aligned region: 
#  Target aligned region: 

	
	

#  Matched base-pairing interactions: 
#  Matched base-stacking interactions: 

>>>>>>>>>>   ALIGNMENT ENDS   >>>>>>>>>>

<<<<<<<<<<  ALIGNMENT BEGINS  <<<<<<<<<<

#  Aligning k-turn_consensus and 3cc2_0:1294-1299_903-909:
#  Alignment score:  4
#  P-value:  1.000e+00
#  Query aligned region: 
#  Target aligned region: 

	
	

#  Matched base-pairing interactions: 
#  Matched base-stacking interactions: 

>>>>>>>>>>   ALIGNMENT ENDS   >>>>>>>>>>

<<<<<<<<<<  ALIGNMENT BEGINS  <<<<<<<<<<

#  Aligning k-turn_consensus and 3cc2_0:1037-1042_912-915:
#  Alignment score:  4
#  P-value:  1.000e+00
#  Query aligned region: 
#  Target aligned region: 

	
	

#  Matched base-pairing interactions: 
#  Matched base-stacking interactions: 

>>>>>>>>>>   ALIGNMENT ENDS   >>>>>>>>>>

<<<<<<<<<<  ALIGNMENT BEGINS  <<<<<<<<<<

#  Aligning k-turn_consensus and 3cc2_0:458-464_474-478_450-457:
#  Alignment score:  3.8
#  P-value:  1.000e+00
#  Query aligned region: 
#  Target aligned region: 

	
	

#  Matched base-pairing interactions: 
#  Matched base-stacking interactions: 

>>>>>>>>>>   ALIGNMENT ENDS   >>>>>>>>>>

<<<<<<<<<<  ALIGNMENT BEGINS  <<<<<<<<<<

#  Aligning k-turn_consensus and 3cc2_0:783-788_856-862:
#  Alignment score:  3.8
#  P-value:  1.000e+00
#  Query aligned region: 
#  Target aligned region: 

	
	

#  Matched base-pairing interactions: 
#  Matched base-stacking interactions: 

>>>>>>>>>>   ALIGNMENT ENDS   >>>>>>>>>>

<<<<<<<<<<  ALIGNMENT BEGINS  <<<<<<<<<<

#  Aligning k-turn_consensus and 3cc2_0:2449-2453_2437-2441:
#  Alignment score:  3.7
#  P-value:  1.000e+00
#  Query aligned region: 
#  Target aligned region: 

	
	

#  Matched base-pairing interactions: 
#  Matched base-stacking interactions: 

>>>>>>>>>>   ALIGNMENT ENDS   >>>>>>>>>>

<<<<<<<<<<  ALIGNMENT BEGINS  <<<<<<<<<<

#  Aligning k-turn_consensus and 3cc2_0:333-342_1312-1313_311-318:
#  Alignment score:  3.6
#  P-value:  1.000e+00
#  Query aligned region: 
#  Target aligned region: 

	
	

#  Matched base-pairing interactions: 
#  Matched base-stacking interactions: 

>>>>>>>>>>   ALIGNMENT ENDS   >>>>>>>>>>

<<<<<<<<<<  ALIGNMENT BEGINS  <<<<<<<<<<

#  Aligning k-turn_consensus and 3cc2_0:333-342_311-318_1312-1313:
#  Alignment score:  3.6
#  P-value:  1.000e+00
#  Query aligned region: 
#  Target aligned region: 

	
	

#  Matched base-pairing interactions: 
#  Matched base-stacking interactions: 

>>>>>>>>>>   ALIGNMENT ENDS   >>>>>>>>>>

<<<<<<<<<<  ALIGNMENT BEGINS  <<<<<<<<<<

#  Aligning k-turn_consensus and 3cc2_0:474-478_458-464_450-457:
#  Alignment score:  3.5
#  P-value:  1.000e+00
#  Query aligned region: 
#  Target aligned region: 

	
	

#  Matched base-pairing interactions: 
#  Matched base-stacking interactions: 

>>>>>>>>>>   ALIGNMENT ENDS   >>>>>>>>>>

<<<<<<<<<<  ALIGNMENT BEGINS  <<<<<<<<<<

#  Aligning k-turn_consensus and 3cc2_0:2437-2441_2449-2453:
#  Alignment score:  3.3
#  P-value:  1.000e+00
#  Query aligned region: 
#  Target aligned region: 

	
	

#  Matched base-pairing interactions: 
#  Matched base-stacking interactions: 

>>>>>>>>>>   ALIGNMENT ENDS   >>>>>>>>>>

<<<<<<<<<<  ALIGNMENT BEGINS  <<<<<<<<<<

#  Aligning k-turn_consensus and 3cc2_0:903-909_1294-1299:
#  Alignment score:  3.3
#  P-value:  1.000e+00
#  Query aligned region: 
#  Target aligned region: 

	
	

#  Matched base-pairing interactions: 
#  Matched base-stacking interactions: 

>>>>>>>>>>   ALIGNMENT ENDS   >>>>>>>>>>

<<<<<<<<<<  ALIGNMENT BEGINS  <<<<<<<<<<

#  Aligning k-turn_consensus and 3cc2_0:912-915_1037-1042:
#  Alignment score:  3
#  P-value:  1.000e+00
#  Query aligned region: 
#  Target aligned region: 

	
	

#  Matched base-pairing interactions: 
#  Matched base-stacking interactions: 

>>>>>>>>>>   ALIGNMENT ENDS   >>>>>>>>>>

<<<<<<<<<<  ALIGNMENT BEGINS  <<<<<<<<<<

#  Aligning k-turn_consensus and 3cc2_0:2459-2461_2426-2429:
#  Alignment score:  3
#  P-value:  1.000e+00
#  Query aligned region: 
#  Target aligned region: 

	
	

#  Matched base-pairing interactions: 
#  Matched base-stacking interactions: 

>>>>>>>>>>   ALIGNMENT ENDS   >>>>>>>>>>

<<<<<<<<<<  ALIGNMENT BEGINS  <<<<<<<<<<

#  Aligning k-turn_consensus and 3cc2_0:2531-2536_2099-2103:
#  Alignment score:  2.4
#  P-value:  1.000e+00
#  Query aligned region: 
#  Target aligned region: 

	
	

#  Matched base-pairing interactions: 
#  Matched base-stacking interactions: 

>>>>>>>>>>   ALIGNMENT ENDS   >>>>>>>>>>

<<<<<<<<<<  ALIGNMENT BEGINS  <<<<<<<<<<

#  Aligning k-turn_consensus and 3cc2_0:2099-2103_2531-2536:
#  Alignment score:  2.3
#  P-value:  1.000e+00
#  Query aligned region: 
#  Target aligned region: 

	
	

#  Matched base-pairing interactions: 
#  Matched base-stacking interactions: 

>>>>>>>>>>   ALIGNMENT ENDS   >>>>>>>>>>

<<<<<<<<<<  ALIGNMENT BEGINS  <<<<<<<<<<

#  Aligning k-turn_consensus and 3cc2_0:2426-2429_2459-2461:
#  Alignment score:  2.2
#  P-value:  1.000e+00
#  Query aligned region: 
#  Target aligned region: 

	
	

#  Matched base-pairing interactions: 
#  Matched base-stacking interactions: 

>>>>>>>>>>   ALIGNMENT ENDS   >>>>>>>>>>

