$ /home/s081p868/scratch/RNAMotifScanX-release/bin/scan /home/s081p868/scratch/RNAMotifScanX-release/models/k-turn_consensus.struct /rfs/poseidon_share/s081p868/RNAMotifScanX_nr/rmsx_work_default/5j91/CA/5j91_CA.rmsx.in --map_pdb=/rfs/poseidon_share/s081p868/RNAMotifScanX_nr/rmsx_work_default/5j91/CA/5j91_CA.rmsx.nch --pvalue 1.0 --num_threads 16 --write_alignment
<<<<<<<<<<  ALIGNMENT BEGINS  <<<<<<<<<<

#  Aligning k-turn_consensus and 5j91_CA:1107-1113_1040-1050:
#  Alignment score:  126.5
#  P-value:  1.033e-02
#  Query aligned region: 0-4,5-12
#  Target aligned region: 0:'CA'1108-4:'CA'1112,9:'CA'1043-17:'CA'1051

	GGGAG...CGAAGA-AC
	UCGAG...CCCAGACAG

#  Matched base-pairing interactions: 
	<G(1:)-A(11:) trans S/H>                       MATCHES	<C(1:'CA'1109)-A(16:'CA'1050) trans S/W>
	<G(0:)-C(12:) cis W/W>                         MATCHES	<U(0:'CA'1108)-G(17:'CA'1051) cis W/W>
	<G(2:)-A(10:) trans S/H>                       MATCHES	<G(2:'CA'1110)-A(14:'CA'1048) trans S/H>
	<G(4:)-A(10:) trans S/S>                       MATCHES	<G(4:'CA'1112)-A(14:'CA'1048) trans S/S>
	<G(4:)-C(5:) cis W/W>                          MATCHES	<G(4:'CA'1112)-C(9:'CA'1043) cis W/W>
	<A(3:)-G(9:) trans H/S>                        MATCHES	<A(3:'CA'1111)-G(13:'CA'1047) trans H/S>
	<A(3:)-G(6:) trans S/S>                        MATCHES	<A(3:'CA'1111)-C(10:'CA'1044) cis -/->
#  Matched base-stacking interactions: 
	<A(3:)-A(10:) outward>                         MATCHES	<A(3:'CA'1111)-A(14:'CA'1048) outward>

>>>>>>>>>>   ALIGNMENT ENDS   >>>>>>>>>>

<<<<<<<<<<  ALIGNMENT BEGINS  <<<<<<<<<<

#  Aligning k-turn_consensus and 5j91_CA:1233-1239_1205-1214:
#  Alignment score:  123.8
#  P-value:  1.091e-02
#  Query aligned region: 0-4,5-12
#  Target aligned region: 0:'CA'1234-4:'CA'1238,9:'CA'1208-16:'CA'1215

	GGGAG...CGAAGAAC
	UGGAG...CUGCGAAG

#  Matched base-pairing interactions: 
	<G(1:)-A(11:) trans S/H>                       MATCHES	<G(1:'CA'1235)-A(15:'CA'1214) trans S/H>
	<G(2:)-A(10:) trans S/H>                       MATCHES	<G(2:'CA'1236)-A(14:'CA'1213) trans S/H>
	<A(3:)-G(9:) trans H/S>                        MATCHES	<A(3:'CA'1237)-G(13:'CA'1212) trans H/S>
	<G(4:)-C(5:) cis W/W>                          MATCHES	<G(4:'CA'1238)-C(9:'CA'1208) cis W/W>
	<A(3:)-G(6:) trans S/S>                        MATCHES	<A(3:'CA'1237)-U(10:'CA'1209) cis -/->
	<G(4:)-A(10:) trans S/S>                       MATCHES	<G(4:'CA'1238)-A(14:'CA'1213) cis -/->
	<G(0:)-C(12:) cis W/W>                         MATCHES	<U(0:'CA'1234)-G(16:'CA'1215) cis W/W>
#  Matched base-stacking interactions: 
	<A(3:)-A(10:) outward>                         MATCHES	<A(3:'CA'1237)-A(14:'CA'1213) outward>

>>>>>>>>>>   ALIGNMENT ENDS   >>>>>>>>>>

<<<<<<<<<<  ALIGNMENT BEGINS  <<<<<<<<<<

#  Aligning k-turn_consensus and 5j91_CA:112-119_176-177_46-55:
#  Alignment score:  86.5
#  P-value:  2.891e-02
#  Query aligned region: 0-4,5-12
#  Target aligned region: 1:'CA'114-5:'CA'118,9:'CA'178-9:'CA'178,10:'CA'47-19:'CA'56

	G-GGA~G...CGAAGA-A-C
	UCCGA~G...CGAUGAAGGA

#  Matched base-pairing interactions: 
	<G(0:)-C(12:) cis W/W>                         MATCHES	<U(1:'CA'114)-A(19:'CA'56) cis W/W>
	<G(1:)-A(11:) trans S/H>                       MATCHES	<C(3:'CA'116)-G(17:'CA'54) cis W/W>
	<A(3:)-G(9:) trans H/S>                        MATCHES	<A(5:'CA'118)-G(14:'CA'51) trans H/S>
	<A(3:)-G(6:) trans S/S>                        MATCHES	<A(5:'CA'118)-G(11:'CA'48) cis -/->
	<G(4:)-A(10:) trans S/S>                       MATCHES	<G(9:'CA'178)-A(15:'CA'52) trans S/S>
	<G(4:)-C(5:) cis W/W>                          MATCHES	<G(9:'CA'178)-C(10:'CA'47) cis W/W>
	<G(2:)-A(10:) trans S/H>                       MATCHES	<G(4:'CA'117)-A(15:'CA'52) cis -/->
#  Matched base-stacking interactions: 
	<A(3:)-A(10:) outward>                         MATCHES	<A(5:'CA'118)-A(15:'CA'52) outward>

>>>>>>>>>>   ALIGNMENT ENDS   >>>>>>>>>>

<<<<<<<<<<  ALIGNMENT BEGINS  <<<<<<<<<<

#  Aligning k-turn_consensus and 5j91_CA:22-29_579-581_509-517:
#  Alignment score:  78.6
#  P-value:  3.846e-02
#  Query aligned region: 0-3,6-12
#  Target aligned region: 2:'CA'25-5:'CA'28,10:'CA'582-10:'CA'582,13:'CA'512-16:'CA'515

	GGGA...G~GAAC
	UGGA...A~GAAA

#  Matched base-pairing interactions: 
	<A(3:)-G(9:) trans H/S>                        MATCHES	<A(5:'CA'28)-G(13:'CA'512) trans H/S>
	<A(3:)-G(6:) trans S/S>                        MATCHES	<A(5:'CA'28)-A(10:'CA'582) cis S/S>
	<G(2:)-A(10:) trans S/H>                       MATCHES	<G(4:'CA'27)-A(14:'CA'513) trans S/H>
	<G(1:)-A(11:) trans S/H>                       MATCHES	<G(3:'CA'26)-A(15:'CA'514) trans S/H>
	<G(0:)-C(12:) cis W/W>                         MATCHES	<U(2:'CA'25)-A(16:'CA'515) trans W/H>
#  Matched base-stacking interactions: 
	<A(3:)-A(10:) outward>                         MATCHES	<A(5:'CA'28)-A(14:'CA'513) outward>

>>>>>>>>>>   ALIGNMENT ENDS   >>>>>>>>>>

<<<<<<<<<<  ALIGNMENT BEGINS  <<<<<<<<<<

#  Aligning k-turn_consensus and 5j91_CA:1773-1774_701-706_723-729:
#  Alignment score:  59.4
#  P-value:  9.769e-02
#  Query aligned region: 0-4,5-12
#  Target aligned region: 0:'CA'1774-0:'CA'1774,3:'CA'703-7:'CA'707,8:'CA'724-13:'CA'729

	G~GGA-G...CGAAGAAC
	C~UGAAG...UG--GAGG

#  Matched base-pairing interactions: 
	<A(3:)-G(9:) trans H/S>                        MATCHES	<A(5:'CA'705)-G(10:'CA'726) trans H/S>
	<A(3:)-G(6:) trans S/S>                        MATCHES	<A(5:'CA'705)-G(9:'CA'725) cis -/->
	<G(4:)-C(5:) cis W/W>                          MATCHES	<G(7:'CA'707)-U(8:'CA'724) cis W/W>
	<G(2:)-A(10:) trans S/H>                       MATCHES	<G(4:'CA'704)-A(11:'CA'727) trans S/H>
	<G(0:)-C(12:) cis W/W>                         MATCHES	<C(0:'CA'1774)-G(13:'CA'729) cis W/W>
	<G(1:)-A(11:) trans S/H>                       MATCHES	<U(3:'CA'703)-G(12:'CA'728) cis W/W>
#  Matched base-stacking interactions: 
	<A(3:)-A(10:) outward>                         MATCHES	<A(5:'CA'705)-A(11:'CA'727) outward>

>>>>>>>>>>   ALIGNMENT ENDS   >>>>>>>>>>

<<<<<<<<<<  ALIGNMENT BEGINS  <<<<<<<<<<

#  Aligning k-turn_consensus and 5j91_CA:79-86_94-97_100-106:
#  Alignment score:  56.8
#  P-value:  1.155e-01
#  Query aligned region: 1-4,5-11
#  Target aligned region: 2:'CA'82-5:'CA'85,10:'CA'97-11:'CA'98,14:'CA'103-15:'CA'104

	GGAG...CG~AA
	UAAG...CG~AA

#  Matched base-pairing interactions: 
	<G(2:)-A(10:) trans S/H>                       MATCHES	<A(3:'CA'83)-A(14:'CA'103) trans S/H>
	<G(4:)-A(10:) trans S/S>                       MATCHES	<G(5:'CA'85)-A(14:'CA'103) trans S/S>
	<G(4:)-C(5:) cis W/W>                          MATCHES	<G(5:'CA'85)-C(10:'CA'97) cis W/W>
	<A(3:)-G(6:) trans S/S>                        MATCHES	<A(4:'CA'84)-G(11:'CA'98) cis -/->
	<G(1:)-A(11:) trans S/H>                       MATCHES	<U(2:'CA'82)-A(15:'CA'104) cis W/W>
#  Matched base-stacking interactions: 
	<A(3:)-A(10:) outward>                         MATCHES	<A(4:'CA'84)-A(14:'CA'103) outward>

>>>>>>>>>>   ALIGNMENT ENDS   >>>>>>>>>>

<<<<<<<<<<  ALIGNMENT BEGINS  <<<<<<<<<<

#  Aligning k-turn_consensus and 5j91_CA:546-556_536-542:
#  Alignment score:  54.4
#  P-value:  1.367e-01
#  Query aligned region: 1-3,6-11
#  Target aligned region: 7:'CA'554-10:'CA'557,11:'CA'537-13:'CA'539

	GGA...G~GAA
	UGA...C~GAG

#  Matched base-pairing interactions: 
	<A(3:)-G(9:) trans H/S>                        MATCHES	<A(9:'CA'556)-G(11:'CA'537) trans H/S>
	<G(2:)-A(10:) trans S/H>                       MATCHES	<G(8:'CA'555)-A(12:'CA'538) trans S/H>
	<A(3:)-G(6:) trans S/S>                        MATCHES	<A(9:'CA'556)-C(10:'CA'557) cis -/->
	<G(1:)-A(11:) trans S/H>                       MATCHES	<U(7:'CA'554)-G(13:'CA'539) cis W/W>
#  Matched base-stacking interactions: 
	<A(3:)-A(10:) outward>                         MATCHES	<A(9:'CA'556)-A(12:'CA'538) outward>

>>>>>>>>>>   ALIGNMENT ENDS   >>>>>>>>>>

<<<<<<<<<<  ALIGNMENT BEGINS  <<<<<<<<<<

#  Aligning k-turn_consensus and 5j91_CA:1509-1516_1435-1436_1473-1480:
#  Alignment score:  53.6
#  P-value:  1.451e-01
#  Query aligned region: 1-3,6-11
#  Target aligned region: 3:'CA'1513-5:'CA'1515,8:'CA'1436-8:'CA'1436,12:'CA'1476-14:'CA'1478

	GGA...G~GAA
	UGA...G~UAG

#  Matched base-pairing interactions: 
	<A(3:)-G(6:) trans S/S>                        MATCHES	<A(5:'CA'1515)-G(8:'CA'1436) trans S/S>
	<G(2:)-A(10:) trans S/H>                       MATCHES	<G(4:'CA'1514)-A(13:'CA'1477) trans S/H>
	<A(3:)-G(9:) trans H/S>                        MATCHES	<A(5:'CA'1515)-U(12:'CA'1476) trans H/W>
	<G(1:)-A(11:) trans S/H>                       MATCHES	<U(3:'CA'1513)-G(14:'CA'1478) cis W/W>
#  Matched base-stacking interactions: 
	<A(3:)-A(10:) outward>                         MATCHES	<A(5:'CA'1515)-A(13:'CA'1477) outward>

>>>>>>>>>>   ALIGNMENT ENDS   >>>>>>>>>>

<<<<<<<<<<  ALIGNMENT BEGINS  <<<<<<<<<<

#  Aligning k-turn_consensus and 5j91_CA:983-990_1184-1187_968-977:
#  Alignment score:  51.3
#  P-value:  1.739e-01
#  Query aligned region: 0-3,6-12
#  Target aligned region: 1:'CA'985-6:'CA'990,9:'CA'1186-9:'CA'1186,17:'CA'974-21:'CA'978

	G-G-GA...G~GAA-C
	CCCAGA...G~GAGGG

#  Matched base-pairing interactions: 
	<G(0:)-C(12:) cis W/W>                         MATCHES	<C(1:'CA'985)-G(21:'CA'978) cis W/W>
	<G(1:)-A(11:) trans S/H>                       MATCHES	<C(3:'CA'987)-G(19:'CA'976) cis W/W>
	<A(3:)-G(9:) trans H/S>                        MATCHES	<A(6:'CA'990)-G(17:'CA'974) trans H/S>
	<G(2:)-A(10:) trans S/H>                       MATCHES	<G(5:'CA'989)-A(18:'CA'975) trans S/H>
	<A(3:)-G(6:) trans S/S>                        MATCHES	<A(6:'CA'990)-G(9:'CA'1186) cis -/->
#  Matched base-stacking interactions: 
	<A(3:)-A(10:) outward>                         MATCHES	<A(6:'CA'990)-A(18:'CA'975) outward>

>>>>>>>>>>   ALIGNMENT ENDS   >>>>>>>>>>

<<<<<<<<<<  ALIGNMENT BEGINS  <<<<<<<<<<

#  Aligning k-turn_consensus and 5j91_CA:816-822_941-945_1186-1189:
#  Alignment score:  49.6
#  P-value:  2.011e-01
#  Query aligned region: 1-3,6-11
#  Target aligned region: 0:'CA'817-2:'CA'819,7:'CA'942-7:'CA'942,13:'CA'1188-15:'CA'1190

	GGA...G~GAA
	CGA...G~UAG

#  Matched base-pairing interactions: 
	<A(3:)-G(6:) trans S/S>                        MATCHES	<A(2:'CA'819)-G(7:'CA'942) trans S/S>
	<G(2:)-A(10:) trans S/H>                       MATCHES	<G(1:'CA'818)-A(14:'CA'1189) trans S/H>
	<A(3:)-G(9:) trans H/S>                        MATCHES	<A(2:'CA'819)-U(13:'CA'1188) trans H/W>
	<G(1:)-A(11:) trans S/H>                       MATCHES	<C(0:'CA'817)-G(15:'CA'1190) cis W/W>
#  Matched base-stacking interactions: 
	<A(3:)-A(10:) outward>                         MATCHES	<A(2:'CA'819)-A(14:'CA'1189) outward>

>>>>>>>>>>   ALIGNMENT ENDS   >>>>>>>>>>

<<<<<<<<<<  ALIGNMENT BEGINS  <<<<<<<<<<

#  Aligning k-turn_consensus and 5j91_CA:581-586_807-811_1248-1258:
#  Alignment score:  48.3
#  P-value:  2.265e-01
#  Query aligned region: 2-4,6-10
#  Target aligned region: 3:'CA'585-4:'CA'586,6:'CA'808-7:'CA'809,13:'CA'1251-16:'CA'1254

	GA~G...G~G--A
	GA~G...G~CGAA

#  Matched base-pairing interactions: 
	<A(3:)-G(6:) trans S/S>                        MATCHES	<A(4:'CA'586)-G(7:'CA'809) trans S/S>
	<G(2:)-A(10:) trans S/H>                       MATCHES	<G(3:'CA'585)-A(16:'CA'1254) trans S/H>
	<A(3:)-G(9:) trans H/S>                        MATCHES	<A(4:'CA'586)-C(13:'CA'1251) trans H/W>
	<G(4:)-A(10:) trans S/S>                       MATCHES	<G(6:'CA'808)-A(16:'CA'1254) cis S/S>
#  Matched base-stacking interactions: 
	<A(3:)-A(10:) outward>                         MATCHES	<A(4:'CA'586)-A(16:'CA'1254) outward>

>>>>>>>>>>   ALIGNMENT ENDS   >>>>>>>>>>

<<<<<<<<<<  ALIGNMENT BEGINS  <<<<<<<<<<

#  Aligning k-turn_consensus and 5j91_CA:2313-2321_2332-2336_2294-2302:
#  Alignment score:  48
#  P-value:  2.331e-01
#  Query aligned region: 0-3,6-12
#  Target aligned region: 3:'CA'2317-8:'CA'2322,9:'CA'2333-9:'CA'2333,16:'CA'2297-18:'CA'2299

	GGGA...G~G~AAC
	AGGU...A~A~AAU

#  Matched base-pairing interactions: 
	<A(3:)-G(6:) trans S/S>                        MATCHES	<U(6:'CA'2320)-A(8:'CA'2322) cis -/->
	<G(2:)-A(10:) trans S/H>                       MATCHES	<G(5:'CA'2319)-A(16:'CA'2297) trans S/H>
	<A(3:)-G(9:) trans H/S>                        MATCHES	<U(6:'CA'2320)-A(9:'CA'2333) cis -/->
	<G(1:)-A(11:) trans S/H>                       MATCHES	<G(4:'CA'2318)-A(17:'CA'2298) trans S/H>
	<G(0:)-C(12:) cis W/W>                         MATCHES	<A(3:'CA'2317)-U(18:'CA'2299) cis W/W>
#  Matched base-stacking interactions: 
	<A(3:)-A(10:) outward>                         MATCHES	<U(6:'CA'2320)-A(16:'CA'2297) outward>

>>>>>>>>>>   ALIGNMENT ENDS   >>>>>>>>>>

<<<<<<<<<<  ALIGNMENT BEGINS  <<<<<<<<<<

#  Aligning k-turn_consensus and 5j91_CA:995-1001_970-977_1152-1159:
#  Alignment score:  47.2
#  P-value:  2.520e-01
#  Query aligned region: 3-3,6-9
#  Target aligned region: 5:'CA'1001-5:'CA'1001,13:'CA'977-13:'CA'977,16:'CA'1154-16:'CA'1154

	A...G~G
	A...G~G

#  Matched base-pairing interactions: 
	<A(3:)-G(6:) trans S/S>                        MATCHES	<A(5:'CA'1001)-G(13:'CA'977) trans S/S>
	<A(3:)-G(9:) trans H/S>                        MATCHES	<A(5:'CA'1001)-G(16:'CA'1154) trans H/S>
#  Matched base-stacking interactions: 

>>>>>>>>>>   ALIGNMENT ENDS   >>>>>>>>>>

<<<<<<<<<<  ALIGNMENT BEGINS  <<<<<<<<<<

#  Aligning k-turn_consensus and 5j91_CA:1348-1354_767-770_1375-1381:
#  Alignment score:  47.2
#  P-value:  2.520e-01
#  Query aligned region: 3-3,6-9
#  Target aligned region: 5:'CA'1354-5:'CA'1354,9:'CA'770-9:'CA'770,12:'CA'1377-12:'CA'1377

	A...G~G
	A...G~G

#  Matched base-pairing interactions: 
	<A(3:)-G(6:) trans S/S>                        MATCHES	<A(5:'CA'1354)-G(9:'CA'770) trans S/S>
	<A(3:)-G(9:) trans H/S>                        MATCHES	<A(5:'CA'1354)-G(12:'CA'1377) trans H/S>
#  Matched base-stacking interactions: 

>>>>>>>>>>   ALIGNMENT ENDS   >>>>>>>>>>

<<<<<<<<<<  ALIGNMENT BEGINS  <<<<<<<<<<

#  Aligning k-turn_consensus and 5j91_CA:599-610_258-260_616-624:
#  Alignment score:  46.8
#  P-value:  2.623e-01
#  Query aligned region: 3-3,6-9
#  Target aligned region: 9:'CA'609-9:'CA'609,13:'CA'260-13:'CA'260,17:'CA'619-17:'CA'619

	A...G~G
	A...G~G

#  Matched base-pairing interactions: 
	<A(3:)-G(6:) trans S/S>                        MATCHES	<A(9:'CA'609)-G(13:'CA'260) trans S/S>
	<A(3:)-G(9:) trans H/S>                        MATCHES	<A(9:'CA'609)-G(17:'CA'619) trans H/S>
#  Matched base-stacking interactions: 

>>>>>>>>>>   ALIGNMENT ENDS   >>>>>>>>>>

<<<<<<<<<<  ALIGNMENT BEGINS  <<<<<<<<<<

#  Aligning k-turn_consensus and 5j91_CA:2805-2811_2629-2631_2887-2893:
#  Alignment score:  46.8
#  P-value:  2.623e-01
#  Query aligned region: 3-3,6-9
#  Target aligned region: 4:'CA'2810-4:'CA'2810,8:'CA'2631-8:'CA'2631,12:'CA'2890-12:'CA'2890

	A...G~G
	A...G~G

#  Matched base-pairing interactions: 
	<A(3:)-G(6:) trans S/S>                        MATCHES	<A(4:'CA'2810)-G(8:'CA'2631) trans S/S>
	<A(3:)-G(9:) trans H/S>                        MATCHES	<A(4:'CA'2810)-G(12:'CA'2890) trans H/S>
#  Matched base-stacking interactions: 

>>>>>>>>>>   ALIGNMENT ENDS   >>>>>>>>>>

<<<<<<<<<<  ALIGNMENT BEGINS  <<<<<<<<<<

#  Aligning k-turn_consensus and 5j91_CA:1539-1546_1458-1465_1525-1531:
#  Alignment score:  46.4
#  P-value:  2.732e-01
#  Query aligned region: 3-3,6-9
#  Target aligned region: 5:'CA'1545-5:'CA'1545,14:'CA'1465-14:'CA'1465,17:'CA'1527-17:'CA'1527

	A...G~G
	A...G~G

#  Matched base-pairing interactions: 
	<A(3:)-G(6:) trans S/S>                        MATCHES	<A(5:'CA'1545)-G(14:'CA'1465) trans S/S>
	<A(3:)-G(9:) trans H/S>                        MATCHES	<A(5:'CA'1545)-G(17:'CA'1527) trans H/S>
#  Matched base-stacking interactions: 

>>>>>>>>>>   ALIGNMENT ENDS   >>>>>>>>>>

<<<<<<<<<<  ALIGNMENT BEGINS  <<<<<<<<<<

#  Aligning k-turn_consensus and 5j91_CA:958-962_2493-2495_953-956:
#  Alignment score:  46
#  P-value:  2.849e-01
#  Query aligned region: 3-3,6-9
#  Target aligned region: 1:'CA'960-1:'CA'960,6:'CA'2495-6:'CA'2495,10:'CA'956-10:'CA'956

	A...G~G
	A...G~G

#  Matched base-pairing interactions: 
	<A(3:)-G(6:) trans S/S>                        MATCHES	<A(1:'CA'960)-G(6:'CA'2495) trans S/S>
	<A(3:)-G(9:) trans H/S>                        MATCHES	<A(1:'CA'960)-G(10:'CA'956) trans H/S>
#  Matched base-stacking interactions: 

>>>>>>>>>>   ALIGNMENT ENDS   >>>>>>>>>>

<<<<<<<<<<  ALIGNMENT BEGINS  <<<<<<<<<<

#  Aligning k-turn_consensus and 5j91_CA:1808-1816_1368-1369_1796-1806:
#  Alignment score:  43.6
#  P-value:  3.736e-01
#  Query aligned region: 3-3,6-9
#  Target aligned region: 1:'CA'1810-1:'CA'1810,9:'CA'1369-9:'CA'1369,21:'CA'1807-21:'CA'1807

	A...G~G
	A...G~G

#  Matched base-pairing interactions: 
	<A(3:)-G(6:) trans S/S>                        MATCHES	<A(1:'CA'1810)-G(9:'CA'1369) trans S/S>
	<A(3:)-G(9:) trans H/S>                        MATCHES	<A(1:'CA'1810)-G(21:'CA'1807) trans H/S>
#  Matched base-stacking interactions: 

>>>>>>>>>>   ALIGNMENT ENDS   >>>>>>>>>>

<<<<<<<<<<  ALIGNMENT BEGINS  <<<<<<<<<<

#  Aligning k-turn_consensus and 5j91_CA:2738-2747_2522-2524_2754-2765:
#  Alignment score:  42
#  P-value:  4.580e-01
#  Query aligned region: 3-3,6-9
#  Target aligned region: 2:'CA'2741-2:'CA'2741,11:'CA'2524-11:'CA'2524,21:'CA'2763-21:'CA'2763

	A...G~G
	A...G~G

#  Matched base-pairing interactions: 
	<A(3:)-G(6:) trans S/S>                        MATCHES	<A(2:'CA'2741)-G(11:'CA'2524) trans S/S>
	<A(3:)-G(9:) trans H/S>                        MATCHES	<A(2:'CA'2741)-G(21:'CA'2763) trans H/S>
#  Matched base-stacking interactions: 

>>>>>>>>>>   ALIGNMENT ENDS   >>>>>>>>>>

<<<<<<<<<<  ALIGNMENT BEGINS  <<<<<<<<<<

#  Aligning k-turn_consensus and 5j91_CA:2383-2390_2278-2283_2322-2331:
#  Alignment score:  41.6
#  P-value:  4.836e-01
#  Query aligned region: 3-3,6-9
#  Target aligned region: 4:'CA'2388-4:'CA'2388,9:'CA'2280-9:'CA'2280,17:'CA'2326-17:'CA'2326

	A...G~G
	A...G~C

#  Matched base-pairing interactions: 
	<A(3:)-G(6:) trans S/S>                        MATCHES	<A(4:'CA'2388)-G(9:'CA'2280) trans S/S>
	<A(3:)-G(9:) trans H/S>                        MATCHES	<A(4:'CA'2388)-C(17:'CA'2326) trans H/S>
#  Matched base-stacking interactions: 

>>>>>>>>>>   ALIGNMENT ENDS   >>>>>>>>>>

<<<<<<<<<<  ALIGNMENT BEGINS  <<<<<<<<<<

#  Aligning k-turn_consensus and 5j91_CA:1735-1741_1717-1723:
#  Alignment score:  41.4
#  P-value:  4.971e-01
#  Query aligned region: 0-3,9-12
#  Target aligned region: 0:'CA'1736-3:'CA'1739,10:'CA'1721-13:'CA'1724

	GGGA...GAAC
	UGGA...GAGG

#  Matched base-pairing interactions: 
	<A(3:)-G(9:) trans H/S>                        MATCHES	<A(3:'CA'1739)-G(10:'CA'1721) trans H/S>
	<G(2:)-A(10:) trans S/H>                       MATCHES	<G(2:'CA'1738)-A(11:'CA'1722) trans S/H>
	<G(1:)-A(11:) trans S/H>                       MATCHES	<G(1:'CA'1737)-G(12:'CA'1723) trans S/H>
	<G(0:)-C(12:) cis W/W>                         MATCHES	<U(0:'CA'1736)-G(13:'CA'1724) cis W/W>
#  Matched base-stacking interactions: 
	<A(3:)-A(10:) outward>                         MATCHES	<A(3:'CA'1739)-A(11:'CA'1722) outward>

>>>>>>>>>>   ALIGNMENT ENDS   >>>>>>>>>>

<<<<<<<<<<  ALIGNMENT BEGINS  <<<<<<<<<<

#  Aligning k-turn_consensus and 5j91_CA:1883-1890_2231-2233_1850-1857:
#  Alignment score:  38
#  P-value:  8.544e-01
#  Query aligned region: 0-4,6-12
#  Target aligned region: 2:'CA'1886-6:'CA'1890,8:'CA'2232-10:'CA'2234,12:'CA'1852-16:'CA'1856

	GGG-A~G...G~G-AAC
	UCGAA~C...G~UAAUU

#  Matched base-pairing interactions: 
	<A(3:)-G(6:) trans S/S>                        MATCHES	<A(6:'CA'1890)-G(10:'CA'2234) trans S/S>
	<G(2:)-A(10:) trans S/H>                       MATCHES	<G(4:'CA'1888)-A(14:'CA'1854) trans S/H>
	<A(3:)-G(9:) trans H/S>                        MATCHES	<A(6:'CA'1890)-U(12:'CA'1852) cis -/->
	<G(4:)-A(10:) trans S/S>                       MATCHES	<C(8:'CA'2232)-A(14:'CA'1854) cis S/S>
	<G(1:)-A(11:) trans S/H>                       MATCHES	<C(3:'CA'1887)-U(15:'CA'1855) cis W/W>
	<G(0:)-C(12:) cis W/W>                         MATCHES	<U(2:'CA'1886)-U(16:'CA'1856) cis W/W>
#  Matched base-stacking interactions: 

>>>>>>>>>>   ALIGNMENT ENDS   >>>>>>>>>>

<<<<<<<<<<  ALIGNMENT BEGINS  <<<<<<<<<<

#  Aligning k-turn_consensus and 5j91_CA:2072-2076_2430-2436_2593-2598:
#  Alignment score:  27
#  P-value:  1.000e+00
#  Query aligned region: 0-1,11-12
#  Target aligned region: 12:'CA'2594-17:'CA'2599

	GG...AC
	CG...AG

#  Matched base-pairing interactions: 
	<G(1:)-A(11:) trans S/H>                       MATCHES	<G(13:'CA'2595)-A(16:'CA'2598) trans S/H>
	<G(0:)-C(12:) cis W/W>                         MATCHES	<C(12:'CA'2594)-G(17:'CA'2599) cis W/W>
#  Matched base-stacking interactions: 

>>>>>>>>>>   ALIGNMENT ENDS   >>>>>>>>>>

<<<<<<<<<<  ALIGNMENT BEGINS  <<<<<<<<<<

#  Aligning k-turn_consensus and 5j91_CA:2600-2607_1782-1786_2586-2591:
#  Alignment score:  26.9
#  P-value:  1.000e+00
#  Query aligned region: 0-1,11-12
#  Target aligned region: 3:'CA'2604-5:'CA'2606,11:'CA'1786-11:'CA'1786,16:'CA'2590-16:'CA'2590

	G-G...A~C
	UUC...A~A

#  Matched base-pairing interactions: 
	<G(0:)-C(12:) cis W/W>                         MATCHES	<U(3:'CA'2604)-A(16:'CA'2590) cis W/W>
	<G(1:)-A(11:) trans S/H>                       MATCHES	<C(5:'CA'2606)-A(11:'CA'1786) trans S/H>
#  Matched base-stacking interactions: 

>>>>>>>>>>   ALIGNMENT ENDS   >>>>>>>>>>

<<<<<<<<<<  ALIGNMENT BEGINS  <<<<<<<<<<

#  Aligning k-turn_consensus and 5j91_CA:390-395_378-387_240-255:
#  Alignment score:  26.8
#  P-value:  1.000e+00
#  Query aligned region: 0-1,11-12
#  Target aligned region: 21:'CA'246-27:'CA'252

	GG...AC
	CG...AG

#  Matched base-pairing interactions: 
	<G(1:)-A(11:) trans S/H>                       MATCHES	<G(22:'CA'247)-A(26:'CA'251) trans S/H>
	<G(0:)-C(12:) cis W/W>                         MATCHES	<C(21:'CA'246)-G(27:'CA'252) cis W/W>
#  Matched base-stacking interactions: 

>>>>>>>>>>   ALIGNMENT ENDS   >>>>>>>>>>

<<<<<<<<<<  ALIGNMENT BEGINS  <<<<<<<<<<

#  Aligning k-turn_consensus and 5j91_CA:2527-2528_2475-2484_2465-2471:
#  Alignment score:  26.8
#  P-value:  1.000e+00
#  Query aligned region: 0-1,11-12
#  Target aligned region: 6:'CA'2480-7:'CA'2481,15:'CA'2469-16:'CA'2470

	GG...AC
	CG...AG

#  Matched base-pairing interactions: 
	<G(1:)-A(11:) trans S/H>                       MATCHES	<G(7:'CA'2481)-A(15:'CA'2469) trans S/H>
	<G(0:)-C(12:) cis W/W>                         MATCHES	<C(6:'CA'2480)-G(16:'CA'2470) cis W/W>
#  Matched base-stacking interactions: 

>>>>>>>>>>   ALIGNMENT ENDS   >>>>>>>>>>

<<<<<<<<<<  ALIGNMENT BEGINS  <<<<<<<<<<

#  Aligning k-turn_consensus and 5j91_CA:2610-2617_570-574_2049-2056:
#  Alignment score:  26.8
#  P-value:  1.000e+00
#  Query aligned region: 0-1,11-12
#  Target aligned region: 1:'CA'2612-1:'CA'2612,11:'CA'574-11:'CA'574,18:'CA'2055-19:'CA'2056

	G~G...AC
	C~A...CG

#  Matched base-pairing interactions: 
	<G(0:)-C(12:) cis W/W>                         MATCHES	<C(1:'CA'2612)-G(19:'CA'2056) cis W/W>
	<G(1:)-A(11:) trans S/H>                       MATCHES	<A(11:'CA'574)-C(18:'CA'2055) trans S/H>
#  Matched base-stacking interactions: 

>>>>>>>>>>   ALIGNMENT ENDS   >>>>>>>>>>

<<<<<<<<<<  ALIGNMENT BEGINS  <<<<<<<<<<

#  Aligning k-turn_consensus and 5j91_CA:1207-1217_28-29_1231-1238:
#  Alignment score:  26.8
#  P-value:  1.000e+00
#  Query aligned region: 3-3,6-9
#  Target aligned region: 6:'CA'1214-6:'CA'1214,12:'CA'30-12:'CA'30,16:'CA'1235-16:'CA'1235

	A...G~G
	A...G~G

#  Matched base-pairing interactions: 
	<A(3:)-G(9:) trans H/S>                        MATCHES	<A(6:'CA'1214)-G(16:'CA'1235) trans H/S>
	<A(3:)-G(6:) trans S/S>                        MATCHES	<A(6:'CA'1214)-G(12:'CA'30) cis -/->
#  Matched base-stacking interactions: 

>>>>>>>>>>   ALIGNMENT ENDS   >>>>>>>>>>

<<<<<<<<<<  ALIGNMENT BEGINS  <<<<<<<<<<

#  Aligning k-turn_consensus and 5j91_CA:355-362_273-284:
#  Alignment score:  26.8
#  P-value:  1.000e+00
#  Query aligned region: 0-1,11-12
#  Target aligned region: 4:'CA'360-5:'CA'361,13:'CA'279-14:'CA'280

	GG...AC
	UG...AU

#  Matched base-pairing interactions: 
	<G(1:)-A(11:) trans S/H>                       MATCHES	<G(5:'CA'361)-A(13:'CA'279) trans S/H>
	<G(0:)-C(12:) cis W/W>                         MATCHES	<U(4:'CA'360)-U(14:'CA'280) cis W/W>
#  Matched base-stacking interactions: 

>>>>>>>>>>   ALIGNMENT ENDS   >>>>>>>>>>

<<<<<<<<<<  ALIGNMENT BEGINS  <<<<<<<<<<

#  Aligning k-turn_consensus and 5j91_CA:1771-1778_774-786_1783-1790:
#  Alignment score:  26.4
#  P-value:  1.000e+00
#  Query aligned region: 0-1,11-12
#  Target aligned region: 4:'CA'1776-4:'CA'1776,13:'CA'780-16:'CA'783,25:'CA'1788-25:'CA'1788

	G~G...A~C
	G~G...A~C

#  Matched base-pairing interactions: 
	<G(0:)-C(12:) cis W/W>                         MATCHES	<G(4:'CA'1776)-C(25:'CA'1788) cis W/W>
	<G(1:)-A(11:) trans S/H>                       MATCHES	<G(13:'CA'780)-A(16:'CA'783) trans S/H>
#  Matched base-stacking interactions: 

>>>>>>>>>>   ALIGNMENT ENDS   >>>>>>>>>>

<<<<<<<<<<  ALIGNMENT BEGINS  <<<<<<<<<<

#  Aligning k-turn_consensus and 5j91_CA:1185-1188_817-821_970-973:
#  Alignment score:  26.4
#  P-value:  1.000e+00
#  Query aligned region: 3-3,6-9
#  Target aligned region: 7:'CA'821-8:'CA'822,10:'CA'972-10:'CA'972

	A...G~G
	A...G~A

#  Matched base-pairing interactions: 
	<A(3:)-G(9:) trans H/S>                        MATCHES	<A(7:'CA'821)-A(10:'CA'972) trans H/S>
	<A(3:)-G(6:) trans S/S>                        MATCHES	<A(7:'CA'821)-G(8:'CA'822) trans S/H>
#  Matched base-stacking interactions: 

>>>>>>>>>>   ALIGNMENT ENDS   >>>>>>>>>>

<<<<<<<<<<  ALIGNMENT BEGINS  <<<<<<<<<<

#  Aligning k-turn_consensus and 5j91_CA:1466-1473_1401-1402_1516-1524:
#  Alignment score:  25.6
#  P-value:  1.000e+00
#  Query aligned region: 3-3,6-9
#  Target aligned region: 3:'CA'1470-3:'CA'1470,8:'CA'1402-8:'CA'1402,14:'CA'1521-14:'CA'1521

	A...G~G
	A...U~G

#  Matched base-pairing interactions: 
	<A(3:)-G(9:) trans H/S>                        MATCHES	<A(3:'CA'1470)-G(14:'CA'1521) trans H/S>
	<A(3:)-G(6:) trans S/S>                        MATCHES	<A(3:'CA'1470)-U(8:'CA'1402) cis -/->
#  Matched base-stacking interactions: 

>>>>>>>>>>   ALIGNMENT ENDS   >>>>>>>>>>

<<<<<<<<<<  ALIGNMENT BEGINS  <<<<<<<<<<

#  Aligning k-turn_consensus and 5j91_CA:1026-1035_2462-2464_1119-1126:
#  Alignment score:  25.6
#  P-value:  1.000e+00
#  Query aligned region: 3-3,6-9
#  Target aligned region: 2:'CA'1029-2:'CA'1029,12:'CA'2465-12:'CA'2465,18:'CA'1125-18:'CA'1125

	A...G~G
	A...C~G

#  Matched base-pairing interactions: 
	<A(3:)-G(9:) trans H/S>                        MATCHES	<A(2:'CA'1029)-G(18:'CA'1125) trans H/S>
	<A(3:)-G(6:) trans S/S>                        MATCHES	<A(2:'CA'1029)-C(12:'CA'2465) cis -/->
#  Matched base-stacking interactions: 

>>>>>>>>>>   ALIGNMENT ENDS   >>>>>>>>>>

<<<<<<<<<<  ALIGNMENT BEGINS  <<<<<<<<<<

#  Aligning k-turn_consensus and 5j91_CA:230-233_401-407_218-223:
#  Alignment score:  25.5
#  P-value:  1.000e+00
#  Query aligned region: 0-1,11-12
#  Target aligned region: 0:'CA'231-1:'CA'232,14:'CA'222-16:'CA'224

	GG...A-C
	AG...AAU

#  Matched base-pairing interactions: 
	<G(0:)-C(12:) cis W/W>                         MATCHES	<A(0:'CA'231)-U(16:'CA'224) cis W/W>
	<G(1:)-A(11:) trans S/H>                       MATCHES	<G(1:'CA'232)-A(14:'CA'222) trans S/H>
#  Matched base-stacking interactions: 

>>>>>>>>>>   ALIGNMENT ENDS   >>>>>>>>>>

<<<<<<<<<<  ALIGNMENT BEGINS  <<<<<<<<<<

#  Aligning k-turn_consensus and 5j91_CA:1787-1793_1772-1775_1825-1829:
#  Alignment score:  24.8
#  P-value:  1.000e+00
#  Query aligned region: 3-3,6-9
#  Target aligned region: 3:'CA'1791-3:'CA'1791,7:'CA'1773-7:'CA'1773,13:'CA'1828-13:'CA'1828

	A...G~G
	A...A~G

#  Matched base-pairing interactions: 
	<A(3:)-G(9:) trans H/S>                        MATCHES	<A(3:'CA'1791)-G(13:'CA'1828) trans H/S>
	<A(3:)-G(6:) trans S/S>                        MATCHES	<A(3:'CA'1791)-A(7:'CA'1773) cis -/->
#  Matched base-stacking interactions: 

>>>>>>>>>>   ALIGNMENT ENDS   >>>>>>>>>>

<<<<<<<<<<  ALIGNMENT BEGINS  <<<<<<<<<<

#  Aligning k-turn_consensus and 5j91_CA:1636-1644_1295-1302_1625-1629:
#  Alignment score:  24.8
#  P-value:  1.000e+00
#  Query aligned region: 0-1,11-12
#  Target aligned region: 2:'CA'1639-2:'CA'1639,12:'CA'1299-14:'CA'1301,18:'CA'1627-18:'CA'1627

	G~G...A~C
	C~G...A~G

#  Matched base-pairing interactions: 
	<G(0:)-C(12:) cis W/W>                         MATCHES	<C(2:'CA'1639)-G(18:'CA'1627) cis W/W>
	<G(1:)-A(11:) trans S/H>                       MATCHES	<G(12:'CA'1299)-A(14:'CA'1301) trans S/H>
#  Matched base-stacking interactions: 

>>>>>>>>>>   ALIGNMENT ENDS   >>>>>>>>>>

<<<<<<<<<<  ALIGNMENT BEGINS  <<<<<<<<<<

#  Aligning k-turn_consensus and 5j91_CA:2600-2607_2586-2591_1782-1786:
#  Alignment score:  24.8
#  P-value:  1.000e+00
#  Query aligned region: 0-1,11-12
#  Target aligned region: 6:'CA'2607-7:'CA'2608,8:'CA'2587-8:'CA'2587,14:'CA'1783-14:'CA'1783

	GG...A~C
	GG...A~A

#  Matched base-pairing interactions: 
	<G(0:)-C(12:) cis W/W>                         MATCHES	<G(6:'CA'2607)-A(14:'CA'1783) cis S/S>
	<G(1:)-A(11:) trans S/H>                       MATCHES	<G(7:'CA'2608)-A(8:'CA'2587) trans S/H>
#  Matched base-stacking interactions: 

>>>>>>>>>>   ALIGNMENT ENDS   >>>>>>>>>>

<<<<<<<<<<  ALIGNMENT BEGINS  <<<<<<<<<<

#  Aligning k-turn_consensus and 5j91_CA:1488-1499_1417-1422_1576-1579:
#  Alignment score:  24.6
#  P-value:  1.000e+00
#  Query aligned region: 1-1,11-11
#  Target aligned region: 12:'CA'1418-12:'CA'1418,21:'CA'1580-21:'CA'1580

	G...A
	G...A

#  Matched base-pairing interactions: 
	<G(1:)-A(11:) trans S/H>                       MATCHES	<G(12:'CA'1418)-A(21:'CA'1580) trans S/H>
#  Matched base-stacking interactions: 

>>>>>>>>>>   ALIGNMENT ENDS   >>>>>>>>>>

<<<<<<<<<<  ALIGNMENT BEGINS  <<<<<<<<<<

#  Aligning k-turn_consensus and 5j91_CA:1696-1704_1681-1689:
#  Alignment score:  24.6
#  P-value:  1.000e+00
#  Query aligned region: 1-1,11-11
#  Target aligned region: 0:'CA'1697-0:'CA'1697,17:'CA'1690-17:'CA'1690

	G...A
	G...A

#  Matched base-pairing interactions: 
	<G(1:)-A(11:) trans S/H>                       MATCHES	<G(0:'CA'1697)-A(17:'CA'1690) trans S/H>
#  Matched base-stacking interactions: 

>>>>>>>>>>   ALIGNMENT ENDS   >>>>>>>>>>

<<<<<<<<<<  ALIGNMENT BEGINS  <<<<<<<<<<

#  Aligning k-turn_consensus and 5j91_CA:1686-1692_1693-1700_1975-1976:
#  Alignment score:  24.6
#  P-value:  1.000e+00
#  Query aligned region: 1-1,11-11
#  Target aligned region: 0:'CA'1687-0:'CA'1687,14:'CA'1701-14:'CA'1701

	G...A
	G...A

#  Matched base-pairing interactions: 
	<G(1:)-A(11:) trans S/H>                       MATCHES	<G(0:'CA'1687)-A(14:'CA'1701) trans S/H>
#  Matched base-stacking interactions: 

>>>>>>>>>>   ALIGNMENT ENDS   >>>>>>>>>>

<<<<<<<<<<  ALIGNMENT BEGINS  <<<<<<<<<<

#  Aligning k-turn_consensus and 5j91_CA:1745-1750_2855-2861_1706-1711:
#  Alignment score:  24.4
#  P-value:  1.000e+00
#  Query aligned region: 0-1,11-12
#  Target aligned region: 0:'CA'1746-0:'CA'1746,7:'CA'2857-10:'CA'2860,18:'CA'1712-18:'CA'1712

	G~G...A~C
	A~G...A~U

#  Matched base-pairing interactions: 
	<G(0:)-C(12:) cis W/W>                         MATCHES	<A(0:'CA'1746)-U(18:'CA'1712) cis W/W>
	<G(1:)-A(11:) trans S/H>                       MATCHES	<G(7:'CA'2857)-A(10:'CA'2860) trans S/H>
#  Matched base-stacking interactions: 

>>>>>>>>>>   ALIGNMENT ENDS   >>>>>>>>>>

<<<<<<<<<<  ALIGNMENT BEGINS  <<<<<<<<<<

#  Aligning k-turn_consensus and 5j91_CA:672-677_2067-2069_798-806:
#  Alignment score:  24.2
#  P-value:  1.000e+00
#  Query aligned region: 3-3,6-9
#  Target aligned region: 4:'CA'677-4:'CA'677,8:'CA'2070-8:'CA'2070,10:'CA'800-10:'CA'800

	A...G~G
	A...A~A

#  Matched base-pairing interactions: 
	<A(3:)-G(6:) trans S/S>                        MATCHES	<A(4:'CA'677)-A(8:'CA'2070) trans S/S>
	<A(3:)-G(9:) trans H/S>                        MATCHES	<A(4:'CA'677)-A(10:'CA'800) trans W/W>
#  Matched base-stacking interactions: 

>>>>>>>>>>   ALIGNMENT ENDS   >>>>>>>>>>

<<<<<<<<<<  ALIGNMENT BEGINS  <<<<<<<<<<

#  Aligning k-turn_consensus and 5j91_CA:1949-1955_2544-2550_2556-2566:
#  Alignment score:  24.2
#  P-value:  1.000e+00
#  Query aligned region: 3-3,6-9
#  Target aligned region: 3:'CA'1953-3:'CA'1953,11:'CA'2549-11:'CA'2549,16:'CA'2559-16:'CA'2559

	A...G~G
	A...G~C

#  Matched base-pairing interactions: 
	<A(3:)-G(6:) trans S/S>                        MATCHES	<A(3:'CA'1953)-G(11:'CA'2549) trans S/S>
	<A(3:)-G(9:) trans H/S>                        MATCHES	<A(3:'CA'1953)-C(16:'CA'2559) cis S/S>
#  Matched base-stacking interactions: 

>>>>>>>>>>   ALIGNMENT ENDS   >>>>>>>>>>

<<<<<<<<<<  ALIGNMENT BEGINS  <<<<<<<<<<

#  Aligning k-turn_consensus and 5j91_CA:452-458_444-451_468-472:
#  Alignment score:  24.2
#  P-value:  1.000e+00
#  Query aligned region: 3-3,6-9
#  Target aligned region: 4:'CA'457-4:'CA'457,14:'CA'452-14:'CA'452,17:'CA'471-17:'CA'471

	A...G~G
	A...G~A

#  Matched base-pairing interactions: 
	<A(3:)-G(6:) trans S/S>                        MATCHES	<A(4:'CA'457)-G(14:'CA'452) trans S/S>
	<A(3:)-G(9:) trans H/S>                        MATCHES	<A(4:'CA'457)-A(17:'CA'471) trans H/H>
#  Matched base-stacking interactions: 

>>>>>>>>>>   ALIGNMENT ENDS   >>>>>>>>>>

<<<<<<<<<<  ALIGNMENT BEGINS  <<<<<<<<<<

#  Aligning k-turn_consensus and 5j91_CA:441-443_1239-1248_1197-1205:
#  Alignment score:  24.2
#  P-value:  1.000e+00
#  Query aligned region: 3-3,6-9
#  Target aligned region: 1:'CA'443-1:'CA'443,8:'CA'1245-8:'CA'1245,15:'CA'1200-15:'CA'1200

	A...G~G
	A...G~C

#  Matched base-pairing interactions: 
	<A(3:)-G(6:) trans S/S>                        MATCHES	<A(1:'CA'443)-G(8:'CA'1245) trans S/S>
	<A(3:)-G(9:) trans H/S>                        MATCHES	<A(1:'CA'443)-C(15:'CA'1200) cis S/S>
#  Matched base-stacking interactions: 

>>>>>>>>>>   ALIGNMENT ENDS   >>>>>>>>>>

<<<<<<<<<<  ALIGNMENT BEGINS  <<<<<<<<<<

#  Aligning k-turn_consensus and 5j91_CA:1490-1499_1418-1424_1572-1577:
#  Alignment score:  24
#  P-value:  1.000e+00
#  Query aligned region: 0-1,11-12
#  Target aligned region: 15:'CA'1424-16:'CA'1425,17:'CA'1573-18:'CA'1574

	GG...AC
	GG...GC

#  Matched base-pairing interactions: 
	<G(1:)-A(11:) trans S/H>                       MATCHES	<G(16:'CA'1425)-G(17:'CA'1573) trans S/H>
	<G(0:)-C(12:) cis W/W>                         MATCHES	<G(15:'CA'1424)-C(18:'CA'1574) cis W/W>
#  Matched base-stacking interactions: 

>>>>>>>>>>   ALIGNMENT ENDS   >>>>>>>>>>

<<<<<<<<<<  ALIGNMENT BEGINS  <<<<<<<<<<

#  Aligning k-turn_consensus and 5j91_CA:202-207_798-801_187-191:
#  Alignment score:  23.8
#  P-value:  1.000e+00
#  Query aligned region: 1-1,11-11
#  Target aligned region: 0:'CA'203-0:'CA'203,14:'CA'192-14:'CA'192

	G...A
	A...C

#  Matched base-pairing interactions: 
	<G(1:)-A(11:) trans S/H>                       MATCHES	<A(0:'CA'203)-C(14:'CA'192) trans S/H>
#  Matched base-stacking interactions: 

>>>>>>>>>>   ALIGNMENT ENDS   >>>>>>>>>>

<<<<<<<<<<  ALIGNMENT BEGINS  <<<<<<<<<<

#  Aligning k-turn_consensus and 5j91_CA:2739-2746_2753-2763_2518-2524:
#  Alignment score:  23.8
#  P-value:  1.000e+00
#  Query aligned region: 1-1,11-11
#  Target aligned region: 7:'CA'2747-7:'CA'2747,11:'CA'2757-11:'CA'2757

	G...A
	G...A

#  Matched base-pairing interactions: 
	<G(1:)-A(11:) trans S/H>                       MATCHES	<G(7:'CA'2747)-A(11:'CA'2757) trans S/H>
#  Matched base-stacking interactions: 

>>>>>>>>>>   ALIGNMENT ENDS   >>>>>>>>>>

<<<<<<<<<<  ALIGNMENT BEGINS  <<<<<<<<<<

#  Aligning k-turn_consensus and 5j91_CA:2172-2173_2123-2126_2166-2170:
#  Alignment score:  23.6
#  P-value:  1.000e+00
#  Query aligned region: 3-3,6-9
#  Target aligned region: 0:'CA'2173-0:'CA'2173,5:'CA'2127-5:'CA'2127,10:'CA'2171-10:'CA'2171

	A...G~G
	A...G~A

#  Matched base-pairing interactions: 
	<A(3:)-G(9:) trans H/S>                        MATCHES	<A(0:'CA'2173)-A(10:'CA'2171) trans H/S>
	<A(3:)-G(6:) trans S/S>                        MATCHES	<A(0:'CA'2173)-G(5:'CA'2127) cis -/->
#  Matched base-stacking interactions: 

>>>>>>>>>>   ALIGNMENT ENDS   >>>>>>>>>>

<<<<<<<<<<  ALIGNMENT BEGINS  <<<<<<<<<<

#  Aligning k-turn_consensus and 5j91_CA:26-29_473-483_496-511:
#  Alignment score:  23.6
#  P-value:  1.000e+00
#  Query aligned region: 0-1,11-12
#  Target aligned region: 3:'CA'30-3:'CA'30,12:'CA'482-13:'CA'483,28:'CA'510-28:'CA'510

	G~G...A~C
	G~A...A~C

#  Matched base-pairing interactions: 
	<G(0:)-C(12:) cis W/W>                         MATCHES	<G(3:'CA'30)-C(28:'CA'510) cis W/W>
	<G(1:)-A(11:) trans S/H>                       MATCHES	<A(12:'CA'482)-A(13:'CA'483) trans S/H>
#  Matched base-stacking interactions: 

>>>>>>>>>>   ALIGNMENT ENDS   >>>>>>>>>>

<<<<<<<<<<  ALIGNMENT BEGINS  <<<<<<<<<<

#  Aligning k-turn_consensus and 5j91_CA:1929-1944_1971-1973_1960-1968:
#  Alignment score:  23.2
#  P-value:  1.000e+00
#  Query aligned region: 3-3,6-9
#  Target aligned region: 2:'CA'1932-2:'CA'1932,17:'CA'1973-17:'CA'1973,26:'CA'1968-26:'CA'1968

	A...G~G
	A...G~G

#  Matched base-pairing interactions: 
	<A(3:)-G(9:) trans H/S>                        MATCHES	<A(2:'CA'1932)-G(26:'CA'1968) trans H/S>
	<A(3:)-G(6:) trans S/S>                        MATCHES	<A(2:'CA'1932)-G(17:'CA'1973) cis -/->
#  Matched base-stacking interactions: 

>>>>>>>>>>   ALIGNMENT ENDS   >>>>>>>>>>

<<<<<<<<<<  ALIGNMENT BEGINS  <<<<<<<<<<

#  Aligning k-turn_consensus and 5j91_CA:1874-1882_1858-1865_409-416:
#  Alignment score:  23
#  P-value:  1.000e+00
#  Query aligned region: 1-1,11-11
#  Target aligned region: 0:'CA'1875-0:'CA'1875,16:'CA'1866-16:'CA'1866

	G...A
	G...A

#  Matched base-pairing interactions: 
	<G(1:)-A(11:) trans S/H>                       MATCHES	<G(0:'CA'1875)-A(16:'CA'1866) trans S/H>
#  Matched base-stacking interactions: 

>>>>>>>>>>   ALIGNMENT ENDS   >>>>>>>>>>

<<<<<<<<<<  ALIGNMENT BEGINS  <<<<<<<<<<

#  Aligning k-turn_consensus and 5j91_CA:1437-1446_1542-1552_1525-1527:
#  Alignment score:  23
#  P-value:  1.000e+00
#  Query aligned region: 1-1,11-11
#  Target aligned region: 10:'CA'1543-10:'CA'1543,23:'CA'1528-23:'CA'1528

	G...A
	G...A

#  Matched base-pairing interactions: 
	<G(1:)-A(11:) trans S/H>                       MATCHES	<G(10:'CA'1543)-A(23:'CA'1528) trans S/H>
#  Matched base-stacking interactions: 

>>>>>>>>>>   ALIGNMENT ENDS   >>>>>>>>>>

<<<<<<<<<<  ALIGNMENT BEGINS  <<<<<<<<<<

#  Aligning k-turn_consensus and 5j91_CA:176-180_44-53_115-119:
#  Alignment score:  23
#  P-value:  1.000e+00
#  Query aligned region: 1-1,11-11
#  Target aligned region: 11:'CA'51-11:'CA'51,17:'CA'118-17:'CA'118

	G...A
	G...A

#  Matched base-pairing interactions: 
	<G(1:)-A(11:) trans S/H>                       MATCHES	<G(11:'CA'51)-A(17:'CA'118) trans S/H>
#  Matched base-stacking interactions: 

>>>>>>>>>>   ALIGNMENT ENDS   >>>>>>>>>>

<<<<<<<<<<  ALIGNMENT BEGINS  <<<<<<<<<<

#  Aligning k-turn_consensus and 5j91_CA:1856-1863_1877-1884_412-413:
#  Alignment score:  23
#  P-value:  1.000e+00
#  Query aligned region: 1-1,11-11
#  Target aligned region: 0:'CA'1857-0:'CA'1857,15:'CA'1885-15:'CA'1885

	G...A
	G...A

#  Matched base-pairing interactions: 
	<G(1:)-A(11:) trans S/H>                       MATCHES	<G(0:'CA'1857)-A(15:'CA'1885) trans S/H>
#  Matched base-stacking interactions: 

>>>>>>>>>>   ALIGNMENT ENDS   >>>>>>>>>>

<<<<<<<<<<  ALIGNMENT BEGINS  <<<<<<<<<<

#  Aligning k-turn_consensus and 5j91_CA:247-250_188-194_196-206:
#  Alignment score:  23
#  P-value:  1.000e+00
#  Query aligned region: 1-1,11-11
#  Target aligned region: 4:'CA'189-4:'CA'189,21:'CA'207-21:'CA'207

	G...A
	G...A

#  Matched base-pairing interactions: 
	<G(1:)-A(11:) trans S/H>                       MATCHES	<G(4:'CA'189)-A(21:'CA'207) trans S/H>
#  Matched base-stacking interactions: 

>>>>>>>>>>   ALIGNMENT ENDS   >>>>>>>>>>

<<<<<<<<<<  ALIGNMENT BEGINS  <<<<<<<<<<

#  Aligning k-turn_consensus and 5j91_CA:480-481_25-29_505-512:
#  Alignment score:  23
#  P-value:  1.000e+00
#  Query aligned region: 1-1,11-11
#  Target aligned region: 3:'CA'27-3:'CA'27,14:'CA'513-14:'CA'513

	G...A
	G...A

#  Matched base-pairing interactions: 
	<G(1:)-A(11:) trans S/H>                       MATCHES	<G(3:'CA'27)-A(14:'CA'513) trans S/H>
#  Matched base-stacking interactions: 

>>>>>>>>>>   ALIGNMENT ENDS   >>>>>>>>>>

<<<<<<<<<<  ALIGNMENT BEGINS  <<<<<<<<<<

#  Aligning k-turn_consensus and 5j91_CA:1862-1864_409-416_2402-2413:
#  Alignment score:  22.8
#  P-value:  1.000e+00
#  Query aligned region: 0-1,11-12
#  Target aligned region: 12:'CA'2404-21:'CA'2413

	GG...AC
	UG...AG

#  Matched base-pairing interactions: 
	<G(1:)-A(11:) trans S/H>                       MATCHES	<G(13:'CA'2405)-A(20:'CA'2412) trans S/H>
	<G(0:)-C(12:) cis W/W>                         MATCHES	<U(12:'CA'2404)-G(21:'CA'2413) cis W/W>
#  Matched base-stacking interactions: 

>>>>>>>>>>   ALIGNMENT ENDS   >>>>>>>>>>

<<<<<<<<<<  ALIGNMENT BEGINS  <<<<<<<<<<

#  Aligning k-turn_consensus and 5j91_CA:1377-1384_1338-1344_1401-1404:
#  Alignment score:  22.6
#  P-value:  1.000e+00
#  Query aligned region: 3-3,6-9
#  Target aligned region: 6:'CA'1384-6:'CA'1384,12:'CA'1343-12:'CA'1343,17:'CA'1404-17:'CA'1404

	A...G~G
	A...G~C

#  Matched base-pairing interactions: 
	<A(3:)-G(6:) trans S/S>                        MATCHES	<A(6:'CA'1384)-G(12:'CA'1343) trans S/S>
	<A(3:)-G(9:) trans H/S>                        MATCHES	<A(6:'CA'1384)-C(17:'CA'1404) cis S/S>
#  Matched base-stacking interactions: 

>>>>>>>>>>   ALIGNMENT ENDS   >>>>>>>>>>

<<<<<<<<<<  ALIGNMENT BEGINS  <<<<<<<<<<

#  Aligning k-turn_consensus and 5j91_CA:1555-1556_1472-1480_1510-1518:
#  Alignment score:  22.6
#  P-value:  1.000e+00
#  Query aligned region: 0-1,11-12
#  Target aligned region: 3:'CA'1474-4:'CA'1475,16:'CA'1516-17:'CA'1517

	GG...AC
	UG...GG

#  Matched base-pairing interactions: 
	<G(1:)-A(11:) trans S/H>                       MATCHES	<G(4:'CA'1475)-G(16:'CA'1516) trans S/H>
	<G(0:)-C(12:) cis W/W>                         MATCHES	<U(3:'CA'1474)-G(17:'CA'1517) cis W/W>
#  Matched base-stacking interactions: 

>>>>>>>>>>   ALIGNMENT ENDS   >>>>>>>>>>

<<<<<<<<<<  ALIGNMENT BEGINS  <<<<<<<<<<

#  Aligning k-turn_consensus and 5j91_CA:502-508_475-486_492-499:
#  Alignment score:  22.4
#  P-value:  1.000e+00
#  Query aligned region: 0-1,11-12
#  Target aligned region: 6:'CA'509-6:'CA'509,7:'CA'476-12:'CA'481

	G~G...AC
	C~G...AG

#  Matched base-pairing interactions: 
	<G(1:)-A(11:) trans S/H>                       MATCHES	<G(7:'CA'476)-A(11:'CA'480) trans S/H>
	<G(0:)-C(12:) cis W/W>                         MATCHES	<C(6:'CA'509)-G(12:'CA'481) cis W/W>
#  Matched base-stacking interactions: 

>>>>>>>>>>   ALIGNMENT ENDS   >>>>>>>>>>

<<<<<<<<<<  ALIGNMENT BEGINS  <<<<<<<<<<

#  Aligning k-turn_consensus and 5j91_CA:696-702_727-735_760-764:
#  Alignment score:  22.4
#  P-value:  1.000e+00
#  Query aligned region: 3-3,6-9
#  Target aligned region: 14:'CA'735-15:'CA'736,16:'CA'761-16:'CA'761

	A...G~G
	A...C~A

#  Matched base-pairing interactions: 
	<A(3:)-G(9:) trans H/S>                        MATCHES	<A(14:'CA'735)-A(16:'CA'761) trans H/S>
	<A(3:)-G(6:) trans S/S>                        MATCHES	<A(14:'CA'735)-C(15:'CA'736) cis -/->
#  Matched base-stacking interactions: 

>>>>>>>>>>   ALIGNMENT ENDS   >>>>>>>>>>

<<<<<<<<<<  ALIGNMENT BEGINS  <<<<<<<<<<

#  Aligning k-turn_consensus and 5j91_CA:1382-1385_1388-1397_1401-1404:
#  Alignment score:  22.2
#  P-value:  1.000e+00
#  Query aligned region: 3-3,6-9
#  Target aligned region: 2:'CA'1385-2:'CA'1385,11:'CA'1396-11:'CA'1396,14:'CA'1402-14:'CA'1402

	A...G~G
	A...U~U

#  Matched base-pairing interactions: 
	<A(3:)-G(6:) trans S/S>                        MATCHES	<A(2:'CA'1385)-U(11:'CA'1396) trans S/S>
	<A(3:)-G(9:) trans H/S>                        MATCHES	<A(2:'CA'1385)-U(14:'CA'1402) cis W/W>
#  Matched base-stacking interactions: 

>>>>>>>>>>   ALIGNMENT ENDS   >>>>>>>>>>

<<<<<<<<<<  ALIGNMENT BEGINS  <<<<<<<<<<

#  Aligning k-turn_consensus and 5j91_CA:2215-2222_157-167_2199-2208:
#  Alignment score:  21.6
#  P-value:  1.000e+00
#  Query aligned region: 0-1,11-12
#  Target aligned region: 7:'CA'2223-7:'CA'2223,9:'CA'159-17:'CA'167,19:'CA'2200-19:'CA'2200

	G~G...A~C
	G~G...A~C

#  Matched base-pairing interactions: 
	<G(0:)-C(12:) cis W/W>                         MATCHES	<G(7:'CA'2223)-C(19:'CA'2200) cis W/W>
	<G(1:)-A(11:) trans S/H>                       MATCHES	<G(9:'CA'159)-A(17:'CA'167) trans S/H>
#  Matched base-stacking interactions: 

>>>>>>>>>>   ALIGNMENT ENDS   >>>>>>>>>>

<<<<<<<<<<  ALIGNMENT BEGINS  <<<<<<<<<<

#  Aligning k-turn_consensus and 5j91_CA:302-314_1207-1213_1234-1238:
#  Alignment score:  21.4
#  P-value:  1.000e+00
#  Query aligned region: 1-1,11-11
#  Target aligned region: 3:'CA'306-3:'CA'306,16:'CA'1211-16:'CA'1211

	G...A
	U...C

#  Matched base-pairing interactions: 
	<G(1:)-A(11:) trans S/H>                       MATCHES	<U(3:'CA'306)-C(16:'CA'1211) trans S/H>
#  Matched base-stacking interactions: 

>>>>>>>>>>   ALIGNMENT ENDS   >>>>>>>>>>

<<<<<<<<<<  ALIGNMENT BEGINS  <<<<<<<<<<

#  Aligning k-turn_consensus and 5j91_CA:2877-2882_2814-2817_2829-2837:
#  Alignment score:  21.4
#  P-value:  1.000e+00
#  Query aligned region: 3-3,6-9
#  Target aligned region: 5:'CA'2883-5:'CA'2883,7:'CA'2816-7:'CA'2816,14:'CA'2834-14:'CA'2834

	A...G~G
	A...G~G

#  Matched base-pairing interactions: 
	<A(3:)-G(9:) trans H/S>                        MATCHES	<A(5:'CA'2883)-G(14:'CA'2834) trans H/S>
	<A(3:)-G(6:) trans S/S>                        MATCHES	<A(5:'CA'2883)-G(7:'CA'2816) cis S/S>
#  Matched base-stacking interactions: 

>>>>>>>>>>   ALIGNMENT ENDS   >>>>>>>>>>

<<<<<<<<<<  ALIGNMENT BEGINS  <<<<<<<<<<

#  Aligning k-turn_consensus and 5j91_CA:1086-1102_1075-1078_1056-1061:
#  Alignment score:  21.4
#  P-value:  1.000e+00
#  Query aligned region: 3-3,6-9
#  Target aligned region: 1:'CA'1088-1:'CA'1088,19:'CA'1078-19:'CA'1078,24:'CA'1060-24:'CA'1060

	A...G~G
	A...U~U

#  Matched base-pairing interactions: 
	<A(3:)-G(6:) trans S/S>                        MATCHES	<A(1:'CA'1088)-U(19:'CA'1078) trans S/S>
	<A(3:)-G(9:) trans H/S>                        MATCHES	<A(1:'CA'1088)-U(24:'CA'1060) cis H/W>
#  Matched base-stacking interactions: 

>>>>>>>>>>   ALIGNMENT ENDS   >>>>>>>>>>

<<<<<<<<<<  ALIGNMENT BEGINS  <<<<<<<<<<

#  Aligning k-turn_consensus and 5j91_CA:2350-2365:
#  Alignment score:  21.2
#  P-value:  1.000e+00
#  Query aligned region: 0-1,11-12
#  Target aligned region: 5:'CA'2356-10:'CA'2361

	GG...AC
	UG...GG

#  Matched base-pairing interactions: 
	<G(1:)-A(11:) trans S/H>                       MATCHES	<G(6:'CA'2357)-G(9:'CA'2360) trans S/H>
	<G(0:)-C(12:) cis W/W>                         MATCHES	<U(5:'CA'2356)-G(10:'CA'2361) cis W/W>
#  Matched base-stacking interactions: 

>>>>>>>>>>   ALIGNMENT ENDS   >>>>>>>>>>

<<<<<<<<<<  ALIGNMENT BEGINS  <<<<<<<<<<

#  Aligning k-turn_consensus and 5j91_CA:743-750_1270-1271_751-753:
#  Alignment score:  21
#  P-value:  1.000e+00
#  Query aligned region: 3-3,6-9
#  Target aligned region: 5:'CA'749-5:'CA'749,8:'CA'1271-8:'CA'1271,11:'CA'753-11:'CA'753

	A...G~G
	A...G~A

#  Matched base-pairing interactions: 
	<A(3:)-G(6:) trans S/S>                        MATCHES	<A(5:'CA'749)-G(8:'CA'1271) trans S/S>
	<A(3:)-G(9:) trans H/S>                        MATCHES	<A(5:'CA'749)-A(11:'CA'753) cis W/S>
#  Matched base-stacking interactions: 

>>>>>>>>>>   ALIGNMENT ENDS   >>>>>>>>>>

<<<<<<<<<<  ALIGNMENT BEGINS  <<<<<<<<<<

#  Aligning k-turn_consensus and 5j91_CA:1763-1765_1663-1677_1986-1996:
#  Alignment score:  20.8
#  P-value:  1.000e+00
#  Query aligned region: 0-1,11-12
#  Target aligned region: 5:'CA'1666-6:'CA'1667,24:'CA'1993-25:'CA'1994

	GG...AC
	GG...UC

#  Matched base-pairing interactions: 
	<G(1:)-A(11:) trans S/H>                       MATCHES	<G(6:'CA'1667)-U(24:'CA'1993) trans S/H>
	<G(0:)-C(12:) cis W/W>                         MATCHES	<G(5:'CA'1666)-C(25:'CA'1994) cis W/W>
#  Matched base-stacking interactions: 

>>>>>>>>>>   ALIGNMENT ENDS   >>>>>>>>>>

<<<<<<<<<<  ALIGNMENT BEGINS  <<<<<<<<<<

#  Aligning k-turn_consensus and 5j91_CA:473-483_26-29_496-511:
#  Alignment score:  20.8
#  P-value:  1.000e+00
#  Query aligned region: 3-3,6-9
#  Target aligned region: 9:'CA'483-10:'CA'484,15:'CA'497-15:'CA'497

	A...G~G
	A...C~A

#  Matched base-pairing interactions: 
	<A(3:)-G(9:) trans H/S>                        MATCHES	<A(9:'CA'483)-A(15:'CA'497) trans H/S>
	<A(3:)-G(6:) trans S/S>                        MATCHES	<A(9:'CA'483)-C(10:'CA'484) cis -/->
#  Matched base-stacking interactions: 

>>>>>>>>>>   ALIGNMENT ENDS   >>>>>>>>>>

<<<<<<<<<<  ALIGNMENT BEGINS  <<<<<<<<<<

#  Aligning k-turn_consensus and 5j91_CA:1217-1231_1194-1195_811-813:
#  Alignment score:  20.6
#  P-value:  1.000e+00
#  Query aligned region: 3-3,6-9
#  Target aligned region: 8:'CA'1226-8:'CA'1226,15:'CA'1195-15:'CA'1195,17:'CA'812-17:'CA'812

	A...G~G
	A...G~C

#  Matched base-pairing interactions: 
	<A(3:)-G(6:) trans S/S>                        MATCHES	<A(8:'CA'1226)-G(15:'CA'1195) trans S/S>
	<A(3:)-G(9:) trans H/S>                        MATCHES	<A(8:'CA'1226)-C(17:'CA'812) cis S/S>
#  Matched base-stacking interactions: 

>>>>>>>>>>   ALIGNMENT ENDS   >>>>>>>>>>

<<<<<<<<<<  ALIGNMENT BEGINS  <<<<<<<<<<

#  Aligning k-turn_consensus and 5j91_CA:732-741_755-764_697-698:
#  Alignment score:  20.6
#  P-value:  1.000e+00
#  Query aligned region: 1-1,11-11
#  Target aligned region: 0:'CA'733-0:'CA'733,21:'CA'699-21:'CA'699

	G...A
	G...A

#  Matched base-pairing interactions: 
	<G(1:)-A(11:) trans S/H>                       MATCHES	<G(0:'CA'733)-A(21:'CA'699) trans S/H>
#  Matched base-stacking interactions: 

>>>>>>>>>>   ALIGNMENT ENDS   >>>>>>>>>>

<<<<<<<<<<  ALIGNMENT BEGINS  <<<<<<<<<<

#  Aligning k-turn_consensus and 5j91_CA:2195-2203_2219-2226_2091-2092:
#  Alignment score:  20.4
#  P-value:  1.000e+00
#  Query aligned region: 3-3,6-9
#  Target aligned region: 3:'CA'2199-4:'CA'2200,13:'CA'2224-13:'CA'2224

	A...G~G
	A...C~G

#  Matched base-pairing interactions: 
	<A(3:)-G(9:) trans H/S>                        MATCHES	<A(3:'CA'2199)-G(13:'CA'2224) trans H/S>
	<A(3:)-G(6:) trans S/S>                        MATCHES	<A(3:'CA'2199)-C(4:'CA'2200) cis -/->
#  Matched base-stacking interactions: 

>>>>>>>>>>   ALIGNMENT ENDS   >>>>>>>>>>

<<<<<<<<<<  ALIGNMENT BEGINS  <<<<<<<<<<

#  Aligning k-turn_consensus and 5j91_CA:1514-1515_1435-1443_1547-1555:
#  Alignment score:  20.2
#  P-value:  1.000e+00
#  Query aligned region: 3-3,6-9
#  Target aligned region: 0:'CA'1515-0:'CA'1515,2:'CA'1436-2:'CA'1436,19:'CA'1556-19:'CA'1556

	A...G~G
	A...G~C

#  Matched base-pairing interactions: 
	<A(3:)-G(6:) trans S/S>                        MATCHES	<A(0:'CA'1515)-G(2:'CA'1436) trans S/S>
	<A(3:)-G(9:) trans H/S>                        MATCHES	<A(0:'CA'1515)-C(19:'CA'1556) cis S/S>
#  Matched base-stacking interactions: 

>>>>>>>>>>   ALIGNMENT ENDS   >>>>>>>>>>

<<<<<<<<<<  ALIGNMENT BEGINS  <<<<<<<<<<

#  Aligning k-turn_consensus and 5j91_CA:2279-2282_2421-2428_2387-2392:
#  Alignment score:  20.2
#  P-value:  1.000e+00
#  Query aligned region: 3-3,6-9
#  Target aligned region: 7:'CA'2425-8:'CA'2426,14:'CA'2390-14:'CA'2390

	A...G~G
	A...A~U

#  Matched base-pairing interactions: 
	<A(3:)-G(6:) trans S/S>                        MATCHES	<A(7:'CA'2425)-A(8:'CA'2426) trans S/S>
	<A(3:)-G(9:) trans H/S>                        MATCHES	<A(7:'CA'2425)-U(14:'CA'2390) cis H/W>
#  Matched base-stacking interactions: 

>>>>>>>>>>   ALIGNMENT ENDS   >>>>>>>>>>

<<<<<<<<<<  ALIGNMENT BEGINS  <<<<<<<<<<

#  Aligning k-turn_consensus and 5j91_CA:2631-2639_2777-2786_2773-2776:
#  Alignment score:  19.8
#  P-value:  1.000e+00
#  Query aligned region: 1-1,11-11
#  Target aligned region: 6:'CA'2638-6:'CA'2638,9:'CA'2778-9:'CA'2778

	G...A
	G...A

#  Matched base-pairing interactions: 
	<G(1:)-A(11:) trans S/H>                       MATCHES	<G(6:'CA'2638)-A(9:'CA'2778) trans S/H>
#  Matched base-stacking interactions: 

>>>>>>>>>>   ALIGNMENT ENDS   >>>>>>>>>>

<<<<<<<<<<  ALIGNMENT BEGINS  <<<<<<<<<<

#  Aligning k-turn_consensus and 5j91_CA:1207-1213_1234-1238_302-314:
#  Alignment score:  19
#  P-value:  1.000e+00
#  Query aligned region: 1-1,11-11
#  Target aligned region: 4:'CA'1212-4:'CA'1212,9:'CA'1237-9:'CA'1237

	G...A
	G...A

#  Matched base-pairing interactions: 
	<G(1:)-A(11:) trans S/H>                       MATCHES	<G(4:'CA'1212)-A(9:'CA'1237) trans S/H>
#  Matched base-stacking interactions: 

>>>>>>>>>>   ALIGNMENT ENDS   >>>>>>>>>>

<<<<<<<<<<  ALIGNMENT BEGINS  <<<<<<<<<<

#  Aligning k-turn_consensus and 5j91_CA:475-486_492-499_502-508:
#  Alignment score:  19
#  P-value:  1.000e+00
#  Query aligned region: 1-1,11-11
#  Target aligned region: 19:'CA'500-19:'CA'500,22:'CA'505-22:'CA'505

	G...A
	G...A

#  Matched base-pairing interactions: 
	<G(1:)-A(11:) trans S/H>                       MATCHES	<G(19:'CA'500)-A(22:'CA'505) trans S/H>
#  Matched base-stacking interactions: 

>>>>>>>>>>   ALIGNMENT ENDS   >>>>>>>>>>

<<<<<<<<<<  ALIGNMENT BEGINS  <<<<<<<<<<

#  Aligning k-turn_consensus and 5j91_CA:189-191_798-805_671-678:
#  Alignment score:  19
#  P-value:  1.000e+00
#  Query aligned region: 3-3,6-9
#  Target aligned region: 1:'CA'191-1:'CA'191,3:'CA'799-3:'CA'799,17:'CA'678-17:'CA'678

	A...G~G
	A...G~C

#  Matched base-pairing interactions: 
	<A(3:)-G(6:) trans S/S>                        MATCHES	<A(1:'CA'191)-G(3:'CA'799) trans S/S>
	<A(3:)-G(9:) trans H/S>                        MATCHES	<A(1:'CA'191)-C(17:'CA'678) cis S/S>
#  Matched base-stacking interactions: 

>>>>>>>>>>   ALIGNMENT ENDS   >>>>>>>>>>

<<<<<<<<<<  ALIGNMENT BEGINS  <<<<<<<<<<

#  Aligning k-turn_consensus and 5j91_CA:2559-2566_2540-2548_2516-2521:
#  Alignment score:  18.2
#  P-value:  1.000e+00
#  Query aligned region: 3-3,6-9
#  Target aligned region: 5:'CA'2565-5:'CA'2565,12:'CA'2545-12:'CA'2545,20:'CA'2520-20:'CA'2520

	A...G~G
	A...G~C

#  Matched base-pairing interactions: 
	<A(3:)-G(6:) trans S/S>                        MATCHES	<A(5:'CA'2565)-G(12:'CA'2545) trans S/S>
	<A(3:)-G(9:) trans H/S>                        MATCHES	<A(5:'CA'2565)-C(20:'CA'2520) cis S/S>
#  Matched base-stacking interactions: 

>>>>>>>>>>   ALIGNMENT ENDS   >>>>>>>>>>

<<<<<<<<<<  ALIGNMENT BEGINS  <<<<<<<<<<

#  Aligning k-turn_consensus and 5j91_CA:1923-1932_1966-1968_1903-1905:
#  Alignment score:  17.7
#  P-value:  1.000e+00
#  Query aligned region: 3-3,6-9
#  Target aligned region: 4:'CA'1928-4:'CA'1928,13:'CA'1904-14:'CA'1905

	A...GAAG
	A...G--C

#  Matched base-pairing interactions: 
	<A(3:)-G(6:) trans S/S>                        MATCHES	<A(4:'CA'1928)-G(13:'CA'1904) trans S/S>
	<A(3:)-G(9:) trans H/S>                        MATCHES	<A(4:'CA'1928)-C(14:'CA'1905) trans S/S>
#  Matched base-stacking interactions: 

>>>>>>>>>>   ALIGNMENT ENDS   >>>>>>>>>>

<<<<<<<<<<  ALIGNMENT BEGINS  <<<<<<<<<<

#  Aligning k-turn_consensus and 5j91_CA:218-223_230-233_401-407:
#  Alignment score:  17.5
#  P-value:  1.000e+00
#  Query aligned region: 3-3,6-9
#  Target aligned region: 4:'CA'223-4:'CA'223,15:'CA'407-16:'CA'408

	A...GAAG
	A...G--G

#  Matched base-pairing interactions: 
	<A(3:)-G(6:) trans S/S>                        MATCHES	<A(4:'CA'223)-G(15:'CA'407) trans S/S>
	<A(3:)-G(9:) trans H/S>                        MATCHES	<A(4:'CA'223)-G(16:'CA'408) cis -/->
#  Matched base-stacking interactions: 

>>>>>>>>>>   ALIGNMENT ENDS   >>>>>>>>>>

<<<<<<<<<<  ALIGNMENT BEGINS  <<<<<<<<<<

#  Aligning k-turn_consensus and 5j91_CA:856-859_2263-2266_2267-2275:
#  Alignment score:  17.3
#  P-value:  1.000e+00
#  Query aligned region: 3-3,6-9
#  Target aligned region: 7:'CA'2267-7:'CA'2267,8:'CA'2268-12:'CA'2272

	A...G-AAG
	A...AGAGU

#  Matched base-pairing interactions: 
	<A(3:)-G(6:) trans S/S>                        MATCHES	<A(7:'CA'2267)-A(8:'CA'2268) trans S/S>
	<A(3:)-G(9:) trans H/S>                        MATCHES	<A(7:'CA'2267)-U(12:'CA'2272) trans W/W>
#  Matched base-stacking interactions: 

>>>>>>>>>>   ALIGNMENT ENDS   >>>>>>>>>>

<<<<<<<<<<  ALIGNMENT BEGINS  <<<<<<<<<<

#  Aligning k-turn_consensus and 5j91_CA:406-409_228-230_221-226:
#  Alignment score:  16.6
#  P-value:  1.000e+00
#  Query aligned region: 0-1,11-12
#  Target aligned region: 5:'CA'230-5:'CA'230,8:'CA'223-10:'CA'225

	G~G...AC
	G~A...UC

#  Matched base-pairing interactions: 
	<G(0:)-C(12:) cis W/W>                         MATCHES	<G(5:'CA'230)-C(10:'CA'225) cis W/W>
	<G(1:)-A(11:) trans S/H>                       MATCHES	<A(8:'CA'223)-U(9:'CA'224) trans S/H>
#  Matched base-stacking interactions: 

>>>>>>>>>>   ALIGNMENT ENDS   >>>>>>>>>>

<<<<<<<<<<  ALIGNMENT BEGINS  <<<<<<<<<<

#  Aligning k-turn_consensus and 5j91_CA:471-472_441-457_31-36:
#  Alignment score:  15.3
#  P-value:  1.000e+00
#  Query aligned region: 0-4,5-12
#  Target aligned region: 2:'CA'442-14:'CA'454,19:'CA'32-24:'CA'37

	G-GG-A--G...C~GAAG-AAC
	GACCGAUAG...A~C--CUGGC

#  Matched base-pairing interactions: 
	<A(3:)-G(6:) trans S/S>                        MATCHES	<A(7:'CA'447)-C(19:'CA'32) cis -/->
	<G(4:)-A(10:) trans S/S>                       MATCHES	<G(10:'CA'450)-G(22:'CA'35) trans S/S>
	<G(2:)-A(10:) trans S/H>                       MATCHES	<C(5:'CA'445)-G(22:'CA'35) cis W/W>
	<G(4:)-C(5:) cis W/W>                          MATCHES	<G(10:'CA'450)-A(14:'CA'454) cis -/->
	<A(3:)-G(9:) trans H/S>                        MATCHES	<A(7:'CA'447)-C(20:'CA'33) trans H/W>
	<G(0:)-C(12:) cis W/W>                         MATCHES	<G(2:'CA'442)-C(24:'CA'37) cis W/W>
	<G(1:)-A(11:) trans S/H>                       MATCHES	<C(4:'CA'444)-G(23:'CA'36) cis W/W>
#  Matched base-stacking interactions: 

>>>>>>>>>>   ALIGNMENT ENDS   >>>>>>>>>>

<<<<<<<<<<  ALIGNMENT BEGINS  <<<<<<<<<<

#  Aligning k-turn_consensus and 5j91_CA:2786-2789_2805-2811_2887-2893:
#  Alignment score:  15
#  P-value:  1.000e+00
#  Query aligned region: 0-1,11-12
#  Target aligned region: 9:'CA'2811-10:'CA'2812,11:'CA'2888-12:'CA'2889

	GG...AC
	GG...CC

#  Matched base-pairing interactions: 
	<G(1:)-A(11:) trans S/H>                       MATCHES	<G(10:'CA'2812)-C(11:'CA'2888) cis W/W>
	<G(0:)-C(12:) cis W/W>                         MATCHES	<G(9:'CA'2811)-C(12:'CA'2889) cis W/W>
#  Matched base-stacking interactions: 

>>>>>>>>>>   ALIGNMENT ENDS   >>>>>>>>>>

<<<<<<<<<<  ALIGNMENT BEGINS  <<<<<<<<<<

#  Aligning k-turn_consensus and 5j91_CA:2382-2390_2323-2330_2278-2284:
#  Alignment score:  15
#  P-value:  1.000e+00
#  Query aligned region: 0-1,11-12
#  Target aligned region: 0:'CA'2383-1:'CA'2384,22:'CA'2284-23:'CA'2285

	GG...AC
	GU...AC

#  Matched base-pairing interactions: 
	<G(1:)-A(11:) trans S/H>                       MATCHES	<U(1:'CA'2384)-A(22:'CA'2284) cis W/W>
	<G(0:)-C(12:) cis W/W>                         MATCHES	<G(0:'CA'2383)-C(23:'CA'2285) cis W/W>
#  Matched base-stacking interactions: 

>>>>>>>>>>   ALIGNMENT ENDS   >>>>>>>>>>

<<<<<<<<<<  ALIGNMENT BEGINS  <<<<<<<<<<

#  Aligning k-turn_consensus and 5j91_CA:2730-2737_2674-2676_2763-2769:
#  Alignment score:  14.6
#  P-value:  1.000e+00
#  Query aligned region: 0-1,11-12
#  Target aligned region: 0:'CA'2731-1:'CA'2732,8:'CA'2675-9:'CA'2676

	GG...AC
	GG...AC

#  Matched base-pairing interactions: 
	<G(1:)-A(11:) trans S/H>                       MATCHES	<G(1:'CA'2732)-A(8:'CA'2675) cis W/W>
	<G(0:)-C(12:) cis W/W>                         MATCHES	<G(0:'CA'2731)-C(9:'CA'2676) cis W/W>
#  Matched base-stacking interactions: 

>>>>>>>>>>   ALIGNMENT ENDS   >>>>>>>>>>

<<<<<<<<<<  ALIGNMENT BEGINS  <<<<<<<<<<

#  Aligning k-turn_consensus and 5j91_CA:1596-1603_1337-1347_1309-1313:
#  Alignment score:  14.6
#  P-value:  1.000e+00
#  Query aligned region: 0-1,11-12
#  Target aligned region: 1:'CA'1598-2:'CA'1599,17:'CA'1347-18:'CA'1348

	GG...AC
	AU...AC

#  Matched base-pairing interactions: 
	<G(1:)-A(11:) trans S/H>                       MATCHES	<U(2:'CA'1599)-A(17:'CA'1347) cis W/W>
	<G(0:)-C(12:) cis W/W>                         MATCHES	<A(1:'CA'1598)-C(18:'CA'1348) cis W/W>
#  Matched base-stacking interactions: 

>>>>>>>>>>   ALIGNMENT ENDS   >>>>>>>>>>

<<<<<<<<<<  ALIGNMENT BEGINS  <<<<<<<<<<

#  Aligning k-turn_consensus and 5j91_CA:1862-1879_411-415_2406-2410:
#  Alignment score:  14.6
#  P-value:  1.000e+00
#  Query aligned region: 0-1,11-12
#  Target aligned region: 4:'CA'1867-11:'CA'1874

	GG...AC
	GC...GC

#  Matched base-pairing interactions: 
	<G(1:)-A(11:) trans S/H>                       MATCHES	<C(5:'CA'1868)-G(10:'CA'1873) cis W/W>
	<G(0:)-C(12:) cis W/W>                         MATCHES	<G(4:'CA'1867)-C(11:'CA'1874) cis W/W>
#  Matched base-stacking interactions: 

>>>>>>>>>>   ALIGNMENT ENDS   >>>>>>>>>>

<<<<<<<<<<  ALIGNMENT BEGINS  <<<<<<<<<<

#  Aligning k-turn_consensus and 5j91_CA:1647-1651_2004-2008_1644-1646:
#  Alignment score:  14.4
#  P-value:  1.000e+00
#  Query aligned region: 0-1,11-12
#  Target aligned region: 3:'CA'1651-4:'CA'1652,5:'CA'2005-6:'CA'2006

	GG...AC
	GA...AC

#  Matched base-pairing interactions: 
	<G(1:)-A(11:) trans S/H>                       MATCHES	<A(4:'CA'1652)-A(5:'CA'2005) trans W/H>
	<G(0:)-C(12:) cis W/W>                         MATCHES	<G(3:'CA'1651)-C(6:'CA'2006) cis W/W>
#  Matched base-stacking interactions: 

>>>>>>>>>>   ALIGNMENT ENDS   >>>>>>>>>>

<<<<<<<<<<  ALIGNMENT BEGINS  <<<<<<<<<<

#  Aligning k-turn_consensus and 5j91_CA:804-809_670-673:
#  Alignment score:  14.4
#  P-value:  1.000e+00
#  Query aligned region: 0-1,11-12
#  Target aligned region: 3:'CA'808-4:'CA'809,6:'CA'671-7:'CA'672

	GG...AC
	GG...CC

#  Matched base-pairing interactions: 
	<G(1:)-A(11:) trans S/H>                       MATCHES	<G(4:'CA'809)-C(6:'CA'671) cis W/W>
	<G(0:)-C(12:) cis W/W>                         MATCHES	<G(3:'CA'808)-C(7:'CA'672) cis W/W>
#  Matched base-stacking interactions: 

>>>>>>>>>>   ALIGNMENT ENDS   >>>>>>>>>>

<<<<<<<<<<  ALIGNMENT BEGINS  <<<<<<<<<<

#  Aligning k-turn_consensus and 5j91_CA:2674-2676_2730-2737_2763-2769:
#  Alignment score:  14.2
#  P-value:  1.000e+00
#  Query aligned region: 0-1,11-12
#  Target aligned region: 9:'CA'2737-10:'CA'2738,13:'CA'2766-14:'CA'2767

	GG...AC
	GA...AC

#  Matched base-pairing interactions: 
	<G(1:)-A(11:) trans S/H>                       MATCHES	<A(10:'CA'2738)-A(13:'CA'2766) cis W/W>
	<G(0:)-C(12:) cis W/W>                         MATCHES	<G(9:'CA'2737)-C(14:'CA'2767) cis W/W>
#  Matched base-stacking interactions: 

>>>>>>>>>>   ALIGNMENT ENDS   >>>>>>>>>>

<<<<<<<<<<  ALIGNMENT BEGINS  <<<<<<<<<<

#  Aligning k-turn_consensus and 5j91_CA:321-324_332-343_294-299:
#  Alignment score:  14
#  P-value:  1.000e+00
#  Query aligned region: 0-1,11-12
#  Target aligned region: 3:'CA'325-3:'CA'325,5:'CA'334-8:'CA'337

	G~G...AC
	G~C...CC

#  Matched base-pairing interactions: 
	<G(0:)-C(12:) cis W/W>                         MATCHES	<G(3:'CA'325)-C(8:'CA'337) cis W/W>
	<G(1:)-A(11:) trans S/H>                       MATCHES	<C(5:'CA'334)-C(7:'CA'336) cis -/->
#  Matched base-stacking interactions: 

>>>>>>>>>>   ALIGNMENT ENDS   >>>>>>>>>>

<<<<<<<<<<  ALIGNMENT BEGINS  <<<<<<<<<<

#  Aligning k-turn_consensus and 5j91_CA:1056-1061_1086-1102_1075-1078:
#  Alignment score:  14
#  P-value:  1.000e+00
#  Query aligned region: 0-1,11-12
#  Target aligned region: 5:'CA'1062-5:'CA'1062,13:'CA'1094-15:'CA'1096,23:'CA'1076-23:'CA'1076

	G~G...A~C
	G~U...A~C

#  Matched base-pairing interactions: 
	<G(0:)-C(12:) cis W/W>                         MATCHES	<G(5:'CA'1062)-C(23:'CA'1076) cis W/W>
	<G(1:)-A(11:) trans S/H>                       MATCHES	<U(13:'CA'1094)-A(15:'CA'1096) cis -/->
#  Matched base-stacking interactions: 

>>>>>>>>>>   ALIGNMENT ENDS   >>>>>>>>>>

<<<<<<<<<<  ALIGNMENT BEGINS  <<<<<<<<<<

#  Aligning k-turn_consensus and 5j91_CA:1264-1270_2009-2012_744-749:
#  Alignment score:  13.8
#  P-value:  1.000e+00
#  Query aligned region: 0-1,11-12
#  Target aligned region: 4:'CA'1269-5:'CA'1270,7:'CA'2010-8:'CA'2011

	GG...AC
	AC...GU

#  Matched base-pairing interactions: 
	<G(1:)-A(11:) trans S/H>                       MATCHES	<C(5:'CA'1270)-G(7:'CA'2010) cis W/W>
	<G(0:)-C(12:) cis W/W>                         MATCHES	<A(4:'CA'1269)-U(8:'CA'2011) cis W/W>
#  Matched base-stacking interactions: 

>>>>>>>>>>   ALIGNMENT ENDS   >>>>>>>>>>

<<<<<<<<<<  ALIGNMENT BEGINS  <<<<<<<<<<

#  Aligning k-turn_consensus and 5j91_CA:1197-1205_1239-1248_441-443:
#  Alignment score:  13.8
#  P-value:  1.000e+00
#  Query aligned region: 0-1,11-12
#  Target aligned region: 4:'CA'1202-5:'CA'1203,11:'CA'1242-12:'CA'1243

	GG...AC
	GU...UC

#  Matched base-pairing interactions: 
	<G(1:)-A(11:) trans S/H>                       MATCHES	<U(5:'CA'1203)-U(11:'CA'1242) cis W/W>
	<G(0:)-C(12:) cis W/W>                         MATCHES	<G(4:'CA'1202)-C(12:'CA'1243) cis W/W>
#  Matched base-stacking interactions: 

>>>>>>>>>>   ALIGNMENT ENDS   >>>>>>>>>>

<<<<<<<<<<  ALIGNMENT BEGINS  <<<<<<<<<<

#  Aligning k-turn_consensus and 5j91_CA:326-335_316-318_304-311:
#  Alignment score:  13.8
#  P-value:  1.000e+00
#  Query aligned region: 0-1,11-12
#  Target aligned region: 6:'CA'333-7:'CA'334,10:'CA'317-11:'CA'318

	GG...AC
	GC...GC

#  Matched base-pairing interactions: 
	<G(1:)-A(11:) trans S/H>                       MATCHES	<C(7:'CA'334)-G(10:'CA'317) cis W/W>
	<G(0:)-C(12:) cis W/W>                         MATCHES	<G(6:'CA'333)-C(11:'CA'318) cis W/W>
#  Matched base-stacking interactions: 

>>>>>>>>>>   ALIGNMENT ENDS   >>>>>>>>>>

<<<<<<<<<<  ALIGNMENT BEGINS  <<<<<<<<<<

#  Aligning k-turn_consensus and 5j91_CA:1765-1769_1943-1959_1981-1986:
#  Alignment score:  13.6
#  P-value:  1.000e+00
#  Query aligned region: 0-1,11-12
#  Target aligned region: 4:'CA'1770-4:'CA'1770,12:'CA'1951-14:'CA'1953,22:'CA'1982-22:'CA'1982

	G~G...A~C
	G~U...A~U

#  Matched base-pairing interactions: 
	<G(0:)-C(12:) cis W/W>                         MATCHES	<G(4:'CA'1770)-U(22:'CA'1982) cis W/W>
	<G(1:)-A(11:) trans S/H>                       MATCHES	<U(12:'CA'1951)-A(14:'CA'1953) cis -/->
#  Matched base-stacking interactions: 

>>>>>>>>>>   ALIGNMENT ENDS   >>>>>>>>>>

<<<<<<<<<<  ALIGNMENT BEGINS  <<<<<<<<<<

#  Aligning k-turn_consensus and 5j91_CA:894-903_873-879:
#  Alignment score:  13.6
#  P-value:  1.000e+00
#  Query aligned region: 0-1,11-12
#  Target aligned region: 3:'CA'898-4:'CA'899,14:'CA'878-15:'CA'879

	GG...AC
	CA...AG

#  Matched base-pairing interactions: 
	<G(1:)-A(11:) trans S/H>                       MATCHES	<A(4:'CA'899)-A(14:'CA'878) cis -/->
	<G(0:)-C(12:) cis W/W>                         MATCHES	<C(3:'CA'898)-G(15:'CA'879) cis W/W>
#  Matched base-stacking interactions: 

>>>>>>>>>>   ALIGNMENT ENDS   >>>>>>>>>>

<<<<<<<<<<  ALIGNMENT BEGINS  <<<<<<<<<<

#  Aligning k-turn_consensus and 5j91_CA:273-284_355-362:
#  Alignment score:  13.4
#  P-value:  1.000e+00
#  Query aligned region: 0-1,11-12
#  Target aligned region: 0:'CA'274-1:'CA'275,18:'CA'362-19:'CA'363

	GG...AC
	CC...AG

#  Matched base-pairing interactions: 
	<G(1:)-A(11:) trans S/H>                       MATCHES	<C(1:'CA'275)-A(18:'CA'362) cis W/W>
	<G(0:)-C(12:) cis W/W>                         MATCHES	<C(0:'CA'274)-G(19:'CA'363) cis W/W>
#  Matched base-stacking interactions: 

>>>>>>>>>>   ALIGNMENT ENDS   >>>>>>>>>>

<<<<<<<<<<  ALIGNMENT BEGINS  <<<<<<<<<<

#  Aligning k-turn_consensus and 5j91_CA:1075-1078_1086-1102_1056-1061:
#  Alignment score:  13.2
#  P-value:  1.000e+00
#  Query aligned region: 0-1,11-12
#  Target aligned region: 3:'CA'1079-3:'CA'1079,10:'CA'1093-15:'CA'1098,23:'CA'1059-23:'CA'1059

	G~G...A~C
	C~G...A~G

#  Matched base-pairing interactions: 
	<G(0:)-C(12:) cis W/W>                         MATCHES	<C(3:'CA'1079)-G(23:'CA'1059) cis W/W>
	<G(1:)-A(11:) trans S/H>                       MATCHES	<G(10:'CA'1093)-A(15:'CA'1098) cis -/->
#  Matched base-stacking interactions: 

>>>>>>>>>>   ALIGNMENT ENDS   >>>>>>>>>>

<<<<<<<<<<  ALIGNMENT BEGINS  <<<<<<<<<<

#  Aligning k-turn_consensus and 5j91_CA:1337-1341_1601-1604_1308-1313:
#  Alignment score:  13.2
#  P-value:  1.000e+00
#  Query aligned region: 0-1,11-12
#  Target aligned region: 7:'CA'1604-8:'CA'1605,9:'CA'1309-10:'CA'1310

	GG...AC
	CC...GG

#  Matched base-pairing interactions: 
	<G(1:)-A(11:) trans S/H>                       MATCHES	<C(8:'CA'1605)-G(9:'CA'1309) cis W/W>
	<G(0:)-C(12:) cis W/W>                         MATCHES	<C(7:'CA'1604)-G(10:'CA'1310) cis W/W>
#  Matched base-stacking interactions: 

>>>>>>>>>>   ALIGNMENT ENDS   >>>>>>>>>>

<<<<<<<<<<  ALIGNMENT BEGINS  <<<<<<<<<<

#  Aligning k-turn_consensus and 5j91_CA:1466-1473_1516-1524_1401-1402:
#  Alignment score:  13
#  P-value:  1.000e+00
#  Query aligned region: 0-1,11-12
#  Target aligned region: 0:'CA'1467-1:'CA'1468,15:'CA'1524-16:'CA'1525

	GG...AC
	UU...GA

#  Matched base-pairing interactions: 
	<G(1:)-A(11:) trans S/H>                       MATCHES	<U(1:'CA'1468)-G(15:'CA'1524) cis W/W>
	<G(0:)-C(12:) cis W/W>                         MATCHES	<U(0:'CA'1467)-A(16:'CA'1525) cis W/W>
#  Matched base-stacking interactions: 

>>>>>>>>>>   ALIGNMENT ENDS   >>>>>>>>>>

<<<<<<<<<<  ALIGNMENT BEGINS  <<<<<<<<<<

#  Aligning k-turn_consensus and 5j91_CA:2750-2757_2743-2749_1048-1049:
#  Alignment score:  13
#  P-value:  1.000e+00
#  Query aligned region: 0-1,11-12
#  Target aligned region: 0:'CA'2751-1:'CA'2752,14:'CA'2750-14:'CA'2750,15:'CA'1049-15:'CA'1049

	GG...A~C
	GC...A~C

#  Matched base-pairing interactions: 
	<G(1:)-A(11:) trans S/H>                       MATCHES	<C(1:'CA'2752)-A(14:'CA'2750) trans W/S>
	<G(0:)-C(12:) cis W/W>                         MATCHES	<G(0:'CA'2751)-C(15:'CA'1049) cis W/W>
#  Matched base-stacking interactions: 

>>>>>>>>>>   ALIGNMENT ENDS   >>>>>>>>>>

<<<<<<<<<<  ALIGNMENT BEGINS  <<<<<<<<<<

#  Aligning k-turn_consensus and 5j91_CA:1368-1375_1808-1810_1354-1361:
#  Alignment score:  12.8
#  P-value:  1.000e+00
#  Query aligned region: 0-1,11-12
#  Target aligned region: 1:'CA'1370-2:'CA'1371,16:'CA'1360-17:'CA'1361

	GG...AC
	CG...GG

#  Matched base-pairing interactions: 
	<G(1:)-A(11:) trans S/H>                       MATCHES	<G(2:'CA'1371)-G(16:'CA'1360) cis -/->
	<G(0:)-C(12:) cis W/W>                         MATCHES	<C(1:'CA'1370)-G(17:'CA'1361) cis W/W>
#  Matched base-stacking interactions: 

>>>>>>>>>>   ALIGNMENT ENDS   >>>>>>>>>>

<<<<<<<<<<  ALIGNMENT BEGINS  <<<<<<<<<<

#  Aligning k-turn_consensus and 5j91_CA:2069-2076_2434-2442_674-676:
#  Alignment score:  12.8
#  P-value:  1.000e+00
#  Query aligned region: 0-1,11-12
#  Target aligned region: 4:'CA'2074-7:'CA'2077,8:'CA'2435-8:'CA'2435

	GG...A~C
	UU...A~A

#  Matched base-pairing interactions: 
	<G(1:)-A(11:) trans S/H>                       MATCHES	<U(5:'CA'2075)-A(7:'CA'2077) cis W/H>
	<G(0:)-C(12:) cis W/W>                         MATCHES	<U(4:'CA'2074)-A(8:'CA'2435) cis W/W>
#  Matched base-stacking interactions: 

>>>>>>>>>>   ALIGNMENT ENDS   >>>>>>>>>>

<<<<<<<<<<  ALIGNMENT BEGINS  <<<<<<<<<<

#  Aligning k-turn_consensus and 5j91_CA:798-806_2067-2069_672-677:
#  Alignment score:  12.4
#  P-value:  1.000e+00
#  Query aligned region: 0-1,11-12
#  Target aligned region: 7:'CA'806-8:'CA'807,12:'CA'673-13:'CA'674

	GG...AC
	CU...CG

#  Matched base-pairing interactions: 
	<G(1:)-A(11:) trans S/H>                       MATCHES	<U(8:'CA'807)-C(12:'CA'673) cis W/W>
	<G(0:)-C(12:) cis W/W>                         MATCHES	<C(7:'CA'806)-G(13:'CA'674) cis W/W>
#  Matched base-stacking interactions: 

>>>>>>>>>>   ALIGNMENT ENDS   >>>>>>>>>>

<<<<<<<<<<  ALIGNMENT BEGINS  <<<<<<<<<<

#  Aligning k-turn_consensus and 5j91_CA:998-1007_1008-1012_1149-1154:
#  Alignment score:  12.4
#  P-value:  1.000e+00
#  Query aligned region: 0-1,11-12
#  Target aligned region: 3:'CA'1002-4:'CA'1003,11:'CA'1010-11:'CA'1010,18:'CA'1153-18:'CA'1153

	GG...A~C
	GG...A~C

#  Matched base-pairing interactions: 
	<G(0:)-C(12:) cis W/W>                         MATCHES	<G(3:'CA'1002)-C(18:'CA'1153) cis W/W>
	<G(1:)-A(11:) trans S/H>                       MATCHES	<G(4:'CA'1003)-A(11:'CA'1010) trans S/S>
#  Matched base-stacking interactions: 

>>>>>>>>>>   ALIGNMENT ENDS   >>>>>>>>>>

<<<<<<<<<<  ALIGNMENT BEGINS  <<<<<<<<<<

#  Aligning k-turn_consensus and 5j91_CA:1080-1088_1101-1107_1050-1056:
#  Alignment score:  12.2
#  P-value:  1.000e+00
#  Query aligned region: 0-1,11-12
#  Target aligned region: 6:'CA'1087-8:'CA'1089,9:'CA'1102-9:'CA'1102

	GG...A~C
	GA...A~C

#  Matched base-pairing interactions: 
	<G(1:)-A(11:) trans S/H>                       MATCHES	<A(7:'CA'1088)-A(8:'CA'1089) cis S/S>
	<G(0:)-C(12:) cis W/W>                         MATCHES	<G(6:'CA'1087)-C(9:'CA'1102) cis W/W>
#  Matched base-stacking interactions: 

>>>>>>>>>>   ALIGNMENT ENDS   >>>>>>>>>>

<<<<<<<<<<  ALIGNMENT BEGINS  <<<<<<<<<<

#  Aligning k-turn_consensus and 5j91_CA:2267-2275_856-859_2263-2266:
#  Alignment score:  12.2
#  P-value:  1.000e+00
#  Query aligned region: 0-1,11-12
#  Target aligned region: 8:'CA'2276-8:'CA'2276,11:'CA'859-12:'CA'860,13:'CA'2264-13:'CA'2264

	G~G...A~C
	G~G...U~C

#  Matched base-pairing interactions: 
	<G(0:)-C(12:) cis W/W>                         MATCHES	<G(8:'CA'2276)-C(13:'CA'2264) cis W/W>
	<G(1:)-A(11:) trans S/H>                       MATCHES	<G(11:'CA'859)-U(12:'CA'860) cis S/H>
#  Matched base-stacking interactions: 

>>>>>>>>>>   ALIGNMENT ENDS   >>>>>>>>>>

<<<<<<<<<<  ALIGNMENT BEGINS  <<<<<<<<<<

#  Aligning k-turn_consensus and 5j91_CA:1576-1586_1493-1495_1414-1420:
#  Alignment score:  12.2
#  P-value:  1.000e+00
#  Query aligned region: 0-1,11-12
#  Target aligned region: 4:'CA'1581-5:'CA'1582,15:'CA'1416-16:'CA'1417

	GG...AC
	GC...GC

#  Matched base-pairing interactions: 
	<G(1:)-A(11:) trans S/H>                       MATCHES	<C(5:'CA'1582)-G(15:'CA'1416) cis W/W>
	<G(0:)-C(12:) cis W/W>                         MATCHES	<G(4:'CA'1581)-C(16:'CA'1417) cis W/W>
#  Matched base-stacking interactions: 

>>>>>>>>>>   ALIGNMENT ENDS   >>>>>>>>>>

<<<<<<<<<<  ALIGNMENT BEGINS  <<<<<<<<<<

#  Aligning k-turn_consensus and 5j91_CA:1555-1556_1474-1480_1507-1515:
#  Alignment score:  12.2
#  P-value:  1.000e+00
#  Query aligned region: 0-1,11-12
#  Target aligned region: 8:'CA'1481-8:'CA'1481,9:'CA'1508-11:'CA'1510

	G~G...AC
	U~A...AG

#  Matched base-pairing interactions: 
	<G(1:)-A(11:) trans S/H>                       MATCHES	<A(9:'CA'1508)-A(10:'CA'1509) cis -/->
	<G(0:)-C(12:) cis W/W>                         MATCHES	<U(8:'CA'1481)-G(11:'CA'1510) cis W/W>
#  Matched base-stacking interactions: 

>>>>>>>>>>   ALIGNMENT ENDS   >>>>>>>>>>

<<<<<<<<<<  ALIGNMENT BEGINS  <<<<<<<<<<

#  Aligning k-turn_consensus and 5j91_CA:2866-2875_2841-2847_2689-2691:
#  Alignment score:  11.8
#  P-value:  1.000e+00
#  Query aligned region: 0-1,11-12
#  Target aligned region: 2:'CA'2869-3:'CA'2870,14:'CA'2846-15:'CA'2847

	GG...AC
	GC...GU

#  Matched base-pairing interactions: 
	<G(1:)-A(11:) trans S/H>                       MATCHES	<C(3:'CA'2870)-G(14:'CA'2846) cis W/W>
	<G(0:)-C(12:) cis W/W>                         MATCHES	<G(2:'CA'2869)-U(15:'CA'2847) cis W/W>
#  Matched base-stacking interactions: 

>>>>>>>>>>   ALIGNMENT ENDS   >>>>>>>>>>

<<<<<<<<<<  ALIGNMENT BEGINS  <<<<<<<<<<

#  Aligning k-turn_consensus and 5j91_CA:2072-2074_2596-2602_2591-2595:
#  Alignment score:  11.8
#  P-value:  1.000e+00
#  Query aligned region: 0-1,11-12
#  Target aligned region: 7:'CA'2601-9:'CA'2603,10:'CA'2592-10:'CA'2592

	GG...A~C
	CA...G~G

#  Matched base-pairing interactions: 
	<G(1:)-A(11:) trans S/H>                       MATCHES	<A(8:'CA'2602)-G(9:'CA'2603) cis S/H>
	<G(0:)-C(12:) cis W/W>                         MATCHES	<C(7:'CA'2601)-G(10:'CA'2592) cis W/W>
#  Matched base-stacking interactions: 

>>>>>>>>>>   ALIGNMENT ENDS   >>>>>>>>>>

<<<<<<<<<<  ALIGNMENT BEGINS  <<<<<<<<<<

#  Aligning k-turn_consensus and 5j91_CA:2074-2086_2231-2240_1852-1853:
#  Alignment score:  11.8
#  P-value:  1.000e+00
#  Query aligned region: 0-1,11-12
#  Target aligned region: 10:'CA'2085-11:'CA'2086,14:'CA'2233-15:'CA'2234

	GG...AC
	UU...UG

#  Matched base-pairing interactions: 
	<G(1:)-A(11:) trans S/H>                       MATCHES	<U(11:'CA'2086)-U(14:'CA'2233) cis W/W>
	<G(0:)-C(12:) cis W/W>                         MATCHES	<U(10:'CA'2085)-G(15:'CA'2234) cis W/W>
#  Matched base-stacking interactions: 

>>>>>>>>>>   ALIGNMENT ENDS   >>>>>>>>>>

<<<<<<<<<<  ALIGNMENT BEGINS  <<<<<<<<<<

#  Aligning k-turn_consensus and 5j91_CA:1640-1645_1273-1274_1294-1298:
#  Alignment score:  11.6
#  P-value:  1.000e+00
#  Query aligned region: 0-1,11-12
#  Target aligned region: 4:'CA'1645-5:'CA'1646,7:'CA'1275-7:'CA'1275,8:'CA'1295-8:'CA'1295

	GG...A~C
	GC...A~C

#  Matched base-pairing interactions: 
	<G(1:)-A(11:) trans S/H>                       MATCHES	<C(5:'CA'1646)-A(7:'CA'1275) cis -/->
	<G(0:)-C(12:) cis W/W>                         MATCHES	<G(4:'CA'1645)-C(8:'CA'1295) cis W/W>
#  Matched base-stacking interactions: 

>>>>>>>>>>   ALIGNMENT ENDS   >>>>>>>>>>

<<<<<<<<<<  ALIGNMENT BEGINS  <<<<<<<<<<

#  Aligning k-turn_consensus and 5j91_CA:599-610_616-624_258-260:
#  Alignment score:  11.4
#  P-value:  1.000e+00
#  Query aligned region: 0-1,11-12
#  Target aligned region: 10:'CA'610-11:'CA'611,12:'CA'617-13:'CA'618

	GG...AC
	CC...GG

#  Matched base-pairing interactions: 
	<G(1:)-A(11:) trans S/H>                       MATCHES	<C(11:'CA'611)-G(12:'CA'617) cis W/W>
	<G(0:)-C(12:) cis W/W>                         MATCHES	<C(10:'CA'610)-G(13:'CA'618) cis W/W>
#  Matched base-stacking interactions: 

>>>>>>>>>>   ALIGNMENT ENDS   >>>>>>>>>>

<<<<<<<<<<  ALIGNMENT BEGINS  <<<<<<<<<<

#  Aligning k-turn_consensus and 5j91_CA:288-294_78-80_342-351:
#  Alignment score:  11.4
#  P-value:  1.000e+00
#  Query aligned region: 0-1,11-12
#  Target aligned region: 4:'CA'293-4:'CA'293,7:'CA'79-7:'CA'79,13:'CA'346-14:'CA'347

	G~G...AC
	U~C...AA

#  Matched base-pairing interactions: 
	<G(0:)-C(12:) cis W/W>                         MATCHES	<U(4:'CA'293)-A(14:'CA'347) cis W/W>
	<G(1:)-A(11:) trans S/H>                       MATCHES	<C(7:'CA'79)-A(13:'CA'346) cis -/->
#  Matched base-stacking interactions: 

>>>>>>>>>>   ALIGNMENT ENDS   >>>>>>>>>>

<<<<<<<<<<  ALIGNMENT BEGINS  <<<<<<<<<<

#  Aligning k-turn_consensus and 5j91_CA:2717-2721_1995-1998_2685-2691:
#  Alignment score:  11.4
#  P-value:  1.000e+00
#  Query aligned region: 0-1,11-12
#  Target aligned region: 4:'CA'2722-4:'CA'2722,7:'CA'1998-7:'CA'1998,9:'CA'2686-10:'CA'2687

	G~G...AC
	G~A...GU

#  Matched base-pairing interactions: 
	<G(0:)-C(12:) cis W/W>                         MATCHES	<G(4:'CA'2722)-U(10:'CA'2687) cis W/W>
	<G(1:)-A(11:) trans S/H>                       MATCHES	<A(7:'CA'1998)-G(9:'CA'2686) cis -/->
#  Matched base-stacking interactions: 

>>>>>>>>>>   ALIGNMENT ENDS   >>>>>>>>>>

<<<<<<<<<<  ALIGNMENT BEGINS  <<<<<<<<<<

#  Aligning k-turn_consensus and 5j91_CA:1251-1252_561-570_571-577:
#  Alignment score:  11.4
#  P-value:  1.000e+00
#  Query aligned region: 0-1,11-12
#  Target aligned region: 4:'CA'564-5:'CA'565,16:'CA'576-17:'CA'577

	GG...AC
	CC...UG

#  Matched base-pairing interactions: 
	<G(1:)-A(11:) trans S/H>                       MATCHES	<C(5:'CA'565)-U(16:'CA'576) cis W/W>
	<G(0:)-C(12:) cis W/W>                         MATCHES	<C(4:'CA'564)-G(17:'CA'577) cis W/W>
#  Matched base-stacking interactions: 

>>>>>>>>>>   ALIGNMENT ENDS   >>>>>>>>>>

<<<<<<<<<<  ALIGNMENT BEGINS  <<<<<<<<<<

#  Aligning k-turn_consensus and 5j91_CA:2518-2524_2739-2741_2538-2544:
#  Alignment score:  11.2
#  P-value:  1.000e+00
#  Query aligned region: 0-1,11-12
#  Target aligned region: 4:'CA'2523-5:'CA'2524,7:'CA'2740-7:'CA'2740,11:'CA'2540-11:'CA'2540

	GG...A~C
	GG...A~C

#  Matched base-pairing interactions: 
	<G(0:)-C(12:) cis W/W>                         MATCHES	<G(4:'CA'2523)-C(11:'CA'2540) cis W/W>
	<G(1:)-A(11:) trans S/H>                       MATCHES	<G(5:'CA'2524)-A(7:'CA'2740) trans S/W>
#  Matched base-stacking interactions: 

>>>>>>>>>>   ALIGNMENT ENDS   >>>>>>>>>>

<<<<<<<<<<  ALIGNMENT BEGINS  <<<<<<<<<<

#  Aligning k-turn_consensus and 5j91_CA:1335-1341_1384-1397_1311-1316:
#  Alignment score:  11.2
#  P-value:  1.000e+00
#  Query aligned region: 0-1,11-12
#  Target aligned region: 2:'CA'1338-2:'CA'1338,13:'CA'1391-15:'CA'1393,23:'CA'1314-23:'CA'1314

	G~G...A~C
	G~U...A~C

#  Matched base-pairing interactions: 
	<G(0:)-C(12:) cis W/W>                         MATCHES	<G(2:'CA'1338)-C(23:'CA'1314) cis W/W>
	<G(1:)-A(11:) trans S/H>                       MATCHES	<U(13:'CA'1391)-A(15:'CA'1393) cis -/->
#  Matched base-stacking interactions: 

>>>>>>>>>>   ALIGNMENT ENDS   >>>>>>>>>>

<<<<<<<<<<  ALIGNMENT BEGINS  <<<<<<<<<<

#  Aligning k-turn_consensus and 5j91_CA:2172-2173_2166-2170_2123-2126:
#  Alignment score:  11.2
#  P-value:  1.000e+00
#  Query aligned region: 0-1,11-12
#  Target aligned region: 1:'CA'2174-1:'CA'2174,2:'CA'2167-5:'CA'2170,7:'CA'2124-7:'CA'2124

	G~G...A~C
	C~U...A~G

#  Matched base-pairing interactions: 
	<G(0:)-C(12:) cis W/W>                         MATCHES	<C(1:'CA'2174)-G(7:'CA'2124) cis W/W>
	<G(1:)-A(11:) trans S/H>                       MATCHES	<U(2:'CA'2167)-A(5:'CA'2170) cis -/->
#  Matched base-stacking interactions: 

>>>>>>>>>>   ALIGNMENT ENDS   >>>>>>>>>>

<<<<<<<<<<  ALIGNMENT BEGINS  <<<<<<<<<<

#  Aligning k-turn_consensus and 5j91_CA:337-345_78-83_293-298:
#  Alignment score:  10.8
#  P-value:  1.000e+00
#  Query aligned region: 0-1,11-12
#  Target aligned region: 3:'CA'341-3:'CA'341,13:'CA'83-14:'CA'84,18:'CA'297-18:'CA'297

	G~G...A~C
	C~A...A~G

#  Matched base-pairing interactions: 
	<G(0:)-C(12:) cis W/W>                         MATCHES	<C(3:'CA'341)-G(18:'CA'297) cis W/W>
	<G(1:)-A(11:) trans S/H>                       MATCHES	<A(13:'CA'83)-A(14:'CA'84) cis -/->
#  Matched base-stacking interactions: 

>>>>>>>>>>   ALIGNMENT ENDS   >>>>>>>>>>

<<<<<<<<<<  ALIGNMENT BEGINS  <<<<<<<<<<

#  Aligning k-turn_consensus and 5j91_CA:999-1003_1007-1015_1146-1154:
#  Alignment score:  10.8
#  P-value:  1.000e+00
#  Query aligned region: 0-1,11-12
#  Target aligned region: 4:'CA'1004-4:'CA'1004,8:'CA'1011-8:'CA'1011,17:'CA'1150-18:'CA'1151

	G~G...AC
	U~G...CA

#  Matched base-pairing interactions: 
	<G(0:)-C(12:) cis W/W>                         MATCHES	<U(4:'CA'1004)-A(18:'CA'1151) cis W/W>
	<G(1:)-A(11:) trans S/H>                       MATCHES	<G(8:'CA'1011)-C(17:'CA'1150) cis W/W>
#  Matched base-stacking interactions: 

>>>>>>>>>>   ALIGNMENT ENDS   >>>>>>>>>>

<<<<<<<<<<  ALIGNMENT BEGINS  <<<<<<<<<<

#  Aligning k-turn_consensus and 5j91_CA:2718-2726_1995-1998_2682-2688:
#  Alignment score:  10.6
#  P-value:  1.000e+00
#  Query aligned region: 0-1,11-12
#  Target aligned region: 6:'CA'2725-6:'CA'2725,9:'CA'1996-10:'CA'1997,14:'CA'2684-14:'CA'2684

	G~G...A~C
	A~C...C~U

#  Matched base-pairing interactions: 
	<G(0:)-C(12:) cis W/W>                         MATCHES	<A(6:'CA'2725)-U(14:'CA'2684) cis W/W>
	<G(1:)-A(11:) trans S/H>                       MATCHES	<C(9:'CA'1996)-C(10:'CA'1997) cis S/S>
#  Matched base-stacking interactions: 

>>>>>>>>>>   ALIGNMENT ENDS   >>>>>>>>>>

<<<<<<<<<<  ALIGNMENT BEGINS  <<<<<<<<<<

#  Aligning k-turn_consensus and 5j91_CA:1273-1274_1640-1645_1294-1298:
#  Alignment score:  10.6
#  P-value:  1.000e+00
#  Query aligned region: 0-0,12-12
#  Target aligned region: 3:'CA'1642-3:'CA'1642,11:'CA'1298-11:'CA'1298

	G...C
	G...C

#  Matched base-pairing interactions: 
	<G(0:)-C(12:) cis W/W>                         MATCHES	<G(3:'CA'1642)-C(11:'CA'1298) cis W/W>
#  Matched base-stacking interactions: 

>>>>>>>>>>   ALIGNMENT ENDS   >>>>>>>>>>

<<<<<<<<<<  ALIGNMENT BEGINS  <<<<<<<<<<

#  Aligning k-turn_consensus and 5j91_CA:1073-1078_1054-1063_1081-1089:
#  Alignment score:  10.6
#  P-value:  1.000e+00
#  Query aligned region: 0-0,12-12
#  Target aligned region: 0:'CA'1074-0:'CA'1074,15:'CA'1064-15:'CA'1064

	G...C
	G...C

#  Matched base-pairing interactions: 
	<G(0:)-C(12:) cis W/W>                         MATCHES	<G(0:'CA'1074)-C(15:'CA'1064) cis W/W>
#  Matched base-stacking interactions: 

>>>>>>>>>>   ALIGNMENT ENDS   >>>>>>>>>>

<<<<<<<<<<  ALIGNMENT BEGINS  <<<<<<<<<<

#  Aligning k-turn_consensus and 5j91_CA:654-658_618-624_598-607:
#  Alignment score:  10.6
#  P-value:  1.000e+00
#  Query aligned region: 0-1,11-12
#  Target aligned region: 1:'CA'656-2:'CA'657,10:'CA'624-10:'CA'624,14:'CA'601-14:'CA'601

	GG...A~C
	GU...C~C

#  Matched base-pairing interactions: 
	<G(0:)-C(12:) cis W/W>                         MATCHES	<G(1:'CA'656)-C(14:'CA'601) cis W/W>
	<G(1:)-A(11:) trans S/H>                       MATCHES	<U(2:'CA'657)-C(10:'CA'624) trans S/S>
#  Matched base-stacking interactions: 

>>>>>>>>>>   ALIGNMENT ENDS   >>>>>>>>>>

<<<<<<<<<<  ALIGNMENT BEGINS  <<<<<<<<<<

#  Aligning k-turn_consensus and 5j91_CA:2556-2566_2544-2550_1949-1955:
#  Alignment score:  10.6
#  P-value:  1.000e+00
#  Query aligned region: 0-0,12-12
#  Target aligned region: 0:'CA'2557-0:'CA'2557,17:'CA'2551-17:'CA'2551

	G...C
	G...C

#  Matched base-pairing interactions: 
	<G(0:)-C(12:) cis W/W>                         MATCHES	<G(0:'CA'2557)-C(17:'CA'2551) cis W/W>
#  Matched base-stacking interactions: 

>>>>>>>>>>   ALIGNMENT ENDS   >>>>>>>>>>

<<<<<<<<<<  ALIGNMENT BEGINS  <<<<<<<<<<

#  Aligning k-turn_consensus and 5j91_CA:1249-1258_581-586_804-810:
#  Alignment score:  10.6
#  P-value:  1.000e+00
#  Query aligned region: 0-0,12-12
#  Target aligned region: 6:'CA'1256-6:'CA'1256,12:'CA'584-12:'CA'584

	G...C
	G...C

#  Matched base-pairing interactions: 
	<G(0:)-C(12:) cis W/W>                         MATCHES	<G(6:'CA'1256)-C(12:'CA'584) cis W/W>
#  Matched base-stacking interactions: 

>>>>>>>>>>   ALIGNMENT ENDS   >>>>>>>>>>

<<<<<<<<<<  ALIGNMENT BEGINS  <<<<<<<<<<

#  Aligning k-turn_consensus and 5j91_CA:2752-2760_2743-2748:
#  Alignment score:  10.6
#  P-value:  1.000e+00
#  Query aligned region: 0-0,12-12
#  Target aligned region: 6:'CA'2759-6:'CA'2759,10:'CA'2745-10:'CA'2745

	G...C
	G...C

#  Matched base-pairing interactions: 
	<G(0:)-C(12:) cis W/W>                         MATCHES	<G(6:'CA'2759)-C(10:'CA'2745) cis W/W>
#  Matched base-stacking interactions: 

>>>>>>>>>>   ALIGNMENT ENDS   >>>>>>>>>>

<<<<<<<<<<  ALIGNMENT BEGINS  <<<<<<<<<<

#  Aligning k-turn_consensus and 5j91_CA:2538-2542_2737-2744_2758-2765:
#  Alignment score:  10.6
#  P-value:  1.000e+00
#  Query aligned region: 0-0,12-12
#  Target aligned region: 9:'CA'2742-9:'CA'2742,16:'CA'2762-16:'CA'2762

	G...C
	G...C

#  Matched base-pairing interactions: 
	<G(0:)-C(12:) cis W/W>                         MATCHES	<G(9:'CA'2742)-C(16:'CA'2762) cis W/W>
#  Matched base-stacking interactions: 

>>>>>>>>>>   ALIGNMENT ENDS   >>>>>>>>>>

<<<<<<<<<<  ALIGNMENT BEGINS  <<<<<<<<<<

#  Aligning k-turn_consensus and 5j91_CA:2267-2268_857-866_908-919:
#  Alignment score:  10.6
#  P-value:  1.000e+00
#  Query aligned region: 0-0,12-12
#  Target aligned region: 6:'CA'862-6:'CA'862,18:'CA'915-18:'CA'915

	G...C
	G...C

#  Matched base-pairing interactions: 
	<G(0:)-C(12:) cis W/W>                         MATCHES	<G(6:'CA'862)-C(18:'CA'915) cis W/W>
#  Matched base-stacking interactions: 

>>>>>>>>>>   ALIGNMENT ENDS   >>>>>>>>>>

<<<<<<<<<<  ALIGNMENT BEGINS  <<<<<<<<<<

#  Aligning k-turn_consensus and 5j91_CA:737-744_751-757_748-750:
#  Alignment score:  10.6
#  P-value:  1.000e+00
#  Query aligned region: 0-0,12-12
#  Target aligned region: 0:'CA'738-0:'CA'738,14:'CA'758-14:'CA'758

	G...C
	G...C

#  Matched base-pairing interactions: 
	<G(0:)-C(12:) cis W/W>                         MATCHES	<G(0:'CA'738)-C(14:'CA'758) cis W/W>
#  Matched base-stacking interactions: 

>>>>>>>>>>   ALIGNMENT ENDS   >>>>>>>>>>

<<<<<<<<<<  ALIGNMENT BEGINS  <<<<<<<<<<

#  Aligning k-turn_consensus and 5j91_CA:2777-2786_2631-2639_2773-2776:
#  Alignment score:  10.6
#  P-value:  1.000e+00
#  Query aligned region: 0-0,12-12
#  Target aligned region: 18:'CA'2640-18:'CA'2640,19:'CA'2774-19:'CA'2774

	G...C
	G...C

#  Matched base-pairing interactions: 
	<G(0:)-C(12:) cis W/W>                         MATCHES	<G(18:'CA'2640)-C(19:'CA'2774) cis W/W>
#  Matched base-stacking interactions: 

>>>>>>>>>>   ALIGNMENT ENDS   >>>>>>>>>>

<<<<<<<<<<  ALIGNMENT BEGINS  <<<<<<<<<<

#  Aligning k-turn_consensus and 5j91_CA:1903-1905_1923-1932_1966-1968:
#  Alignment score:  10.6
#  P-value:  1.000e+00
#  Query aligned region: 0-0,12-12
#  Target aligned region: 12:'CA'1933-12:'CA'1933,13:'CA'1967-13:'CA'1967

	G...C
	G...C

#  Matched base-pairing interactions: 
	<G(0:)-C(12:) cis W/W>                         MATCHES	<G(12:'CA'1933)-C(13:'CA'1967) cis W/W>
#  Matched base-stacking interactions: 

>>>>>>>>>>   ALIGNMENT ENDS   >>>>>>>>>>

<<<<<<<<<<  ALIGNMENT BEGINS  <<<<<<<<<<

#  Aligning k-turn_consensus and 5j91_CA:1348-1354_1375-1381_691-694:
#  Alignment score:  10.6
#  P-value:  1.000e+00
#  Query aligned region: 0-0,12-12
#  Target aligned region: 6:'CA'1355-6:'CA'1355,7:'CA'1376-7:'CA'1376

	G...C
	G...C

#  Matched base-pairing interactions: 
	<G(0:)-C(12:) cis W/W>                         MATCHES	<G(6:'CA'1355)-C(7:'CA'1376) cis W/W>
#  Matched base-stacking interactions: 

>>>>>>>>>>   ALIGNMENT ENDS   >>>>>>>>>>

<<<<<<<<<<  ALIGNMENT BEGINS  <<<<<<<<<<

#  Aligning k-turn_consensus and 5j91_CA:619-624_655-660_596-607:
#  Alignment score:  10.6
#  P-value:  1.000e+00
#  Query aligned region: 0-1,11-12
#  Target aligned region: 2:'CA'622-2:'CA'622,7:'CA'657-7:'CA'657,20:'CA'605-21:'CA'606

	G~G...AC
	G~U...GU

#  Matched base-pairing interactions: 
	<G(0:)-C(12:) cis W/W>                         MATCHES	<G(2:'CA'622)-U(21:'CA'606) cis W/W>
	<G(1:)-A(11:) trans S/H>                       MATCHES	<U(7:'CA'657)-G(20:'CA'605) cis -/->
#  Matched base-stacking interactions: 

>>>>>>>>>>   ALIGNMENT ENDS   >>>>>>>>>>

<<<<<<<<<<  ALIGNMENT BEGINS  <<<<<<<<<<

#  Aligning k-turn_consensus and 5j91_CA:1195-1201_1243-1249_441-443:
#  Alignment score:  10.6
#  P-value:  1.000e+00
#  Query aligned region: 0-1,11-12
#  Target aligned region: 0:'CA'1196-1:'CA'1197,12:'CA'1249-13:'CA'1250

	GG...AC
	CG...UG

#  Matched base-pairing interactions: 
	<G(1:)-A(11:) trans S/H>                       MATCHES	<G(1:'CA'1197)-U(12:'CA'1249) cis -/->
	<G(0:)-C(12:) cis W/W>                         MATCHES	<C(0:'CA'1196)-G(13:'CA'1250) cis W/W>
#  Matched base-stacking interactions: 

>>>>>>>>>>   ALIGNMENT ENDS   >>>>>>>>>>

<<<<<<<<<<  ALIGNMENT BEGINS  <<<<<<<<<<

#  Aligning k-turn_consensus and 5j91_CA:1858-1865_1874-1882_409-416:
#  Alignment score:  10.2
#  P-value:  1.000e+00
#  Query aligned region: 0-0,12-12
#  Target aligned region: 1:'CA'1860-1:'CA'1860,15:'CA'1882-15:'CA'1882

	G...C
	G...U

#  Matched base-pairing interactions: 
	<G(0:)-C(12:) cis W/W>                         MATCHES	<G(1:'CA'1860)-U(15:'CA'1882) cis W/W>
#  Matched base-stacking interactions: 

>>>>>>>>>>   ALIGNMENT ENDS   >>>>>>>>>>

<<<<<<<<<<  ALIGNMENT BEGINS  <<<<<<<<<<

#  Aligning k-turn_consensus and 5j91_CA:2540-2548_2516-2521_2559-2566:
#  Alignment score:  10.2
#  P-value:  1.000e+00
#  Query aligned region: 0-0,12-12
#  Target aligned region: 2:'CA'2543-2:'CA'2543,14:'CA'2522-14:'CA'2522

	G...C
	G...U

#  Matched base-pairing interactions: 
	<G(0:)-C(12:) cis W/W>                         MATCHES	<G(2:'CA'2543)-U(14:'CA'2522) cis W/W>
#  Matched base-stacking interactions: 

>>>>>>>>>>   ALIGNMENT ENDS   >>>>>>>>>>

<<<<<<<<<<  ALIGNMENT BEGINS  <<<<<<<<<<

#  Aligning k-turn_consensus and 5j91_CA:1772-1775_1787-1793_1825-1829:
#  Alignment score:  10.2
#  P-value:  1.000e+00
#  Query aligned region: 0-0,12-12
#  Target aligned region: 8:'CA'1792-8:'CA'1792,12:'CA'1827-12:'CA'1827

	G...C
	G...U

#  Matched base-pairing interactions: 
	<G(0:)-C(12:) cis W/W>                         MATCHES	<G(8:'CA'1792)-U(12:'CA'1827) cis W/W>
#  Matched base-stacking interactions: 

>>>>>>>>>>   ALIGNMENT ENDS   >>>>>>>>>>

<<<<<<<<<<  ALIGNMENT BEGINS  <<<<<<<<<<

#  Aligning k-turn_consensus and 5j91_CA:2074-2085_2232-2240_1888-1889:
#  Alignment score:  10.2
#  P-value:  1.000e+00
#  Query aligned region: 0-0,12-12
#  Target aligned region: 8:'CA'2083-8:'CA'2083,15:'CA'2236-15:'CA'2236

	G...C
	G...U

#  Matched base-pairing interactions: 
	<G(0:)-C(12:) cis W/W>                         MATCHES	<G(8:'CA'2083)-U(15:'CA'2236) cis W/W>
#  Matched base-stacking interactions: 

>>>>>>>>>>   ALIGNMENT ENDS   >>>>>>>>>>

<<<<<<<<<<  ALIGNMENT BEGINS  <<<<<<<<<<

#  Aligning k-turn_consensus and 5j91_CA:2296-2303_2311-2321:
#  Alignment score:  10.2
#  P-value:  1.000e+00
#  Query aligned region: 0-0,12-12
#  Target aligned region: 7:'CA'2304-7:'CA'2304,8:'CA'2312-8:'CA'2312

	G...C
	G...U

#  Matched base-pairing interactions: 
	<G(0:)-C(12:) cis W/W>                         MATCHES	<G(7:'CA'2304)-U(8:'CA'2312) cis W/W>
#  Matched base-stacking interactions: 

>>>>>>>>>>   ALIGNMENT ENDS   >>>>>>>>>>

<<<<<<<<<<  ALIGNMENT BEGINS  <<<<<<<<<<

#  Aligning k-turn_consensus and 5j91_CA:791-792_781-786_774-780:
#  Alignment score:  10.2
#  P-value:  1.000e+00
#  Query aligned region: 0-0,12-12
#  Target aligned region: 5:'CA'785-5:'CA'785,12:'CA'779-12:'CA'779

	G...C
	G...U

#  Matched base-pairing interactions: 
	<G(0:)-C(12:) cis W/W>                         MATCHES	<G(5:'CA'785)-U(12:'CA'779) cis W/W>
#  Matched base-stacking interactions: 

>>>>>>>>>>   ALIGNMENT ENDS   >>>>>>>>>>

<<<<<<<<<<  ALIGNMENT BEGINS  <<<<<<<<<<

#  Aligning k-turn_consensus and 5j91_CA:421-422_370-378_394-405:
#  Alignment score:  10.2
#  P-value:  1.000e+00
#  Query aligned region: 0-0,12-12
#  Target aligned region: 6:'CA'375-6:'CA'375,15:'CA'399-15:'CA'399

	G...C
	G...U

#  Matched base-pairing interactions: 
	<G(0:)-C(12:) cis W/W>                         MATCHES	<G(6:'CA'375)-U(15:'CA'399) cis W/W>
#  Matched base-stacking interactions: 

>>>>>>>>>>   ALIGNMENT ENDS   >>>>>>>>>>

<<<<<<<<<<  ALIGNMENT BEGINS  <<<<<<<<<<

#  Aligning k-turn_consensus and 5j91_CA:2278-2283_2383-2390_2322-2331:
#  Alignment score:  10
#  P-value:  1.000e+00
#  Query aligned region: 0-1,11-12
#  Target aligned region: 11:'CA'2389-13:'CA'2391,17:'CA'2326-17:'CA'2326

	GG...A~C
	GU...G~C

#  Matched base-pairing interactions: 
	<G(0:)-C(12:) cis W/W>                         MATCHES	<G(11:'CA'2389)-C(17:'CA'2326) cis W/W>
	<G(1:)-A(11:) trans S/H>                       MATCHES	<U(12:'CA'2390)-G(13:'CA'2391) cis S/H>
#  Matched base-stacking interactions: 

>>>>>>>>>>   ALIGNMENT ENDS   >>>>>>>>>>

<<<<<<<<<<  ALIGNMENT BEGINS  <<<<<<<<<<

#  Aligning k-turn_consensus and 5j91_CA:2717-2721_2685-2691_1995-1998:
#  Alignment score:  9.9
#  P-value:  1.000e+00
#  Query aligned region: 0-1,11-12
#  Target aligned region: 0:'CA'2718-1:'CA'2719,8:'CA'2689-10:'CA'2691

	GG...A-C
	GG...UUC

#  Matched base-pairing interactions: 
	<G(0:)-C(12:) cis W/W>                         MATCHES	<G(0:'CA'2718)-C(10:'CA'2691) cis W/W>
	<G(1:)-A(11:) trans S/H>                       MATCHES	<G(1:'CA'2719)-U(8:'CA'2689) cis -/->
#  Matched base-stacking interactions: 

>>>>>>>>>>   ALIGNMENT ENDS   >>>>>>>>>>

<<<<<<<<<<  ALIGNMENT BEGINS  <<<<<<<<<<

#  Aligning k-turn_consensus and 5j91_CA:2814-2818_2826-2831:
#  Alignment score:  9.8
#  P-value:  1.000e+00
#  Query aligned region: 0-0,12-12
#  Target aligned region: 4:'CA'2819-4:'CA'2819,5:'CA'2827-5:'CA'2827

	G...C
	G...C

#  Matched base-pairing interactions: 
	<G(0:)-C(12:) cis W/W>                         MATCHES	<G(4:'CA'2819)-C(5:'CA'2827) cis W/W>
#  Matched base-stacking interactions: 

>>>>>>>>>>   ALIGNMENT ENDS   >>>>>>>>>>

<<<<<<<<<<  ALIGNMENT BEGINS  <<<<<<<<<<

#  Aligning k-turn_consensus and 5j91_CA:2420-2424_2389-2395:
#  Alignment score:  9.8
#  P-value:  1.000e+00
#  Query aligned region: 0-0,12-12
#  Target aligned region: 0:'CA'2421-0:'CA'2421,10:'CA'2395-10:'CA'2395

	G...C
	G...C

#  Matched base-pairing interactions: 
	<G(0:)-C(12:) cis W/W>                         MATCHES	<G(0:'CA'2421)-C(10:'CA'2395) cis W/W>
#  Matched base-stacking interactions: 

>>>>>>>>>>   ALIGNMENT ENDS   >>>>>>>>>>

<<<<<<<<<<  ALIGNMENT BEGINS  <<<<<<<<<<

#  Aligning k-turn_consensus and 5j91_CA:751-753_1270-1271_743-750:
#  Alignment score:  9.8
#  P-value:  1.000e+00
#  Query aligned region: 0-1,11-12
#  Target aligned region: 1:'CA'753-2:'CA'754,4:'CA'1272-4:'CA'1272,5:'CA'744-5:'CA'744

	GG...A~C
	AU...A~U

#  Matched base-pairing interactions: 
	<G(1:)-A(11:) trans S/H>                       MATCHES	<U(2:'CA'754)-A(4:'CA'1272) cis -/->
	<G(0:)-C(12:) cis W/W>                         MATCHES	<A(1:'CA'753)-U(5:'CA'744) cis W/W>
#  Matched base-stacking interactions: 

>>>>>>>>>>   ALIGNMENT ENDS   >>>>>>>>>>

<<<<<<<<<<  ALIGNMENT BEGINS  <<<<<<<<<<

#  Aligning k-turn_consensus and 5j91_CA:1101-1107_1080-1088_1050-1056:
#  Alignment score:  9.8
#  P-value:  1.000e+00
#  Query aligned region: 0-0,12-12
#  Target aligned region: 6:'CA'1108-6:'CA'1108,16:'CA'1051-16:'CA'1051

	G...C
	U...G

#  Matched base-pairing interactions: 
	<G(0:)-C(12:) cis W/W>                         MATCHES	<U(6:'CA'1108)-G(16:'CA'1051) cis W/W>
#  Matched base-stacking interactions: 

>>>>>>>>>>   ALIGNMENT ENDS   >>>>>>>>>>

<<<<<<<<<<  ALIGNMENT BEGINS  <<<<<<<<<<

#  Aligning k-turn_consensus and 5j91_CA:1348-1354_1375-1381_767-770:
#  Alignment score:  9.8
#  P-value:  1.000e+00
#  Query aligned region: 0-0,12-12
#  Target aligned region: 0:'CA'1349-0:'CA'1349,13:'CA'1382-13:'CA'1382

	G...C
	C...G

#  Matched base-pairing interactions: 
	<G(0:)-C(12:) cis W/W>                         MATCHES	<C(0:'CA'1349)-G(13:'CA'1382) cis W/W>
#  Matched base-stacking interactions: 

>>>>>>>>>>   ALIGNMENT ENDS   >>>>>>>>>>

<<<<<<<<<<  ALIGNMENT BEGINS  <<<<<<<<<<

#  Aligning k-turn_consensus and 5j91_CA:1979-1986_1956-1957_1765-1770:
#  Alignment score:  9.8
#  P-value:  1.000e+00
#  Query aligned region: 0-0,12-12
#  Target aligned region: 0:'CA'1980-0:'CA'1980,15:'CA'1771-15:'CA'1771

	G...C
	G...C

#  Matched base-pairing interactions: 
	<G(0:)-C(12:) cis W/W>                         MATCHES	<G(0:'CA'1980)-C(15:'CA'1771) cis W/W>
#  Matched base-stacking interactions: 

>>>>>>>>>>   ALIGNMENT ENDS   >>>>>>>>>>

<<<<<<<<<<  ALIGNMENT BEGINS  <<<<<<<<<<

#  Aligning k-turn_consensus and 5j91_CA:2512-2521_2560-2570_2541-2546:
#  Alignment score:  9.8
#  P-value:  1.000e+00
#  Query aligned region: 0-0,12-12
#  Target aligned region: 0:'CA'2513-0:'CA'2513,20:'CA'2571-20:'CA'2571

	G...C
	A...U

#  Matched base-pairing interactions: 
	<G(0:)-C(12:) cis W/W>                         MATCHES	<A(0:'CA'2513)-U(20:'CA'2571) cis W/W>
#  Matched base-stacking interactions: 

>>>>>>>>>>   ALIGNMENT ENDS   >>>>>>>>>>

<<<<<<<<<<  ALIGNMENT BEGINS  <<<<<<<<<<

#  Aligning k-turn_consensus and 5j91_CA:2319-2323_2334-2336_2330-2332:
#  Alignment score:  9.8
#  P-value:  1.000e+00
#  Query aligned region: 0-1,11-12
#  Target aligned region: 3:'CA'2323-4:'CA'2324,8:'CA'2331-9:'CA'2332

	GG...AC
	GU...GC

#  Matched base-pairing interactions: 
	<G(1:)-A(11:) trans S/H>                       MATCHES	<U(4:'CA'2324)-G(8:'CA'2331) cis W/W>
	<G(0:)-C(12:) cis W/W>                         MATCHES	<G(3:'CA'2323)-C(9:'CA'2332) cis W/W>
#  Matched base-stacking interactions: 

>>>>>>>>>>   ALIGNMENT ENDS   >>>>>>>>>>

<<<<<<<<<<  ALIGNMENT BEGINS  <<<<<<<<<<

#  Aligning k-turn_consensus and 5j91_CA:1833-1841_1898-1905_1923-1930:
#  Alignment score:  9.8
#  P-value:  1.000e+00
#  Query aligned region: 0-0,12-12
#  Target aligned region: 16:'CA'1906-16:'CA'1906,17:'CA'1924-17:'CA'1924

	G...C
	G...C

#  Matched base-pairing interactions: 
	<G(0:)-C(12:) cis W/W>                         MATCHES	<G(16:'CA'1906)-C(17:'CA'1924) cis W/W>
#  Matched base-stacking interactions: 

>>>>>>>>>>   ALIGNMENT ENDS   >>>>>>>>>>

<<<<<<<<<<  ALIGNMENT BEGINS  <<<<<<<<<<

#  Aligning k-turn_consensus and 5j91_CA:94-97_100-106_79-86:
#  Alignment score:  9.8
#  P-value:  1.000e+00
#  Query aligned region: 0-0,12-12
#  Target aligned region: 0:'CA'95-0:'CA'95,18:'CA'87-18:'CA'87

	G...C
	A...U

#  Matched base-pairing interactions: 
	<G(0:)-C(12:) cis W/W>                         MATCHES	<A(0:'CA'95)-U(18:'CA'87) cis W/W>
#  Matched base-stacking interactions: 

>>>>>>>>>>   ALIGNMENT ENDS   >>>>>>>>>>

<<<<<<<<<<  ALIGNMENT BEGINS  <<<<<<<<<<

#  Aligning k-turn_consensus and 5j91_CA:2332-2336_2294-2302_2313-2321:
#  Alignment score:  9.8
#  P-value:  1.000e+00
#  Query aligned region: 0-0,12-12
#  Target aligned region: 9:'CA'2299-9:'CA'2299,17:'CA'2317-17:'CA'2317

	G...C
	U...A

#  Matched base-pairing interactions: 
	<G(0:)-C(12:) cis W/W>                         MATCHES	<U(9:'CA'2299)-A(17:'CA'2317) cis W/W>
#  Matched base-stacking interactions: 

>>>>>>>>>>   ALIGNMENT ENDS   >>>>>>>>>>

<<<<<<<<<<  ALIGNMENT BEGINS  <<<<<<<<<<

#  Aligning k-turn_consensus and 5j91_CA:1971-1973_1929-1944_1960-1968:
#  Alignment score:  9.8
#  P-value:  1.000e+00
#  Query aligned region: 0-0,12-12
#  Target aligned region: 18:'CA'1945-18:'CA'1945,19:'CA'1961-19:'CA'1961

	G...C
	G...C

#  Matched base-pairing interactions: 
	<G(0:)-C(12:) cis W/W>                         MATCHES	<G(18:'CA'1945)-C(19:'CA'1961) cis W/W>
#  Matched base-stacking interactions: 

>>>>>>>>>>   ALIGNMENT ENDS   >>>>>>>>>>

<<<<<<<<<<  ALIGNMENT BEGINS  <<<<<<<<<<

#  Aligning k-turn_consensus and 5j91_CA:958-962_953-956_2493-2495:
#  Alignment score:  9.8
#  P-value:  1.000e+00
#  Query aligned region: 0-0,12-12
#  Target aligned region: 4:'CA'963-4:'CA'963,5:'CA'954-5:'CA'954

	G...C
	U...G

#  Matched base-pairing interactions: 
	<G(0:)-C(12:) cis W/W>                         MATCHES	<U(4:'CA'963)-G(5:'CA'954) cis W/W>
#  Matched base-stacking interactions: 

>>>>>>>>>>   ALIGNMENT ENDS   >>>>>>>>>>

<<<<<<<<<<  ALIGNMENT BEGINS  <<<<<<<<<<

#  Aligning k-turn_consensus and 5j91_CA:96-106_293-294_79-85:
#  Alignment score:  9.6
#  P-value:  1.000e+00
#  Query aligned region: 0-1,11-12
#  Target aligned region: 7:'CA'104-7:'CA'104,12:'CA'295-12:'CA'295,14:'CA'81-15:'CA'82

	G~G...AC
	A~G...GU

#  Matched base-pairing interactions: 
	<G(0:)-C(12:) cis W/W>                         MATCHES	<A(7:'CA'104)-U(15:'CA'82) cis W/W>
	<G(1:)-A(11:) trans S/H>                       MATCHES	<G(12:'CA'295)-G(14:'CA'81) trans S/S>
#  Matched base-stacking interactions: 

>>>>>>>>>>   ALIGNMENT ENDS   >>>>>>>>>>

<<<<<<<<<<  ALIGNMENT BEGINS  <<<<<<<<<<

#  Aligning k-turn_consensus and 5j91_CA:2434-2442_674-676_2069-2076:
#  Alignment score:  9.4
#  P-value:  1.000e+00
#  Query aligned region: 0-1,11-12
#  Target aligned region: 6:'CA'2441-7:'CA'2442,10:'CA'676-10:'CA'676,12:'CA'2070-12:'CA'2070

	GG...A~C
	UC...A~A

#  Matched base-pairing interactions: 
	<G(0:)-C(12:) cis W/W>                         MATCHES	<U(6:'CA'2441)-A(12:'CA'2070) cis W/W>
	<G(1:)-A(11:) trans S/H>                       MATCHES	<C(7:'CA'2442)-A(10:'CA'676) cis S/S>
#  Matched base-stacking interactions: 

>>>>>>>>>>   ALIGNMENT ENDS   >>>>>>>>>>

<<<<<<<<<<  ALIGNMENT BEGINS  <<<<<<<<<<

#  Aligning k-turn_consensus and 5j91_CA:2834-2841_2875-2882_2815-2820:
#  Alignment score:  9.4
#  P-value:  1.000e+00
#  Query aligned region: 0-0,12-12
#  Target aligned region: 4:'CA'2839-4:'CA'2839,10:'CA'2878-10:'CA'2878

	G...C
	G...U

#  Matched base-pairing interactions: 
	<G(0:)-C(12:) cis W/W>                         MATCHES	<G(4:'CA'2839)-U(10:'CA'2878) cis W/W>
#  Matched base-stacking interactions: 

>>>>>>>>>>   ALIGNMENT ENDS   >>>>>>>>>>

<<<<<<<<<<  ALIGNMENT BEGINS  <<<<<<<<<<

#  Aligning k-turn_consensus and 5j91_CA:1075-1078_1056-1061_1086-1102:
#  Alignment score:  9.4
#  P-value:  1.000e+00
#  Query aligned region: 0-1,11-12
#  Target aligned region: 14:'CA'1091-24:'CA'1101

	GG...AC
	GC...CU

#  Matched base-pairing interactions: 
	<G(1:)-A(11:) trans S/H>                       MATCHES	<C(15:'CA'1092)-C(23:'CA'1100) cis W/W>
	<G(0:)-C(12:) cis W/W>                         MATCHES	<G(14:'CA'1091)-U(24:'CA'1101) cis W/W>
#  Matched base-stacking interactions: 

>>>>>>>>>>   ALIGNMENT ENDS   >>>>>>>>>>

<<<<<<<<<<  ALIGNMENT BEGINS  <<<<<<<<<<

#  Aligning k-turn_consensus and 5j91_CA:995-1001_1152-1159_970-977:
#  Alignment score:  9
#  P-value:  1.000e+00
#  Query aligned region: 0-0,12-12
#  Target aligned region: 0:'CA'996-0:'CA'996,13:'CA'1159-13:'CA'1159

	G...C
	A...U

#  Matched base-pairing interactions: 
	<G(0:)-C(12:) cis W/W>                         MATCHES	<A(0:'CA'996)-U(13:'CA'1159) cis W/W>
#  Matched base-stacking interactions: 

>>>>>>>>>>   ALIGNMENT ENDS   >>>>>>>>>>

<<<<<<<<<<  ALIGNMENT BEGINS  <<<<<<<<<<

#  Aligning k-turn_consensus and 5j91_CA:1435-1443_1547-1555_1514-1515:
#  Alignment score:  9
#  P-value:  1.000e+00
#  Query aligned region: 0-0,12-12
#  Target aligned region: 4:'CA'1440-4:'CA'1440,12:'CA'1551-12:'CA'1551

	G...C
	U...A

#  Matched base-pairing interactions: 
	<G(0:)-C(12:) cis W/W>                         MATCHES	<U(4:'CA'1440)-A(12:'CA'1551) cis W/W>
#  Matched base-stacking interactions: 

>>>>>>>>>>   ALIGNMENT ENDS   >>>>>>>>>>

<<<<<<<<<<  ALIGNMENT BEGINS  <<<<<<<<<<

#  Aligning k-turn_consensus and 5j91_CA:1285-1287_1318-1327_1328-1332:
#  Alignment score:  9
#  P-value:  1.000e+00
#  Query aligned region: 0-0,12-12
#  Target aligned region: 8:'CA'1324-8:'CA'1324,14:'CA'1330-14:'CA'1330

	G...C
	G...C

#  Matched base-pairing interactions: 
	<G(0:)-C(12:) cis W/W>                         MATCHES	<G(8:'CA'1324)-C(14:'CA'1330) cis W/W>
#  Matched base-stacking interactions: 

>>>>>>>>>>   ALIGNMENT ENDS   >>>>>>>>>>

<<<<<<<<<<  ALIGNMENT BEGINS  <<<<<<<<<<

#  Aligning k-turn_consensus and 5j91_CA:1393-1404_1382-1389_1338-1344:
#  Alignment score:  9
#  P-value:  1.000e+00
#  Query aligned region: 0-0,12-12
#  Target aligned region: 4:'CA'1398-4:'CA'1398,18:'CA'1389-18:'CA'1389

	G...C
	C...G

#  Matched base-pairing interactions: 
	<G(0:)-C(12:) cis W/W>                         MATCHES	<C(4:'CA'1398)-G(18:'CA'1389) cis W/W>
#  Matched base-stacking interactions: 

>>>>>>>>>>   ALIGNMENT ENDS   >>>>>>>>>>

<<<<<<<<<<  ALIGNMENT BEGINS  <<<<<<<<<<

#  Aligning k-turn_consensus and 5j91_CA:1393-1404_1338-1344_1382-1389:
#  Alignment score:  9
#  P-value:  1.000e+00
#  Query aligned region: 0-0,12-12
#  Target aligned region: 9:'CA'1403-9:'CA'1403,17:'CA'1344-17:'CA'1344

	G...C
	A...U

#  Matched base-pairing interactions: 
	<G(0:)-C(12:) cis W/W>                         MATCHES	<A(9:'CA'1403)-U(17:'CA'1344) cis W/W>
#  Matched base-stacking interactions: 

>>>>>>>>>>   ALIGNMENT ENDS   >>>>>>>>>>

<<<<<<<<<<  ALIGNMENT BEGINS  <<<<<<<<<<

#  Aligning k-turn_consensus and 5j91_CA:1243-1249_1195-1201_441-443:
#  Alignment score:  9
#  P-value:  1.000e+00
#  Query aligned region: 0-0,12-12
#  Target aligned region: 3:'CA'1247-3:'CA'1247,9:'CA'1198-9:'CA'1198

	G...C
	A...U

#  Matched base-pairing interactions: 
	<G(0:)-C(12:) cis W/W>                         MATCHES	<A(3:'CA'1247)-U(9:'CA'1198) cis W/W>
#  Matched base-stacking interactions: 

>>>>>>>>>>   ALIGNMENT ENDS   >>>>>>>>>>

<<<<<<<<<<  ALIGNMENT BEGINS  <<<<<<<<<<

#  Aligning k-turn_consensus and 5j91_CA:1633-1636_1629-1632_697-699:
#  Alignment score:  9
#  P-value:  1.000e+00
#  Query aligned region: 0-0,12-12
#  Target aligned region: 2:'CA'1636-2:'CA'1636,4:'CA'1630-4:'CA'1630

	G...C
	U...A

#  Matched base-pairing interactions: 
	<G(0:)-C(12:) cis W/W>                         MATCHES	<U(2:'CA'1636)-A(4:'CA'1630) cis W/W>
#  Matched base-stacking interactions: 

>>>>>>>>>>   ALIGNMENT ENDS   >>>>>>>>>>

<<<<<<<<<<  ALIGNMENT BEGINS  <<<<<<<<<<

#  Aligning k-turn_consensus and 5j91_CA:416-421_401-409_219-226:
#  Alignment score:  8.8
#  P-value:  1.000e+00
#  Query aligned region: 0-1,11-12
#  Target aligned region: 1:'CA'418-2:'CA'419,20:'CA'225-21:'CA'226

	GG...AC
	CU...CA

#  Matched base-pairing interactions: 
	<G(1:)-A(11:) trans S/H>                       MATCHES	<U(2:'CA'419)-C(20:'CA'225) cis -/->
	<G(0:)-C(12:) cis W/W>                         MATCHES	<C(1:'CA'418)-A(21:'CA'226) cis -/->
#  Matched base-stacking interactions: 

>>>>>>>>>>   ALIGNMENT ENDS   >>>>>>>>>>

<<<<<<<<<<  ALIGNMENT BEGINS  <<<<<<<<<<

#  Aligning k-turn_consensus and 5j91_CA:811-813_1194-1195_1217-1231:
#  Alignment score:  7.8
#  P-value:  1.000e+00
#  Query aligned region: 0-1,11-12
#  Target aligned region: 1:'CA'813-2:'CA'814,11:'CA'1224-12:'CA'1225

	GG...AC
	UC...UG

#  Matched base-pairing interactions: 
	<G(1:)-A(11:) trans S/H>                       MATCHES	<C(2:'CA'814)-U(11:'CA'1224) cis S/W>
	<G(0:)-C(12:) cis W/W>                         MATCHES	<U(1:'CA'813)-G(12:'CA'1225) cis -/->
#  Matched base-stacking interactions: 

>>>>>>>>>>   ALIGNMENT ENDS   >>>>>>>>>>

<<<<<<<<<<  ALIGNMENT BEGINS  <<<<<<<<<<

#  Aligning k-turn_consensus and 5j91_CA:2279-2282_2387-2391_2421-2433:
#  Alignment score:  7.4
#  P-value:  1.000e+00
#  Query aligned region: 0-0,12-12
#  Target aligned region: 2:'CA'2282-2:'CA'2282,14:'CA'2427-14:'CA'2427

	G...C
	G...C

#  Matched base-pairing interactions: 
	<G(0:)-C(12:) cis W/W>                         MATCHES	<G(2:'CA'2282)-C(14:'CA'2427) cis W/W>
#  Matched base-stacking interactions: 

>>>>>>>>>>   ALIGNMENT ENDS   >>>>>>>>>>

<<<<<<<<<<  ALIGNMENT BEGINS  <<<<<<<<<<

#  Aligning k-turn_consensus and 5j91_CA:2775-2786_2625-2635_8-9:
#  Alignment score:  7.4
#  P-value:  1.000e+00
#  Query aligned region: 0-0,12-12
#  Target aligned region: 6:'CA'2782-6:'CA'2782,22:'CA'2636-22:'CA'2636

	G...C
	G...C

#  Matched base-pairing interactions: 
	<G(0:)-C(12:) cis W/W>                         MATCHES	<G(6:'CA'2782)-C(22:'CA'2636) cis W/W>
#  Matched base-stacking interactions: 

>>>>>>>>>>   ALIGNMENT ENDS   >>>>>>>>>>

<<<<<<<<<<  ALIGNMENT BEGINS  <<<<<<<<<<

#  Aligning k-turn_consensus and 5j91_CA:1929-1940_1962-1973_1832-1833:
#  Alignment score:  7.4
#  P-value:  1.000e+00
#  Query aligned region: 0-0,12-12
#  Target aligned region: 21:'CA'1972-21:'CA'1972,24:'CA'1833-24:'CA'1833

	G...C
	G...C

#  Matched base-pairing interactions: 
	<G(0:)-C(12:) cis W/W>                         MATCHES	<G(21:'CA'1972)-C(24:'CA'1833) cis W/W>
#  Matched base-stacking interactions: 

>>>>>>>>>>   ALIGNMENT ENDS   >>>>>>>>>>

<<<<<<<<<<  ALIGNMENT BEGINS  <<<<<<<<<<

#  Aligning k-turn_consensus and 5j91_CA:2389-2392_2428-2433_2421-2424:
#  Alignment score:  7.2
#  P-value:  1.000e+00
#  Query aligned region: 0-1,11-12
#  Target aligned region: 3:'CA'2393-3:'CA'2393,6:'CA'2431-8:'CA'2433,10:'CA'2422-10:'CA'2422

	G~G...A~C
	U~U...A~C

#  Matched base-pairing interactions: 
	<G(0:)-C(12:) cis W/W>                         MATCHES	<U(3:'CA'2393)-C(10:'CA'2422) trans H/W>
	<G(1:)-A(11:) trans S/H>                       MATCHES	<U(6:'CA'2431)-A(8:'CA'2433) cis -/->
#  Matched base-stacking interactions: 

>>>>>>>>>>   ALIGNMENT ENDS   >>>>>>>>>>

<<<<<<<<<<  ALIGNMENT BEGINS  <<<<<<<<<<

#  Aligning k-turn_consensus and 5j91_CA:2581-2582_2548-2559_2504-2507:
#  Alignment score:  7
#  P-value:  1.000e+00
#  Query aligned region: 0-0,12-12
#  Target aligned region: 1:'CA'2583-1:'CA'2583,15:'CA'2506-15:'CA'2506

	G...C
	G...U

#  Matched base-pairing interactions: 
	<G(0:)-C(12:) cis W/W>                         MATCHES	<G(1:'CA'2583)-U(15:'CA'2506) cis W/W>
#  Matched base-stacking interactions: 

>>>>>>>>>>   ALIGNMENT ENDS   >>>>>>>>>>

<<<<<<<<<<  ALIGNMENT BEGINS  <<<<<<<<<<

#  Aligning k-turn_consensus and 5j91_CA:965-970_565-574_945-951:
#  Alignment score:  6.8
#  P-value:  1.000e+00
#  Query aligned region: 0-1,11-12
#  Target aligned region: 5:'CA'971-5:'CA'971,11:'CA'571-13:'CA'573,16:'CA'946-16:'CA'946

	G~G...A~C
	G~U...U~C

#  Matched base-pairing interactions: 
	<G(0:)-C(12:) cis W/W>                         MATCHES	<G(5:'CA'971)-C(16:'CA'946) cis W/W>
	<G(1:)-A(11:) trans S/H>                       MATCHES	<U(11:'CA'571)-U(13:'CA'573) trans S/S>
#  Matched base-stacking interactions: 

>>>>>>>>>>   ALIGNMENT ENDS   >>>>>>>>>>

<<<<<<<<<<  ALIGNMENT BEGINS  <<<<<<<<<<

#  Aligning k-turn_consensus and 5j91_CA:2028-2029_571-574_561-570:
#  Alignment score:  6.6
#  P-value:  1.000e+00
#  Query aligned region: 0-0,12-12
#  Target aligned region: 5:'CA'575-5:'CA'575,10:'CA'566-10:'CA'566

	G...C
	A...U

#  Matched base-pairing interactions: 
	<G(0:)-C(12:) cis W/W>                         MATCHES	<A(5:'CA'575)-U(10:'CA'566) cis W/W>
#  Matched base-stacking interactions: 

>>>>>>>>>>   ALIGNMENT ENDS   >>>>>>>>>>

<<<<<<<<<<  ALIGNMENT BEGINS  <<<<<<<<<<

#  Aligning k-turn_consensus and 5j91_CA:1576-1579_1488-1499_1417-1422:
#  Alignment score:  6.6
#  P-value:  1.000e+00
#  Query aligned region: 0-0,12-12
#  Target aligned region: 0:'CA'1577-0:'CA'1577,19:'CA'1421-19:'CA'1421

	G...C
	C...G

#  Matched base-pairing interactions: 
	<G(0:)-C(12:) cis W/W>                         MATCHES	<C(0:'CA'1577)-G(19:'CA'1421) cis W/W>
#  Matched base-stacking interactions: 

>>>>>>>>>>   ALIGNMENT ENDS   >>>>>>>>>>

<<<<<<<<<<  ALIGNMENT BEGINS  <<<<<<<<<<

#  Aligning k-turn_consensus and 5j91_CA:2548-2559_2506-2507_1949-1955:
#  Alignment score:  4.6
#  P-value:  1.000e+00
#  Query aligned region: 
#  Target aligned region: 

	
	

#  Matched base-pairing interactions: 
#  Matched base-stacking interactions: 

>>>>>>>>>>   ALIGNMENT ENDS   >>>>>>>>>>

<<<<<<<<<<  ALIGNMENT BEGINS  <<<<<<<<<<

#  Aligning k-turn_consensus and 5j91_CA:444-451_452-458_468-472:
#  Alignment score:  4.5
#  P-value:  1.000e+00
#  Query aligned region: 
#  Target aligned region: 

	
	

#  Matched base-pairing interactions: 
#  Matched base-stacking interactions: 

>>>>>>>>>>   ALIGNMENT ENDS   >>>>>>>>>>

<<<<<<<<<<  ALIGNMENT BEGINS  <<<<<<<<<<

#  Aligning k-turn_consensus and 5j91_CA:945-951_965-970_565-574:
#  Alignment score:  4.5
#  P-value:  1.000e+00
#  Query aligned region: 
#  Target aligned region: 

	
	

#  Matched base-pairing interactions: 
#  Matched base-stacking interactions: 

>>>>>>>>>>   ALIGNMENT ENDS   >>>>>>>>>>

<<<<<<<<<<  ALIGNMENT BEGINS  <<<<<<<<<<

#  Aligning k-turn_consensus and 5j91_CA:941-946_567-570_818-822:
#  Alignment score:  4.4
#  P-value:  1.000e+00
#  Query aligned region: 
#  Target aligned region: 

	
	

#  Matched base-pairing interactions: 
#  Matched base-stacking interactions: 

>>>>>>>>>>   ALIGNMENT ENDS   >>>>>>>>>>

<<<<<<<<<<  ALIGNMENT BEGINS  <<<<<<<<<<

#  Aligning k-turn_consensus and 5j91_CA:945-951_965-973_567-570:
#  Alignment score:  4.3
#  P-value:  1.000e+00
#  Query aligned region: 
#  Target aligned region: 

	
	

#  Matched base-pairing interactions: 
#  Matched base-stacking interactions: 

>>>>>>>>>>   ALIGNMENT ENDS   >>>>>>>>>>

<<<<<<<<<<  ALIGNMENT BEGINS  <<<<<<<<<<

#  Aligning k-turn_consensus and 5j91_CA:818-822_941-946_567-570:
#  Alignment score:  4.2
#  P-value:  1.000e+00
#  Query aligned region: 1-1,11-11
#  Target aligned region: 1:'CA'820-1:'CA'820,6:'CA'943-6:'CA'943

	G...A
	A...A

#  Matched base-pairing interactions: 
	<G(1:)-A(11:) trans S/H>                       MATCHES	<A(1:'CA'820)-A(6:'CA'943) cis -/->
#  Matched base-stacking interactions: 

>>>>>>>>>>   ALIGNMENT ENDS   >>>>>>>>>>

<<<<<<<<<<  ALIGNMENT BEGINS  <<<<<<<<<<

#  Aligning k-turn_consensus and 5j91_CA:1269-1275_744-753_1643-1647:
#  Alignment score:  4.2
#  P-value:  1.000e+00
#  Query aligned region: 0-0,12-12
#  Target aligned region: 4:'CA'1274-4:'CA'1274,17:'CA'1644-17:'CA'1644

	G...C
	A...C

#  Matched base-pairing interactions: 
	<G(0:)-C(12:) cis W/W>                         MATCHES	<A(4:'CA'1274)-C(17:'CA'1644) cis -/->
#  Matched base-stacking interactions: 

>>>>>>>>>>   ALIGNMENT ENDS   >>>>>>>>>>

<<<<<<<<<<  ALIGNMENT BEGINS  <<<<<<<<<<

#  Aligning k-turn_consensus and 5j91_CA:2548-2559_1949-1955_2506-2507:
#  Alignment score:  4.2
#  P-value:  1.000e+00
#  Query aligned region: 
#  Target aligned region: 

	
	

#  Matched base-pairing interactions: 
#  Matched base-stacking interactions: 

>>>>>>>>>>   ALIGNMENT ENDS   >>>>>>>>>>

<<<<<<<<<<  ALIGNMENT BEGINS  <<<<<<<<<<

#  Aligning k-turn_consensus and 5j91_CA:763-769_692-697:
#  Alignment score:  4.1
#  P-value:  1.000e+00
#  Query aligned region: 
#  Target aligned region: 

	
	

#  Matched base-pairing interactions: 
#  Matched base-stacking interactions: 

>>>>>>>>>>   ALIGNMENT ENDS   >>>>>>>>>>

<<<<<<<<<<  ALIGNMENT BEGINS  <<<<<<<<<<

#  Aligning k-turn_consensus and 5j91_CA:468-472_444-451_452-458:
#  Alignment score:  4
#  P-value:  1.000e+00
#  Query aligned region: 
#  Target aligned region: 

	
	

#  Matched base-pairing interactions: 
#  Matched base-stacking interactions: 

>>>>>>>>>>   ALIGNMENT ENDS   >>>>>>>>>>

<<<<<<<<<<  ALIGNMENT BEGINS  <<<<<<<<<<

#  Aligning k-turn_consensus and 5j91_CA:444-451_468-472_452-458:
#  Alignment score:  3.9
#  P-value:  1.000e+00
#  Query aligned region: 
#  Target aligned region: 

	
	

#  Matched base-pairing interactions: 
#  Matched base-stacking interactions: 

>>>>>>>>>>   ALIGNMENT ENDS   >>>>>>>>>>

<<<<<<<<<<  ALIGNMENT BEGINS  <<<<<<<<<<

#  Aligning k-turn_consensus and 5j91_CA:2506-2507_2548-2559_1949-1955:
#  Alignment score:  3.9
#  P-value:  1.000e+00
#  Query aligned region: 
#  Target aligned region: 

	
	

#  Matched base-pairing interactions: 
#  Matched base-stacking interactions: 

>>>>>>>>>>   ALIGNMENT ENDS   >>>>>>>>>>

<<<<<<<<<<  ALIGNMENT BEGINS  <<<<<<<<<<

#  Aligning k-turn_consensus and 5j91_CA:692-697_763-769:
#  Alignment score:  3.8
#  P-value:  1.000e+00
#  Query aligned region: 
#  Target aligned region: 

	
	

#  Matched base-pairing interactions: 
#  Matched base-stacking interactions: 

>>>>>>>>>>   ALIGNMENT ENDS   >>>>>>>>>>

<<<<<<<<<<  ALIGNMENT BEGINS  <<<<<<<<<<

#  Aligning k-turn_consensus and 5j91_CA:196-198_2389-2392_2421-2432:
#  Alignment score:  3.7
#  P-value:  1.000e+00
#  Query aligned region: 
#  Target aligned region: 

	
	

#  Matched base-pairing interactions: 
#  Matched base-stacking interactions: 

>>>>>>>>>>   ALIGNMENT ENDS   >>>>>>>>>>

<<<<<<<<<<  ALIGNMENT BEGINS  <<<<<<<<<<

#  Aligning k-turn_consensus and 5j91_CA:2389-2392_2421-2432_196-198:
#  Alignment score:  3.7
#  P-value:  1.000e+00
#  Query aligned region: 
#  Target aligned region: 

	
	

#  Matched base-pairing interactions: 
#  Matched base-stacking interactions: 

>>>>>>>>>>   ALIGNMENT ENDS   >>>>>>>>>>

<<<<<<<<<<  ALIGNMENT BEGINS  <<<<<<<<<<

#  Aligning k-turn_consensus and 5j91_CA:468-472_452-458_444-451:
#  Alignment score:  3.5
#  P-value:  1.000e+00
#  Query aligned region: 
#  Target aligned region: 

	
	

#  Matched base-pairing interactions: 
#  Matched base-stacking interactions: 

>>>>>>>>>>   ALIGNMENT ENDS   >>>>>>>>>>

<<<<<<<<<<  ALIGNMENT BEGINS  <<<<<<<<<<

#  Aligning k-turn_consensus and 5j91_CA:452-458_468-472_444-451:
#  Alignment score:  3.4
#  P-value:  1.000e+00
#  Query aligned region: 
#  Target aligned region: 

	
	

#  Matched base-pairing interactions: 
#  Matched base-stacking interactions: 

>>>>>>>>>>   ALIGNMENT ENDS   >>>>>>>>>>

<<<<<<<<<<  ALIGNMENT BEGINS  <<<<<<<<<<

#  Aligning k-turn_consensus and 5j91_CA:2142-2147:
#  Alignment score:  1.3
#  P-value:  1.000e+00
#  Query aligned region: 
#  Target aligned region: 

	
	

#  Matched base-pairing interactions: 
#  Matched base-stacking interactions: 

>>>>>>>>>>   ALIGNMENT ENDS   >>>>>>>>>>

