$ /home/s081p868/scratch/RNAMotifScanX-release/bin/scan /home/s081p868/scratch/RNAMotifScanX-release/models/k-turn_consensus.struct /rfs/poseidon_share/s081p868/RNAMotifScanX_nr/rmsx_work_default/4v9f/0/4v9f_0.rmsx.in --map_pdb=/rfs/poseidon_share/s081p868/RNAMotifScanX_nr/rmsx_work_default/4v9f/0/4v9f_0.rmsx.nch --pvalue 1.0 --num_threads 8 --write_alignment
<<<<<<<<<<  ALIGNMENT BEGINS  <<<<<<<<<<

#  Aligning k-turn_consensus and 4v9f_0:66-75_83-96:
#  Alignment score:  154
#  P-value:  6.382e-03
#  Query aligned region: 0-4,5-12
#  Target aligned region: 3:'0'77-7:'0'81,12:'0'93-19:'0'100

	GGGAG...CGAAGAAC
	GGGAG...CGAAGAAC

#  Matched base-pairing interactions: 
	<G(1:)-A(11:) trans S/H>                       MATCHES	<G(4:'0'78)-A(18:'0'99) trans S/H>
	<G(2:)-A(10:) trans S/H>                       MATCHES	<G(5:'0'79)-A(17:'0'98) trans S/H>
	<A(3:)-G(9:) trans H/S>                        MATCHES	<A(6:'0'80)-G(16:'0'97) trans H/S>
	<A(3:)-G(6:) trans S/S>                        MATCHES	<A(6:'0'80)-G(13:'0'94) cis -/->
	<G(4:)-A(10:) trans S/S>                       MATCHES	<G(7:'0'81)-A(17:'0'98) trans S/S>
	<G(4:)-C(5:) cis W/W>                          MATCHES	<G(7:'0'81)-C(12:'0'93) cis W/W>
	<G(0:)-C(12:) cis W/W>                         MATCHES	<G(3:'0'77)-C(19:'0'100) cis W/W>
#  Matched base-stacking interactions: 
	<A(3:)-A(10:) outward>                         MATCHES	<A(6:'0'80)-A(17:'0'98) outward>

>>>>>>>>>>   ALIGNMENT ENDS   >>>>>>>>>>

<<<<<<<<<<  ALIGNMENT BEGINS  <<<<<<<<<<

#  Aligning k-turn_consensus and 4v9f_0:2900-2907_2658-2660_2814-2824:
#  Alignment score:  109.4
#  P-value:  1.516e-02
#  Query aligned region: 1-4,5-11
#  Target aligned region: 4:'0'2912-6:'0'2914,9:'0'2667-9:'0'2667,11:'0'2822-17:'0'2828

	GGA~G...CGAAGAA
	CAA~G...CGCCGAG

#  Matched base-pairing interactions: 
	<A(3:)-G(9:) trans H/S>                        MATCHES	<A(6:'0'2914)-G(15:'0'2826) trans H/S>
	<A(3:)-G(6:) trans S/S>                        MATCHES	<A(6:'0'2914)-G(12:'0'2823) cis -/->
	<G(2:)-A(10:) trans S/H>                       MATCHES	<A(5:'0'2913)-A(16:'0'2827) trans S/H>
	<G(4:)-A(10:) trans S/S>                       MATCHES	<G(9:'0'2667)-A(16:'0'2827) trans S/S>
	<G(4:)-C(5:) cis W/W>                          MATCHES	<G(9:'0'2667)-C(11:'0'2822) cis W/W>
	<G(1:)-A(11:) trans S/H>                       MATCHES	<C(4:'0'2912)-G(17:'0'2828) cis W/W>
#  Matched base-stacking interactions: 
	<A(3:)-A(10:) outward>                         MATCHES	<A(6:'0'2914)-A(16:'0'2827) outward>

>>>>>>>>>>   ALIGNMENT ENDS   >>>>>>>>>>

<<<<<<<<<<  ALIGNMENT BEGINS  <<<<<<<<<<

#  Aligning k-turn_consensus and 4v9f_0:1330-1335_1304-1311_308-309:
#  Alignment score:  106.6
#  P-value:  1.625e-02
#  Query aligned region: 0-4,5-12
#  Target aligned region: 0:'0'1338-4:'0'1342,6:'0'1312-13:'0'1319

	GGGAG...CGAAGAAC
	UGGAC...GAUGGAAG

#  Matched base-pairing interactions: 
	<A(3:)-G(9:) trans H/S>                        MATCHES	<A(3:'0'1341)-G(10:'0'1316) trans H/S>
	<A(3:)-G(6:) trans S/S>                        MATCHES	<A(3:'0'1341)-A(7:'0'1313) cis -/->
	<G(4:)-A(10:) trans S/S>                       MATCHES	<C(4:'0'1342)-A(11:'0'1317) trans S/S>
	<G(4:)-C(5:) cis W/W>                          MATCHES	<C(4:'0'1342)-G(6:'0'1312) cis W/W>
	<G(2:)-A(10:) trans S/H>                       MATCHES	<G(2:'0'1340)-A(11:'0'1317) trans S/H>
	<G(1:)-A(11:) trans S/H>                       MATCHES	<G(1:'0'1339)-A(12:'0'1318) trans S/H>
	<G(0:)-C(12:) cis W/W>                         MATCHES	<U(0:'0'1338)-G(13:'0'1319) cis W/W>
#  Matched base-stacking interactions: 

>>>>>>>>>>   ALIGNMENT ENDS   >>>>>>>>>>

<<<<<<<<<<  ALIGNMENT BEGINS  <<<<<<<<<<

#  Aligning k-turn_consensus and 4v9f_0:1204-1208_1139-1147:
#  Alignment score:  101.5
#  P-value:  1.855e-02
#  Query aligned region: 0-4,5-12
#  Target aligned region: 0:'0'1212-4:'0'1216,5:'0'1147-13:'0'1155

	GGGAG...CGAAGA-AC
	CCGAG...CCUAGACAG

#  Matched base-pairing interactions: 
	<G(1:)-A(11:) trans S/H>                       MATCHES	<C(1:'0'1213)-A(12:'0'1154) cis W/W>
	<G(2:)-A(10:) trans S/H>                       MATCHES	<G(2:'0'1214)-A(10:'0'1152) trans W/H>
	<G(0:)-C(12:) cis W/W>                         MATCHES	<C(0:'0'1212)-G(13:'0'1155) cis W/W>
	<G(4:)-A(10:) trans S/S>                       MATCHES	<G(4:'0'1216)-A(10:'0'1152) trans S/S>
	<G(4:)-C(5:) cis W/W>                          MATCHES	<G(4:'0'1216)-C(5:'0'1147) cis W/W>
	<A(3:)-G(9:) trans H/S>                        MATCHES	<A(3:'0'1215)-G(9:'0'1151) trans H/S>
	<A(3:)-G(6:) trans S/S>                        MATCHES	<A(3:'0'1215)-C(6:'0'1148) cis -/->
#  Matched base-stacking interactions: 
	<A(3:)-A(10:) outward>                         MATCHES	<A(3:'0'1215)-A(10:'0'1152) outward>

>>>>>>>>>>   ALIGNMENT ENDS   >>>>>>>>>>

<<<<<<<<<<  ALIGNMENT BEGINS  <<<<<<<<<<

#  Aligning k-turn_consensus and 4v9f_0:928-935_1016-1019_1023-1026:
#  Alignment score:  88.4
#  P-value:  2.730e-02
#  Query aligned region: 0-4,5-12
#  Target aligned region: 0:'0'936-4:'0'940,10:'0'1026-11:'0'1027,12:'0'1031-15:'0'1034

	GGGAG...CG~GAAC
	CCGAG...UG~GACG

#  Matched base-pairing interactions: 
	<G(1:)-A(11:) trans S/H>                       MATCHES	<C(1:'0'937)-C(14:'0'1033) cis W/W>
	<G(0:)-C(12:) cis W/W>                         MATCHES	<C(0:'0'936)-G(15:'0'1034) cis W/W>
	<A(3:)-G(9:) trans H/S>                        MATCHES	<A(3:'0'939)-G(12:'0'1031) trans H/S>
	<G(4:)-A(10:) trans S/S>                       MATCHES	<G(4:'0'940)-A(13:'0'1032) trans S/S>
	<G(4:)-C(5:) cis W/W>                          MATCHES	<G(4:'0'940)-U(10:'0'1026) cis W/W>
	<G(2:)-A(10:) trans S/H>                       MATCHES	<G(2:'0'938)-A(13:'0'1032) trans W/H>
	<A(3:)-G(6:) trans S/S>                        MATCHES	<A(3:'0'939)-G(11:'0'1027) cis -/->
#  Matched base-stacking interactions: 

>>>>>>>>>>   ALIGNMENT ENDS   >>>>>>>>>>

<<<<<<<<<<  ALIGNMENT BEGINS  <<<<<<<<<<

#  Aligning k-turn_consensus and 4v9f_0:806-813_1822-1823_785-792:
#  Alignment score:  82.4
#  P-value:  3.354e-02
#  Query aligned region: 0-4,5-12
#  Target aligned region: 1:'0'815-6:'0'820,8:'0'1830-8:'0'1830,11:'0'794-15:'0'798

	GGGA-G...C~GAAGAAC
	UGGAAG...C~U--GAAG

#  Matched base-pairing interactions: 
	<A(3:)-G(9:) trans H/S>                        MATCHES	<A(4:'0'818)-G(12:'0'795) trans H/S>
	<G(2:)-A(10:) trans S/H>                       MATCHES	<G(3:'0'817)-A(13:'0'796) trans S/H>
	<A(3:)-G(6:) trans S/S>                        MATCHES	<A(4:'0'818)-U(11:'0'794) trans H/W>
	<G(4:)-C(5:) cis W/W>                          MATCHES	<G(6:'0'820)-C(8:'0'1830) cis W/W>
	<G(1:)-A(11:) trans S/H>                       MATCHES	<G(2:'0'816)-A(14:'0'797) trans S/H>
	<G(0:)-C(12:) cis W/W>                         MATCHES	<U(1:'0'815)-G(15:'0'798) cis W/W>
#  Matched base-stacking interactions: 
	<A(3:)-A(10:) outward>                         MATCHES	<A(4:'0'818)-A(13:'0'796) outward>

>>>>>>>>>>   ALIGNMENT ENDS   >>>>>>>>>>

<<<<<<<<<<  ALIGNMENT BEGINS  <<<<<<<<<<

#  Aligning k-turn_consensus and 4v9f_0:236-241_252-259:
#  Alignment score:  64.3
#  P-value:  7.398e-02
#  Query aligned region: 0-4,5-12
#  Target aligned region: 0:'0'244-5:'0'249,6:'0'260-13:'0'267

	GGGA-G...CGAAGAAC
	CCGAAG...CAAUGUGG

#  Matched base-pairing interactions: 
	<A(3:)-G(9:) trans H/S>                        MATCHES	<A(3:'0'247)-G(10:'0'264) trans H/S>
	<A(3:)-G(6:) trans S/S>                        MATCHES	<A(3:'0'247)-A(7:'0'261) trans W/S>
	<G(4:)-C(5:) cis W/W>                          MATCHES	<G(5:'0'249)-C(6:'0'260) cis W/W>
	<G(2:)-A(10:) trans S/H>                       MATCHES	<G(2:'0'246)-U(11:'0'265) trans S/H>
	<G(4:)-A(10:) trans S/S>                       MATCHES	<G(5:'0'249)-U(11:'0'265) cis -/->
	<G(1:)-A(11:) trans S/H>                       MATCHES	<C(1:'0'245)-G(12:'0'266) cis W/W>
	<G(0:)-C(12:) cis W/W>                         MATCHES	<C(0:'0'244)-G(13:'0'267) cis W/W>
#  Matched base-stacking interactions: 

>>>>>>>>>>   ALIGNMENT ENDS   >>>>>>>>>>

<<<<<<<<<<  ALIGNMENT BEGINS  <<<<<<<<<<

#  Aligning k-turn_consensus and 4v9f_0:1062-1065_1078-1080_905-906:
#  Alignment score:  61.2
#  P-value:  8.800e-02
#  Query aligned region: 1-3,6-11
#  Target aligned region: 0:'0'1070-3:'0'1073,4:'0'1086-6:'0'1088,8:'0'914-8:'0'914

	G-GA...GAAGA~A
	AGGA...A--GA~A

#  Matched base-pairing interactions: 
	<A(3:)-G(9:) trans H/S>                        MATCHES	<A(3:'0'1073)-G(5:'0'1087) trans H/S>
	<G(1:)-A(11:) trans S/H>                       MATCHES	<A(0:'0'1070)-A(8:'0'914) trans S/H>
	<G(2:)-A(10:) trans S/H>                       MATCHES	<G(2:'0'1072)-A(6:'0'1088) trans S/H>
	<A(3:)-G(6:) trans S/S>                        MATCHES	<A(3:'0'1073)-A(4:'0'1086) trans H/S>
#  Matched base-stacking interactions: 
	<A(3:)-A(10:) outward>                         MATCHES	<A(3:'0'1073)-A(6:'0'1088) outward>

>>>>>>>>>>   ALIGNMENT ENDS   >>>>>>>>>>

<<<<<<<<<<  ALIGNMENT BEGINS  <<<<<<<<<<

#  Aligning k-turn_consensus and 4v9f_0:1578-1584_1594-1602:
#  Alignment score:  60.4
#  P-value:  9.227e-02
#  Query aligned region: 0-3,6-12
#  Target aligned region: 1:'0'1587-4:'0'1590,7:'0'1602-13:'0'1608

	GGGA...GAAGAAC
	UGGA...CAGGAAG

#  Matched base-pairing interactions: 
	<A(3:)-G(9:) trans H/S>                        MATCHES	<A(4:'0'1590)-G(10:'0'1605) trans H/S>
	<A(3:)-G(6:) trans S/S>                        MATCHES	<A(4:'0'1590)-C(7:'0'1602) cis -/->
	<G(2:)-A(10:) trans S/H>                       MATCHES	<G(3:'0'1589)-A(11:'0'1606) trans S/H>
	<G(1:)-A(11:) trans S/H>                       MATCHES	<G(2:'0'1588)-A(12:'0'1607) trans S/H>
	<G(0:)-C(12:) cis W/W>                         MATCHES	<U(1:'0'1587)-G(13:'0'1608) cis W/W>
#  Matched base-stacking interactions: 

>>>>>>>>>>   ALIGNMENT ENDS   >>>>>>>>>>

<<<<<<<<<<  ALIGNMENT BEGINS  <<<<<<<<<<

#  Aligning k-turn_consensus and 4v9f_0:13-20_629-631_508-514:
#  Alignment score:  54.4
#  P-value:  1.371e-01
#  Query aligned region: 0-3,6-12
#  Target aligned region: 1:'0'22-4:'0'25,10:'0'639-10:'0'639,13:'0'518-16:'0'521

	GGGA...G~GAAC
	UGGA...A~GAAA

#  Matched base-pairing interactions: 
	<A(3:)-G(9:) trans H/S>                        MATCHES	<A(4:'0'25)-G(13:'0'518) trans H/S>
	<A(3:)-G(6:) trans S/S>                        MATCHES	<A(4:'0'25)-A(10:'0'639) cis S/S>
	<G(2:)-A(10:) trans S/H>                       MATCHES	<G(3:'0'24)-A(14:'0'519) trans S/H>
	<G(1:)-A(11:) trans S/H>                       MATCHES	<G(2:'0'23)-A(15:'0'520) trans S/H>
	<G(0:)-C(12:) cis W/W>                         MATCHES	<U(1:'0'22)-A(16:'0'521) trans W/H>
#  Matched base-stacking interactions: 

>>>>>>>>>>   ALIGNMENT ENDS   >>>>>>>>>>

<<<<<<<<<<  ALIGNMENT BEGINS  <<<<<<<<<<

#  Aligning k-turn_consensus and 4v9f_0:2874-2881_1797-1799_2858-2867:
#  Alignment score:  53.2
#  P-value:  1.499e-01
#  Query aligned region: 2-4,6-10
#  Target aligned region: 0:'0'2882-1:'0'2883,8:'0'1805-9:'0'1806,19:'0'2874-20:'0'2875

	GA~G...G~GA
	GA~G...G~GA

#  Matched base-pairing interactions: 
	<A(3:)-G(9:) trans H/S>                        MATCHES	<A(1:'0'2883)-G(19:'0'2874) trans H/S>
	<G(2:)-A(10:) trans S/H>                       MATCHES	<G(0:'0'2882)-A(20:'0'2875) trans S/H>
	<A(3:)-G(6:) trans S/S>                        MATCHES	<A(1:'0'2883)-G(9:'0'1806) trans S/S>
	<G(4:)-A(10:) trans S/S>                       MATCHES	<G(8:'0'1805)-A(20:'0'2875) cis S/S>
#  Matched base-stacking interactions: 

>>>>>>>>>>   ALIGNMENT ENDS   >>>>>>>>>>

<<<<<<<<<<  ALIGNMENT BEGINS  <<<<<<<<<<

#  Aligning k-turn_consensus and 4v9f_0:1446-1452_853-856_1475-1483:
#  Alignment score:  47.2
#  P-value:  2.522e-01
#  Query aligned region: 3-3,6-9
#  Target aligned region: 5:'0'1459-5:'0'1459,9:'0'863-9:'0'863,12:'0'1484-12:'0'1484

	A...G~G
	A...G~G

#  Matched base-pairing interactions: 
	<A(3:)-G(6:) trans S/S>                        MATCHES	<A(5:'0'1459)-G(9:'0'863) trans S/S>
	<A(3:)-G(9:) trans H/S>                        MATCHES	<A(5:'0'1459)-G(12:'0'1484) trans H/S>
#  Matched base-stacking interactions: 

>>>>>>>>>>   ALIGNMENT ENDS   >>>>>>>>>>

<<<<<<<<<<  ALIGNMENT BEGINS  <<<<<<<<<<

#  Aligning k-turn_consensus and 4v9f_0:1918-1924_2258-2260_1899-1905:
#  Alignment score:  46.4
#  P-value:  2.735e-01
#  Query aligned region: 3-3,6-9
#  Target aligned region: 5:'0'1931-5:'0'1931,8:'0'2267-8:'0'2267,11:'0'1908-11:'0'1908

	A...G~G
	A...G~G

#  Matched base-pairing interactions: 
	<A(3:)-G(6:) trans S/S>                        MATCHES	<A(5:'0'1931)-G(8:'0'2267) trans S/S>
	<A(3:)-G(9:) trans H/S>                        MATCHES	<A(5:'0'1931)-G(11:'0'1908) trans H/S>
#  Matched base-stacking interactions: 

>>>>>>>>>>   ALIGNMENT ENDS   >>>>>>>>>>

<<<<<<<<<<  ALIGNMENT BEGINS  <<<<<<<<<<

#  Aligning k-turn_consensus and 4v9f_0:633-637_893-897_1345-1352:
#  Alignment score:  46.3
#  P-value:  2.763e-01
#  Query aligned region: 2-4,6-10
#  Target aligned region: 1:'0'642-2:'0'643,5:'0'901-6:'0'902,12:'0'1355-15:'0'1358

	GA~G...G~G--A
	GA~G...G~AAAA

#  Matched base-pairing interactions: 
	<A(3:)-G(6:) trans S/S>                        MATCHES	<A(2:'0'643)-G(6:'0'902) trans S/S>
	<G(2:)-A(10:) trans S/H>                       MATCHES	<G(1:'0'642)-A(15:'0'1358) trans S/H>
	<A(3:)-G(9:) trans H/S>                        MATCHES	<A(2:'0'643)-A(12:'0'1355) trans H/H>
	<G(4:)-A(10:) trans S/S>                       MATCHES	<G(5:'0'901)-A(15:'0'1358) cis S/S>
#  Matched base-stacking interactions: 
	<A(3:)-A(10:) outward>                         MATCHES	<A(2:'0'643)-A(15:'0'1358) outward>

>>>>>>>>>>   ALIGNMENT ENDS   >>>>>>>>>>

<<<<<<<<<<  ALIGNMENT BEGINS  <<<<<<<<<<

#  Aligning k-turn_consensus and 4v9f_0:652-659_222-224_671-677:
#  Alignment score:  44.8
#  P-value:  3.248e-01
#  Query aligned region: 3-3,6-9
#  Target aligned region: 6:'0'666-6:'0'666,9:'0'231-9:'0'231,12:'0'680-12:'0'680

	A...G~G
	A...G~G

#  Matched base-pairing interactions: 
	<A(3:)-G(6:) trans S/S>                        MATCHES	<A(6:'0'666)-G(9:'0'231) trans S/S>
	<A(3:)-G(9:) trans H/S>                        MATCHES	<A(6:'0'666)-G(12:'0'680) trans H/S>
#  Matched base-stacking interactions: 

>>>>>>>>>>   ALIGNMENT ENDS   >>>>>>>>>>

<<<<<<<<<<  ALIGNMENT BEGINS  <<<<<<<<<<

#  Aligning k-turn_consensus and 4v9f_0:1624-1625_1560-1566_1614-1621:
#  Alignment score:  42.8
#  P-value:  4.123e-01
#  Query aligned region: 3-3,6-9
#  Target aligned region: 0:'0'1632-0:'0'1632,2:'0'1568-2:'0'1568,16:'0'1629-16:'0'1629

	A...G~G
	A...G~G

#  Matched base-pairing interactions: 
	<A(3:)-G(6:) trans S/S>                        MATCHES	<A(0:'0'1632)-G(2:'0'1568) trans S/S>
	<A(3:)-G(9:) trans H/S>                        MATCHES	<A(0:'0'1632)-G(16:'0'1629) trans H/S>
#  Matched base-stacking interactions: 

>>>>>>>>>>   ALIGNMENT ENDS   >>>>>>>>>>

<<<<<<<<<<  ALIGNMENT BEGINS  <<<<<<<<<<

#  Aligning k-turn_consensus and 4v9f_0:554-561_1085-1086_579-587:
#  Alignment score:  42.4
#  P-value:  4.340e-01
#  Query aligned region: 3-3,6-9
#  Target aligned region: 4:'0'566-4:'0'566,8:'0'1093-8:'0'1093,15:'0'592-15:'0'592

	A...G~G
	A...G~G

#  Matched base-pairing interactions: 
	<A(3:)-G(6:) trans S/S>                        MATCHES	<A(4:'0'566)-G(8:'0'1093) trans S/S>
	<A(3:)-G(9:) trans H/S>                        MATCHES	<A(4:'0'566)-G(15:'0'592) trans H/S>
#  Matched base-stacking interactions: 

>>>>>>>>>>   ALIGNMENT ENDS   >>>>>>>>>>

<<<<<<<<<<  ALIGNMENT BEGINS  <<<<<<<<<<

#  Aligning k-turn_consensus and 4v9f_0:2892-2898_2839-2849_2825-2827:
#  Alignment score:  37.4
#  P-value:  9.515e-01
#  Query aligned region: 3-3,6-9
#  Target aligned region: 6:'0'2906-6:'0'2906,7:'0'2847-11:'0'2851

	A...G-AAG
	A...GGUCG

#  Matched base-pairing interactions: 
	<A(3:)-G(6:) trans S/S>                        MATCHES	<A(6:'0'2906)-G(7:'0'2847) trans S/S>
	<A(3:)-G(9:) trans H/S>                        MATCHES	<A(6:'0'2906)-G(11:'0'2851) trans H/S>
#  Matched base-stacking interactions: 

>>>>>>>>>>   ALIGNMENT ENDS   >>>>>>>>>>

<<<<<<<<<<  ALIGNMENT BEGINS  <<<<<<<<<<

#  Aligning k-turn_consensus and 4v9f_0:1648-1654_1481-1482_1521-1526:
#  Alignment score:  26.8
#  P-value:  1.000e+00
#  Query aligned region: 3-3,6-9
#  Target aligned region: 3:'0'1659-3:'0'1659,8:'0'1490-8:'0'1490,12:'0'1532-12:'0'1532

	A...G~G
	A...G~G

#  Matched base-pairing interactions: 
	<A(3:)-G(9:) trans H/S>                        MATCHES	<A(3:'0'1659)-G(12:'0'1532) trans H/S>
	<A(3:)-G(6:) trans S/S>                        MATCHES	<A(3:'0'1659)-G(8:'0'1490) cis -/->
#  Matched base-stacking interactions: 

>>>>>>>>>>   ALIGNMENT ENDS   >>>>>>>>>>

<<<<<<<<<<  ALIGNMENT BEGINS  <<<<<<<<<<

#  Aligning k-turn_consensus and 4v9f_0:1458-1461_1850-1863_1464-1469:
#  Alignment score:  26.8
#  P-value:  1.000e+00
#  Query aligned region: 0-1,11-12
#  Target aligned region: 2:'0'1468-2:'0'1468,9:'0'1863-12:'0'1866,20:'0'1474-20:'0'1474

	G~G...A~C
	G~G...A~C

#  Matched base-pairing interactions: 
	<G(0:)-C(12:) cis W/W>                         MATCHES	<G(2:'0'1468)-C(20:'0'1474) cis W/W>
	<G(1:)-A(11:) trans S/H>                       MATCHES	<G(9:'0'1863)-A(12:'0'1866) trans S/H>
#  Matched base-stacking interactions: 

>>>>>>>>>>   ALIGNMENT ENDS   >>>>>>>>>>

<<<<<<<<<<  ALIGNMENT BEGINS  <<<<<<<<<<

#  Aligning k-turn_consensus and 4v9f_0:2761-2769_2789-2791_2792-2797:
#  Alignment score:  26.6
#  P-value:  1.000e+00
#  Query aligned region: 0-1,11-12
#  Target aligned region: 3:'0'2772-3:'0'2772,12:'0'2800-14:'0'2802

	G~G...AC
	G~A...AC

#  Matched base-pairing interactions: 
	<G(0:)-C(12:) cis W/W>                         MATCHES	<G(3:'0'2772)-C(14:'0'2802) cis W/W>
	<G(1:)-A(11:) trans S/H>                       MATCHES	<A(12:'0'2800)-A(13:'0'2801) trans S/H>
#  Matched base-stacking interactions: 

>>>>>>>>>>   ALIGNMENT ENDS   >>>>>>>>>>

<<<<<<<<<<  ALIGNMENT BEGINS  <<<<<<<<<<

#  Aligning k-turn_consensus and 4v9f_0:2010-2015_1833-1838_1819-1825:
#  Alignment score:  25.8
#  P-value:  1.000e+00
#  Query aligned region: 0-1,11-12
#  Target aligned region: 9:'0'1844-11:'0'1846,15:'0'1830-17:'0'1832

	G-G...A-C
	CAU...CUG

#  Matched base-pairing interactions: 
	<G(0:)-C(12:) cis W/W>                         MATCHES	<C(9:'0'1844)-G(17:'0'1832) cis W/W>
	<G(1:)-A(11:) trans S/H>                       MATCHES	<U(11:'0'1846)-C(15:'0'1830) trans S/H>
#  Matched base-stacking interactions: 

>>>>>>>>>>   ALIGNMENT ENDS   >>>>>>>>>>

<<<<<<<<<<  ALIGNMENT BEGINS  <<<<<<<<<<

#  Aligning k-turn_consensus and 4v9f_0:2628-2635_2614-2619_1831-1835:
#  Alignment score:  25.6
#  P-value:  1.000e+00
#  Query aligned region: 0-1,11-12
#  Target aligned region: 6:'0'2642-7:'0'2643,8:'0'2622-8:'0'2622,14:'0'1839-14:'0'1839

	GG...A~C
	GG...A~A

#  Matched base-pairing interactions: 
	<G(0:)-C(12:) cis W/W>                         MATCHES	<G(6:'0'2642)-A(14:'0'1839) cis S/S>
	<G(1:)-A(11:) trans S/H>                       MATCHES	<G(7:'0'2643)-A(8:'0'2622) trans S/H>
#  Matched base-stacking interactions: 

>>>>>>>>>>   ALIGNMENT ENDS   >>>>>>>>>>

<<<<<<<<<<  ALIGNMENT BEGINS  <<<<<<<<<<

#  Aligning k-turn_consensus and 4v9f_0:755-760_2102-2103_885-893:
#  Alignment score:  25.4
#  P-value:  1.000e+00
#  Query aligned region: 3-3,6-9
#  Target aligned region: 4:'0'767-4:'0'767,6:'0'2110-6:'0'2110,10:'0'895-10:'0'895

	A...G~G
	A...G~A

#  Matched base-pairing interactions: 
	<A(3:)-G(6:) trans S/S>                        MATCHES	<A(4:'0'767)-G(6:'0'2110) trans S/S>
	<A(3:)-G(9:) trans H/S>                        MATCHES	<A(4:'0'767)-A(10:'0'895) trans H/W>
#  Matched base-stacking interactions: 

>>>>>>>>>>   ALIGNMENT ENDS   >>>>>>>>>>

<<<<<<<<<<  ALIGNMENT BEGINS  <<<<<<<<<<

#  Aligning k-turn_consensus and 4v9f_0:1570-1578_1635-1638_1602-1610:
#  Alignment score:  25.4
#  P-value:  1.000e+00
#  Query aligned region: 3-3,6-9
#  Target aligned region: 3:'0'1581-3:'0'1581,12:'0'1646-12:'0'1646,17:'0'1614-17:'0'1614

	A...G~G
	A...G~G

#  Matched base-pairing interactions: 
	<A(3:)-G(9:) trans H/S>                        MATCHES	<A(3:'0'1581)-G(17:'0'1614) trans H/S>
	<A(3:)-G(6:) trans S/S>                        MATCHES	<A(3:'0'1581)-G(12:'0'1646) cis S/S>
#  Matched base-stacking interactions: 

>>>>>>>>>>   ALIGNMENT ENDS   >>>>>>>>>>

<<<<<<<<<<  ALIGNMENT BEGINS  <<<<<<<<<<

#  Aligning k-turn_consensus and 4v9f_0:1299-1311_18-19_1330-1340:
#  Alignment score:  25.4
#  P-value:  1.000e+00
#  Query aligned region: 3-3,6-9
#  Target aligned region: 11:'0'1318-11:'0'1318,14:'0'27-14:'0'27,16:'0'1339-16:'0'1339

	A...G~G
	A...U~G

#  Matched base-pairing interactions: 
	<A(3:)-G(9:) trans H/S>                        MATCHES	<A(11:'0'1318)-G(16:'0'1339) trans H/S>
	<A(3:)-G(6:) trans S/S>                        MATCHES	<A(11:'0'1318)-U(14:'0'27) cis S/S>
#  Matched base-stacking interactions: 

>>>>>>>>>>   ALIGNMENT ENDS   >>>>>>>>>>

<<<<<<<<<<  ALIGNMENT BEGINS  <<<<<<<<<<

#  Aligning k-turn_consensus and 4v9f_0:2625-2633_1833-1835_2615-2622:
#  Alignment score:  25.1
#  P-value:  1.000e+00
#  Query aligned region: 0-1,11-12
#  Target aligned region: 5:'0'2638-8:'0'2641,10:'0'1842-10:'0'1842,15:'0'2626-15:'0'2626

	G--G...A~C
	GGUC...A~C

#  Matched base-pairing interactions: 
	<G(0:)-C(12:) cis W/W>                         MATCHES	<G(5:'0'2638)-C(15:'0'2626) cis W/W>
	<G(1:)-A(11:) trans S/H>                       MATCHES	<C(8:'0'2641)-A(10:'0'1842) trans S/H>
#  Matched base-stacking interactions: 

>>>>>>>>>>   ALIGNMENT ENDS   >>>>>>>>>>

<<<<<<<<<<  ALIGNMENT BEGINS  <<<<<<<<<<

#  Aligning k-turn_consensus and 4v9f_0:543-544_1308-1315_1326-1335:
#  Alignment score:  25
#  P-value:  1.000e+00
#  Query aligned region: 3-3,6-9
#  Target aligned region: 1:'0'552-1:'0'552,9:'0'1323-9:'0'1323,10:'0'1334-10:'0'1334

	A...G~G
	A...G~C

#  Matched base-pairing interactions: 
	<A(3:)-G(6:) trans S/S>                        MATCHES	<A(1:'0'552)-G(9:'0'1323) trans S/S>
	<A(3:)-G(9:) trans H/S>                        MATCHES	<A(1:'0'552)-C(10:'0'1334) cis S/S>
#  Matched base-stacking interactions: 

>>>>>>>>>>   ALIGNMENT ENDS   >>>>>>>>>>

<<<<<<<<<<  ALIGNMENT BEGINS  <<<<<<<<<<

#  Aligning k-turn_consensus and 4v9f_0:232-241_368-371_256-263:
#  Alignment score:  24.8
#  P-value:  1.000e+00
#  Query aligned region: 3-3,6-9
#  Target aligned region: 2:'0'242-2:'0'242,11:'0'377-11:'0'377,19:'0'269-19:'0'269

	A...G~G
	A...C~G

#  Matched base-pairing interactions: 
	<A(3:)-G(9:) trans H/S>                        MATCHES	<A(2:'0'242)-G(19:'0'269) trans H/S>
	<A(3:)-G(6:) trans S/S>                        MATCHES	<A(2:'0'242)-C(11:'0'377) cis -/->
#  Matched base-stacking interactions: 

>>>>>>>>>>   ALIGNMENT ENDS   >>>>>>>>>>

<<<<<<<<<<  ALIGNMENT BEGINS  <<<<<<<<<<

#  Aligning k-turn_consensus and 4v9f_0:2305-2309_2349-2358_2281-2288:
#  Alignment score:  24.6
#  P-value:  1.000e+00
#  Query aligned region: 1-1,11-11
#  Target aligned region: 15:'0'2289-17:'0'2291

	G...A
	G...A

#  Matched base-pairing interactions: 
	<G(1:)-A(11:) trans S/H>                       MATCHES	<G(15:'0'2289)-A(17:'0'2291) trans S/H>
#  Matched base-stacking interactions: 

>>>>>>>>>>   ALIGNMENT ENDS   >>>>>>>>>>

<<<<<<<<<<  ALIGNMENT BEGINS  <<<<<<<<<<

#  Aligning k-turn_consensus and 4v9f_0:816-824_781-782_842-851:
#  Alignment score:  24.6
#  P-value:  1.000e+00
#  Query aligned region: 1-1,11-11
#  Target aligned region: 0:'0'824-0:'0'824,10:'0'790-10:'0'790

	G...A
	G...A

#  Matched base-pairing interactions: 
	<G(1:)-A(11:) trans S/H>                       MATCHES	<G(0:'0'824)-A(10:'0'790) trans S/H>
#  Matched base-stacking interactions: 

>>>>>>>>>>   ALIGNMENT ENDS   >>>>>>>>>>

<<<<<<<<<<  ALIGNMENT BEGINS  <<<<<<<<<<

#  Aligning k-turn_consensus and 4v9f_0:2769-2777_2778-2789_1145-1146:
#  Alignment score:  24.6
#  P-value:  1.000e+00
#  Query aligned region: 1-1,11-11
#  Target aligned region: 5:'0'2782-5:'0'2782,15:'0'2792-15:'0'2792

	G...A
	G...A

#  Matched base-pairing interactions: 
	<G(1:)-A(11:) trans S/H>                       MATCHES	<G(5:'0'2782)-A(15:'0'2792) trans S/H>
#  Matched base-stacking interactions: 

>>>>>>>>>>   ALIGNMENT ENDS   >>>>>>>>>>

<<<<<<<<<<  ALIGNMENT BEGINS  <<<<<<<<<<

#  Aligning k-turn_consensus and 4v9f_0:1757-1763_1764-1771_2009-2011:
#  Alignment score:  24.6
#  P-value:  1.000e+00
#  Query aligned region: 1-1,11-11
#  Target aligned region: 0:'0'1765-0:'0'1765,14:'0'1779-14:'0'1779

	G...A
	G...A

#  Matched base-pairing interactions: 
	<G(1:)-A(11:) trans S/H>                       MATCHES	<G(0:'0'1765)-A(14:'0'1779) trans S/H>
#  Matched base-stacking interactions: 

>>>>>>>>>>   ALIGNMENT ENDS   >>>>>>>>>>

<<<<<<<<<<  ALIGNMENT BEGINS  <<<<<<<<<<

#  Aligning k-turn_consensus and 4v9f_0:1591-1598_1581-1588:
#  Alignment score:  24.6
#  P-value:  1.000e+00
#  Query aligned region: 1-1,11-11
#  Target aligned region: 6:'0'1605-6:'0'1605,9:'0'1590-9:'0'1590

	G...A
	G...A

#  Matched base-pairing interactions: 
	<G(1:)-A(11:) trans S/H>                       MATCHES	<G(6:'0'1605)-A(9:'0'1590) trans S/H>
#  Matched base-stacking interactions: 

>>>>>>>>>>   ALIGNMENT ENDS   >>>>>>>>>>

<<<<<<<<<<  ALIGNMENT BEGINS  <<<<<<<<<<

#  Aligning k-turn_consensus and 4v9f_0:1581-1588_1591-1598:
#  Alignment score:  24.6
#  P-value:  1.000e+00
#  Query aligned region: 1-1,11-11
#  Target aligned region: 0:'0'1589-0:'0'1589,15:'0'1606-15:'0'1606

	G...A
	G...A

#  Matched base-pairing interactions: 
	<G(1:)-A(11:) trans S/H>                       MATCHES	<G(0:'0'1589)-A(15:'0'1606) trans S/H>
#  Matched base-stacking interactions: 

>>>>>>>>>>   ALIGNMENT ENDS   >>>>>>>>>>

<<<<<<<<<<  ALIGNMENT BEGINS  <<<<<<<<<<

#  Aligning k-turn_consensus and 4v9f_0:1563-1571_1609-1618_1503-1504:
#  Alignment score:  24.6
#  P-value:  1.000e+00
#  Query aligned region: 1-1,11-11
#  Target aligned region: 0:'0'1571-0:'0'1571,18:'0'1626-18:'0'1626

	G...A
	G...A

#  Matched base-pairing interactions: 
	<G(1:)-A(11:) trans S/H>                       MATCHES	<G(0:'0'1571)-A(18:'0'1626) trans S/H>
#  Matched base-stacking interactions: 

>>>>>>>>>>   ALIGNMENT ENDS   >>>>>>>>>>

<<<<<<<<<<  ALIGNMENT BEGINS  <<<<<<<<<<

#  Aligning k-turn_consensus and 4v9f_0:151-156_884-885_163-169:
#  Alignment score:  24.2
#  P-value:  1.000e+00
#  Query aligned region: 3-3,6-9
#  Target aligned region: 2:'0'161-2:'0'161,6:'0'892-6:'0'892,11:'0'174-11:'0'174

	A...G~G
	A...G~A

#  Matched base-pairing interactions: 
	<A(3:)-G(6:) trans S/S>                        MATCHES	<A(2:'0'161)-G(6:'0'892) trans S/S>
	<A(3:)-G(9:) trans H/S>                        MATCHES	<A(2:'0'161)-A(11:'0'174) trans H/H>
#  Matched base-stacking interactions: 

>>>>>>>>>>   ALIGNMENT ENDS   >>>>>>>>>>

<<<<<<<<<<  ALIGNMENT BEGINS  <<<<<<<<<<

#  Aligning k-turn_consensus and 4v9f_0:2267-2272_913-916_156-163:
#  Alignment score:  24.2
#  P-value:  1.000e+00
#  Query aligned region: 1-1,11-11
#  Target aligned region: 5:'0'2280-5:'0'2280,7:'0'922-7:'0'922

	G...A
	A...A

#  Matched base-pairing interactions: 
	<G(1:)-A(11:) trans S/H>                       MATCHES	<A(5:'0'2280)-A(7:'0'922) trans S/H>
#  Matched base-stacking interactions: 

>>>>>>>>>>   ALIGNMENT ENDS   >>>>>>>>>>

<<<<<<<<<<  ALIGNMENT BEGINS  <<<<<<<<<<

#  Aligning k-turn_consensus and 4v9f_0:1124-1130_2490-2493_1217-1223:
#  Alignment score:  24.2
#  P-value:  1.000e+00
#  Query aligned region: 3-3,6-9
#  Target aligned region: 1:'0'1133-1:'0'1133,9:'0'2500-9:'0'2500,15:'0'1229-15:'0'1229

	A...G~G
	A...C~C

#  Matched base-pairing interactions: 
	<A(3:)-G(9:) trans H/S>                        MATCHES	<A(1:'0'1133)-C(15:'0'1229) trans H/S>
	<A(3:)-G(6:) trans S/S>                        MATCHES	<A(1:'0'1133)-C(9:'0'2500) trans W/S>
#  Matched base-stacking interactions: 

>>>>>>>>>>   ALIGNMENT ENDS   >>>>>>>>>>

<<<<<<<<<<  ALIGNMENT BEGINS  <<<<<<<<<<

#  Aligning k-turn_consensus and 4v9f_0:163-169_151-156_884-885:
#  Alignment score:  23.8
#  P-value:  1.000e+00
#  Query aligned region: 1-1,11-11
#  Target aligned region: 10:'0'162-10:'0'162,14:'0'893-14:'0'893

	G...A
	C...C

#  Matched base-pairing interactions: 
	<G(1:)-A(11:) trans S/H>                       MATCHES	<C(10:'0'162)-C(14:'0'893) trans S/H>
#  Matched base-stacking interactions: 

>>>>>>>>>>   ALIGNMENT ENDS   >>>>>>>>>>

<<<<<<<<<<  ALIGNMENT BEGINS  <<<<<<<<<<

#  Aligning k-turn_consensus and 4v9f_0:884-885_151-156_163-169:
#  Alignment score:  23.8
#  P-value:  1.000e+00
#  Query aligned region: 1-1,11-11
#  Target aligned region: 2:'0'159-2:'0'159,14:'0'177-14:'0'177

	G...A
	G...A

#  Matched base-pairing interactions: 
	<G(1:)-A(11:) trans S/H>                       MATCHES	<G(2:'0'159)-A(14:'0'177) trans S/H>
#  Matched base-stacking interactions: 

>>>>>>>>>>   ALIGNMENT ENDS   >>>>>>>>>>

<<<<<<<<<<  ALIGNMENT BEGINS  <<<<<<<<<<

#  Aligning k-turn_consensus and 4v9f_0:2765-2772_2566-2570_2786-2793:
#  Alignment score:  23.8
#  P-value:  1.000e+00
#  Query aligned region: 3-3,6-9
#  Target aligned region: 3:'0'2776-3:'0'2776,8:'0'2574-8:'0'2574,17:'0'2798-17:'0'2798

	A...G~G
	A...G~G

#  Matched base-pairing interactions: 
	<A(3:)-G(9:) trans H/S>                        MATCHES	<A(3:'0'2776)-G(17:'0'2798) trans H/S>
	<A(3:)-G(6:) trans S/S>                        MATCHES	<A(3:'0'2776)-G(8:'0'2574) cis S/S>
#  Matched base-stacking interactions: 

>>>>>>>>>>   ALIGNMENT ENDS   >>>>>>>>>>

<<<<<<<<<<  ALIGNMENT BEGINS  <<<<<<<<<<

#  Aligning k-turn_consensus and 4v9f_0:1767-1772_1752-1760:
#  Alignment score:  23.8
#  P-value:  1.000e+00
#  Query aligned region: 1-1,11-11
#  Target aligned region: 0:'0'1775-0:'0'1775,14:'0'1768-14:'0'1768

	G...A
	A...C

#  Matched base-pairing interactions: 
	<G(1:)-A(11:) trans S/H>                       MATCHES	<A(0:'0'1775)-C(14:'0'1768) trans S/H>
#  Matched base-stacking interactions: 

>>>>>>>>>>   ALIGNMENT ENDS   >>>>>>>>>>

<<<<<<<<<<  ALIGNMENT BEGINS  <<<<<<<<<<

#  Aligning k-turn_consensus and 4v9f_0:15-20_1310-1311_508-511:
#  Alignment score:  23.8
#  P-value:  1.000e+00
#  Query aligned region: 1-1,11-11
#  Target aligned region: 1:'0'24-1:'0'24,11:'0'519-11:'0'519

	G...A
	G...A

#  Matched base-pairing interactions: 
	<G(1:)-A(11:) trans S/H>                       MATCHES	<G(1:'0'24)-A(11:'0'519) trans S/H>
#  Matched base-stacking interactions: 

>>>>>>>>>>   ALIGNMENT ENDS   >>>>>>>>>>

<<<<<<<<<<  ALIGNMENT BEGINS  <<<<<<<<<<

#  Aligning k-turn_consensus and 4v9f_0:1356-1363_510-514_13-17:
#  Alignment score:  23.8
#  P-value:  1.000e+00
#  Query aligned region: 1-1,11-11
#  Target aligned region: 8:'0'518-8:'0'518,17:'0'25-17:'0'25

	G...A
	G...A

#  Matched base-pairing interactions: 
	<G(1:)-A(11:) trans S/H>                       MATCHES	<G(8:'0'518)-A(17:'0'25) trans S/H>
#  Matched base-stacking interactions: 

>>>>>>>>>>   ALIGNMENT ENDS   >>>>>>>>>>

<<<<<<<<<<  ALIGNMENT BEGINS  <<<<<<<<<<

#  Aligning k-turn_consensus and 4v9f_0:452-461_443-450_464-469:
#  Alignment score:  23.8
#  P-value:  1.000e+00
#  Query aligned region: 3-3,6-9
#  Target aligned region: 3:'0'463-3:'0'463,17:'0'458-17:'0'458,23:'0'477-23:'0'477

	A...G~G
	A...G~A

#  Matched base-pairing interactions: 
	<A(3:)-G(6:) trans S/S>                        MATCHES	<A(3:'0'463)-G(17:'0'458) trans S/S>
	<A(3:)-G(9:) trans H/S>                        MATCHES	<A(3:'0'463)-A(23:'0'477) trans H/H>
#  Matched base-stacking interactions: 

>>>>>>>>>>   ALIGNMENT ENDS   >>>>>>>>>>

<<<<<<<<<<  ALIGNMENT BEGINS  <<<<<<<<<<

#  Aligning k-turn_consensus and 4v9f_0:1423-1424_1360-1366_2043-2048:
#  Alignment score:  23.8
#  P-value:  1.000e+00
#  Query aligned region: 1-1,11-11
#  Target aligned region: 2:'0'1368-2:'0'1368,14:'0'2056-14:'0'2056

	G...A
	U...C

#  Matched base-pairing interactions: 
	<G(1:)-A(11:) trans S/H>                       MATCHES	<U(2:'0'1368)-C(14:'0'2056) trans S/H>
#  Matched base-stacking interactions: 

>>>>>>>>>>   ALIGNMENT ENDS   >>>>>>>>>>

<<<<<<<<<<  ALIGNMENT BEGINS  <<<<<<<<<<

#  Aligning k-turn_consensus and 4v9f_0:2886-2888_2717-2724_2742-2749:
#  Alignment score:  23.8
#  P-value:  1.000e+00
#  Query aligned region: 1-1,11-11
#  Target aligned region: 3:'0'2725-3:'0'2725,18:'0'2757-18:'0'2757

	G...A
	G...A

#  Matched base-pairing interactions: 
	<G(1:)-A(11:) trans S/H>                       MATCHES	<G(3:'0'2725)-A(18:'0'2757) trans S/H>
#  Matched base-stacking interactions: 

>>>>>>>>>>   ALIGNMENT ENDS   >>>>>>>>>>

<<<<<<<<<<  ALIGNMENT BEGINS  <<<<<<<<<<

#  Aligning k-turn_consensus and 4v9f_0:1535-1544_1626-1634:
#  Alignment score:  23.8
#  P-value:  1.000e+00
#  Query aligned region: 1-1,11-11
#  Target aligned region: 0:'0'1543-0:'0'1543,18:'0'1642-18:'0'1642

	G...A
	G...A

#  Matched base-pairing interactions: 
	<G(1:)-A(11:) trans S/H>                       MATCHES	<G(0:'0'1543)-A(18:'0'1642) trans S/H>
#  Matched base-stacking interactions: 

>>>>>>>>>>   ALIGNMENT ENDS   >>>>>>>>>>

<<<<<<<<<<  ALIGNMENT BEGINS  <<<<<<<<<<

#  Aligning k-turn_consensus and 4v9f_0:1503-1506_1478-1486_1440-1448:
#  Alignment score:  23.4
#  P-value:  1.000e+00
#  Query aligned region: 0-1,11-12
#  Target aligned region: 8:'0'1490-9:'0'1491,19:'0'1454-20:'0'1455

	GG...AC
	GG...UC

#  Matched base-pairing interactions: 
	<G(1:)-A(11:) trans S/H>                       MATCHES	<G(9:'0'1491)-U(19:'0'1454) trans S/H>
	<G(0:)-C(12:) cis W/W>                         MATCHES	<G(8:'0'1490)-C(20:'0'1455) cis W/W>
#  Matched base-stacking interactions: 

>>>>>>>>>>   ALIGNMENT ENDS   >>>>>>>>>>

<<<<<<<<<<  ALIGNMENT BEGINS  <<<<<<<<<<

#  Aligning k-turn_consensus and 4v9f_0:837-843_822-830_833-836:
#  Alignment score:  23.4
#  P-value:  1.000e+00
#  Query aligned region: 1-1,11-11
#  Target aligned region: 15:'0'838-15:'0'838,18:'0'843-18:'0'843

	G...A
	C...A

#  Matched base-pairing interactions: 
	<G(1:)-A(11:) trans S/H>                       MATCHES	<C(15:'0'838)-A(18:'0'843) trans S/H>
#  Matched base-stacking interactions: 

>>>>>>>>>>   ALIGNMENT ENDS   >>>>>>>>>>

<<<<<<<<<<  ALIGNMENT BEGINS  <<<<<<<<<<

#  Aligning k-turn_consensus and 4v9f_0:416-421_400-408_184-195:
#  Alignment score:  23.3
#  P-value:  1.000e+00
#  Query aligned region: 0-1,11-12
#  Target aligned region: 18:'0'195-24:'0'201

	GG...A-C
	CG...ACG

#  Matched base-pairing interactions: 
	<G(0:)-C(12:) cis W/W>                         MATCHES	<C(18:'0'195)-G(24:'0'201) cis W/W>
	<G(1:)-A(11:) trans S/H>                       MATCHES	<G(19:'0'196)-A(22:'0'199) trans S/H>
#  Matched base-stacking interactions: 

>>>>>>>>>>   ALIGNMENT ENDS   >>>>>>>>>>

<<<<<<<<<<  ALIGNMENT BEGINS  <<<<<<<<<<

#  Aligning k-turn_consensus and 4v9f_0:2621-2626_2462-2464_2106-2110:
#  Alignment score:  23
#  P-value:  1.000e+00
#  Query aligned region: 3-3,6-9
#  Target aligned region: 4:'0'2633-4:'0'2633,7:'0'2471-7:'0'2471,9:'0'2114-9:'0'2114

	A...G~G
	A...G~C

#  Matched base-pairing interactions: 
	<A(3:)-G(6:) trans S/S>                        MATCHES	<A(4:'0'2633)-G(7:'0'2471) trans S/S>
	<A(3:)-G(9:) trans H/S>                        MATCHES	<A(4:'0'2633)-C(9:'0'2114) cis S/S>
#  Matched base-stacking interactions: 

>>>>>>>>>>   ALIGNMENT ENDS   >>>>>>>>>>

<<<<<<<<<<  ALIGNMENT BEGINS  <<<<<<<<<<

#  Aligning k-turn_consensus and 4v9f_0:1963-1970_2005-2007_1994-2002:
#  Alignment score:  23
#  P-value:  1.000e+00
#  Query aligned region: 3-3,6-9
#  Target aligned region: 2:'0'1973-2:'0'1973,9:'0'2014-9:'0'2014,18:'0'2009-18:'0'2009

	A...G~G
	A...G~G

#  Matched base-pairing interactions: 
	<A(3:)-G(9:) trans H/S>                        MATCHES	<A(2:'0'1973)-G(18:'0'2009) trans H/S>
	<A(3:)-G(6:) trans S/S>                        MATCHES	<A(2:'0'1973)-G(9:'0'2014) trans W/S>
#  Matched base-stacking interactions: 

>>>>>>>>>>   ALIGNMENT ENDS   >>>>>>>>>>

<<<<<<<<<<  ALIGNMENT BEGINS  <<<<<<<<<<

#  Aligning k-turn_consensus and 4v9f_0:1982-1990_2574-2578_2584-2588:
#  Alignment score:  22.6
#  P-value:  1.000e+00
#  Query aligned region: 3-3,6-9
#  Target aligned region: 4:'0'1994-4:'0'1994,11:'0'2584-11:'0'2584,16:'0'2594-16:'0'2594

	A...G~G
	A...G~C

#  Matched base-pairing interactions: 
	<A(3:)-G(6:) trans S/S>                        MATCHES	<A(4:'0'1994)-G(11:'0'2584) trans S/S>
	<A(3:)-G(9:) trans H/S>                        MATCHES	<A(4:'0'1994)-C(16:'0'2594) cis S/S>
#  Matched base-stacking interactions: 

>>>>>>>>>>   ALIGNMENT ENDS   >>>>>>>>>>

<<<<<<<<<<  ALIGNMENT BEGINS  <<<<<<<<<<

#  Aligning k-turn_consensus and 4v9f_0:893-897_633-637_1345-1352:
#  Alignment score:  22.5
#  P-value:  1.000e+00
#  Query aligned region: 0-1,11-12
#  Target aligned region: 5:'0'641-6:'0'642,15:'0'1358-17:'0'1360

	GG...A-C
	GG...AUC

#  Matched base-pairing interactions: 
	<G(0:)-C(12:) cis W/W>                         MATCHES	<G(5:'0'641)-C(17:'0'1360) cis W/W>
	<G(1:)-A(11:) trans S/H>                       MATCHES	<G(6:'0'642)-A(15:'0'1358) trans S/H>
#  Matched base-stacking interactions: 

>>>>>>>>>>   ALIGNMENT ENDS   >>>>>>>>>>

<<<<<<<<<<  ALIGNMENT BEGINS  <<<<<<<<<<

#  Aligning k-turn_consensus and 4v9f_0:929-930_697-704_708-715:
#  Alignment score:  22.4
#  P-value:  1.000e+00
#  Query aligned region: 0-1,11-12
#  Target aligned region: 2:'0'705-3:'0'706,16:'0'722-17:'0'723

	GG...AC
	CG...GG

#  Matched base-pairing interactions: 
	<G(1:)-A(11:) trans S/H>                       MATCHES	<G(3:'0'706)-G(16:'0'722) trans S/H>
	<G(0:)-C(12:) cis W/W>                         MATCHES	<C(2:'0'705)-G(17:'0'723) cis W/W>
#  Matched base-stacking interactions: 

>>>>>>>>>>   ALIGNMENT ENDS   >>>>>>>>>>

<<<<<<<<<<  ALIGNMENT BEGINS  <<<<<<<<<<

#  Aligning k-turn_consensus and 4v9f_0:2665-2671_2798-2806_2653-2654:
#  Alignment score:  22.2
#  P-value:  1.000e+00
#  Query aligned region: 1-1,11-11
#  Target aligned region: 1:'0'2674-1:'0'2674,14:'0'2813-14:'0'2813

	G...A
	G...A

#  Matched base-pairing interactions: 
	<G(1:)-A(11:) trans S/H>                       MATCHES	<G(1:'0'2674)-A(14:'0'2813) trans S/H>
#  Matched base-stacking interactions: 

>>>>>>>>>>   ALIGNMENT ENDS   >>>>>>>>>>

<<<<<<<<<<  ALIGNMENT BEGINS  <<<<<<<<<<

#  Aligning k-turn_consensus and 4v9f_0:16-20_495-510_473-481:
#  Alignment score:  22.2
#  P-value:  1.000e+00
#  Query aligned region: 1-1,11-11
#  Target aligned region: 5:'0'503-5:'0'503,29:'0'489-29:'0'489

	G...A
	G...A

#  Matched base-pairing interactions: 
	<G(1:)-A(11:) trans S/H>                       MATCHES	<G(5:'0'503)-A(29:'0'489) trans S/H>
#  Matched base-stacking interactions: 

>>>>>>>>>>   ALIGNMENT ENDS   >>>>>>>>>>

<<<<<<<<<<  ALIGNMENT BEGINS  <<<<<<<<<<

#  Aligning k-turn_consensus and 4v9f_0:113-116_35-44_100-108:
#  Alignment score:  22.2
#  P-value:  1.000e+00
#  Query aligned region: 1-1,11-11
#  Target aligned region: 8:'0'47-8:'0'47,19:'0'113-19:'0'113

	G...A
	G...A

#  Matched base-pairing interactions: 
	<G(1:)-A(11:) trans S/H>                       MATCHES	<G(8:'0'47)-A(19:'0'113) trans S/H>
#  Matched base-stacking interactions: 

>>>>>>>>>>   ALIGNMENT ENDS   >>>>>>>>>>

<<<<<<<<<<  ALIGNMENT BEGINS  <<<<<<<<<<

#  Aligning k-turn_consensus and 4v9f_0:252-259_236-241:
#  Alignment score:  22.2
#  P-value:  1.000e+00
#  Query aligned region: 1-1,11-11
#  Target aligned region: 4:'0'264-4:'0'264,11:'0'247-11:'0'247

	G...A
	G...A

#  Matched base-pairing interactions: 
	<G(1:)-A(11:) trans S/H>                       MATCHES	<G(4:'0'264)-A(11:'0'247) trans S/H>
#  Matched base-stacking interactions: 

>>>>>>>>>>   ALIGNMENT ENDS   >>>>>>>>>>

<<<<<<<<<<  ALIGNMENT BEGINS  <<<<<<<<<<

#  Aligning k-turn_consensus and 4v9f_0:2233-2241_2245-2252_2125-2127:
#  Alignment score:  22
#  P-value:  1.000e+00
#  Query aligned region: 3-3,6-9
#  Target aligned region: 3:'0'2244-4:'0'2245,13:'0'2257-13:'0'2257

	A...G~G
	A...C~G

#  Matched base-pairing interactions: 
	<A(3:)-G(9:) trans H/S>                        MATCHES	<A(3:'0'2244)-G(13:'0'2257) trans H/S>
	<A(3:)-G(6:) trans S/S>                        MATCHES	<A(3:'0'2244)-C(4:'0'2245) cis -/->
#  Matched base-stacking interactions: 

>>>>>>>>>>   ALIGNMENT ENDS   >>>>>>>>>>

<<<<<<<<<<  ALIGNMENT BEGINS  <<<<<<<<<<

#  Aligning k-turn_consensus and 4v9f_0:2076-2077_522-524_2-5:
#  Alignment score:  22
#  P-value:  1.000e+00
#  Query aligned region: 0-1,11-12
#  Target aligned region: 2:'0'530-3:'0'531,7:'0'12-8:'0'13

	GG...AC
	CG...UG

#  Matched base-pairing interactions: 
	<G(1:)-A(11:) trans S/H>                       MATCHES	<G(3:'0'531)-U(7:'0'12) trans S/H>
	<G(0:)-C(12:) cis W/W>                         MATCHES	<C(2:'0'530)-G(8:'0'13) cis W/W>
#  Matched base-stacking interactions: 

>>>>>>>>>>   ALIGNMENT ENDS   >>>>>>>>>>

<<<<<<<<<<  ALIGNMENT BEGINS  <<<<<<<<<<

#  Aligning k-turn_consensus and 4v9f_0:2289-2293_2294-2303_998-999:
#  Alignment score:  21.5
#  P-value:  1.000e+00
#  Query aligned region: 3-3,6-9
#  Target aligned region: 4:'0'2301-4:'0'2301,5:'0'2302-9:'0'2306

	A...G-AAG
	A...AAGAU

#  Matched base-pairing interactions: 
	<A(3:)-G(6:) trans S/S>                        MATCHES	<A(4:'0'2301)-A(5:'0'2302) trans S/S>
	<A(3:)-G(9:) trans H/S>                        MATCHES	<A(4:'0'2301)-U(9:'0'2306) trans W/W>
#  Matched base-stacking interactions: 

>>>>>>>>>>   ALIGNMENT ENDS   >>>>>>>>>>

<<<<<<<<<<  ALIGNMENT BEGINS  <<<<<<<<<<

#  Aligning k-turn_consensus and 4v9f_0:1304-1311_1330-1335_308-309:
#  Alignment score:  21.4
#  P-value:  1.000e+00
#  Query aligned region: 1-1,11-11
#  Target aligned region: 4:'0'1316-4:'0'1316,11:'0'1341-11:'0'1341

	G...A
	G...A

#  Matched base-pairing interactions: 
	<G(1:)-A(11:) trans S/H>                       MATCHES	<G(4:'0'1316)-A(11:'0'1341) trans S/H>
#  Matched base-stacking interactions: 

>>>>>>>>>>   ALIGNMENT ENDS   >>>>>>>>>>

<<<<<<<<<<  ALIGNMENT BEGINS  <<<<<<<<<<

#  Aligning k-turn_consensus and 4v9f_0:1018-1026_928-932:
#  Alignment score:  21.4
#  P-value:  1.000e+00
#  Query aligned region: 1-1,11-11
#  Target aligned region: 5:'0'1031-5:'0'1031,12:'0'939-12:'0'939

	G...A
	G...A

#  Matched base-pairing interactions: 
	<G(1:)-A(11:) trans S/H>                       MATCHES	<G(5:'0'1031)-A(12:'0'939) trans S/H>
#  Matched base-stacking interactions: 

>>>>>>>>>>   ALIGNMENT ENDS   >>>>>>>>>>

<<<<<<<<<<  ALIGNMENT BEGINS  <<<<<<<<<<

#  Aligning k-turn_consensus and 4v9f_0:2778-2789_2769-2777_1145-1146:
#  Alignment score:  21.4
#  P-value:  1.000e+00
#  Query aligned region: 1-1,11-11
#  Target aligned region: 4:'0'2790-4:'0'2790,15:'0'2780-15:'0'2780

	G...A
	C...C

#  Matched base-pairing interactions: 
	<G(1:)-A(11:) trans S/H>                       MATCHES	<C(4:'0'2790)-C(15:'0'2780) trans S/H>
#  Matched base-stacking interactions: 

>>>>>>>>>>   ALIGNMENT ENDS   >>>>>>>>>>

<<<<<<<<<<  ALIGNMENT BEGINS  <<<<<<<<<<

#  Aligning k-turn_consensus and 4v9f_0:2814-2824_2900-2907_2658-2660:
#  Alignment score:  21.4
#  P-value:  1.000e+00
#  Query aligned region: 3-3,6-9
#  Target aligned region: 17:'0'2914-18:'0'2915,19:'0'2666-19:'0'2666

	A...G~G
	A...A~U

#  Matched base-pairing interactions: 
	<A(3:)-G(6:) trans S/S>                        MATCHES	<A(17:'0'2914)-A(18:'0'2915) trans S/S>
	<A(3:)-G(9:) trans H/S>                        MATCHES	<A(17:'0'2914)-U(19:'0'2666) cis S/S>
#  Matched base-stacking interactions: 

>>>>>>>>>>   ALIGNMENT ENDS   >>>>>>>>>>

<<<<<<<<<<  ALIGNMENT BEGINS  <<<<<<<<<<

#  Aligning k-turn_consensus and 4v9f_0:2009-2013_1758-1768_1819-1821:
#  Alignment score:  21.2
#  P-value:  1.000e+00
#  Query aligned region: 3-3,6-9
#  Target aligned region: 2:'0'2019-2:'0'2019,14:'0'1775-14:'0'1775,18:'0'1829-18:'0'1829

	A...G~G
	A...A~A

#  Matched base-pairing interactions: 
	<A(3:)-G(6:) trans S/S>                        MATCHES	<A(2:'0'2019)-A(14:'0'1775) trans S/S>
	<A(3:)-G(9:) trans H/S>                        MATCHES	<A(2:'0'2019)-A(18:'0'1829) cis -/->
#  Matched base-stacking interactions: 

>>>>>>>>>>   ALIGNMENT ENDS   >>>>>>>>>>

<<<<<<<<<<  ALIGNMENT BEGINS  <<<<<<<<<<

#  Aligning k-turn_consensus and 4v9f_0:2309-2310_2349-2358_2413-2420:
#  Alignment score:  21
#  P-value:  1.000e+00
#  Query aligned region: 1-1,11-11
#  Target aligned region: 5:'0'2360-5:'0'2360,16:'0'2425-16:'0'2425

	G...A
	C...A

#  Matched base-pairing interactions: 
	<G(1:)-A(11:) trans S/H>                       MATCHES	<C(5:'0'2360)-A(16:'0'2425) trans S/H>
#  Matched base-stacking interactions: 

>>>>>>>>>>   ALIGNMENT ENDS   >>>>>>>>>>

<<<<<<<<<<  ALIGNMENT BEGINS  <<<<<<<<<<

#  Aligning k-turn_consensus and 4v9f_0:1733-1744_2023-2030:
#  Alignment score:  21
#  P-value:  1.000e+00
#  Query aligned region: 0-1,11-12
#  Target aligned region: 3:'0'1744-4:'0'1745,15:'0'2034-16:'0'2035

	GG...AC
	GG...UC

#  Matched base-pairing interactions: 
	<G(1:)-A(11:) trans S/H>                       MATCHES	<G(4:'0'1745)-U(15:'0'2034) trans S/H>
	<G(0:)-C(12:) cis W/W>                         MATCHES	<G(3:'0'1744)-C(16:'0'2035) cis W/W>
#  Matched base-stacking interactions: 

>>>>>>>>>>   ALIGNMENT ENDS   >>>>>>>>>>

<<<<<<<<<<  ALIGNMENT BEGINS  <<<<<<<<<<

#  Aligning k-turn_consensus and 4v9f_0:2521-2523_1046-1052:
#  Alignment score:  20.9
#  P-value:  1.000e+00
#  Query aligned region: 0-1,11-12
#  Target aligned region: 3:'0'1054-9:'0'1060

	GG...A-C
	GG...AGC

#  Matched base-pairing interactions: 
	<G(0:)-C(12:) cis W/W>                         MATCHES	<G(3:'0'1054)-C(9:'0'1060) cis W/W>
	<G(1:)-A(11:) trans S/H>                       MATCHES	<G(4:'0'1055)-A(7:'0'1058) trans S/H>
#  Matched base-stacking interactions: 

>>>>>>>>>>   ALIGNMENT ENDS   >>>>>>>>>>

<<<<<<<<<<  ALIGNMENT BEGINS  <<<<<<<<<<

#  Aligning k-turn_consensus and 4v9f_0:2818-2825_2898-2906_2658-2660:
#  Alignment score:  20.6
#  P-value:  1.000e+00
#  Query aligned region: 1-1,11-11
#  Target aligned region: 0:'0'2826-0:'0'2826,16:'0'2914-16:'0'2914

	G...A
	G...A

#  Matched base-pairing interactions: 
	<G(1:)-A(11:) trans S/H>                       MATCHES	<G(0:'0'2826)-A(16:'0'2914) trans S/H>
#  Matched base-stacking interactions: 

>>>>>>>>>>   ALIGNMENT ENDS   >>>>>>>>>>

<<<<<<<<<<  ALIGNMENT BEGINS  <<<<<<<<<<

#  Aligning k-turn_consensus and 4v9f_0:1139-1147_1204-1208:
#  Alignment score:  20.6
#  P-value:  1.000e+00
#  Query aligned region: 1-1,11-11
#  Target aligned region: 4:'0'1151-4:'0'1151,12:'0'1215-12:'0'1215

	G...A
	G...A

#  Matched base-pairing interactions: 
	<G(1:)-A(11:) trans S/H>                       MATCHES	<G(4:'0'1151)-A(12:'0'1215) trans S/H>
#  Matched base-stacking interactions: 

>>>>>>>>>>   ALIGNMENT ENDS   >>>>>>>>>>

<<<<<<<<<<  ALIGNMENT BEGINS  <<<<<<<<<<

#  Aligning k-turn_consensus and 4v9f_0:1957-1964_1932-1939_1882-1889:
#  Alignment score:  20.2
#  P-value:  1.000e+00
#  Query aligned region: 3-3,6-9
#  Target aligned region: 4:'0'1969-4:'0'1969,13:'0'1945-13:'0'1945,18:'0'1892-18:'0'1892

	A...G~G
	A...G~C

#  Matched base-pairing interactions: 
	<A(3:)-G(6:) trans S/S>                        MATCHES	<A(4:'0'1969)-G(13:'0'1945) trans S/S>
	<A(3:)-G(9:) trans H/S>                        MATCHES	<A(4:'0'1969)-C(18:'0'1892) cis S/S>
#  Matched base-stacking interactions: 

>>>>>>>>>>   ALIGNMENT ENDS   >>>>>>>>>>

<<<<<<<<<<  ALIGNMENT BEGINS  <<<<<<<<<<

#  Aligning k-turn_consensus and 4v9f_0:139-146_174-179_33-36:
#  Alignment score:  19.8
#  P-value:  1.000e+00
#  Query aligned region: 0-1,11-12
#  Target aligned region: 2:'0'149-3:'0'150,11:'0'185-11:'0'185,15:'0'42-15:'0'42

	GG...A~C
	GG...G~C

#  Matched base-pairing interactions: 
	<G(0:)-C(12:) cis W/W>                         MATCHES	<G(2:'0'149)-C(15:'0'42) cis W/W>
	<G(1:)-A(11:) trans S/H>                       MATCHES	<G(3:'0'150)-G(11:'0'185) trans S/H>
#  Matched base-stacking interactions: 

>>>>>>>>>>   ALIGNMENT ENDS   >>>>>>>>>>

<<<<<<<<<<  ALIGNMENT BEGINS  <<<<<<<<<<

#  Aligning k-turn_consensus and 4v9f_0:1484-1491_1439-1443_1495-1506:
#  Alignment score:  19.4
#  P-value:  1.000e+00
#  Query aligned region: 3-3,6-9
#  Target aligned region: 1:'0'1493-1:'0'1493,10:'0'1449-10:'0'1449,23:'0'1513-23:'0'1513

	A...G~G
	A...G~C

#  Matched base-pairing interactions: 
	<A(3:)-G(6:) trans S/S>                        MATCHES	<A(1:'0'1493)-G(10:'0'1449) trans S/S>
	<A(3:)-G(9:) trans H/S>                        MATCHES	<A(1:'0'1493)-C(23:'0'1513) cis S/S>
#  Matched base-stacking interactions: 

>>>>>>>>>>   ALIGNMENT ENDS   >>>>>>>>>>

<<<<<<<<<<  ALIGNMENT BEGINS  <<<<<<<<<<

#  Aligning k-turn_consensus and 4v9f_0:232-235_265-272_361-371:
#  Alignment score:  19
#  P-value:  1.000e+00
#  Query aligned region: 3-3,6-9
#  Target aligned region: 3:'0'243-3:'0'243,5:'0'274-5:'0'274,19:'0'376-19:'0'376

	A...G~G
	A...G~C

#  Matched base-pairing interactions: 
	<A(3:)-G(6:) trans S/S>                        MATCHES	<A(3:'0'243)-G(5:'0'274) trans S/S>
	<A(3:)-G(9:) trans H/S>                        MATCHES	<A(3:'0'243)-C(19:'0'376) cis S/S>
#  Matched base-stacking interactions: 

>>>>>>>>>>   ALIGNMENT ENDS   >>>>>>>>>>

<<<<<<<<<<  ALIGNMENT BEGINS  <<<<<<<<<<

#  Aligning k-turn_consensus and 4v9f_0:2587-2594_2569-2575_2547-2549:
#  Alignment score:  18.2
#  P-value:  1.000e+00
#  Query aligned region: 3-3,6-9
#  Target aligned region: 5:'0'2600-5:'0'2600,11:'0'2580-11:'0'2580,15:'0'2555-15:'0'2555

	A...G~G
	A...G~C

#  Matched base-pairing interactions: 
	<A(3:)-G(6:) trans S/S>                        MATCHES	<A(5:'0'2600)-G(11:'0'2580) trans S/S>
	<A(3:)-G(9:) trans H/S>                        MATCHES	<A(5:'0'2600)-C(15:'0'2555) cis S/S>
#  Matched base-stacking interactions: 

>>>>>>>>>>   ALIGNMENT ENDS   >>>>>>>>>>

<<<<<<<<<<  ALIGNMENT BEGINS  <<<<<<<<<<

#  Aligning k-turn_consensus and 4v9f_0:998-999_2287-2293_2298-2306:
#  Alignment score:  18.1
#  P-value:  1.000e+00
#  Query aligned region: 0-1,11-12
#  Target aligned region: 5:'0'2298-6:'0'2299,11:'0'2308-13:'0'2310

	GG...A-C
	CG...UCG

#  Matched base-pairing interactions: 
	<G(0:)-C(12:) cis W/W>                         MATCHES	<C(5:'0'2298)-G(13:'0'2310) cis W/W>
	<G(1:)-A(11:) trans S/H>                       MATCHES	<G(6:'0'2299)-U(11:'0'2308) trans S/H>
#  Matched base-stacking interactions: 

>>>>>>>>>>   ALIGNMENT ENDS   >>>>>>>>>>

<<<<<<<<<<  ALIGNMENT BEGINS  <<<<<<<<<<

#  Aligning k-turn_consensus and 4v9f_0:1318-1323_1291-1293_897-899:
#  Alignment score:  17.4
#  P-value:  1.000e+00
#  Query aligned region: 3-3,6-9
#  Target aligned region: 4:'0'1330-4:'0'1330,7:'0'1300-7:'0'1300,9:'0'905-9:'0'905

	A...G~G
	A...G~C

#  Matched base-pairing interactions: 
	<A(3:)-G(6:) trans S/S>                        MATCHES	<A(4:'0'1330)-G(7:'0'1300) trans S/S>
	<A(3:)-G(9:) trans H/S>                        MATCHES	<A(4:'0'1330)-C(9:'0'905) cis S/S>
#  Matched base-stacking interactions: 

>>>>>>>>>>   ALIGNMENT ENDS   >>>>>>>>>>

<<<<<<<<<<  ALIGNMENT BEGINS  <<<<<<<<<<

#  Aligning k-turn_consensus and 4v9f_0:944-946_1050-1055_2290-2302:
#  Alignment score:  17.4
#  P-value:  1.000e+00
#  Query aligned region: 1-1,11-11
#  Target aligned region: 8:'0'1063-8:'0'1063,12:'0'2301-12:'0'2301

	G...A
	G...A

#  Matched base-pairing interactions: 
	<G(1:)-A(11:) trans S/H>                       MATCHES	<G(8:'0'1063)-A(12:'0'2301) trans S/H>
#  Matched base-stacking interactions: 

>>>>>>>>>>   ALIGNMENT ENDS   >>>>>>>>>>

<<<<<<<<<<  ALIGNMENT BEGINS  <<<<<<<<<<

#  Aligning k-turn_consensus and 4v9f_0:1098-1102_1088-1097_1246-1251:
#  Alignment score:  17.3
#  P-value:  1.000e+00
#  Query aligned region: 3-3,6-9
#  Target aligned region: 1:'0'1107-1:'0'1107,9:'0'1100-14:'0'1105

	A...G--AAG
	A...GUCCCC

#  Matched base-pairing interactions: 
	<A(3:)-G(6:) trans S/S>                        MATCHES	<A(1:'0'1107)-G(9:'0'1100) trans S/S>
	<A(3:)-G(9:) trans H/S>                        MATCHES	<A(1:'0'1107)-C(14:'0'1105) cis W/S>
#  Matched base-stacking interactions: 

>>>>>>>>>>   ALIGNMENT ENDS   >>>>>>>>>>

<<<<<<<<<<  ALIGNMENT BEGINS  <<<<<<<<<<

#  Aligning k-turn_consensus and 4v9f_0:1444-1448_1678-1689_1478-1483:
#  Alignment score:  15.2
#  P-value:  1.000e+00
#  Query aligned region: 0-1,11-12
#  Target aligned region: 4:'0'1456-4:'0'1456,16:'0'1697-16:'0'1697,19:'0'1488-20:'0'1489

	G~G...AC
	C~G...UG

#  Matched base-pairing interactions: 
	<G(0:)-C(12:) cis W/W>                         MATCHES	<C(4:'0'1456)-G(20:'0'1489) cis W/W>
	<G(1:)-A(11:) trans S/H>                       MATCHES	<G(16:'0'1697)-U(19:'0'1488) trans S/H>
#  Matched base-stacking interactions: 

>>>>>>>>>>   ALIGNMENT ENDS   >>>>>>>>>>

<<<<<<<<<<  ALIGNMENT BEGINS  <<<<<<<<<<

#  Aligning k-turn_consensus and 4v9f_0:2076-2079_2650-2654_2803-2809:
#  Alignment score:  15.1
#  P-value:  1.000e+00
#  Query aligned region: 3-3,6-9
#  Target aligned region: 10:'0'2812-12:'0'2814

	A...GAAG
	A...A--A

#  Matched base-pairing interactions: 
	<A(3:)-G(6:) trans S/S>                        MATCHES	<A(10:'0'2812)-A(11:'0'2813) trans S/S>
	<A(3:)-G(9:) trans H/S>                        MATCHES	<A(10:'0'2812)-A(12:'0'2814) cis H/H>
#  Matched base-stacking interactions: 

>>>>>>>>>>   ALIGNMENT ENDS   >>>>>>>>>>

<<<<<<<<<<  ALIGNMENT BEGINS  <<<<<<<<<<

#  Aligning k-turn_consensus and 4v9f_0:2889-2900_2845-2852_2824-2830:
#  Alignment score:  15
#  P-value:  1.000e+00
#  Query aligned region: 0-1,11-12
#  Target aligned region: 3:'0'2900-4:'0'2901,15:'0'2856-16:'0'2857

	GG...AC
	GC...AC

#  Matched base-pairing interactions: 
	<G(1:)-A(11:) trans S/H>                       MATCHES	<C(4:'0'2901)-A(15:'0'2856) cis W/W>
	<G(0:)-C(12:) cis W/W>                         MATCHES	<G(3:'0'2900)-C(16:'0'2857) cis W/W>
#  Matched base-stacking interactions: 

>>>>>>>>>>   ALIGNMENT ENDS   >>>>>>>>>>

<<<<<<<<<<  ALIGNMENT BEGINS  <<<<<<<<<<

#  Aligning k-turn_consensus and 4v9f_0:1184-1190_1193-1197_1173-1175:
#  Alignment score:  15
#  P-value:  1.000e+00
#  Query aligned region: 0-1,11-12
#  Target aligned region: 4:'0'1196-5:'0'1197,8:'0'1202-9:'0'1203

	GG...AC
	CG...AG

#  Matched base-pairing interactions: 
	<G(1:)-A(11:) trans S/H>                       MATCHES	<G(5:'0'1197)-A(8:'0'1202) cis -/->
	<G(0:)-C(12:) cis W/W>                         MATCHES	<C(4:'0'1196)-G(9:'0'1203) cis W/W>
#  Matched base-stacking interactions: 

>>>>>>>>>>   ALIGNMENT ENDS   >>>>>>>>>>

<<<<<<<<<<  ALIGNMENT BEGINS  <<<<<<<<<<

#  Aligning k-turn_consensus and 4v9f_0:2258-2260_1918-1924_1899-1905:
#  Alignment score:  15
#  P-value:  1.000e+00
#  Query aligned region: 0-1,11-12
#  Target aligned region: 3:'0'1926-4:'0'1927,15:'0'1912-16:'0'1913

	GG...AC
	GA...AC

#  Matched base-pairing interactions: 
	<G(1:)-A(11:) trans S/H>                       MATCHES	<A(4:'0'1927)-A(15:'0'1912) cis W/W>
	<G(0:)-C(12:) cis W/W>                         MATCHES	<G(3:'0'1926)-C(16:'0'1913) cis W/W>
#  Matched base-stacking interactions: 

>>>>>>>>>>   ALIGNMENT ENDS   >>>>>>>>>>

<<<<<<<<<<  ALIGNMENT BEGINS  <<<<<<<<<<

#  Aligning k-turn_consensus and 4v9f_0:2015-2019_1982-1991_1817-1818:
#  Alignment score:  14.8
#  P-value:  1.000e+00
#  Query aligned region: 0-1,11-12
#  Target aligned region: 0:'0'2023-0:'0'2023,7:'0'1992-9:'0'1994,16:'0'1826-16:'0'1826

	G~G...A~C
	G~U...A~C

#  Matched base-pairing interactions: 
	<G(0:)-C(12:) cis W/W>                         MATCHES	<G(0:'0'2023)-C(16:'0'1826) cis W/W>
	<G(1:)-A(11:) trans S/H>                       MATCHES	<U(7:'0'1992)-A(9:'0'1994) trans S/S>
#  Matched base-stacking interactions: 

>>>>>>>>>>   ALIGNMENT ENDS   >>>>>>>>>>

<<<<<<<<<<  ALIGNMENT BEGINS  <<<<<<<<<<

#  Aligning k-turn_consensus and 4v9f_0:272-282_354-361:
#  Alignment score:  14.8
#  P-value:  1.000e+00
#  Query aligned region: 0-1,11-12
#  Target aligned region: 0:'0'280-1:'0'281,17:'0'368-18:'0'369

	GG...AC
	CU...CG

#  Matched base-pairing interactions: 
	<G(1:)-A(11:) trans S/H>                       MATCHES	<U(1:'0'281)-C(17:'0'368) trans W/H>
	<G(0:)-C(12:) cis W/W>                         MATCHES	<C(0:'0'280)-G(18:'0'369) cis W/W>
#  Matched base-stacking interactions: 

>>>>>>>>>>   ALIGNMENT ENDS   >>>>>>>>>>

<<<<<<<<<<  ALIGNMENT BEGINS  <<<<<<<<<<

#  Aligning k-turn_consensus and 4v9f_0:2102-2110_2462-2469_873-877:
#  Alignment score:  14.4
#  P-value:  1.000e+00
#  Query aligned region: 0-1,11-12
#  Target aligned region: 0:'0'2110-1:'0'2111,15:'0'2476-16:'0'2477

	GG...AC
	GG...CC

#  Matched base-pairing interactions: 
	<G(1:)-A(11:) trans S/H>                       MATCHES	<G(1:'0'2111)-C(15:'0'2476) cis W/W>
	<G(0:)-C(12:) cis W/W>                         MATCHES	<G(0:'0'2110)-C(16:'0'2477) cis W/W>
#  Matched base-stacking interactions: 

>>>>>>>>>>   ALIGNMENT ENDS   >>>>>>>>>>

<<<<<<<<<<  ALIGNMENT BEGINS  <<<<<<<<<<

#  Aligning k-turn_consensus and 4v9f_0:1818-1821_1758-1768_2010-2015:
#  Alignment score:  14.4
#  P-value:  1.000e+00
#  Query aligned region: 0-1,11-12
#  Target aligned region: 2:'0'1828-2:'0'1828,9:'0'1771-10:'0'1772,17:'0'2020-17:'0'2020

	G~G...A~C
	G~U...C~C

#  Matched base-pairing interactions: 
	<G(0:)-C(12:) cis W/W>                         MATCHES	<G(2:'0'1828)-C(17:'0'2020) cis W/W>
	<G(1:)-A(11:) trans S/H>                       MATCHES	<U(9:'0'1771)-C(10:'0'1772) cis -/->
#  Matched base-stacking interactions: 

>>>>>>>>>>   ALIGNMENT ENDS   >>>>>>>>>>

<<<<<<<<<<  ALIGNMENT BEGINS  <<<<<<<<<<

#  Aligning k-turn_consensus and 4v9f_0:452-461_464-469_443-450:
#  Alignment score:  14.4
#  P-value:  1.000e+00
#  Query aligned region: 0-1,11-12
#  Target aligned region: 8:'0'468-9:'0'469,10:'0'472-11:'0'473

	GG...AC
	UG...AA

#  Matched base-pairing interactions: 
	<G(1:)-A(11:) trans S/H>                       MATCHES	<G(9:'0'469)-A(10:'0'472) trans W/H>
	<G(0:)-C(12:) cis W/W>                         MATCHES	<U(8:'0'468)-A(11:'0'473) cis W/W>
#  Matched base-stacking interactions: 

>>>>>>>>>>   ALIGNMENT ENDS   >>>>>>>>>>

<<<<<<<<<<  ALIGNMENT BEGINS  <<<<<<<<<<

#  Aligning k-turn_consensus and 4v9f_0:1437-1440_1406-1411_1669-1674:
#  Alignment score:  14.4
#  P-value:  1.000e+00
#  Query aligned region: 0-1,11-12
#  Target aligned region: 5:'0'1415-6:'0'1416,12:'0'1679-13:'0'1680

	GG...AC
	GG...CC

#  Matched base-pairing interactions: 
	<G(1:)-A(11:) trans S/H>                       MATCHES	<G(6:'0'1416)-C(12:'0'1679) cis W/W>
	<G(0:)-C(12:) cis W/W>                         MATCHES	<G(5:'0'1415)-C(13:'0'1680) cis W/W>
#  Matched base-stacking interactions: 

>>>>>>>>>>   ALIGNMENT ENDS   >>>>>>>>>>

<<<<<<<<<<  ALIGNMENT BEGINS  <<<<<<<<<<

#  Aligning k-turn_consensus and 4v9f_0:819-826_840-846:
#  Alignment score:  14.4
#  P-value:  1.000e+00
#  Query aligned region: 0-1,11-12
#  Target aligned region: 6:'0'833-7:'0'834,8:'0'848-9:'0'849

	GG...AC
	GG...CC

#  Matched base-pairing interactions: 
	<G(1:)-A(11:) trans S/H>                       MATCHES	<G(7:'0'834)-C(8:'0'848) cis W/W>
	<G(0:)-C(12:) cis W/W>                         MATCHES	<G(6:'0'833)-C(9:'0'849) cis W/W>
#  Matched base-stacking interactions: 

>>>>>>>>>>   ALIGNMENT ENDS   >>>>>>>>>>

<<<<<<<<<<  ALIGNMENT BEGINS  <<<<<<<<<<

#  Aligning k-turn_consensus and 4v9f_0:2844-2849_2823-2830_2892-2901:
#  Alignment score:  14.2
#  P-value:  1.000e+00
#  Query aligned region: 0-1,11-12
#  Target aligned region: 6:'0'2831-7:'0'2832,22:'0'2908-23:'0'2909

	GG...AC
	CC...AG

#  Matched base-pairing interactions: 
	<G(1:)-A(11:) trans S/H>                       MATCHES	<C(7:'0'2832)-A(22:'0'2908) cis S/W>
	<G(0:)-C(12:) cis W/W>                         MATCHES	<C(6:'0'2831)-G(23:'0'2909) cis W/W>
#  Matched base-stacking interactions: 

>>>>>>>>>>   ALIGNMENT ENDS   >>>>>>>>>>

<<<<<<<<<<  ALIGNMENT BEGINS  <<<<<<<<<<

#  Aligning k-turn_consensus and 4v9f_0:2133-2142_2219-2227:
#  Alignment score:  14
#  P-value:  1.000e+00
#  Query aligned region: 0-1,11-12
#  Target aligned region: 6:'0'2147-7:'0'2148,11:'0'2228-12:'0'2229

	GG...AC
	CG...GG

#  Matched base-pairing interactions: 
	<G(1:)-A(11:) trans S/H>                       MATCHES	<G(7:'0'2148)-G(11:'0'2228) cis -/->
	<G(0:)-C(12:) cis W/W>                         MATCHES	<C(6:'0'2147)-G(12:'0'2229) cis W/W>
#  Matched base-stacking interactions: 

>>>>>>>>>>   ALIGNMENT ENDS   >>>>>>>>>>

<<<<<<<<<<  ALIGNMENT BEGINS  <<<<<<<<<<

#  Aligning k-turn_consensus and 4v9f_0:163-169_884-885_151-156:
#  Alignment score:  13.8
#  P-value:  1.000e+00
#  Query aligned region: 0-1,11-12
#  Target aligned region: 0:'0'171-1:'0'172,13:'0'163-14:'0'164

	GG...AC
	CU...UG

#  Matched base-pairing interactions: 
	<G(1:)-A(11:) trans S/H>                       MATCHES	<U(1:'0'172)-U(13:'0'163) cis W/W>
	<G(0:)-C(12:) cis W/W>                         MATCHES	<C(0:'0'171)-G(14:'0'164) cis W/W>
#  Matched base-stacking interactions: 

>>>>>>>>>>   ALIGNMENT ENDS   >>>>>>>>>>

<<<<<<<<<<  ALIGNMENT BEGINS  <<<<<<<<<<

#  Aligning k-turn_consensus and 4v9f_0:265-272_232-235_361-371:
#  Alignment score:  13.8
#  P-value:  1.000e+00
#  Query aligned region: 0-1,11-12
#  Target aligned region: 8:'0'240-9:'0'241,21:'0'378-22:'0'379

	GG...AC
	CA...AG

#  Matched base-pairing interactions: 
	<G(1:)-A(11:) trans S/H>                       MATCHES	<A(9:'0'241)-A(21:'0'378) cis -/->
	<G(0:)-C(12:) cis W/W>                         MATCHES	<C(8:'0'240)-G(22:'0'379) cis W/W>
#  Matched base-stacking interactions: 

>>>>>>>>>>   ALIGNMENT ENDS   >>>>>>>>>>

<<<<<<<<<<  ALIGNMENT BEGINS  <<<<<<<<<<

#  Aligning k-turn_consensus and 4v9f_0:33-36_174-179_139-146:
#  Alignment score:  13.8
#  P-value:  1.000e+00
#  Query aligned region: 0-1,11-12
#  Target aligned region: 2:'0'43-3:'0'44,10:'0'147-11:'0'148

	GG...AC
	UG...GA

#  Matched base-pairing interactions: 
	<G(1:)-A(11:) trans S/H>                       MATCHES	<G(3:'0'44)-G(10:'0'147) cis -/->
	<G(0:)-C(12:) cis W/W>                         MATCHES	<U(2:'0'43)-A(11:'0'148) cis W/W>
#  Matched base-stacking interactions: 

>>>>>>>>>>   ALIGNMENT ENDS   >>>>>>>>>>

<<<<<<<<<<  ALIGNMENT BEGINS  <<<<<<<<<<

#  Aligning k-turn_consensus and 4v9f_0:2412-2420_2309-2311_2350-2357:
#  Alignment score:  13.8
#  P-value:  1.000e+00
#  Query aligned region: 0-1,11-12
#  Target aligned region: 0:'0'2420-1:'0'2421,10:'0'2318-11:'0'2319

	GG...AC
	GG...CC

#  Matched base-pairing interactions: 
	<G(1:)-A(11:) trans S/H>                       MATCHES	<G(1:'0'2421)-C(10:'0'2318) cis W/W>
	<G(0:)-C(12:) cis W/W>                         MATCHES	<G(0:'0'2420)-C(11:'0'2319) cis W/W>
#  Matched base-stacking interactions: 

>>>>>>>>>>   ALIGNMENT ENDS   >>>>>>>>>>

<<<<<<<<<<  ALIGNMENT BEGINS  <<<<<<<<<<

#  Aligning k-turn_consensus and 4v9f_0:2480-2486_2521-2526_2061-2066:
#  Alignment score:  13.6
#  P-value:  1.000e+00
#  Query aligned region: 0-1,11-12
#  Target aligned region: 4:'0'2492-6:'0'2494,7:'0'2529-7:'0'2529

	GG...A~C
	UC...G~G

#  Matched base-pairing interactions: 
	<G(1:)-A(11:) trans S/H>                       MATCHES	<C(5:'0'2493)-G(6:'0'2494) cis S/H>
	<G(0:)-C(12:) cis W/W>                         MATCHES	<U(4:'0'2492)-G(7:'0'2529) cis W/W>
#  Matched base-stacking interactions: 

>>>>>>>>>>   ALIGNMENT ENDS   >>>>>>>>>>

<<<<<<<<<<  ALIGNMENT BEGINS  <<<<<<<<<<

#  Aligning k-turn_consensus and 4v9f_0:471-472_442-452_20-25:
#  Alignment score:  13.4
#  P-value:  1.000e+00
#  Query aligned region: 0-1,11-12
#  Target aligned region: 0:'0'479-1:'0'480,13:'0'28-14:'0'29

	GG...AC
	GC...GC

#  Matched base-pairing interactions: 
	<G(1:)-A(11:) trans S/H>                       MATCHES	<C(1:'0'480)-G(13:'0'28) cis W/W>
	<G(0:)-C(12:) cis W/W>                         MATCHES	<G(0:'0'479)-C(14:'0'29) cis W/W>
#  Matched base-stacking interactions: 

>>>>>>>>>>   ALIGNMENT ENDS   >>>>>>>>>>

<<<<<<<<<<  ALIGNMENT BEGINS  <<<<<<<<<<

#  Aligning k-turn_consensus and 4v9f_0:880-887_759-767_458-467:
#  Alignment score:  13.4
#  P-value:  1.000e+00
#  Query aligned region: 0-1,11-12
#  Target aligned region: 4:'0'892-5:'0'893,9:'0'768-10:'0'769

	GG...AC
	GC...UC

#  Matched base-pairing interactions: 
	<G(1:)-A(11:) trans S/H>                       MATCHES	<C(5:'0'893)-U(9:'0'768) trans W/W>
	<G(0:)-C(12:) cis W/W>                         MATCHES	<G(4:'0'892)-C(10:'0'769) cis W/W>
#  Matched base-stacking interactions: 

>>>>>>>>>>   ALIGNMENT ENDS   >>>>>>>>>>

<<<<<<<<<<  ALIGNMENT BEGINS  <<<<<<<<<<

#  Aligning k-turn_consensus and 4v9f_0:732-736_686-694_680-683:
#  Alignment score:  13.4
#  P-value:  1.000e+00
#  Query aligned region: 0-1,11-12
#  Target aligned region: 7:'0'696-8:'0'697,14:'0'688-15:'0'689

	GG...AC
	CG...AG

#  Matched base-pairing interactions: 
	<G(1:)-A(11:) trans S/H>                       MATCHES	<G(8:'0'697)-A(14:'0'688) cis -/->
	<G(0:)-C(12:) cis W/W>                         MATCHES	<C(7:'0'696)-G(15:'0'689) cis W/W>
#  Matched base-stacking interactions: 

>>>>>>>>>>   ALIGNMENT ENDS   >>>>>>>>>>

<<<<<<<<<<  ALIGNMENT BEGINS  <<<<<<<<<<

#  Aligning k-turn_consensus and 4v9f_0:2109-2116_1923-1924_2259-2266:
#  Alignment score:  13.4
#  P-value:  1.000e+00
#  Query aligned region: 0-1,11-12
#  Target aligned region: 7:'0'2124-7:'0'2124,9:'0'1932-9:'0'1932,11:'0'2268-12:'0'2269

	G~G...AC
	G~G...CC

#  Matched base-pairing interactions: 
	<G(0:)-C(12:) cis W/W>                         MATCHES	<G(7:'0'2124)-C(12:'0'2269) cis W/W>
	<G(1:)-A(11:) trans S/H>                       MATCHES	<G(9:'0'1932)-C(11:'0'2268) cis S/S>
#  Matched base-stacking interactions: 

>>>>>>>>>>   ALIGNMENT ENDS   >>>>>>>>>>

<<<<<<<<<<  ALIGNMENT BEGINS  <<<<<<<<<<

#  Aligning k-turn_consensus and 4v9f_0:885-893_2102-2103_755-760:
#  Alignment score:  13.2
#  P-value:  1.000e+00
#  Query aligned region: 0-1,11-12
#  Target aligned region: 6:'0'899-7:'0'900,12:'0'764-13:'0'765

	GG...AC
	CU...CG

#  Matched base-pairing interactions: 
	<G(1:)-A(11:) trans S/H>                       MATCHES	<U(7:'0'900)-C(12:'0'764) cis W/W>
	<G(0:)-C(12:) cis W/W>                         MATCHES	<C(6:'0'899)-G(13:'0'765) cis W/W>
#  Matched base-stacking interactions: 

>>>>>>>>>>   ALIGNMENT ENDS   >>>>>>>>>>

<<<<<<<<<<  ALIGNMENT BEGINS  <<<<<<<<<<

#  Aligning k-turn_consensus and 4v9f_0:474-485_491-507:
#  Alignment score:  13.2
#  P-value:  1.000e+00
#  Query aligned region: 0-1,11-12
#  Target aligned region: 8:'0'490-9:'0'491,14:'0'501-15:'0'502

	GG...AC
	CC...GA

#  Matched base-pairing interactions: 
	<G(1:)-A(11:) trans S/H>                       MATCHES	<C(9:'0'491)-G(14:'0'501) cis W/W>
	<G(0:)-C(12:) cis W/W>                         MATCHES	<C(8:'0'490)-A(15:'0'502) cis W/W>
#  Matched base-stacking interactions: 

>>>>>>>>>>   ALIGNMENT ENDS   >>>>>>>>>>

<<<<<<<<<<  ALIGNMENT BEGINS  <<<<<<<<<<

#  Aligning k-turn_consensus and 4v9f_0:347-354_282-288:
#  Alignment score:  13.2
#  P-value:  1.000e+00
#  Query aligned region: 0-1,11-12
#  Target aligned region: 0:'0'355-1:'0'356,13:'0'295-14:'0'296

	GG...AC
	CC...CG

#  Matched base-pairing interactions: 
	<G(1:)-A(11:) trans S/H>                       MATCHES	<C(1:'0'356)-C(13:'0'295) cis W/W>
	<G(0:)-C(12:) cis W/W>                         MATCHES	<C(0:'0'355)-G(14:'0'296) cis W/W>
#  Matched base-stacking interactions: 

>>>>>>>>>>   ALIGNMENT ENDS   >>>>>>>>>>

<<<<<<<<<<  ALIGNMENT BEGINS  <<<<<<<<<<

#  Aligning k-turn_consensus and 4v9f_0:273-283_353-360:
#  Alignment score:  13.2
#  P-value:  1.000e+00
#  Query aligned region: 0-1,11-12
#  Target aligned region: 9:'0'290-10:'0'291,11:'0'361-12:'0'362

	GG...AC
	CC...CG

#  Matched base-pairing interactions: 
	<G(1:)-A(11:) trans S/H>                       MATCHES	<C(10:'0'291)-C(11:'0'361) cis W/W>
	<G(0:)-C(12:) cis W/W>                         MATCHES	<C(9:'0'290)-G(12:'0'362) cis W/W>
#  Matched base-stacking interactions: 

>>>>>>>>>>   ALIGNMENT ENDS   >>>>>>>>>>

<<<<<<<<<<  ALIGNMENT BEGINS  <<<<<<<<<<

#  Aligning k-turn_consensus and 4v9f_0:174-179_139-146_33-36:
#  Alignment score:  13
#  P-value:  1.000e+00
#  Query aligned region: 0-1,11-12
#  Target aligned region: 2:'0'184-3:'0'185,11:'0'152-12:'0'153

	GG...AC
	GG...AC

#  Matched base-pairing interactions: 
	<G(1:)-A(11:) trans S/H>                       MATCHES	<G(3:'0'185)-A(11:'0'152) cis W/W>
	<G(0:)-C(12:) cis W/W>                         MATCHES	<G(2:'0'184)-C(12:'0'153) cis W/W>
#  Matched base-stacking interactions: 

>>>>>>>>>>   ALIGNMENT ENDS   >>>>>>>>>>

<<<<<<<<<<  ALIGNMENT BEGINS  <<<<<<<<<<

#  Aligning k-turn_consensus and 4v9f_0:1715-1720_1362-1369_2039-2046:
#  Alignment score:  13
#  P-value:  1.000e+00
#  Query aligned region: 0-1,11-12
#  Target aligned region: 9:'0'1373-10:'0'1374,18:'0'2051-19:'0'2052

	GG...AC
	GC...GU

#  Matched base-pairing interactions: 
	<G(1:)-A(11:) trans S/H>                       MATCHES	<C(10:'0'1374)-G(18:'0'2051) cis W/W>
	<G(0:)-C(12:) cis W/W>                         MATCHES	<G(9:'0'1373)-U(19:'0'2052) cis W/W>
#  Matched base-stacking interactions: 

>>>>>>>>>>   ALIGNMENT ENDS   >>>>>>>>>>

<<<<<<<<<<  ALIGNMENT BEGINS  <<<<<<<<<<

#  Aligning k-turn_consensus and 4v9f_0:2010-2015_1818-1821_1758-1768:
#  Alignment score:  12.6
#  P-value:  1.000e+00
#  Query aligned region: 0-1,11-12
#  Target aligned region: 13:'0'1769-18:'0'1774

	GG...AC
	CU...GG

#  Matched base-pairing interactions: 
	<G(1:)-A(11:) trans S/H>                       MATCHES	<U(14:'0'1770)-G(17:'0'1773) trans S/W>
	<G(0:)-C(12:) cis W/W>                         MATCHES	<C(13:'0'1769)-G(18:'0'1774) cis W/W>
#  Matched base-stacking interactions: 

>>>>>>>>>>   ALIGNMENT ENDS   >>>>>>>>>>

<<<<<<<<<<  ALIGNMENT BEGINS  <<<<<<<<<<

#  Aligning k-turn_consensus and 4v9f_0:1293-1299_1340-1346_441-442:
#  Alignment score:  12.6
#  P-value:  1.000e+00
#  Query aligned region: 0-1,11-12
#  Target aligned region: 2:'0'1303-3:'0'1304,9:'0'1350-10:'0'1351

	GG...AC
	CU...UG

#  Matched base-pairing interactions: 
	<G(1:)-A(11:) trans S/H>                       MATCHES	<U(3:'0'1304)-U(9:'0'1350) cis W/W>
	<G(0:)-C(12:) cis W/W>                         MATCHES	<C(2:'0'1303)-G(10:'0'1351) cis W/W>
#  Matched base-stacking interactions: 

>>>>>>>>>>   ALIGNMENT ENDS   >>>>>>>>>>

<<<<<<<<<<  ALIGNMENT BEGINS  <<<<<<<<<<

#  Aligning k-turn_consensus and 4v9f_0:404-408_182-187_416-420:
#  Alignment score:  12.6
#  P-value:  1.000e+00
#  Query aligned region: 0-1,11-12
#  Target aligned region: 4:'0'416-4:'0'416,5:'0'190-6:'0'191,11:'0'424-11:'0'424

	G~G...A~C
	G~G...A~C

#  Matched base-pairing interactions: 
	<G(0:)-C(12:) cis W/W>                         MATCHES	<G(4:'0'416)-C(11:'0'424) cis W/W>
	<G(1:)-A(11:) trans S/H>                       MATCHES	<G(5:'0'190)-A(6:'0'191) cis S/H>
#  Matched base-stacking interactions: 

>>>>>>>>>>   ALIGNMENT ENDS   >>>>>>>>>>

<<<<<<<<<<  ALIGNMENT BEGINS  <<<<<<<<<<

#  Aligning k-turn_consensus and 4v9f_0:765-767_459-466_879-881:
#  Alignment score:  12.4
#  P-value:  1.000e+00
#  Query aligned region: 0-1,11-12
#  Target aligned region: 1:'0'774-2:'0'775,6:'0'470-6:'0'470,11:'0'887-11:'0'887

	GG...A~C
	CG...U~G

#  Matched base-pairing interactions: 
	<G(0:)-C(12:) cis W/W>                         MATCHES	<C(1:'0'774)-G(11:'0'887) cis W/W>
	<G(1:)-A(11:) trans S/H>                       MATCHES	<G(2:'0'775)-U(6:'0'470) cis -/->
#  Matched base-stacking interactions: 

>>>>>>>>>>   ALIGNMENT ENDS   >>>>>>>>>>

<<<<<<<<<<  ALIGNMENT BEGINS  <<<<<<<<<<

#  Aligning k-turn_consensus and 4v9f_0:1155-1158_1178-1186_1172-1175:
#  Alignment score:  12.4
#  P-value:  1.000e+00
#  Query aligned region: 0-1,11-12
#  Target aligned region: 3:'0'1166-3:'0'1166,5:'0'1187-7:'0'1189,13:'0'1180-13:'0'1180

	G~G...A~C
	A~U...A~U

#  Matched base-pairing interactions: 
	<G(0:)-C(12:) cis W/W>                         MATCHES	<A(3:'0'1166)-U(13:'0'1180) cis W/W>
	<G(1:)-A(11:) trans S/H>                       MATCHES	<U(5:'0'1187)-A(7:'0'1189) trans S/S>
#  Matched base-stacking interactions: 

>>>>>>>>>>   ALIGNMENT ENDS   >>>>>>>>>>

<<<<<<<<<<  ALIGNMENT BEGINS  <<<<<<<<<<

#  Aligning k-turn_consensus and 4v9f_0:2060-2069_527-529_2051-2054:
#  Alignment score:  12.4
#  P-value:  1.000e+00
#  Query aligned region: 0-1,11-12
#  Target aligned region: 8:'0'2076-8:'0'2076,12:'0'537-12:'0'537,13:'0'2059-14:'0'2060

	G~G...AC
	U~G...UA

#  Matched base-pairing interactions: 
	<G(0:)-C(12:) cis W/W>                         MATCHES	<U(8:'0'2076)-A(14:'0'2060) cis W/W>
	<G(1:)-A(11:) trans S/H>                       MATCHES	<G(12:'0'537)-U(13:'0'2059) cis W/W>
#  Matched base-stacking interactions: 

>>>>>>>>>>   ALIGNMENT ENDS   >>>>>>>>>>

<<<<<<<<<<  ALIGNMENT BEGINS  <<<<<<<<<<

#  Aligning k-turn_consensus and 4v9f_0:2587-2594_2547-2549_2569-2575:
#  Alignment score:  12.4
#  P-value:  1.000e+00
#  Query aligned region: 0-1,11-12
#  Target aligned region: 0:'0'2595-1:'0'2596,16:'0'2582-17:'0'2583

	GG...AC
	UA...GA

#  Matched base-pairing interactions: 
	<G(1:)-A(11:) trans S/H>                       MATCHES	<A(1:'0'2596)-G(16:'0'2582) cis W/W>
	<G(0:)-C(12:) cis W/W>                         MATCHES	<U(0:'0'2595)-A(17:'0'2583) cis W/W>
#  Matched base-stacking interactions: 

>>>>>>>>>>   ALIGNMENT ENDS   >>>>>>>>>>

<<<<<<<<<<  ALIGNMENT BEGINS  <<<<<<<<<<

#  Aligning k-turn_consensus and 4v9f_0:543-546_1315-1327_597-599:
#  Alignment score:  12.4
#  P-value:  1.000e+00
#  Query aligned region: 0-1,11-12
#  Target aligned region: 3:'0'554-3:'0'554,8:'0'1327-11:'0'1330,17:'0'605-17:'0'605

	G~G...A~C
	G~G...A~C

#  Matched base-pairing interactions: 
	<G(0:)-C(12:) cis W/W>                         MATCHES	<G(3:'0'554)-C(17:'0'605) cis W/W>
	<G(1:)-A(11:) trans S/H>                       MATCHES	<G(8:'0'1327)-A(11:'0'1330) trans W/H>
#  Matched base-stacking interactions: 

>>>>>>>>>>   ALIGNMENT ENDS   >>>>>>>>>>

<<<<<<<<<<  ALIGNMENT BEGINS  <<<<<<<<<<

#  Aligning k-turn_consensus and 4v9f_0:2055-2060_1069-1072_2069-2075:
#  Alignment score:  12.2
#  P-value:  1.000e+00
#  Query aligned region: 3-3,6-9
#  Target aligned region: 5:'0'2068-5:'0'2068,8:'0'1079-8:'0'1079,10:'0'2077-10:'0'2077

	A...G~G
	G...A~C

#  Matched base-pairing interactions: 
	<A(3:)-G(6:) trans S/S>                        MATCHES	<G(5:'0'2068)-A(8:'0'1079) trans S/S>
	<A(3:)-G(9:) trans H/S>                        MATCHES	<G(5:'0'2068)-C(10:'0'2077) cis W/W>
#  Matched base-stacking interactions: 

>>>>>>>>>>   ALIGNMENT ENDS   >>>>>>>>>>

<<<<<<<<<<  ALIGNMENT BEGINS  <<<<<<<<<<

#  Aligning k-turn_consensus and 4v9f_0:1087-1093_1098-1100_1246-1254:
#  Alignment score:  12.2
#  P-value:  1.000e+00
#  Query aligned region: 0-1,11-12
#  Target aligned region: 6:'0'1101-6:'0'1101,9:'0'1108-9:'0'1108,10:'0'1254-11:'0'1255

	G~G...AC
	U~G...CA

#  Matched base-pairing interactions: 
	<G(0:)-C(12:) cis W/W>                         MATCHES	<U(6:'0'1101)-A(11:'0'1255) cis W/W>
	<G(1:)-A(11:) trans S/H>                       MATCHES	<G(9:'0'1108)-C(10:'0'1254) cis W/W>
#  Matched base-stacking interactions: 

>>>>>>>>>>   ALIGNMENT ENDS   >>>>>>>>>>

<<<<<<<<<<  ALIGNMENT BEGINS  <<<<<<<<<<

#  Aligning k-turn_consensus and 4v9f_0:1284-1288_922-924_902-904:
#  Alignment score:  12.2
#  P-value:  1.000e+00
#  Query aligned region: 3-3,6-9
#  Target aligned region: 3:'0'1295-3:'0'1295,6:'0'931-6:'0'931,8:'0'910-8:'0'910

	A...G~G
	G...C~C

#  Matched base-pairing interactions: 
	<A(3:)-G(6:) trans S/S>                        MATCHES	<G(3:'0'1295)-C(6:'0'931) trans S/S>
	<A(3:)-G(9:) trans H/S>                        MATCHES	<G(3:'0'1295)-C(8:'0'910) cis W/W>
#  Matched base-stacking interactions: 

>>>>>>>>>>   ALIGNMENT ENDS   >>>>>>>>>>

<<<<<<<<<<  ALIGNMENT BEGINS  <<<<<<<<<<

#  Aligning k-turn_consensus and 4v9f_0:2262-2269_155-164_2110-2114:
#  Alignment score:  12
#  P-value:  1.000e+00
#  Query aligned region: 0-1,11-12
#  Target aligned region: 6:'0'2276-7:'0'2277,12:'0'167-12:'0'167,18:'0'2118-18:'0'2118

	GG...A~C
	UU...A~A

#  Matched base-pairing interactions: 
	<G(0:)-C(12:) cis W/W>                         MATCHES	<U(6:'0'2276)-A(18:'0'2118) cis W/W>
	<G(1:)-A(11:) trans S/H>                       MATCHES	<U(7:'0'2277)-A(12:'0'167) trans S/S>
#  Matched base-stacking interactions: 

>>>>>>>>>>   ALIGNMENT ENDS   >>>>>>>>>>

<<<<<<<<<<  ALIGNMENT BEGINS  <<<<<<<<<<

#  Aligning k-turn_consensus and 4v9f_0:16-20_473-481_495-510:
#  Alignment score:  12
#  P-value:  1.000e+00
#  Query aligned region: 0-1,11-12
#  Target aligned region: 3:'0'27-3:'0'27,6:'0'482-10:'0'486,27:'0'516-27:'0'516

	G~G...A~C
	U~G...A~A

#  Matched base-pairing interactions: 
	<G(0:)-C(12:) cis W/W>                         MATCHES	<U(3:'0'27)-A(27:'0'516) cis W/W>
	<G(1:)-A(11:) trans S/H>                       MATCHES	<G(6:'0'482)-A(10:'0'486) trans S/H>
#  Matched base-stacking interactions: 

>>>>>>>>>>   ALIGNMENT ENDS   >>>>>>>>>>

<<<<<<<<<<  ALIGNMENT BEGINS  <<<<<<<<<<

#  Aligning k-turn_consensus and 4v9f_0:2876-2884_2856-2865:
#  Alignment score:  11.8
#  P-value:  1.000e+00
#  Query aligned region: 0-1,11-12
#  Target aligned region: 4:'0'2888-5:'0'2889,13:'0'2868-14:'0'2869

	GG...AC
	UU...CG

#  Matched base-pairing interactions: 
	<G(1:)-A(11:) trans S/H>                       MATCHES	<U(5:'0'2889)-C(13:'0'2868) cis H/H>
	<G(0:)-C(12:) cis W/W>                         MATCHES	<U(4:'0'2888)-G(14:'0'2869) cis W/W>
#  Matched base-stacking interactions: 

>>>>>>>>>>   ALIGNMENT ENDS   >>>>>>>>>>

<<<<<<<<<<  ALIGNMENT BEGINS  <<<<<<<<<<

#  Aligning k-turn_consensus and 4v9f_0:1495-1506_1439-1443_1484-1491:
#  Alignment score:  11.8
#  P-value:  1.000e+00
#  Query aligned region: 0-1,11-12
#  Target aligned region: 8:'0'1511-9:'0'1512,15:'0'1450-15:'0'1450,19:'0'1494-19:'0'1494

	GG...A~C
	UG...C~A

#  Matched base-pairing interactions: 
	<G(0:)-C(12:) cis W/W>                         MATCHES	<U(8:'0'1511)-A(19:'0'1494) cis W/W>
	<G(1:)-A(11:) trans S/H>                       MATCHES	<G(9:'0'1512)-C(15:'0'1450) cis W/W>
#  Matched base-stacking interactions: 

>>>>>>>>>>   ALIGNMENT ENDS   >>>>>>>>>>

<<<<<<<<<<  ALIGNMENT BEGINS  <<<<<<<<<<

#  Aligning k-turn_consensus and 4v9f_0:2066-2074_527-530_2051-2062:
#  Alignment score:  11.8
#  P-value:  1.000e+00
#  Query aligned region: 3-3,6-9
#  Target aligned region: 1:'0'2075-1:'0'2075,10:'0'536-10:'0'536,15:'0'2061-15:'0'2061

	A...G~G
	G...A~C

#  Matched base-pairing interactions: 
	<A(3:)-G(6:) trans S/S>                        MATCHES	<G(1:'0'2075)-A(10:'0'536) trans S/S>
	<A(3:)-G(9:) trans H/S>                        MATCHES	<G(1:'0'2075)-C(15:'0'2061) cis W/W>
#  Matched base-stacking interactions: 

>>>>>>>>>>   ALIGNMENT ENDS   >>>>>>>>>>

<<<<<<<<<<  ALIGNMENT BEGINS  <<<<<<<<<<

#  Aligning k-turn_consensus and 4v9f_0:1720-1728_1367-1368_2036-2039:
#  Alignment score:  11.8
#  P-value:  1.000e+00
#  Query aligned region: 0-1,11-12
#  Target aligned region: 6:'0'1734-6:'0'1734,9:'0'1375-9:'0'1375,11:'0'2044-12:'0'2045

	G~G...AC
	C~A...GG

#  Matched base-pairing interactions: 
	<G(0:)-C(12:) cis W/W>                         MATCHES	<C(6:'0'1734)-G(12:'0'2045) cis W/W>
	<G(1:)-A(11:) trans S/H>                       MATCHES	<A(9:'0'1375)-G(11:'0'2044) cis S/S>
#  Matched base-stacking interactions: 

>>>>>>>>>>   ALIGNMENT ENDS   >>>>>>>>>>

<<<<<<<<<<  ALIGNMENT BEGINS  <<<<<<<<<<

#  Aligning k-turn_consensus and 4v9f_0:2309-2310_2413-2420_2349-2358:
#  Alignment score:  11.6
#  P-value:  1.000e+00
#  Query aligned region: 0-1,11-12
#  Target aligned region: 0:'0'2317-0:'0'2317,8:'0'2427-9:'0'2428,12:'0'2359-12:'0'2359

	G~G...A~C
	C~C...G~G

#  Matched base-pairing interactions: 
	<G(0:)-C(12:) cis W/W>                         MATCHES	<C(0:'0'2317)-G(12:'0'2359) cis W/W>
	<G(1:)-A(11:) trans S/H>                       MATCHES	<C(8:'0'2427)-G(9:'0'2428) cis S/H>
#  Matched base-stacking interactions: 

>>>>>>>>>>   ALIGNMENT ENDS   >>>>>>>>>>

<<<<<<<<<<  ALIGNMENT BEGINS  <<<<<<<<<<

#  Aligning k-turn_consensus and 4v9f_0:672-678_739-742_648-656:
#  Alignment score:  11.5
#  P-value:  1.000e+00
#  Query aligned region: 2-4,5-10
#  Target aligned region: 5:'0'685-6:'0'686,7:'0'747-7:'0'747,13:'0'658-16:'0'661

	GA~G...CGAAGA
	CA~G...C--AAG

#  Matched base-pairing interactions: 
	<A(3:)-G(9:) trans H/S>                        MATCHES	<A(6:'0'686)-A(15:'0'660) trans S/W>
	<G(4:)-A(10:) trans S/S>                       MATCHES	<G(7:'0'747)-G(16:'0'661) trans S/S>
	<G(4:)-C(5:) cis W/W>                          MATCHES	<G(7:'0'747)-C(13:'0'658) cis W/W>
	<G(2:)-A(10:) trans S/H>                       MATCHES	<C(5:'0'685)-G(16:'0'661) cis W/W>
#  Matched base-stacking interactions: 

>>>>>>>>>>   ALIGNMENT ENDS   >>>>>>>>>>

<<<<<<<<<<  ALIGNMENT BEGINS  <<<<<<<<<<

#  Aligning k-turn_consensus and 4v9f_0:1178-1186_1172-1175_1155-1158:
#  Alignment score:  11.4
#  P-value:  1.000e+00
#  Query aligned region: 3-3,6-9
#  Target aligned region: 6:'0'1192-6:'0'1192,11:'0'1182-11:'0'1182,14:'0'1164-14:'0'1164

	A...G~G
	A...C~U

#  Matched base-pairing interactions: 
	<A(3:)-G(9:) trans H/S>                        MATCHES	<A(6:'0'1192)-U(14:'0'1164) cis W/W>
	<A(3:)-G(6:) trans S/S>                        MATCHES	<A(6:'0'1192)-C(11:'0'1182) trans S/S>
#  Matched base-stacking interactions: 

>>>>>>>>>>   ALIGNMENT ENDS   >>>>>>>>>>

<<<<<<<<<<  ALIGNMENT BEGINS  <<<<<<<<<<

#  Aligning k-turn_consensus and 4v9f_0:781-782_816-824_842-851:
#  Alignment score:  11.2
#  P-value:  1.000e+00
#  Query aligned region: 0-1,11-12
#  Target aligned region: 8:'0'830-10:'0'832,12:'0'851-12:'0'851

	GG...A~C
	GU...U~C

#  Matched base-pairing interactions: 
	<G(0:)-C(12:) cis W/W>                         MATCHES	<G(8:'0'830)-C(12:'0'851) cis W/W>
	<G(1:)-A(11:) trans S/H>                       MATCHES	<U(9:'0'831)-U(10:'0'832) cis S/H>
#  Matched base-stacking interactions: 

>>>>>>>>>>   ALIGNMENT ENDS   >>>>>>>>>>

<<<<<<<<<<  ALIGNMENT BEGINS  <<<<<<<<<<

#  Aligning k-turn_consensus and 4v9f_0:2414-2418_2284-2288_2349-2358:
#  Alignment score:  11.2
#  P-value:  1.000e+00
#  Query aligned region: 0-1,11-12
#  Target aligned region: 0:'0'2422-0:'0'2422,5:'0'2292-6:'0'2293,17:'0'2364-17:'0'2364

	G~G...A~C
	U~C...G~A

#  Matched base-pairing interactions: 
	<G(0:)-C(12:) cis W/W>                         MATCHES	<U(0:'0'2422)-A(17:'0'2364) cis W/W>
	<G(1:)-A(11:) trans S/H>                       MATCHES	<C(5:'0'2292)-G(6:'0'2293) cis S/H>
#  Matched base-stacking interactions: 

>>>>>>>>>>   ALIGNMENT ENDS   >>>>>>>>>>

<<<<<<<<<<  ALIGNMENT BEGINS  <<<<<<<<<<

#  Aligning k-turn_consensus and 4v9f_0:2348-2350_2414-2417_2353-2362:
#  Alignment score:  11
#  P-value:  1.000e+00
#  Query aligned region: 0-1,11-12
#  Target aligned region: 1:'0'2357-2:'0'2358,11:'0'2365-12:'0'2366

	GG...AC
	GU...GC

#  Matched base-pairing interactions: 
	<G(1:)-A(11:) trans S/H>                       MATCHES	<U(2:'0'2358)-G(11:'0'2365) cis W/W>
	<G(0:)-C(12:) cis W/W>                         MATCHES	<G(1:'0'2357)-C(12:'0'2366) cis W/W>
#  Matched base-stacking interactions: 

>>>>>>>>>>   ALIGNMENT ENDS   >>>>>>>>>>

<<<<<<<<<<  ALIGNMENT BEGINS  <<<<<<<<<<

#  Aligning k-turn_consensus and 4v9f_0:42-48_55-63_98-103:
#  Alignment score:  11
#  P-value:  1.000e+00
#  Query aligned region: 0-1,11-12
#  Target aligned region: 0:'0'50-0:'0'50,10:'0'66-11:'0'67,21:'0'111-21:'0'111

	G~G...A~C
	G~G...A~C

#  Matched base-pairing interactions: 
	<G(0:)-C(12:) cis W/W>                         MATCHES	<G(0:'0'50)-C(21:'0'111) cis W/W>
	<G(1:)-A(11:) trans S/H>                       MATCHES	<G(10:'0'66)-A(11:'0'67) cis S/W>
#  Matched base-stacking interactions: 

>>>>>>>>>>   ALIGNMENT ENDS   >>>>>>>>>>

<<<<<<<<<<  ALIGNMENT BEGINS  <<<<<<<<<<

#  Aligning k-turn_consensus and 4v9f_0:96-101_55-66_44-48:
#  Alignment score:  11
#  P-value:  1.000e+00
#  Query aligned region: 0-1,11-12
#  Target aligned region: 1:'0'105-2:'0'106,14:'0'71-15:'0'72

	GG...AC
	GA...GC

#  Matched base-pairing interactions: 
	<G(1:)-A(11:) trans S/H>                       MATCHES	<A(2:'0'106)-G(14:'0'71) cis W/W>
	<G(0:)-C(12:) cis W/W>                         MATCHES	<G(1:'0'105)-C(15:'0'72) cis W/W>
#  Matched base-stacking interactions: 

>>>>>>>>>>   ALIGNMENT ENDS   >>>>>>>>>>

<<<<<<<<<<  ALIGNMENT BEGINS  <<<<<<<<<<

#  Aligning k-turn_consensus and 4v9f_0:2667-2673_2704-2705_2798-2802:
#  Alignment score:  10.6
#  P-value:  1.000e+00
#  Query aligned region: 0-1,11-12
#  Target aligned region: 4:'0'2679-5:'0'2680,7:'0'2712-7:'0'2712,9:'0'2806-9:'0'2806

	GG...A~C
	GA...G~C

#  Matched base-pairing interactions: 
	<G(0:)-C(12:) cis W/W>                         MATCHES	<G(4:'0'2679)-C(9:'0'2806) cis W/W>
	<G(1:)-A(11:) trans S/H>                       MATCHES	<A(5:'0'2680)-G(7:'0'2712) trans W/S>
#  Matched base-stacking interactions: 

>>>>>>>>>>   ALIGNMENT ENDS   >>>>>>>>>>

<<<<<<<<<<  ALIGNMENT BEGINS  <<<<<<<<<<

#  Aligning k-turn_consensus and 4v9f_0:31-33_432-437:
#  Alignment score:  10.6
#  P-value:  1.000e+00
#  Query aligned region: 0-0,12-12
#  Target aligned region: 2:'0'41-2:'0'41,3:'0'440-3:'0'440

	G...C
	G...C

#  Matched base-pairing interactions: 
	<G(0:)-C(12:) cis W/W>                         MATCHES	<G(2:'0'41)-C(3:'0'440) cis W/W>
#  Matched base-stacking interactions: 

>>>>>>>>>>   ALIGNMENT ENDS   >>>>>>>>>>

<<<<<<<<<<  ALIGNMENT BEGINS  <<<<<<<<<<

#  Aligning k-turn_consensus and 4v9f_0:2262-2269_2110-2114_155-164:
#  Alignment score:  10.6
#  P-value:  1.000e+00
#  Query aligned region: 0-0,12-12
#  Target aligned region: 2:'0'2272-2:'0'2272,12:'0'2122-12:'0'2122

	G...C
	G...C

#  Matched base-pairing interactions: 
	<G(0:)-C(12:) cis W/W>                         MATCHES	<G(2:'0'2272)-C(12:'0'2122) cis W/W>
#  Matched base-stacking interactions: 

>>>>>>>>>>   ALIGNMENT ENDS   >>>>>>>>>>

<<<<<<<<<<  ALIGNMENT BEGINS  <<<<<<<<<<

#  Aligning k-turn_consensus and 4v9f_0:1882-1889_1932-1939_1957-1964:
#  Alignment score:  10.6
#  P-value:  1.000e+00
#  Query aligned region: 0-0,12-12
#  Target aligned region: 15:'0'1947-15:'0'1947,16:'0'1965-16:'0'1965

	G...C
	G...C

#  Matched base-pairing interactions: 
	<G(0:)-C(12:) cis W/W>                         MATCHES	<G(15:'0'1947)-C(16:'0'1965) cis W/W>
#  Matched base-stacking interactions: 

>>>>>>>>>>   ALIGNMENT ENDS   >>>>>>>>>>

<<<<<<<<<<  ALIGNMENT BEGINS  <<<<<<<<<<

#  Aligning k-turn_consensus and 4v9f_0:1932-1939_1882-1889_1957-1964:
#  Alignment score:  10.6
#  P-value:  1.000e+00
#  Query aligned region: 0-0,12-12
#  Target aligned region: 4:'0'1944-4:'0'1944,11:'0'1893-11:'0'1893

	G...C
	G...C

#  Matched base-pairing interactions: 
	<G(0:)-C(12:) cis W/W>                         MATCHES	<G(4:'0'1944)-C(11:'0'1893) cis W/W>
#  Matched base-stacking interactions: 

>>>>>>>>>>   ALIGNMENT ENDS   >>>>>>>>>>

<<<<<<<<<<  ALIGNMENT BEGINS  <<<<<<<<<<

#  Aligning k-turn_consensus and 4v9f_0:1449-1452_1678-1689_1475-1480:
#  Alignment score:  10.6
#  P-value:  1.000e+00
#  Query aligned region: 0-0,12-12
#  Target aligned region: 3:'0'1460-3:'0'1460,16:'0'1483-16:'0'1483

	G...C
	G...C

#  Matched base-pairing interactions: 
	<G(0:)-C(12:) cis W/W>                         MATCHES	<G(3:'0'1460)-C(16:'0'1483) cis W/W>
#  Matched base-stacking interactions: 

>>>>>>>>>>   ALIGNMENT ENDS   >>>>>>>>>>

<<<<<<<<<<  ALIGNMENT BEGINS  <<<<<<<<<<

#  Aligning k-turn_consensus and 4v9f_0:323-331_334-337_304-311:
#  Alignment score:  10.6
#  P-value:  1.000e+00
#  Query aligned region: 0-0,12-12
#  Target aligned region: 1:'0'332-1:'0'332,11:'0'344-11:'0'344

	G...C
	G...C

#  Matched base-pairing interactions: 
	<G(0:)-C(12:) cis W/W>                         MATCHES	<G(1:'0'332)-C(11:'0'344) cis W/W>
#  Matched base-stacking interactions: 

>>>>>>>>>>   ALIGNMENT ENDS   >>>>>>>>>>

<<<<<<<<<<  ALIGNMENT BEGINS  <<<<<<<<<<

#  Aligning k-turn_consensus and 4v9f_0:781-783_1700-1707_1693-1699:
#  Alignment score:  10.6
#  P-value:  1.000e+00
#  Query aligned region: 0-0,12-12
#  Target aligned region: 8:'0'1713-8:'0'1713,15:'0'1705-15:'0'1705

	G...C
	G...C

#  Matched base-pairing interactions: 
	<G(0:)-C(12:) cis W/W>                         MATCHES	<G(8:'0'1713)-C(15:'0'1705) cis W/W>
#  Matched base-stacking interactions: 

>>>>>>>>>>   ALIGNMENT ENDS   >>>>>>>>>>

<<<<<<<<<<  ALIGNMENT BEGINS  <<<<<<<<<<

#  Aligning k-turn_consensus and 4v9f_0:2513-2516_1122-1130_1217-1224:
#  Alignment score:  10.6
#  P-value:  1.000e+00
#  Query aligned region: 0-0,12-12
#  Target aligned region: 12:'0'1138-12:'0'1138,13:'0'1225-13:'0'1225

	G...C
	G...C

#  Matched base-pairing interactions: 
	<G(0:)-C(12:) cis W/W>                         MATCHES	<G(12:'0'1138)-C(13:'0'1225) cis W/W>
#  Matched base-stacking interactions: 

>>>>>>>>>>   ALIGNMENT ENDS   >>>>>>>>>>

<<<<<<<<<<  ALIGNMENT BEGINS  <<<<<<<<<<

#  Aligning k-turn_consensus and 4v9f_0:953-954_944-950_999-1007:
#  Alignment score:  10.6
#  P-value:  1.000e+00
#  Query aligned region: 0-0,12-12
#  Target aligned region: 6:'0'956-6:'0'956,13:'0'1011-13:'0'1011

	G...C
	G...C

#  Matched base-pairing interactions: 
	<G(0:)-C(12:) cis W/W>                         MATCHES	<G(6:'0'956)-C(13:'0'1011) cis W/W>
#  Matched base-stacking interactions: 

>>>>>>>>>>   ALIGNMENT ENDS   >>>>>>>>>>

<<<<<<<<<<  ALIGNMENT BEGINS  <<<<<<<<<<

#  Aligning k-turn_consensus and 4v9f_0:316-326_331-340_295-298:
#  Alignment score:  10.6
#  P-value:  1.000e+00
#  Query aligned region: 0-0,12-12
#  Target aligned region: 0:'0'324-0:'0'324,13:'0'341-13:'0'341

	G...C
	G...C

#  Matched base-pairing interactions: 
	<G(0:)-C(12:) cis W/W>                         MATCHES	<G(0:'0'324)-C(13:'0'341) cis W/W>
#  Matched base-stacking interactions: 

>>>>>>>>>>   ALIGNMENT ENDS   >>>>>>>>>>

<<<<<<<<<<  ALIGNMENT BEGINS  <<<<<<<<<<

#  Aligning k-turn_consensus and 4v9f_0:2361-2363_2321-2325_2343-2348:
#  Alignment score:  10.6
#  P-value:  1.000e+00
#  Query aligned region: 0-0,12-12
#  Target aligned region: 7:'0'2333-7:'0'2333,8:'0'2351-8:'0'2351

	G...C
	G...C

#  Matched base-pairing interactions: 
	<G(0:)-C(12:) cis W/W>                         MATCHES	<G(7:'0'2333)-C(8:'0'2351) cis W/W>
#  Matched base-stacking interactions: 

>>>>>>>>>>   ALIGNMENT ENDS   >>>>>>>>>>

<<<<<<<<<<  ALIGNMENT BEGINS  <<<<<<<<<<

#  Aligning k-turn_consensus and 4v9f_0:2258-2260_1919-1926_1895-1904:
#  Alignment score:  10.6
#  P-value:  1.000e+00
#  Query aligned region: 0-1,11-12
#  Target aligned region: 10:'0'1934-10:'0'1934,11:'0'1903-13:'0'1905

	G~G...AC
	A~U...AU

#  Matched base-pairing interactions: 
	<G(1:)-A(11:) trans S/H>                       MATCHES	<U(11:'0'1903)-A(12:'0'1904) cis S/H>
	<G(0:)-C(12:) cis W/W>                         MATCHES	<A(10:'0'1934)-U(13:'0'1905) cis W/W>
#  Matched base-stacking interactions: 

>>>>>>>>>>   ALIGNMENT ENDS   >>>>>>>>>>

<<<<<<<<<<  ALIGNMENT BEGINS  <<<<<<<<<<

#  Aligning k-turn_consensus and 4v9f_0:2407-2413_2401-2404_2310-2317:
#  Alignment score:  10.6
#  P-value:  1.000e+00
#  Query aligned region: 0-0,12-12
#  Target aligned region: 3:'0'2418-3:'0'2418,7:'0'2409-7:'0'2409

	G...C
	G...C

#  Matched base-pairing interactions: 
	<G(0:)-C(12:) cis W/W>                         MATCHES	<G(3:'0'2418)-C(7:'0'2409) cis W/W>
#  Matched base-stacking interactions: 

>>>>>>>>>>   ALIGNMENT ENDS   >>>>>>>>>>

<<<<<<<<<<  ALIGNMENT BEGINS  <<<<<<<<<<

#  Aligning k-turn_consensus and 4v9f_0:1350-1351_628-635_1352-1357:
#  Alignment score:  10.6
#  P-value:  1.000e+00
#  Query aligned region: 0-0,12-12
#  Target aligned region: 2:'0'636-2:'0'636,15:'0'1365-15:'0'1365

	G...C
	G...C

#  Matched base-pairing interactions: 
	<G(0:)-C(12:) cis W/W>                         MATCHES	<G(2:'0'636)-C(15:'0'1365) cis W/W>
#  Matched base-stacking interactions: 

>>>>>>>>>>   ALIGNMENT ENDS   >>>>>>>>>>

<<<<<<<<<<  ALIGNMENT BEGINS  <<<<<<<<<<

#  Aligning k-turn_consensus and 4v9f_0:2671-2676_2546-2550_2567-2572:
#  Alignment score:  10.6
#  P-value:  1.000e+00
#  Query aligned region: 0-0,12-12
#  Target aligned region: 10:'0'2558-10:'0'2558,11:'0'2575-11:'0'2575

	G...C
	G...C

#  Matched base-pairing interactions: 
	<G(0:)-C(12:) cis W/W>                         MATCHES	<G(10:'0'2558)-C(11:'0'2575) cis W/W>
#  Matched base-stacking interactions: 

>>>>>>>>>>   ALIGNMENT ENDS   >>>>>>>>>>

<<<<<<<<<<  ALIGNMENT BEGINS  <<<<<<<<<<

#  Aligning k-turn_consensus and 4v9f_0:739-742_672-678_648-656:
#  Alignment score:  10.6
#  P-value:  1.000e+00
#  Query aligned region: 0-0,12-12
#  Target aligned region: 7:'0'683-7:'0'683,18:'0'663-18:'0'663

	G...C
	G...C

#  Matched base-pairing interactions: 
	<G(0:)-C(12:) cis W/W>                         MATCHES	<G(7:'0'683)-C(18:'0'663) cis W/W>
#  Matched base-stacking interactions: 

>>>>>>>>>>   ALIGNMENT ENDS   >>>>>>>>>>

<<<<<<<<<<  ALIGNMENT BEGINS  <<<<<<<<<<

#  Aligning k-turn_consensus and 4v9f_0:1484-1491_1495-1506_1439-1443:
#  Alignment score:  10.6
#  P-value:  1.000e+00
#  Query aligned region: 0-0,12-12
#  Target aligned region: 6:'0'1498-6:'0'1498,12:'0'1507-12:'0'1507

	G...C
	G...C

#  Matched base-pairing interactions: 
	<G(0:)-C(12:) cis W/W>                         MATCHES	<G(6:'0'1498)-C(12:'0'1507) cis W/W>
#  Matched base-stacking interactions: 

>>>>>>>>>>   ALIGNMENT ENDS   >>>>>>>>>>

<<<<<<<<<<  ALIGNMENT BEGINS  <<<<<<<<<<

#  Aligning k-turn_consensus and 4v9f_0:265-272_361-371_232-235:
#  Alignment score:  10.6
#  P-value:  1.000e+00
#  Query aligned region: 0-0,12-12
#  Target aligned region: 0:'0'273-0:'0'273,16:'0'377-16:'0'377

	G...C
	G...C

#  Matched base-pairing interactions: 
	<G(0:)-C(12:) cis W/W>                         MATCHES	<G(0:'0'273)-C(16:'0'377) cis W/W>
#  Matched base-stacking interactions: 

>>>>>>>>>>   ALIGNMENT ENDS   >>>>>>>>>>

<<<<<<<<<<  ALIGNMENT BEGINS  <<<<<<<<<<

#  Aligning k-turn_consensus and 4v9f_0:220-225_657-665_198-203:
#  Alignment score:  10.6
#  P-value:  1.000e+00
#  Query aligned region: 0-1,11-12
#  Target aligned region: 1:'0'229-1:'0'229,13:'0'672-14:'0'673,19:'0'210-19:'0'210

	G~G...A~C
	G~G...U~U

#  Matched base-pairing interactions: 
	<G(0:)-C(12:) cis W/W>                         MATCHES	<G(1:'0'229)-U(19:'0'210) cis W/W>
	<G(1:)-A(11:) trans S/H>                       MATCHES	<G(13:'0'672)-U(14:'0'673) cis S/H>
#  Matched base-stacking interactions: 

>>>>>>>>>>   ALIGNMENT ENDS   >>>>>>>>>>

<<<<<<<<<<  ALIGNMENT BEGINS  <<<<<<<<<<

#  Aligning k-turn_consensus and 4v9f_0:440-455_22-26:
#  Alignment score:  10.6
#  P-value:  1.000e+00
#  Query aligned region: 0-0,12-12
#  Target aligned region: 0:'0'448-0:'0'448,20:'0'34-20:'0'34

	G...C
	G...C

#  Matched base-pairing interactions: 
	<G(0:)-C(12:) cis W/W>                         MATCHES	<G(0:'0'448)-C(20:'0'34) cis W/W>
#  Matched base-stacking interactions: 

>>>>>>>>>>   ALIGNMENT ENDS   >>>>>>>>>>

<<<<<<<<<<  ALIGNMENT BEGINS  <<<<<<<<<<

#  Aligning k-turn_consensus and 4v9f_0:22-26_440-455:
#  Alignment score:  10.6
#  P-value:  1.000e+00
#  Query aligned region: 0-0,12-12
#  Target aligned region: 3:'0'33-3:'0'33,7:'0'450-7:'0'450

	G...C
	G...C

#  Matched base-pairing interactions: 
	<G(0:)-C(12:) cis W/W>                         MATCHES	<G(3:'0'33)-C(7:'0'450) cis W/W>
#  Matched base-stacking interactions: 

>>>>>>>>>>   ALIGNMENT ENDS   >>>>>>>>>>

<<<<<<<<<<  ALIGNMENT BEGINS  <<<<<<<<<<

#  Aligning k-turn_consensus and 4v9f_0:1720-1728_2036-2039_1367-1368:
#  Alignment score:  10.6
#  P-value:  1.000e+00
#  Query aligned region: 0-0,12-12
#  Target aligned region: 0:'0'1728-0:'0'1728,12:'0'2047-12:'0'2047

	G...C
	G...C

#  Matched base-pairing interactions: 
	<G(0:)-C(12:) cis W/W>                         MATCHES	<G(0:'0'1728)-C(12:'0'2047) cis W/W>
#  Matched base-stacking interactions: 

>>>>>>>>>>   ALIGNMENT ENDS   >>>>>>>>>>

<<<<<<<<<<  ALIGNMENT BEGINS  <<<<<<<<<<

#  Aligning k-turn_consensus and 4v9f_0:1034-1037_905-908_1061-1063:
#  Alignment score:  10.6
#  P-value:  1.000e+00
#  Query aligned region: 0-0,12-12
#  Target aligned region: 3:'0'1045-3:'0'1045,8:'0'1069-8:'0'1069

	G...C
	G...C

#  Matched base-pairing interactions: 
	<G(0:)-C(12:) cis W/W>                         MATCHES	<G(3:'0'1045)-C(8:'0'1069) cis W/W>
#  Matched base-stacking interactions: 

>>>>>>>>>>   ALIGNMENT ENDS   >>>>>>>>>>

<<<<<<<<<<  ALIGNMENT BEGINS  <<<<<<<<<<

#  Aligning k-turn_consensus and 4v9f_0:222-224_655-662_668-675:
#  Alignment score:  10.6
#  P-value:  1.000e+00
#  Query aligned region: 0-0,12-12
#  Target aligned region: 10:'0'670-10:'0'670,11:'0'676-11:'0'676

	G...C
	G...C

#  Matched base-pairing interactions: 
	<G(0:)-C(12:) cis W/W>                         MATCHES	<G(10:'0'670)-C(11:'0'676) cis W/W>
#  Matched base-stacking interactions: 

>>>>>>>>>>   ALIGNMENT ENDS   >>>>>>>>>>

<<<<<<<<<<  ALIGNMENT BEGINS  <<<<<<<<<<

#  Aligning k-turn_consensus and 4v9f_0:2323-2330_2338-2348:
#  Alignment score:  10.6
#  P-value:  1.000e+00
#  Query aligned region: 0-0,12-12
#  Target aligned region: 7:'0'2338-7:'0'2338,8:'0'2346-8:'0'2346

	G...C
	G...C

#  Matched base-pairing interactions: 
	<G(0:)-C(12:) cis W/W>                         MATCHES	<G(7:'0'2338)-C(8:'0'2346) cis W/W>
#  Matched base-stacking interactions: 

>>>>>>>>>>   ALIGNMENT ENDS   >>>>>>>>>>

<<<<<<<<<<  ALIGNMENT BEGINS  <<<<<<<<<<

#  Aligning k-turn_consensus and 4v9f_0:920-923_1284-1287_902-907:
#  Alignment score:  10.6
#  P-value:  1.000e+00
#  Query aligned region: 0-0,12-12
#  Target aligned region: 0:'0'928-0:'0'928,13:'0'915-13:'0'915

	G...C
	G...C

#  Matched base-pairing interactions: 
	<G(0:)-C(12:) cis W/W>                         MATCHES	<G(0:'0'928)-C(13:'0'915) cis W/W>
#  Matched base-stacking interactions: 

>>>>>>>>>>   ALIGNMENT ENDS   >>>>>>>>>>

<<<<<<<<<<  ALIGNMENT BEGINS  <<<<<<<<<<

#  Aligning k-turn_consensus and 4v9f_0:421-422_372-378_396-402:
#  Alignment score:  10.6
#  P-value:  1.000e+00
#  Query aligned region: 0-0,12-12
#  Target aligned region: 6:'0'384-6:'0'384,10:'0'405-10:'0'405

	G...C
	G...C

#  Matched base-pairing interactions: 
	<G(0:)-C(12:) cis W/W>                         MATCHES	<G(6:'0'384)-C(10:'0'405) cis W/W>
#  Matched base-stacking interactions: 

>>>>>>>>>>   ALIGNMENT ENDS   >>>>>>>>>>

<<<<<<<<<<  ALIGNMENT BEGINS  <<<<<<<<<<

#  Aligning k-turn_consensus and 4v9f_0:2517-2525_2481-2487:
#  Alignment score:  10.4
#  P-value:  1.000e+00
#  Query aligned region: 0-1,11-12
#  Target aligned region: 6:'0'2531-8:'0'2533,10:'0'2490-10:'0'2490

	GG...A~C
	UA...C~A

#  Matched base-pairing interactions: 
	<G(0:)-C(12:) cis W/W>                         MATCHES	<U(6:'0'2531)-A(10:'0'2490) cis W/W>
	<G(1:)-A(11:) trans S/H>                       MATCHES	<A(7:'0'2532)-C(8:'0'2533) cis S/H>
#  Matched base-stacking interactions: 

>>>>>>>>>>   ALIGNMENT ENDS   >>>>>>>>>>

<<<<<<<<<<  ALIGNMENT BEGINS  <<<<<<<<<<

#  Aligning k-turn_consensus and 4v9f_0:1882-1889_1957-1964_1932-1939:
#  Alignment score:  10.2
#  P-value:  1.000e+00
#  Query aligned region: 0-1,11-12
#  Target aligned region: 6:'0'1896-7:'0'1897,18:'0'1942-19:'0'1943

	GG...AC
	GU...AC

#  Matched base-pairing interactions: 
	<G(1:)-A(11:) trans S/H>                       MATCHES	<U(7:'0'1897)-A(18:'0'1942) cis W/W>
	<G(0:)-C(12:) cis W/W>                         MATCHES	<G(6:'0'1896)-C(19:'0'1943) cis W/W>
#  Matched base-stacking interactions: 

>>>>>>>>>>   ALIGNMENT ENDS   >>>>>>>>>>

<<<<<<<<<<  ALIGNMENT BEGINS  <<<<<<<<<<

#  Aligning k-turn_consensus and 4v9f_0:1310-1315_1326-1331_543-545:
#  Alignment score:  10.2
#  P-value:  1.000e+00
#  Query aligned region: 0-0,12-12
#  Target aligned region: 1:'0'1319-1:'0'1319,10:'0'1338-10:'0'1338

	G...C
	G...U

#  Matched base-pairing interactions: 
	<G(0:)-C(12:) cis W/W>                         MATCHES	<G(1:'0'1319)-U(10:'0'1338) cis W/W>
#  Matched base-stacking interactions: 

>>>>>>>>>>   ALIGNMENT ENDS   >>>>>>>>>>

<<<<<<<<<<  ALIGNMENT BEGINS  <<<<<<<<<<

#  Aligning k-turn_consensus and 4v9f_0:1688-1689_1404-1408_1671-1678:
#  Alignment score:  10.2
#  P-value:  1.000e+00
#  Query aligned region: 0-0,12-12
#  Target aligned region: 1:'0'1697-1:'0'1697,2:'0'1412-2:'0'1412

	G...C
	G...U

#  Matched base-pairing interactions: 
	<G(0:)-C(12:) cis W/W>                         MATCHES	<G(1:'0'1697)-U(2:'0'1412) cis W/W>
#  Matched base-stacking interactions: 

>>>>>>>>>>   ALIGNMENT ENDS   >>>>>>>>>>

<<<<<<<<<<  ALIGNMENT BEGINS  <<<<<<<<<<

#  Aligning k-turn_consensus and 4v9f_0:1648-1654_1521-1526_1481-1482:
#  Alignment score:  10.2
#  P-value:  1.000e+00
#  Query aligned region: 0-0,12-12
#  Target aligned region: 4:'0'1660-4:'0'1660,9:'0'1531-9:'0'1531

	G...C
	G...U

#  Matched base-pairing interactions: 
	<G(0:)-C(12:) cis W/W>                         MATCHES	<G(4:'0'1660)-U(9:'0'1531) cis W/W>
#  Matched base-stacking interactions: 

>>>>>>>>>>   ALIGNMENT ENDS   >>>>>>>>>>

<<<<<<<<<<  ALIGNMENT BEGINS  <<<<<<<<<<

#  Aligning k-turn_consensus and 4v9f_0:2569-2575_2587-2594_2547-2549:
#  Alignment score:  10.2
#  P-value:  1.000e+00
#  Query aligned region: 0-0,12-12
#  Target aligned region: 1:'0'2578-1:'0'2578,17:'0'2557-17:'0'2557

	G...C
	G...U

#  Matched base-pairing interactions: 
	<G(0:)-C(12:) cis W/W>                         MATCHES	<G(1:'0'2578)-U(17:'0'2557) cis W/W>
#  Matched base-stacking interactions: 

>>>>>>>>>>   ALIGNMENT ENDS   >>>>>>>>>>

<<<<<<<<<<  ALIGNMENT BEGINS  <<<<<<<<<<

#  Aligning k-turn_consensus and 4v9f_0:1538-1545_1624-1631_1560-1561:
#  Alignment score:  10.2
#  P-value:  1.000e+00
#  Query aligned region: 0-0,12-12
#  Target aligned region: 0:'0'1546-0:'0'1546,15:'0'1639-15:'0'1639

	G...C
	G...U

#  Matched base-pairing interactions: 
	<G(0:)-C(12:) cis W/W>                         MATCHES	<G(0:'0'1546)-U(15:'0'1639) cis W/W>
#  Matched base-stacking interactions: 

>>>>>>>>>>   ALIGNMENT ENDS   >>>>>>>>>>

<<<<<<<<<<  ALIGNMENT BEGINS  <<<<<<<<<<

#  Aligning k-turn_consensus and 4v9f_0:1919-1924_2119-2120_1899-1904:
#  Alignment score:  10.2
#  P-value:  1.000e+00
#  Query aligned region: 0-0,12-12
#  Target aligned region: 5:'0'1932-5:'0'1932,8:'0'1907-8:'0'1907

	G...C
	G...U

#  Matched base-pairing interactions: 
	<G(0:)-C(12:) cis W/W>                         MATCHES	<G(5:'0'1932)-U(8:'0'1907) cis W/W>
#  Matched base-stacking interactions: 

>>>>>>>>>>   ALIGNMENT ENDS   >>>>>>>>>>

<<<<<<<<<<  ALIGNMENT BEGINS  <<<<<<<<<<

#  Aligning k-turn_consensus and 4v9f_0:1838-1852_1861-1876:
#  Alignment score:  10.2
#  P-value:  1.000e+00
#  Query aligned region: 0-0,12-12
#  Target aligned region: 2:'0'1848-2:'0'1848,29:'0'1883-29:'0'1883

	G...C
	G...U

#  Matched base-pairing interactions: 
	<G(0:)-C(12:) cis W/W>                         MATCHES	<G(2:'0'1848)-U(29:'0'1883) cis W/W>
#  Matched base-stacking interactions: 

>>>>>>>>>>   ALIGNMENT ENDS   >>>>>>>>>>

<<<<<<<<<<  ALIGNMENT BEGINS  <<<<<<<<<<

#  Aligning k-turn_consensus and 4v9f_0:2389-2391_2381-2387_919-920:
#  Alignment score:  10.2
#  P-value:  1.000e+00
#  Query aligned region: 0-0,12-12
#  Target aligned region: 2:'0'2399-2:'0'2399,3:'0'2389-3:'0'2389

	G...C
	G...U

#  Matched base-pairing interactions: 
	<G(0:)-C(12:) cis W/W>                         MATCHES	<G(2:'0'2399)-U(3:'0'2389) cis W/W>
#  Matched base-stacking interactions: 

>>>>>>>>>>   ALIGNMENT ENDS   >>>>>>>>>>

<<<<<<<<<<  ALIGNMENT BEGINS  <<<<<<<<<<

#  Aligning k-turn_consensus and 4v9f_0:55-63_98-103_42-48:
#  Alignment score:  10
#  P-value:  1.000e+00
#  Query aligned region: 0-1,11-12
#  Target aligned region: 1:'0'64-1:'0'64,11:'0'108-12:'0'109,20:'0'55-20:'0'55

	G~G...A~C
	G~U...U~U

#  Matched base-pairing interactions: 
	<G(0:)-C(12:) cis W/W>                         MATCHES	<G(1:'0'64)-U(20:'0'55) cis W/W>
	<G(1:)-A(11:) trans S/H>                       MATCHES	<U(11:'0'108)-U(12:'0'109) trans S/H>
#  Matched base-stacking interactions: 

>>>>>>>>>>   ALIGNMENT ENDS   >>>>>>>>>>

<<<<<<<<<<  ALIGNMENT BEGINS  <<<<<<<<<<

#  Aligning k-turn_consensus and 4v9f_0:1635-1638_1570-1578_1602-1610:
#  Alignment score:  10
#  P-value:  1.000e+00
#  Query aligned region: 0-1,11-12
#  Target aligned region: 8:'0'1582-9:'0'1583,15:'0'1612-16:'0'1613

	GG...AC
	CU...AC

#  Matched base-pairing interactions: 
	<G(1:)-A(11:) trans S/H>                       MATCHES	<U(9:'0'1583)-A(15:'0'1612) cis W/W>
	<G(0:)-C(12:) cis W/W>                         MATCHES	<C(8:'0'1582)-C(16:'0'1613) cis W/W>
#  Matched base-stacking interactions: 

>>>>>>>>>>   ALIGNMENT ENDS   >>>>>>>>>>

<<<<<<<<<<  ALIGNMENT BEGINS  <<<<<<<<<<

#  Aligning k-turn_consensus and 4v9f_0:2881-2890_2852-2858_2720-2721:
#  Alignment score:  9.8
#  P-value:  1.000e+00
#  Query aligned region: 0-0,12-12
#  Target aligned region: 6:'0'2895-6:'0'2895,11:'0'2861-11:'0'2861

	G...C
	C...G

#  Matched base-pairing interactions: 
	<G(0:)-C(12:) cis W/W>                         MATCHES	<C(6:'0'2895)-G(11:'0'2861) cis W/W>
#  Matched base-stacking interactions: 

>>>>>>>>>>   ALIGNMENT ENDS   >>>>>>>>>>

<<<<<<<<<<  ALIGNMENT BEGINS  <<<<<<<<<<

#  Aligning k-turn_consensus and 4v9f_0:432-437_31-33:
#  Alignment score:  9.8
#  P-value:  1.000e+00
#  Query aligned region: 0-0,12-12
#  Target aligned region: 3:'0'443-3:'0'443,6:'0'39-6:'0'39

	G...C
	C...G

#  Matched base-pairing interactions: 
	<G(0:)-C(12:) cis W/W>                         MATCHES	<C(3:'0'443)-G(6:'0'39) cis W/W>
#  Matched base-stacking interactions: 

>>>>>>>>>>   ALIGNMENT ENDS   >>>>>>>>>>

<<<<<<<<<<  ALIGNMENT BEGINS  <<<<<<<<<<

#  Aligning k-turn_consensus and 4v9f_0:2106-2110_2462-2464_2621-2626:
#  Alignment score:  9.8
#  P-value:  1.000e+00
#  Query aligned region: 0-1,11-12
#  Target aligned region: 1:'0'2115-4:'0'2118,5:'0'2470-5:'0'2470

	GG...A~C
	UU...A~A

#  Matched base-pairing interactions: 
	<G(1:)-A(11:) trans S/H>                       MATCHES	<U(2:'0'2116)-A(4:'0'2118) cis W/H>
	<G(0:)-C(12:) cis W/W>                         MATCHES	<U(1:'0'2115)-A(5:'0'2470) cis W/W>
#  Matched base-stacking interactions: 

>>>>>>>>>>   ALIGNMENT ENDS   >>>>>>>>>>

<<<<<<<<<<  ALIGNMENT BEGINS  <<<<<<<<<<

#  Aligning k-turn_consensus and 4v9f_0:2306-2309_2453-2458_2417-2421:
#  Alignment score:  9.8
#  P-value:  1.000e+00
#  Query aligned region: 0-0,12-12
#  Target aligned region: 2:'0'2316-2:'0'2316,7:'0'2464-7:'0'2464

	G...C
	G...C

#  Matched base-pairing interactions: 
	<G(0:)-C(12:) cis W/W>                         MATCHES	<G(2:'0'2316)-C(7:'0'2464) cis W/W>
#  Matched base-stacking interactions: 

>>>>>>>>>>   ALIGNMENT ENDS   >>>>>>>>>>

<<<<<<<<<<  ALIGNMENT BEGINS  <<<<<<<<<<

#  Aligning k-turn_consensus and 4v9f_0:2069-2075_2055-2060_1069-1072:
#  Alignment score:  9.8
#  P-value:  1.000e+00
#  Query aligned region: 0-0,12-12
#  Target aligned region: 4:'0'2081-4:'0'2081,8:'0'2064-8:'0'2064

	G...C
	A...U

#  Matched base-pairing interactions: 
	<G(0:)-C(12:) cis W/W>                         MATCHES	<A(4:'0'2081)-U(8:'0'2064) cis W/W>
#  Matched base-stacking interactions: 

>>>>>>>>>>   ALIGNMENT ENDS   >>>>>>>>>>

<<<<<<<<<<  ALIGNMENT BEGINS  <<<<<<<<<<

#  Aligning k-turn_consensus and 4v9f_0:2803-2809_2650-2654_2076-2079:
#  Alignment score:  9.8
#  P-value:  1.000e+00
#  Query aligned region: 0-0,12-12
#  Target aligned region: 9:'0'2660-9:'0'2660,12:'0'2084-12:'0'2084

	G...C
	G...C

#  Matched base-pairing interactions: 
	<G(0:)-C(12:) cis W/W>                         MATCHES	<G(9:'0'2660)-C(12:'0'2084) cis W/W>
#  Matched base-stacking interactions: 

>>>>>>>>>>   ALIGNMENT ENDS   >>>>>>>>>>

<<<<<<<<<<  ALIGNMENT BEGINS  <<<<<<<<<<

#  Aligning k-turn_consensus and 4v9f_0:2574-2578_2584-2588_1982-1990:
#  Alignment score:  9.8
#  P-value:  1.000e+00
#  Query aligned region: 0-0,12-12
#  Target aligned region: 4:'0'2586-4:'0'2586,5:'0'2592-5:'0'2592

	G...C
	U...G

#  Matched base-pairing interactions: 
	<G(0:)-C(12:) cis W/W>                         MATCHES	<U(4:'0'2586)-G(5:'0'2592) cis W/W>
#  Matched base-stacking interactions: 

>>>>>>>>>>   ALIGNMENT ENDS   >>>>>>>>>>

<<<<<<<<<<  ALIGNMENT BEGINS  <<<<<<<<<<

#  Aligning k-turn_consensus and 4v9f_0:2798-2801_2673-2674_2668-2672:
#  Alignment score:  9.8
#  P-value:  1.000e+00
#  Query aligned region: 0-0,12-12
#  Target aligned region: 3:'0'2809-3:'0'2809,6:'0'2676-6:'0'2676

	G...C
	G...C

#  Matched base-pairing interactions: 
	<G(0:)-C(12:) cis W/W>                         MATCHES	<G(3:'0'2809)-C(6:'0'2676) cis W/W>
#  Matched base-stacking interactions: 

>>>>>>>>>>   ALIGNMENT ENDS   >>>>>>>>>>

<<<<<<<<<<  ALIGNMENT BEGINS  <<<<<<<<<<

#  Aligning k-turn_consensus and 4v9f_0:1451-1457_1470-1476_855-856:
#  Alignment score:  9.8
#  P-value:  1.000e+00
#  Query aligned region: 0-0,12-12
#  Target aligned region: 6:'0'1465-6:'0'1465,7:'0'1478-7:'0'1478

	G...C
	A...U

#  Matched base-pairing interactions: 
	<G(0:)-C(12:) cis W/W>                         MATCHES	<A(6:'0'1465)-U(7:'0'1478) cis W/W>
#  Matched base-stacking interactions: 

>>>>>>>>>>   ALIGNMENT ENDS   >>>>>>>>>>

<<<<<<<<<<  ALIGNMENT BEGINS  <<<<<<<<<<

#  Aligning k-turn_consensus and 4v9f_0:164-170_884-885_150-155:
#  Alignment score:  9.8
#  P-value:  1.000e+00
#  Query aligned region: 0-0,12-12
#  Target aligned region: 6:'0'178-6:'0'178,9:'0'158-9:'0'158

	G...C
	U...A

#  Matched base-pairing interactions: 
	<G(0:)-C(12:) cis W/W>                         MATCHES	<U(6:'0'178)-A(9:'0'158) cis W/W>
#  Matched base-stacking interactions: 

>>>>>>>>>>   ALIGNMENT ENDS   >>>>>>>>>>

<<<<<<<<<<  ALIGNMENT BEGINS  <<<<<<<<<<

#  Aligning k-turn_consensus and 4v9f_0:1097-1102_1090-1093_1245-1250:
#  Alignment score:  9.8
#  P-value:  1.000e+00
#  Query aligned region: 0-0,12-12
#  Target aligned region: 5:'0'1110-5:'0'1110,10:'0'1253-10:'0'1253

	G...C
	G...C

#  Matched base-pairing interactions: 
	<G(0:)-C(12:) cis W/W>                         MATCHES	<G(5:'0'1110)-C(10:'0'1253) cis W/W>
#  Matched base-stacking interactions: 

>>>>>>>>>>   ALIGNMENT ENDS   >>>>>>>>>>

<<<<<<<<<<  ALIGNMENT BEGINS  <<<<<<<<<<

#  Aligning k-turn_consensus and 4v9f_0:416-420_404-408_182-187:
#  Alignment score:  9.8
#  P-value:  1.000e+00
#  Query aligned region: 0-0,12-12
#  Target aligned region: 4:'0'428-4:'0'428,5:'0'412-5:'0'412

	G...C
	G...C

#  Matched base-pairing interactions: 
	<G(0:)-C(12:) cis W/W>                         MATCHES	<G(4:'0'428)-C(5:'0'412) cis W/W>
#  Matched base-stacking interactions: 

>>>>>>>>>>   ALIGNMENT ENDS   >>>>>>>>>>

<<<<<<<<<<  ALIGNMENT BEGINS  <<<<<<<<<<

#  Aligning k-turn_consensus and 4v9f_0:1443-1444_1406-1411_1668-1678:
#  Alignment score:  9.8
#  P-value:  1.000e+00
#  Query aligned region: 0-0,12-12
#  Target aligned region: 7:'0'1419-7:'0'1419,10:'0'1678-10:'0'1678

	G...C
	U...A

#  Matched base-pairing interactions: 
	<G(0:)-C(12:) cis W/W>                         MATCHES	<U(7:'0'1419)-A(10:'0'1678) cis W/W>
#  Matched base-stacking interactions: 

>>>>>>>>>>   ALIGNMENT ENDS   >>>>>>>>>>

<<<<<<<<<<  ALIGNMENT BEGINS  <<<<<<<<<<

#  Aligning k-turn_consensus and 4v9f_0:431-432_142-146_174-179:
#  Alignment score:  9.8
#  P-value:  1.000e+00
#  Query aligned region: 0-0,12-12
#  Target aligned region: 6:'0'154-6:'0'154,7:'0'182-7:'0'182

	G...C
	C...G

#  Matched base-pairing interactions: 
	<G(0:)-C(12:) cis W/W>                         MATCHES	<C(6:'0'154)-G(7:'0'182) cis W/W>
#  Matched base-stacking interactions: 

>>>>>>>>>>   ALIGNMENT ENDS   >>>>>>>>>>

<<<<<<<<<<  ALIGNMENT BEGINS  <<<<<<<<<<

#  Aligning k-turn_consensus and 4v9f_0:1582-1595:
#  Alignment score:  9.7
#  P-value:  1.000e+00
#  Query aligned region: 0-1,11-12
#  Target aligned region: 4:'0'1594-10:'0'1600

	G-G...AC
	CGU...UG

#  Matched base-pairing interactions: 
	<G(0:)-C(12:) cis W/W>                         MATCHES	<C(4:'0'1594)-G(10:'0'1600) cis W/W>
	<G(1:)-A(11:) trans S/H>                       MATCHES	<U(6:'0'1596)-U(9:'0'1599) trans S/H>
#  Matched base-stacking interactions: 

>>>>>>>>>>   ALIGNMENT ENDS   >>>>>>>>>>

<<<<<<<<<<  ALIGNMENT BEGINS  <<<<<<<<<<

#  Aligning k-turn_consensus and 4v9f_0:1436-1440_1487-1499_1410-1413:
#  Alignment score:  9.2
#  P-value:  1.000e+00
#  Query aligned region: 0-1,11-12
#  Target aligned region: 0:'0'1444-0:'0'1444,10:'0'1500-12:'0'1502,20:'0'1420-20:'0'1420

	G~G...A~C
	G~U...A~C

#  Matched base-pairing interactions: 
	<G(0:)-C(12:) cis W/W>                         MATCHES	<G(0:'0'1444)-C(20:'0'1420) cis W/W>
	<G(1:)-A(11:) trans S/H>                       MATCHES	<U(10:'0'1500)-A(12:'0'1502) cis -/->
#  Matched base-stacking interactions: 

>>>>>>>>>>   ALIGNMENT ENDS   >>>>>>>>>>

<<<<<<<<<<  ALIGNMENT BEGINS  <<<<<<<<<<

#  Aligning k-turn_consensus and 4v9f_0:2523-2528_2061-2069_2474-2483:
#  Alignment score:  9.2
#  P-value:  1.000e+00
#  Query aligned region: 0-1,11-12
#  Target aligned region: 3:'0'2534-3:'0'2534,13:'0'2076-14:'0'2077,21:'0'2488-21:'0'2488

	G~G...A~C
	C~U...C~A

#  Matched base-pairing interactions: 
	<G(0:)-C(12:) cis W/W>                         MATCHES	<C(3:'0'2534)-A(21:'0'2488) cis W/W>
	<G(1:)-A(11:) trans S/H>                       MATCHES	<U(13:'0'2076)-C(14:'0'2077) cis -/->
#  Matched base-stacking interactions: 

>>>>>>>>>>   ALIGNMENT ENDS   >>>>>>>>>>

<<<<<<<<<<  ALIGNMENT BEGINS  <<<<<<<<<<

#  Aligning k-turn_consensus and 4v9f_0:1822-1826_1833-1838_862-872:
#  Alignment score:  9
#  P-value:  1.000e+00
#  Query aligned region: 0-0,12-12
#  Target aligned region: 3:'0'1833-3:'0'1833,7:'0'1843-7:'0'1843

	G...C
	U...A

#  Matched base-pairing interactions: 
	<G(0:)-C(12:) cis W/W>                         MATCHES	<U(3:'0'1833)-A(7:'0'1843) cis W/W>
#  Matched base-stacking interactions: 

>>>>>>>>>>   ALIGNMENT ENDS   >>>>>>>>>>

<<<<<<<<<<  ALIGNMENT BEGINS  <<<<<<<<<<

#  Aligning k-turn_consensus and 4v9f_0:1963-1970_1995-2007_1881-1883:
#  Alignment score:  8.4
#  P-value:  1.000e+00
#  Query aligned region: 0-1,11-12
#  Target aligned region: 4:'0'1975-5:'0'1976,9:'0'2004-10:'0'2005

	GG...AC
	CG...UG

#  Matched base-pairing interactions: 
	<G(1:)-A(11:) trans S/H>                       MATCHES	<G(5:'0'1976)-U(9:'0'2004) cis -/->
	<G(0:)-C(12:) cis W/W>                         MATCHES	<C(4:'0'1975)-G(10:'0'2005) cis W/W>
#  Matched base-stacking interactions: 

>>>>>>>>>>   ALIGNMENT ENDS   >>>>>>>>>>

<<<<<<<<<<  ALIGNMENT BEGINS  <<<<<<<<<<

#  Aligning k-turn_consensus and 4v9f_0:698-713:
#  Alignment score:  7.9
#  P-value:  1.000e+00
#  Query aligned region: 0-1,11-12
#  Target aligned region: 6:'0'712-10:'0'716

	GG...A-C
	CU...UUG

#  Matched base-pairing interactions: 
	<G(0:)-C(12:) cis W/W>                         MATCHES	<C(6:'0'712)-G(10:'0'716) cis W/W>
	<G(1:)-A(11:) trans S/H>                       MATCHES	<U(7:'0'713)-U(8:'0'714) cis S/H>
#  Matched base-stacking interactions: 

>>>>>>>>>>   ALIGNMENT ENDS   >>>>>>>>>>

<<<<<<<<<<  ALIGNMENT BEGINS  <<<<<<<<<<

#  Aligning k-turn_consensus and 4v9f_0:2747-2756_2025-2032_2710-2717:
#  Alignment score:  7.8
#  P-value:  1.000e+00
#  Query aligned region: 0-1,11-12
#  Target aligned region: 6:'0'2761-6:'0'2761,10:'0'2033-14:'0'2037,21:'0'2721-21:'0'2721

	G~G...A~C
	A~G...C~U

#  Matched base-pairing interactions: 
	<G(0:)-C(12:) cis W/W>                         MATCHES	<A(6:'0'2761)-U(21:'0'2721) cis W/W>
	<G(1:)-A(11:) trans S/H>                       MATCHES	<G(10:'0'2033)-C(14:'0'2037) cis W/S>
#  Matched base-stacking interactions: 

>>>>>>>>>>   ALIGNMENT ENDS   >>>>>>>>>>

<<<<<<<<<<  ALIGNMENT BEGINS  <<<<<<<<<<

#  Aligning k-turn_consensus and 4v9f_0:452-457_24-25_443-450:
#  Alignment score:  7.8
#  P-value:  1.000e+00
#  Query aligned region: 3-4,5-10
#  Target aligned region: 0:'0'460-0:'0'460,6:'0'32-6:'0'32,8:'0'451-13:'0'456

	A~G...CGAAGA
	A~G...CGAUAG

#  Matched base-pairing interactions: 
	<A(3:)-G(9:) trans H/S>                        MATCHES	<A(0:'0'460)-A(12:'0'455) trans H/W>
	<G(4:)-A(10:) trans S/S>                       MATCHES	<G(6:'0'32)-G(13:'0'456) trans S/S>
	<A(3:)-G(6:) trans S/S>                        MATCHES	<A(0:'0'460)-G(9:'0'452) trans W/S>
	<G(4:)-C(5:) cis W/W>                          MATCHES	<G(6:'0'32)-C(8:'0'451) cis W/W>
#  Matched base-stacking interactions: 

>>>>>>>>>>   ALIGNMENT ENDS   >>>>>>>>>>

<<<<<<<<<<  ALIGNMENT BEGINS  <<<<<<<<<<

#  Aligning k-turn_consensus and 4v9f_0:1068-1075_1034-1038_905-908:
#  Alignment score:  7.4
#  P-value:  1.000e+00
#  Query aligned region: 0-0,12-12
#  Target aligned region: 0:'0'1076-7:'0'1083

	G...C
	G...C

#  Matched base-pairing interactions: 
	<G(0:)-C(12:) cis W/W>                         MATCHES	<G(0:'0'1076)-C(7:'0'1083) cis W/W>
#  Matched base-stacking interactions: 

>>>>>>>>>>   ALIGNMENT ENDS   >>>>>>>>>>

<<<<<<<<<<  ALIGNMENT BEGINS  <<<<<<<<<<

#  Aligning k-turn_consensus and 4v9f_0:2462-2467_2104-2107_2618-2630:
#  Alignment score:  7.4
#  P-value:  1.000e+00
#  Query aligned region: 0-0,12-12
#  Target aligned region: 3:'0'2473-3:'0'2473,6:'0'2112-6:'0'2112

	G...C
	U...A

#  Matched base-pairing interactions: 
	<G(0:)-C(12:) cis W/W>                         MATCHES	<U(3:'0'2473)-A(6:'0'2112) cis W/W>
#  Matched base-stacking interactions: 

>>>>>>>>>>   ALIGNMENT ENDS   >>>>>>>>>>

<<<<<<<<<<  ALIGNMENT BEGINS  <<<<<<<<<<

#  Aligning k-turn_consensus and 4v9f_0:617-622_1068-1075_2060-2066:
#  Alignment score:  7.4
#  P-value:  1.000e+00
#  Query aligned region: 0-1,11-12
#  Target aligned region: 0:'0'625-1:'0'626,11:'0'1081-11:'0'1081,17:'0'2071-17:'0'2071

	GG...A~C
	UU...A~C

#  Matched base-pairing interactions: 
	<G(0:)-C(12:) cis W/W>                         MATCHES	<U(0:'0'625)-C(17:'0'2071) cis W/W>
	<G(1:)-A(11:) trans S/H>                       MATCHES	<U(1:'0'626)-A(11:'0'1081) cis S/W>
#  Matched base-stacking interactions: 

>>>>>>>>>>   ALIGNMENT ENDS   >>>>>>>>>>

<<<<<<<<<<  ALIGNMENT BEGINS  <<<<<<<<<<

#  Aligning k-turn_consensus and 4v9f_0:2658-2662_2817-2819_2812-2816:
#  Alignment score:  6.6
#  P-value:  1.000e+00
#  Query aligned region: 0-1,11-12
#  Target aligned region: 5:'0'2825-6:'0'2826,11:'0'2823-12:'0'2824

	GG...AC
	CG...GC

#  Matched base-pairing interactions: 
	<G(1:)-A(11:) trans S/H>                       MATCHES	<G(6:'0'2826)-G(11:'0'2823) cis S/S>
	<G(0:)-C(12:) cis W/W>                         MATCHES	<C(5:'0'2825)-C(12:'0'2824) trans S/S>
#  Matched base-stacking interactions: 

>>>>>>>>>>   ALIGNMENT ENDS   >>>>>>>>>>

<<<<<<<<<<  ALIGNMENT BEGINS  <<<<<<<<<<

#  Aligning k-turn_consensus and 4v9f_0:298-300_326-335_304-311:
#  Alignment score:  6.6
#  P-value:  1.000e+00
#  Query aligned region: 0-0,12-12
#  Target aligned region: 2:'0'308-2:'0'308,8:'0'339-8:'0'339

	G...C
	U...A

#  Matched base-pairing interactions: 
	<G(0:)-C(12:) cis W/W>                         MATCHES	<U(2:'0'308)-A(8:'0'339) cis W/W>
#  Matched base-stacking interactions: 

>>>>>>>>>>   ALIGNMENT ENDS   >>>>>>>>>>

<<<<<<<<<<  ALIGNMENT BEGINS  <<<<<<<<<<

#  Aligning k-turn_consensus and 4v9f_0:2623-2625_873-877_2105-2110:
#  Alignment score:  6.2
#  P-value:  1.000e+00
#  Query aligned region: 0-1,11-12
#  Target aligned region: 1:'0'2632-1:'0'2632,3:'0'881-6:'0'884,10:'0'2115-10:'0'2115

	G~G...A~C
	G~C...C~U

#  Matched base-pairing interactions: 
	<G(0:)-C(12:) cis W/W>                         MATCHES	<G(1:'0'2632)-U(10:'0'2115) cis S/S>
	<G(1:)-A(11:) trans S/H>                       MATCHES	<C(3:'0'881)-C(6:'0'884) cis -/->
#  Matched base-stacking interactions: 

>>>>>>>>>>   ALIGNMENT ENDS   >>>>>>>>>>

<<<<<<<<<<  ALIGNMENT BEGINS  <<<<<<<<<<

#  Aligning k-turn_consensus and 4v9f_0:24-25_452-457_443-450:
#  Alignment score:  5.4
#  P-value:  1.000e+00
#  Query aligned region: 0-1,11-12
#  Target aligned region: 0:'0'32-0:'0'32,6:'0'464-7:'0'465,8:'0'451-8:'0'451

	G~G...A~C
	G~G...U~C

#  Matched base-pairing interactions: 
	<G(0:)-C(12:) cis W/W>                         MATCHES	<G(0:'0'32)-C(8:'0'451) cis W/W>
	<G(1:)-A(11:) trans S/H>                       MATCHES	<G(6:'0'464)-U(7:'0'465) cis S/H>
#  Matched base-stacking interactions: 

>>>>>>>>>>   ALIGNMENT ENDS   >>>>>>>>>>

<<<<<<<<<<  ALIGNMENT BEGINS  <<<<<<<<<<

#  Aligning k-turn_consensus and 4v9f_0:2060-2069_2474-2483_620-622:
#  Alignment score:  5.2
#  P-value:  1.000e+00
#  Query aligned region: 0-1,11-12
#  Target aligned region: 2:'0'2070-2:'0'2070,10:'0'2482-14:'0'2486,20:'0'629-20:'0'629

	G~G...A~C
	G~G...A~A

#  Matched base-pairing interactions: 
	<G(0:)-C(12:) cis W/W>                         MATCHES	<G(2:'0'2070)-A(20:'0'629) trans S/W>
	<G(1:)-A(11:) trans S/H>                       MATCHES	<G(10:'0'2482)-A(14:'0'2486) cis W/H>
#  Matched base-stacking interactions: 

>>>>>>>>>>   ALIGNMENT ENDS   >>>>>>>>>>

<<<<<<<<<<  ALIGNMENT BEGINS  <<<<<<<<<<

#  Aligning k-turn_consensus and 4v9f_0:2658-2662_2812-2816_2817-2819:
#  Alignment score:  5
#  P-value:  1.000e+00
#  Query aligned region: 0-0,12-12
#  Target aligned region: 1:'0'2667-1:'0'2667,7:'0'2822-7:'0'2822

	G...C
	G...C

#  Matched base-pairing interactions: 
	<G(0:)-C(12:) cis W/W>                         MATCHES	<G(1:'0'2667)-C(7:'0'2822) cis W/W>
#  Matched base-stacking interactions: 

>>>>>>>>>>   ALIGNMENT ENDS   >>>>>>>>>>

<<<<<<<<<<  ALIGNMENT BEGINS  <<<<<<<<<<

#  Aligning k-turn_consensus and 4v9f_0:1037-1038_1073-1074_617-619:
#  Alignment score:  4.6
#  P-value:  1.000e+00
#  Query aligned region: 0-1,11-12
#  Target aligned region: 0:'0'1045-1:'0'1046,3:'0'1082-3:'0'1082,5:'0'626-5:'0'626

	GG...A~C
	GG...A~U

#  Matched base-pairing interactions: 
	<G(0:)-C(12:) cis W/W>                         MATCHES	<G(0:'0'1045)-U(5:'0'626) trans S/S>
	<G(1:)-A(11:) trans S/H>                       MATCHES	<G(1:'0'1046)-A(3:'0'1082) trans S/S>
#  Matched base-stacking interactions: 

>>>>>>>>>>   ALIGNMENT ENDS   >>>>>>>>>>

<<<<<<<<<<  ALIGNMENT BEGINS  <<<<<<<<<<

#  Aligning k-turn_consensus and 4v9f_0:620-622_2060-2069_2474-2483:
#  Alignment score:  4.6
#  P-value:  1.000e+00
#  Query aligned region: 1-1,11-11
#  Target aligned region: 8:'0'2073-8:'0'2073,19:'0'2488-19:'0'2488

	G...A
	G...A

#  Matched base-pairing interactions: 
	<G(1:)-A(11:) trans S/H>                       MATCHES	<G(8:'0'2073)-A(19:'0'2488) trans H/S>
#  Matched base-stacking interactions: 

>>>>>>>>>>   ALIGNMENT ENDS   >>>>>>>>>>

<<<<<<<<<<  ALIGNMENT BEGINS  <<<<<<<<<<

#  Aligning k-turn_consensus and 4v9f_0:286-294_342-351:
#  Alignment score:  4.4
#  P-value:  1.000e+00
#  Query aligned region: 
#  Target aligned region: 

	
	

#  Matched base-pairing interactions: 
#  Matched base-stacking interactions: 

>>>>>>>>>>   ALIGNMENT ENDS   >>>>>>>>>>

<<<<<<<<<<  ALIGNMENT BEGINS  <<<<<<<<<<

#  Aligning k-turn_consensus and 4v9f_0:1287-1292_896-902:
#  Alignment score:  3.7
#  P-value:  1.000e+00
#  Query aligned region: 
#  Target aligned region: 

	
	

#  Matched base-pairing interactions: 
#  Matched base-stacking interactions: 

>>>>>>>>>>   ALIGNMENT ENDS   >>>>>>>>>>

<<<<<<<<<<  ALIGNMENT BEGINS  <<<<<<<<<<

#  Aligning k-turn_consensus and 4v9f_0:2659-2664_2808-2814:
#  Alignment score:  3.6
#  P-value:  1.000e+00
#  Query aligned region: 
#  Target aligned region: 

	
	

#  Matched base-pairing interactions: 
#  Matched base-stacking interactions: 

>>>>>>>>>>   ALIGNMENT ENDS   >>>>>>>>>>

<<<<<<<<<<  ALIGNMENT BEGINS  <<<<<<<<<<

#  Aligning k-turn_consensus and 4v9f_0:1750-1752_1769-1771_1805-1812:
#  Alignment score:  3.6
#  P-value:  1.000e+00
#  Query aligned region: 
#  Target aligned region: 

	
	

#  Matched base-pairing interactions: 
#  Matched base-stacking interactions: 

>>>>>>>>>>   ALIGNMENT ENDS   >>>>>>>>>>

<<<<<<<<<<  ALIGNMENT BEGINS  <<<<<<<<<<

#  Aligning k-turn_consensus and 4v9f_0:596-603_537-540:
#  Alignment score:  3.3
#  P-value:  1.000e+00
#  Query aligned region: 
#  Target aligned region: 

	
	

#  Matched base-pairing interactions: 
#  Matched base-stacking interactions: 

>>>>>>>>>>   ALIGNMENT ENDS   >>>>>>>>>>

<<<<<<<<<<  ALIGNMENT BEGINS  <<<<<<<<<<

#  Aligning k-turn_consensus and 4v9f_0:342-351_286-294:
#  Alignment score:  3.3
#  P-value:  1.000e+00
#  Query aligned region: 
#  Target aligned region: 

	
	

#  Matched base-pairing interactions: 
#  Matched base-stacking interactions: 

>>>>>>>>>>   ALIGNMENT ENDS   >>>>>>>>>>

<<<<<<<<<<  ALIGNMENT BEGINS  <<<<<<<<<<

#  Aligning k-turn_consensus and 4v9f_0:531-539_602-609:
#  Alignment score:  3.3
#  P-value:  1.000e+00
#  Query aligned region: 
#  Target aligned region: 

	
	

#  Matched base-pairing interactions: 
#  Matched base-stacking interactions: 

>>>>>>>>>>   ALIGNMENT ENDS   >>>>>>>>>>

<<<<<<<<<<  ALIGNMENT BEGINS  <<<<<<<<<<

#  Aligning k-turn_consensus and 4v9f_0:1991-1998_1967-1970:
#  Alignment score:  3.3
#  P-value:  1.000e+00
#  Query aligned region: 
#  Target aligned region: 

	
	

#  Matched base-pairing interactions: 
#  Matched base-stacking interactions: 

>>>>>>>>>>   ALIGNMENT ENDS   >>>>>>>>>>

<<<<<<<<<<  ALIGNMENT BEGINS  <<<<<<<<<<

#  Aligning k-turn_consensus and 4v9f_0:1769-1771_1750-1752_1805-1812:
#  Alignment score:  3.3
#  P-value:  1.000e+00
#  Query aligned region: 
#  Target aligned region: 

	
	

#  Matched base-pairing interactions: 
#  Matched base-stacking interactions: 

>>>>>>>>>>   ALIGNMENT ENDS   >>>>>>>>>>

<<<<<<<<<<  ALIGNMENT BEGINS  <<<<<<<<<<

#  Aligning k-turn_consensus and 4v9f_0:1824-1837_863-871_768-772:
#  Alignment score:  3.2
#  P-value:  1.000e+00
#  Query aligned region: 0-0,12-12
#  Target aligned region: 4:'0'1836-4:'0'1836,25:'0'778-25:'0'778

	G...C
	A...C

#  Matched base-pairing interactions: 
	<G(0:)-C(12:) cis W/W>                         MATCHES	<A(4:'0'1836)-C(25:'0'778) cis W/S>
#  Matched base-stacking interactions: 

>>>>>>>>>>   ALIGNMENT ENDS   >>>>>>>>>>

<<<<<<<<<<  ALIGNMENT BEGINS  <<<<<<<<<<

#  Aligning k-turn_consensus and 4v9f_0:863-871_768-772_1824-1837:
#  Alignment score:  3.2
#  P-value:  1.000e+00
#  Query aligned region: 
#  Target aligned region: 

	
	

#  Matched base-pairing interactions: 
#  Matched base-stacking interactions: 

>>>>>>>>>>   ALIGNMENT ENDS   >>>>>>>>>>

<<<<<<<<<<  ALIGNMENT BEGINS  <<<<<<<<<<

#  Aligning k-turn_consensus and 4v9f_0:2808-2814_2659-2664:
#  Alignment score:  3.2
#  P-value:  1.000e+00
#  Query aligned region: 
#  Target aligned region: 

	
	

#  Matched base-pairing interactions: 
#  Matched base-stacking interactions: 

>>>>>>>>>>   ALIGNMENT ENDS   >>>>>>>>>>

<<<<<<<<<<  ALIGNMENT BEGINS  <<<<<<<<<<

#  Aligning k-turn_consensus and 4v9f_0:602-609_531-539:
#  Alignment score:  3.1
#  P-value:  1.000e+00
#  Query aligned region: 
#  Target aligned region: 

	
	

#  Matched base-pairing interactions: 
#  Matched base-stacking interactions: 

>>>>>>>>>>   ALIGNMENT ENDS   >>>>>>>>>>

<<<<<<<<<<  ALIGNMENT BEGINS  <<<<<<<<<<

#  Aligning k-turn_consensus and 4v9f_0:24-26_437-443:
#  Alignment score:  3.1
#  P-value:  1.000e+00
#  Query aligned region: 
#  Target aligned region: 

	
	

#  Matched base-pairing interactions: 
#  Matched base-stacking interactions: 

>>>>>>>>>>   ALIGNMENT ENDS   >>>>>>>>>>

<<<<<<<<<<  ALIGNMENT BEGINS  <<<<<<<<<<

#  Aligning k-turn_consensus and 4v9f_0:1805-1812_1769-1771_1750-1752:
#  Alignment score:  3.1
#  P-value:  1.000e+00
#  Query aligned region: 
#  Target aligned region: 

	
	

#  Matched base-pairing interactions: 
#  Matched base-stacking interactions: 

>>>>>>>>>>   ALIGNMENT ENDS   >>>>>>>>>>

<<<<<<<<<<  ALIGNMENT BEGINS  <<<<<<<<<<

#  Aligning k-turn_consensus and 4v9f_0:1805-1812_1750-1752_1769-1771:
#  Alignment score:  3.1
#  P-value:  1.000e+00
#  Query aligned region: 
#  Target aligned region: 

	
	

#  Matched base-pairing interactions: 
#  Matched base-stacking interactions: 

>>>>>>>>>>   ALIGNMENT ENDS   >>>>>>>>>>

<<<<<<<<<<  ALIGNMENT BEGINS  <<<<<<<<<<

#  Aligning k-turn_consensus and 4v9f_0:537-540_596-603:
#  Alignment score:  3
#  P-value:  1.000e+00
#  Query aligned region: 
#  Target aligned region: 

	
	

#  Matched base-pairing interactions: 
#  Matched base-stacking interactions: 

>>>>>>>>>>   ALIGNMENT ENDS   >>>>>>>>>>

<<<<<<<<<<  ALIGNMENT BEGINS  <<<<<<<<<<

#  Aligning k-turn_consensus and 4v9f_0:896-902_1287-1292:
#  Alignment score:  3
#  P-value:  1.000e+00
#  Query aligned region: 
#  Target aligned region: 

	
	

#  Matched base-pairing interactions: 
#  Matched base-stacking interactions: 

>>>>>>>>>>   ALIGNMENT ENDS   >>>>>>>>>>

<<<<<<<<<<  ALIGNMENT BEGINS  <<<<<<<<<<

#  Aligning k-turn_consensus and 4v9f_0:437-443_24-26:
#  Alignment score:  3
#  P-value:  1.000e+00
#  Query aligned region: 
#  Target aligned region: 

	
	

#  Matched base-pairing interactions: 
#  Matched base-stacking interactions: 

>>>>>>>>>>   ALIGNMENT ENDS   >>>>>>>>>>

<<<<<<<<<<  ALIGNMENT BEGINS  <<<<<<<<<<

#  Aligning k-turn_consensus and 4v9f_0:1769-1771_1805-1812_1750-1752:
#  Alignment score:  3
#  P-value:  1.000e+00
#  Query aligned region: 
#  Target aligned region: 

	
	

#  Matched base-pairing interactions: 
#  Matched base-stacking interactions: 

>>>>>>>>>>   ALIGNMENT ENDS   >>>>>>>>>>

<<<<<<<<<<  ALIGNMENT BEGINS  <<<<<<<<<<

#  Aligning k-turn_consensus and 4v9f_0:1750-1752_1805-1812_1769-1771:
#  Alignment score:  3
#  P-value:  1.000e+00
#  Query aligned region: 
#  Target aligned region: 

	
	

#  Matched base-pairing interactions: 
#  Matched base-stacking interactions: 

>>>>>>>>>>   ALIGNMENT ENDS   >>>>>>>>>>

<<<<<<<<<<  ALIGNMENT BEGINS  <<<<<<<<<<

#  Aligning k-turn_consensus and 4v9f_0:1025-1032_922-929:
#  Alignment score:  2.9
#  P-value:  1.000e+00
#  Query aligned region: 
#  Target aligned region: 

	
	

#  Matched base-pairing interactions: 
#  Matched base-stacking interactions: 

>>>>>>>>>>   ALIGNMENT ENDS   >>>>>>>>>>

<<<<<<<<<<  ALIGNMENT BEGINS  <<<<<<<<<<

#  Aligning k-turn_consensus and 4v9f_0:2105-2110_2623-2625_873-877:
#  Alignment score:  2.8
#  P-value:  1.000e+00
#  Query aligned region: 
#  Target aligned region: 

	
	

#  Matched base-pairing interactions: 
#  Matched base-stacking interactions: 

>>>>>>>>>>   ALIGNMENT ENDS   >>>>>>>>>>

<<<<<<<<<<  ALIGNMENT BEGINS  <<<<<<<<<<

#  Aligning k-turn_consensus and 4v9f_0:921-923_905-907_1031-1034:
#  Alignment score:  2.7
#  P-value:  1.000e+00
#  Query aligned region: 
#  Target aligned region: 

	
	

#  Matched base-pairing interactions: 
#  Matched base-stacking interactions: 

>>>>>>>>>>   ALIGNMENT ENDS   >>>>>>>>>>

<<<<<<<<<<  ALIGNMENT BEGINS  <<<<<<<<<<

#  Aligning k-turn_consensus and 4v9f_0:617-619_1037-1038_1073-1074:
#  Alignment score:  2.7
#  P-value:  1.000e+00
#  Query aligned region: 
#  Target aligned region: 

	
	

#  Matched base-pairing interactions: 
#  Matched base-stacking interactions: 

>>>>>>>>>>   ALIGNMENT ENDS   >>>>>>>>>>

<<<<<<<<<<  ALIGNMENT BEGINS  <<<<<<<<<<

#  Aligning k-turn_consensus and 4v9f_0:1049-1052_2522-2525:
#  Alignment score:  2.6
#  P-value:  1.000e+00
#  Query aligned region: 
#  Target aligned region: 

	
	

#  Matched base-pairing interactions: 
#  Matched base-stacking interactions: 

>>>>>>>>>>   ALIGNMENT ENDS   >>>>>>>>>>

<<<<<<<<<<  ALIGNMENT BEGINS  <<<<<<<<<<

#  Aligning k-turn_consensus and 4v9f_0:614-619_623-626:
#  Alignment score:  2.5
#  P-value:  1.000e+00
#  Query aligned region: 
#  Target aligned region: 

	
	

#  Matched base-pairing interactions: 
#  Matched base-stacking interactions: 

>>>>>>>>>>   ALIGNMENT ENDS   >>>>>>>>>>

<<<<<<<<<<  ALIGNMENT BEGINS  <<<<<<<<<<

#  Aligning k-turn_consensus and 4v9f_0:1031-1034_921-923_905-907:
#  Alignment score:  2.5
#  P-value:  1.000e+00
#  Query aligned region: 
#  Target aligned region: 

	
	

#  Matched base-pairing interactions: 
#  Matched base-stacking interactions: 

>>>>>>>>>>   ALIGNMENT ENDS   >>>>>>>>>>

<<<<<<<<<<  ALIGNMENT BEGINS  <<<<<<<<<<

#  Aligning k-turn_consensus and 4v9f_0:1967-1970_1991-1998:
#  Alignment score:  2.5
#  P-value:  1.000e+00
#  Query aligned region: 
#  Target aligned region: 

	
	

#  Matched base-pairing interactions: 
#  Matched base-stacking interactions: 

>>>>>>>>>>   ALIGNMENT ENDS   >>>>>>>>>>

<<<<<<<<<<  ALIGNMENT BEGINS  <<<<<<<<<<

#  Aligning k-turn_consensus and 4v9f_0:2623-2625_2105-2110_873-877:
#  Alignment score:  2.5
#  P-value:  1.000e+00
#  Query aligned region: 
#  Target aligned region: 

	
	

#  Matched base-pairing interactions: 
#  Matched base-stacking interactions: 

>>>>>>>>>>   ALIGNMENT ENDS   >>>>>>>>>>

<<<<<<<<<<  ALIGNMENT BEGINS  <<<<<<<<<<

#  Aligning k-turn_consensus and 4v9f_0:2105-2110_873-877_2623-2625:
#  Alignment score:  2.5
#  P-value:  1.000e+00
#  Query aligned region: 
#  Target aligned region: 

	
	

#  Matched base-pairing interactions: 
#  Matched base-stacking interactions: 

>>>>>>>>>>   ALIGNMENT ENDS   >>>>>>>>>>

<<<<<<<<<<  ALIGNMENT BEGINS  <<<<<<<<<<

#  Aligning k-turn_consensus and 4v9f_0:905-907_921-923_1031-1034:
#  Alignment score:  2.4
#  P-value:  1.000e+00
#  Query aligned region: 
#  Target aligned region: 

	
	

#  Matched base-pairing interactions: 
#  Matched base-stacking interactions: 

>>>>>>>>>>   ALIGNMENT ENDS   >>>>>>>>>>

<<<<<<<<<<  ALIGNMENT BEGINS  <<<<<<<<<<

#  Aligning k-turn_consensus and 4v9f_0:921-923_1031-1034_905-907:
#  Alignment score:  2.4
#  P-value:  1.000e+00
#  Query aligned region: 
#  Target aligned region: 

	
	

#  Matched base-pairing interactions: 
#  Matched base-stacking interactions: 

>>>>>>>>>>   ALIGNMENT ENDS   >>>>>>>>>>

<<<<<<<<<<  ALIGNMENT BEGINS  <<<<<<<<<<

#  Aligning k-turn_consensus and 4v9f_0:1031-1034_905-907_921-923:
#  Alignment score:  2.4
#  P-value:  1.000e+00
#  Query aligned region: 
#  Target aligned region: 

	
	

#  Matched base-pairing interactions: 
#  Matched base-stacking interactions: 

>>>>>>>>>>   ALIGNMENT ENDS   >>>>>>>>>>

<<<<<<<<<<  ALIGNMENT BEGINS  <<<<<<<<<<

#  Aligning k-turn_consensus and 4v9f_0:2522-2525_1049-1052:
#  Alignment score:  2.4
#  P-value:  1.000e+00
#  Query aligned region: 
#  Target aligned region: 

	
	

#  Matched base-pairing interactions: 
#  Matched base-stacking interactions: 

>>>>>>>>>>   ALIGNMENT ENDS   >>>>>>>>>>

<<<<<<<<<<  ALIGNMENT BEGINS  <<<<<<<<<<

#  Aligning k-turn_consensus and 4v9f_0:386-391_382-384_2434-2435:
#  Alignment score:  2.4
#  P-value:  1.000e+00
#  Query aligned region: 
#  Target aligned region: 

	
	

#  Matched base-pairing interactions: 
#  Matched base-stacking interactions: 

>>>>>>>>>>   ALIGNMENT ENDS   >>>>>>>>>>

<<<<<<<<<<  ALIGNMENT BEGINS  <<<<<<<<<<

#  Aligning k-turn_consensus and 4v9f_0:386-391_2434-2435_382-384:
#  Alignment score:  2.4
#  P-value:  1.000e+00
#  Query aligned region: 
#  Target aligned region: 

	
	

#  Matched base-pairing interactions: 
#  Matched base-stacking interactions: 

>>>>>>>>>>   ALIGNMENT ENDS   >>>>>>>>>>

<<<<<<<<<<  ALIGNMENT BEGINS  <<<<<<<<<<

#  Aligning k-turn_consensus and 4v9f_0:382-384_2434-2435_386-391:
#  Alignment score:  2.4
#  P-value:  1.000e+00
#  Query aligned region: 
#  Target aligned region: 

	
	

#  Matched base-pairing interactions: 
#  Matched base-stacking interactions: 

>>>>>>>>>>   ALIGNMENT ENDS   >>>>>>>>>>

<<<<<<<<<<  ALIGNMENT BEGINS  <<<<<<<<<<

#  Aligning k-turn_consensus and 4v9f_0:2434-2435_386-391_382-384:
#  Alignment score:  2.4
#  P-value:  1.000e+00
#  Query aligned region: 
#  Target aligned region: 

	
	

#  Matched base-pairing interactions: 
#  Matched base-stacking interactions: 

>>>>>>>>>>   ALIGNMENT ENDS   >>>>>>>>>>

<<<<<<<<<<  ALIGNMENT BEGINS  <<<<<<<<<<

#  Aligning k-turn_consensus and 4v9f_0:905-907_1031-1034_921-923:
#  Alignment score:  2.3
#  P-value:  1.000e+00
#  Query aligned region: 
#  Target aligned region: 

	
	

#  Matched base-pairing interactions: 
#  Matched base-stacking interactions: 

>>>>>>>>>>   ALIGNMENT ENDS   >>>>>>>>>>

<<<<<<<<<<  ALIGNMENT BEGINS  <<<<<<<<<<

#  Aligning k-turn_consensus and 4v9f_0:2452-2454_2419-2422:
#  Alignment score:  2.3
#  P-value:  1.000e+00
#  Query aligned region: 
#  Target aligned region: 

	
	

#  Matched base-pairing interactions: 
#  Matched base-stacking interactions: 

>>>>>>>>>>   ALIGNMENT ENDS   >>>>>>>>>>

<<<<<<<<<<  ALIGNMENT BEGINS  <<<<<<<<<<

#  Aligning k-turn_consensus and 4v9f_0:2348-2350_2358-2363:
#  Alignment score:  2.3
#  P-value:  1.000e+00
#  Query aligned region: 
#  Target aligned region: 

	
	

#  Matched base-pairing interactions: 
#  Matched base-stacking interactions: 

>>>>>>>>>>   ALIGNMENT ENDS   >>>>>>>>>>

<<<<<<<<<<  ALIGNMENT BEGINS  <<<<<<<<<<

#  Aligning k-turn_consensus and 4v9f_0:922-929_1025-1032:
#  Alignment score:  2.2
#  P-value:  1.000e+00
#  Query aligned region: 
#  Target aligned region: 

	
	

#  Matched base-pairing interactions: 
#  Matched base-stacking interactions: 

>>>>>>>>>>   ALIGNMENT ENDS   >>>>>>>>>>

<<<<<<<<<<  ALIGNMENT BEGINS  <<<<<<<<<<

#  Aligning k-turn_consensus and 4v9f_0:617-619_1073-1074_1037-1038:
#  Alignment score:  2.2
#  P-value:  1.000e+00
#  Query aligned region: 
#  Target aligned region: 

	
	

#  Matched base-pairing interactions: 
#  Matched base-stacking interactions: 

>>>>>>>>>>   ALIGNMENT ENDS   >>>>>>>>>>

<<<<<<<<<<  ALIGNMENT BEGINS  <<<<<<<<<<

#  Aligning k-turn_consensus and 4v9f_0:382-384_386-391_2434-2435:
#  Alignment score:  2.2
#  P-value:  1.000e+00
#  Query aligned region: 
#  Target aligned region: 

	
	

#  Matched base-pairing interactions: 
#  Matched base-stacking interactions: 

>>>>>>>>>>   ALIGNMENT ENDS   >>>>>>>>>>

<<<<<<<<<<  ALIGNMENT BEGINS  <<<<<<<<<<

#  Aligning k-turn_consensus and 4v9f_0:2434-2435_382-384_386-391:
#  Alignment score:  2.2
#  P-value:  1.000e+00
#  Query aligned region: 
#  Target aligned region: 

	
	

#  Matched base-pairing interactions: 
#  Matched base-stacking interactions: 

>>>>>>>>>>   ALIGNMENT ENDS   >>>>>>>>>>

<<<<<<<<<<  ALIGNMENT BEGINS  <<<<<<<<<<

#  Aligning k-turn_consensus and 4v9f_0:1073-1074_617-619_1037-1038:
#  Alignment score:  2
#  P-value:  1.000e+00
#  Query aligned region: 
#  Target aligned region: 

	
	

#  Matched base-pairing interactions: 
#  Matched base-stacking interactions: 

>>>>>>>>>>   ALIGNMENT ENDS   >>>>>>>>>>

<<<<<<<<<<  ALIGNMENT BEGINS  <<<<<<<<<<

#  Aligning k-turn_consensus and 4v9f_0:2419-2422_2452-2454:
#  Alignment score:  1.9
#  P-value:  1.000e+00
#  Query aligned region: 
#  Target aligned region: 

	
	

#  Matched base-pairing interactions: 
#  Matched base-stacking interactions: 

>>>>>>>>>>   ALIGNMENT ENDS   >>>>>>>>>>

<<<<<<<<<<  ALIGNMENT BEGINS  <<<<<<<<<<

#  Aligning k-turn_consensus and 4v9f_0:244-249:
#  Alignment score:  1.8
#  P-value:  1.000e+00
#  Query aligned region: 
#  Target aligned region: 

	
	

#  Matched base-pairing interactions: 
#  Matched base-stacking interactions: 

>>>>>>>>>>   ALIGNMENT ENDS   >>>>>>>>>>

<<<<<<<<<<  ALIGNMENT BEGINS  <<<<<<<<<<

#  Aligning k-turn_consensus and 4v9f_0:2358-2363_2348-2350:
#  Alignment score:  1.7
#  P-value:  1.000e+00
#  Query aligned region: 
#  Target aligned region: 

	
	

#  Matched base-pairing interactions: 
#  Matched base-stacking interactions: 

>>>>>>>>>>   ALIGNMENT ENDS   >>>>>>>>>>

<<<<<<<<<<  ALIGNMENT BEGINS  <<<<<<<<<<

#  Aligning k-turn_consensus and 4v9f_0:623-626_614-619:
#  Alignment score:  1.5
#  P-value:  1.000e+00
#  Query aligned region: 
#  Target aligned region: 

	
	

#  Matched base-pairing interactions: 
#  Matched base-stacking interactions: 

>>>>>>>>>>   ALIGNMENT ENDS   >>>>>>>>>>

