$ /home/s081p868/scratch/RNAMotifScanX-release/bin/scan /home/s081p868/scratch/RNAMotifScanX-release/models/sarcin-ricin_consensus.struct /rfs/poseidon_share/s081p868/RNAMotifScanX_nr/rmsx_work_default/4v9f/0/4v9f_0.rmsx.in --map_pdb=/rfs/poseidon_share/s081p868/RNAMotifScanX_nr/rmsx_work_default/4v9f/0/4v9f_0.rmsx.nch --pvalue 1.0 --num_threads 8 --write_alignment
<<<<<<<<<<  ALIGNMENT BEGINS  <<<<<<<<<<

#  Aligning sarcin-ricin_consensus and 4v9f_0:371-376_397-400_232-233:
#  Alignment score:  135.4
#  P-value:  6.905e-03
#  Query aligned region: 0-4,5-8
#  Target aligned region: 0:'0'379-4:'0'383,7:'0'406-9:'0'408,10:'0'240-10:'0'240

	UAGUA...GAA~C
	GAGUA...GAA~C

#  Matched base-pairing interactions: 
	<U(0:)-C(8:) trans S/H>                        MATCHES	<G(0:'0'379)-C(10:'0'240) cis W/W>
	<A(1:)-A(7:) trans H/H>                        MATCHES	<A(1:'0'380)-A(9:'0'408) trans H/H>
	<U(3:)-A(6:) trans W/H>                        MATCHES	<U(3:'0'382)-A(8:'0'407) trans W/H>
	<G(2:)-U(3:) cis S/H>                          MATCHES	<G(2:'0'381)-U(3:'0'382) cis S/H>
	<A(4:)-G(5:) trans H/S>                        MATCHES	<A(4:'0'383)-G(7:'0'406) trans H/S>
#  Matched base-stacking interactions: 
	<A(1:)-U(3:) outward>                          MATCHES	<A(1:'0'380)-U(3:'0'382) outward>
	<A(4:)-A(6:) outward>                          MATCHES	<A(4:'0'383)-A(8:'0'407) outward>

>>>>>>>>>>   ALIGNMENT ENDS   >>>>>>>>>>

<<<<<<<<<<  ALIGNMENT BEGINS  <<<<<<<<<<

#  Aligning sarcin-ricin_consensus and 4v9f_0:2682-2687_2692-2696:
#  Alignment score:  115.4
#  P-value:  1.015e-02
#  Query aligned region: 0-4,5-8
#  Target aligned region: 0:'0'2690-4:'0'2694,7:'0'2701-10:'0'2704

	UAGUA...GAAC
	UAGUA...GAAC

#  Matched base-pairing interactions: 
	<A(4:)-G(5:) trans H/S>                        MATCHES	<A(4:'0'2694)-G(7:'0'2701) trans H/S>
	<U(3:)-A(6:) trans W/H>                        MATCHES	<U(3:'0'2693)-A(8:'0'2702) trans W/H>
	<A(1:)-A(7:) trans H/H>                        MATCHES	<A(1:'0'2691)-A(9:'0'2703) trans H/H>
	<G(2:)-U(3:) cis S/H>                          MATCHES	<G(2:'0'2692)-U(3:'0'2693) cis S/H>
	<U(0:)-C(8:) trans S/H>                        MATCHES	<U(0:'0'2690)-C(10:'0'2704) trans S/H>
#  Matched base-stacking interactions: 

>>>>>>>>>>   ALIGNMENT ENDS   >>>>>>>>>>

<<<<<<<<<<  ALIGNMENT BEGINS  <<<<<<<<<<

#  Aligning sarcin-ricin_consensus and 4v9f_0:1360-1365_2044-2048:
#  Alignment score:  115.4
#  P-value:  1.015e-02
#  Query aligned region: 0-4,5-8
#  Target aligned region: 0:'0'1368-4:'0'1372,7:'0'2053-10:'0'2056

	UAGUA...GAAC
	UAGUA...GAAC

#  Matched base-pairing interactions: 
	<A(4:)-G(5:) trans H/S>                        MATCHES	<A(4:'0'1372)-G(7:'0'2053) trans H/S>
	<U(3:)-A(6:) trans W/H>                        MATCHES	<U(3:'0'1371)-A(8:'0'2054) trans W/H>
	<A(1:)-A(7:) trans H/H>                        MATCHES	<A(1:'0'1369)-A(9:'0'2055) trans H/H>
	<G(2:)-U(3:) cis S/H>                          MATCHES	<G(2:'0'1370)-U(3:'0'1371) cis S/H>
	<U(0:)-C(8:) trans S/H>                        MATCHES	<U(0:'0'1368)-C(10:'0'2056) trans S/H>
#  Matched base-stacking interactions: 

>>>>>>>>>>   ALIGNMENT ENDS   >>>>>>>>>>

<<<<<<<<<<  ALIGNMENT BEGINS  <<<<<<<<<<

#  Aligning sarcin-ricin_consensus and 4v9f_0:203-208_216-220:
#  Alignment score:  115.4
#  P-value:  1.015e-02
#  Query aligned region: 0-4,5-8
#  Target aligned region: 0:'0'211-4:'0'215,7:'0'225-10:'0'228

	UAGUA...GAAC
	UAGUA...GAAC

#  Matched base-pairing interactions: 
	<A(4:)-G(5:) trans H/S>                        MATCHES	<A(4:'0'215)-G(7:'0'225) trans H/S>
	<U(3:)-A(6:) trans W/H>                        MATCHES	<U(3:'0'214)-A(8:'0'226) trans W/H>
	<A(1:)-A(7:) trans H/H>                        MATCHES	<A(1:'0'212)-A(9:'0'227) trans H/H>
	<G(2:)-U(3:) cis S/H>                          MATCHES	<G(2:'0'213)-U(3:'0'214) cis S/H>
	<U(0:)-C(8:) trans S/H>                        MATCHES	<U(0:'0'211)-C(10:'0'228) trans S/H>
#  Matched base-stacking interactions: 

>>>>>>>>>>   ALIGNMENT ENDS   >>>>>>>>>>

<<<<<<<<<<  ALIGNMENT BEGINS  <<<<<<<<<<

#  Aligning sarcin-ricin_consensus and 4v9f_0:884-885_164-170_150-155:
#  Alignment score:  114.3
#  P-value:  1.040e-02
#  Query aligned region: 0-4,5-8
#  Target aligned region: 1:'0'893-1:'0'893,4:'0'174-7:'0'177,10:'0'159-13:'0'162

	U~AGUA...GAAC
	C~AGUA...GAAC

#  Matched base-pairing interactions: 
	<A(4:)-G(5:) trans H/S>                        MATCHES	<A(7:'0'177)-G(10:'0'159) trans H/S>
	<U(3:)-A(6:) trans W/H>                        MATCHES	<U(6:'0'176)-A(11:'0'160) trans W/H>
	<U(0:)-C(8:) trans S/H>                        MATCHES	<C(1:'0'893)-C(13:'0'162) trans H/S>
	<A(1:)-A(7:) trans H/H>                        MATCHES	<A(4:'0'174)-A(12:'0'161) trans H/H>
	<G(2:)-U(3:) cis S/H>                          MATCHES	<G(5:'0'175)-U(6:'0'176) cis S/H>
#  Matched base-stacking interactions: 
	<A(1:)-U(3:) outward>                          MATCHES	<A(4:'0'174)-U(6:'0'176) outward>

>>>>>>>>>>   ALIGNMENT ENDS   >>>>>>>>>>

<<<<<<<<<<  ALIGNMENT BEGINS  <<<<<<<<<<

#  Aligning sarcin-ricin_consensus and 4v9f_0:455-459_466-469:
#  Alignment score:  113
#  P-value:  1.069e-02
#  Query aligned region: 1-4,5-7
#  Target aligned region: 0:'0'463-3:'0'466,6:'0'475-8:'0'477

	AGUA...GAA
	AGUA...GAA

#  Matched base-pairing interactions: 
	<A(4:)-G(5:) trans H/S>                        MATCHES	<A(3:'0'466)-G(6:'0'475) trans H/S>
	<U(3:)-A(6:) trans W/H>                        MATCHES	<U(2:'0'465)-A(7:'0'476) trans W/H>
	<A(1:)-A(7:) trans H/H>                        MATCHES	<A(0:'0'463)-A(8:'0'477) trans H/H>
	<G(2:)-U(3:) cis S/H>                          MATCHES	<G(1:'0'464)-U(2:'0'465) cis S/H>
#  Matched base-stacking interactions: 
	<A(1:)-U(3:) outward>                          MATCHES	<A(0:'0'463)-U(2:'0'465) outward>

>>>>>>>>>>   ALIGNMENT ENDS   >>>>>>>>>>

<<<<<<<<<<  ALIGNMENT BEGINS  <<<<<<<<<<

#  Aligning sarcin-ricin_consensus and 4v9f_0:577-583_559-564:
#  Alignment score:  111.4
#  P-value:  1.108e-02
#  Query aligned region: 0-4,5-8
#  Target aligned region: 1:'0'586-5:'0'590,8:'0'568-11:'0'571

	UAGUA...GAAC
	CAGUA...GACC

#  Matched base-pairing interactions: 
	<U(0:)-C(8:) trans S/H>                        MATCHES	<C(1:'0'586)-C(11:'0'571) cis W/W>
	<A(1:)-A(7:) trans H/H>                        MATCHES	<A(2:'0'587)-C(10:'0'570) trans W/H>
	<U(3:)-A(6:) trans W/H>                        MATCHES	<U(4:'0'589)-A(9:'0'569) trans W/H>
	<G(2:)-U(3:) cis S/H>                          MATCHES	<G(3:'0'588)-U(4:'0'589) cis S/H>
	<A(4:)-G(5:) trans H/S>                        MATCHES	<A(5:'0'590)-G(8:'0'568) trans H/S>
#  Matched base-stacking interactions: 
	<A(1:)-U(3:) outward>                          MATCHES	<A(2:'0'587)-U(4:'0'589) outward>
	<A(4:)-A(6:) outward>                          MATCHES	<A(5:'0'590)-A(9:'0'569) outward>

>>>>>>>>>>   ALIGNMENT ENDS   >>>>>>>>>>

<<<<<<<<<<  ALIGNMENT BEGINS  <<<<<<<<<<

#  Aligning sarcin-ricin_consensus and 4v9f_0:1062-1063_1284-1287_902-906:
#  Alignment score:  99.2
#  P-value:  1.482e-02
#  Query aligned region: 0-4,5-8
#  Target aligned region: 0:'0'1070-1:'0'1071,2:'0'1292-4:'0'1294,7:'0'911-10:'0'914

	UA~GUA...GAAC
	AG~GUA...GAAA

#  Matched base-pairing interactions: 
	<A(4:)-G(5:) trans H/S>                        MATCHES	<A(4:'0'1294)-G(7:'0'911) trans H/S>
	<U(3:)-A(6:) trans W/H>                        MATCHES	<U(3:'0'1293)-A(8:'0'912) trans W/H>
	<A(1:)-A(7:) trans H/H>                        MATCHES	<G(1:'0'1071)-A(9:'0'913) trans H/H>
	<G(2:)-U(3:) cis S/H>                          MATCHES	<G(2:'0'1292)-U(3:'0'1293) cis S/H>
	<U(0:)-C(8:) trans S/H>                        MATCHES	<A(0:'0'1070)-A(10:'0'914) trans S/H>
#  Matched base-stacking interactions: 

>>>>>>>>>>   ALIGNMENT ENDS   >>>>>>>>>>

<<<<<<<<<<  ALIGNMENT BEGINS  <<<<<<<<<<

#  Aligning sarcin-ricin_consensus and 4v9f_0:348-354_282-287:
#  Alignment score:  91
#  P-value:  1.852e-02
#  Query aligned region: 0-4,5-8
#  Target aligned region: 0:'0'356-4:'0'360,9:'0'292-12:'0'295

	UAGUA...GAAC
	CAGUA...GACC

#  Matched base-pairing interactions: 
	<A(4:)-G(5:) trans H/S>                        MATCHES	<A(4:'0'360)-G(9:'0'292) trans H/S>
	<U(3:)-A(6:) trans W/H>                        MATCHES	<U(3:'0'359)-A(10:'0'293) trans W/H>
	<A(1:)-A(7:) trans H/H>                        MATCHES	<A(1:'0'357)-C(11:'0'294) trans W/H>
	<G(2:)-U(3:) cis S/H>                          MATCHES	<G(2:'0'358)-U(3:'0'359) cis S/H>
	<U(0:)-C(8:) trans S/H>                        MATCHES	<C(0:'0'356)-C(12:'0'295) cis W/W>
#  Matched base-stacking interactions: 
	<A(1:)-U(3:) outward>                          MATCHES	<A(1:'0'357)-U(3:'0'359) outward>

>>>>>>>>>>   ALIGNMENT ENDS   >>>>>>>>>>

<<<<<<<<<<  ALIGNMENT BEGINS  <<<<<<<<<<

#  Aligning sarcin-ricin_consensus and 4v9f_0:2293-2295_942-946_1005-1010:
#  Alignment score:  77.8
#  P-value:  2.820e-02
#  Query aligned region: 1-3,6-7
#  Target aligned region: 1:'0'2302-1:'0'2302,6:'0'953-7:'0'954,8:'0'1013-9:'0'1014

	A~GU...AA
	A~GU...AA

#  Matched base-pairing interactions: 
	<U(3:)-A(6:) trans W/H>                        MATCHES	<U(7:'0'954)-A(8:'0'1013) trans W/H>
	<A(1:)-A(7:) trans H/H>                        MATCHES	<A(1:'0'2302)-A(9:'0'1014) trans H/H>
	<G(2:)-U(3:) cis S/H>                          MATCHES	<G(6:'0'953)-U(7:'0'954) cis S/H>
#  Matched base-stacking interactions: 
	<A(1:)-U(3:) outward>                          MATCHES	<A(1:'0'2302)-U(7:'0'954) outward>

>>>>>>>>>>   ALIGNMENT ENDS   >>>>>>>>>>

<<<<<<<<<<  ALIGNMENT BEGINS  <<<<<<<<<<

#  Aligning sarcin-ricin_consensus and 4v9f_0:1995-1997_1963-1970_1998-2002:
#  Alignment score:  60.8
#  P-value:  5.776e-02
#  Query aligned region: 2-4,5-6
#  Target aligned region: 3:'0'1971-5:'0'1973,14:'0'2009-15:'0'2010

	GUA...GA
	GUA...GA

#  Matched base-pairing interactions: 
	<A(4:)-G(5:) trans H/S>                        MATCHES	<A(5:'0'1973)-G(14:'0'2009) trans H/S>
	<U(3:)-A(6:) trans W/H>                        MATCHES	<U(4:'0'1972)-A(15:'0'2010) trans W/H>
	<G(2:)-U(3:) cis S/H>                          MATCHES	<G(3:'0'1971)-U(4:'0'1972) cis S/H>
#  Matched base-stacking interactions: 

>>>>>>>>>>   ALIGNMENT ENDS   >>>>>>>>>>

<<<<<<<<<<  ALIGNMENT BEGINS  <<<<<<<<<<

#  Aligning sarcin-ricin_consensus and 4v9f_0:181-184_195-198_426-429:
#  Alignment score:  43
#  P-value:  1.920e-01
#  Query aligned region: 2-4,5-6
#  Target aligned region: 1:'0'190-3:'0'192,4:'0'203-4:'0'203,9:'0'435-9:'0'435

	GUA...G~A
	GAA...G~A

#  Matched base-pairing interactions: 
	<U(3:)-A(6:) trans W/H>                        MATCHES	<A(2:'0'191)-A(9:'0'435) trans W/H>
	<G(2:)-U(3:) cis S/H>                          MATCHES	<G(1:'0'190)-A(2:'0'191) cis S/H>
	<A(4:)-G(5:) trans H/S>                        MATCHES	<A(3:'0'192)-G(4:'0'203) trans H/S>
#  Matched base-stacking interactions: 

>>>>>>>>>>   ALIGNMENT ENDS   >>>>>>>>>>

<<<<<<<<<<  ALIGNMENT BEGINS  <<<<<<<<<<

#  Aligning sarcin-ricin_consensus and 4v9f_0:2513-2515_1220-1222_1118-1126:
#  Alignment score:  42
#  P-value:  2.110e-01
#  Query aligned region: 0-1,7-8
#  Target aligned region: 4:'0'1229-5:'0'1230,12:'0'1132-13:'0'1133

	UA...AC
	CA...AA

#  Matched base-pairing interactions: 
	<A(1:)-A(7:) trans H/H>                        MATCHES	<A(5:'0'1230)-A(12:'0'1132) trans H/H>
	<U(0:)-C(8:) trans S/H>                        MATCHES	<C(4:'0'1229)-A(13:'0'1133) trans S/H>
#  Matched base-stacking interactions: 

>>>>>>>>>>   ALIGNMENT ENDS   >>>>>>>>>>

<<<<<<<<<<  ALIGNMENT BEGINS  <<<<<<<<<<

#  Aligning sarcin-ricin_consensus and 4v9f_0:1520-1525_1650-1655:
#  Alignment score:  42
#  P-value:  2.110e-01
#  Query aligned region: 0-1,7-8
#  Target aligned region: 4:'0'1532-5:'0'1533,6:'0'1658-7:'0'1659

	UA...AC
	GA...AA

#  Matched base-pairing interactions: 
	<A(1:)-A(7:) trans H/H>                        MATCHES	<A(5:'0'1533)-A(6:'0'1658) trans H/H>
	<U(0:)-C(8:) trans S/H>                        MATCHES	<G(4:'0'1532)-A(7:'0'1659) trans S/H>
#  Matched base-stacking interactions: 

>>>>>>>>>>   ALIGNMENT ENDS   >>>>>>>>>>

<<<<<<<<<<  ALIGNMENT BEGINS  <<<<<<<<<<

#  Aligning sarcin-ricin_consensus and 4v9f_0:1614-1619_1562-1566_1503-1504:
#  Alignment score:  41.4
#  P-value:  2.239e-01
#  Query aligned region: 0-1,7-8
#  Target aligned region: 1:'0'1623-2:'0'1624,8:'0'1572-9:'0'1573

	UA...AC
	CA...AA

#  Matched base-pairing interactions: 
	<A(1:)-A(7:) trans H/H>                        MATCHES	<A(2:'0'1624)-A(8:'0'1572) trans H/H>
	<U(0:)-C(8:) trans S/H>                        MATCHES	<C(1:'0'1623)-A(9:'0'1573) trans S/H>
#  Matched base-stacking interactions: 

>>>>>>>>>>   ALIGNMENT ENDS   >>>>>>>>>>

<<<<<<<<<<  ALIGNMENT BEGINS  <<<<<<<<<<

#  Aligning sarcin-ricin_consensus and 4v9f_0:1654-1656_1515-1521:
#  Alignment score:  41.2
#  P-value:  2.284e-01
#  Query aligned region: 0-1,7-8
#  Target aligned region: 1:'0'1663-2:'0'1664,7:'0'1527-8:'0'1528

	UA...AC
	GA...AA

#  Matched base-pairing interactions: 
	<A(1:)-A(7:) trans H/H>                        MATCHES	<A(2:'0'1664)-A(7:'0'1527) trans H/H>
	<U(0:)-C(8:) trans S/H>                        MATCHES	<G(1:'0'1663)-A(8:'0'1528) trans S/H>
#  Matched base-stacking interactions: 

>>>>>>>>>>   ALIGNMENT ENDS   >>>>>>>>>>

<<<<<<<<<<  ALIGNMENT BEGINS  <<<<<<<<<<

#  Aligning sarcin-ricin_consensus and 4v9f_0:2381-2383_2389-2391:
#  Alignment score:  41
#  P-value:  2.331e-01
#  Query aligned region: 0-1,7-8
#  Target aligned region: 1:'0'2390-2:'0'2391,3:'0'2397-4:'0'2398

	UA...AC
	UC...GA

#  Matched base-pairing interactions: 
	<A(1:)-A(7:) trans H/H>                        MATCHES	<C(2:'0'2391)-G(3:'0'2397) trans H/H>
	<U(0:)-C(8:) trans S/H>                        MATCHES	<U(1:'0'2390)-A(4:'0'2398) trans S/H>
#  Matched base-stacking interactions: 

>>>>>>>>>>   ALIGNMENT ENDS   >>>>>>>>>>

<<<<<<<<<<  ALIGNMENT BEGINS  <<<<<<<<<<

#  Aligning sarcin-ricin_consensus and 4v9f_0:1766-1772_1756-1761:
#  Alignment score:  40.2
#  P-value:  2.533e-01
#  Query aligned region: 0-1,7-8
#  Target aligned region: 1:'0'1775-2:'0'1776,10:'0'1767-11:'0'1768

	UA...AC
	AA...AC

#  Matched base-pairing interactions: 
	<A(1:)-A(7:) trans H/H>                        MATCHES	<A(2:'0'1776)-A(10:'0'1767) trans H/H>
	<U(0:)-C(8:) trans S/H>                        MATCHES	<A(1:'0'1775)-C(11:'0'1768) trans S/H>
#  Matched base-stacking interactions: 

>>>>>>>>>>   ALIGNMENT ENDS   >>>>>>>>>>

<<<<<<<<<<  ALIGNMENT BEGINS  <<<<<<<<<<

#  Aligning sarcin-ricin_consensus and 4v9f_0:113-114_101-106_39-44:
#  Alignment score:  33.9
#  P-value:  5.723e-01
#  Query aligned region: 0-1,7-8
#  Target aligned region: 5:'0'112-7:'0'114,9:'0'48-10:'0'49

	U-A...AC
	GAA...AA

#  Matched base-pairing interactions: 
	<U(0:)-C(8:) trans S/H>                        MATCHES	<G(5:'0'112)-A(10:'0'49) trans S/H>
	<A(1:)-A(7:) trans H/H>                        MATCHES	<A(7:'0'114)-A(9:'0'48) trans H/H>
#  Matched base-stacking interactions: 

>>>>>>>>>>   ALIGNMENT ENDS   >>>>>>>>>>

<<<<<<<<<<  ALIGNMENT BEGINS  <<<<<<<<<<

#  Aligning sarcin-ricin_consensus and 4v9f_0:1250-1255_557-559_1085-1090:
#  Alignment score:  33.7
#  P-value:  5.910e-01
#  Query aligned region: 0-4,5-8
#  Target aligned region: 0:'0'1258-3:'0'1261,8:'0'567-8:'0'567,10:'0'1094-14:'0'1098

	UAGU~A...GAA-C
	GAGA~U...GUUAA

#  Matched base-pairing interactions: 
	<U(3:)-A(6:) trans W/H>                        MATCHES	<A(3:'0'1261)-U(11:'0'1095) cis W/W>
	<U(0:)-C(8:) trans S/H>                        MATCHES	<G(0:'0'1258)-A(14:'0'1098) trans S/H>
	<A(4:)-G(5:) trans H/S>                        MATCHES	<U(8:'0'567)-G(10:'0'1094) cis S/S>
	<A(1:)-A(7:) trans H/H>                        MATCHES	<A(1:'0'1259)-U(12:'0'1096) trans H/W>
	<G(2:)-U(3:) cis S/H>                          MATCHES	<G(2:'0'1260)-A(3:'0'1261) cis S/H>
#  Matched base-stacking interactions: 

>>>>>>>>>>   ALIGNMENT ENDS   >>>>>>>>>>

<<<<<<<<<<  ALIGNMENT BEGINS  <<<<<<<<<<

#  Aligning sarcin-ricin_consensus and 4v9f_0:2343-2344_2361-2363_2321-2325:
#  Alignment score:  33.3
#  P-value:  6.313e-01
#  Query aligned region: 0-3,6-8
#  Target aligned region: 1:'0'2352-1:'0'2352,2:'0'2369-4:'0'2371,5:'0'2329-8:'0'2332

	U~AGU...AA-C
	G~AAG...CUCA

#  Matched base-pairing interactions: 
	<U(3:)-A(6:) trans W/H>                        MATCHES	<G(4:'0'2371)-C(5:'0'2329) cis W/W>
	<U(0:)-C(8:) trans S/H>                        MATCHES	<G(1:'0'2352)-A(8:'0'2332) trans S/H>
	<A(1:)-A(7:) trans H/H>                        MATCHES	<A(2:'0'2369)-U(6:'0'2330) trans H/W>
	<G(2:)-U(3:) cis S/H>                          MATCHES	<A(3:'0'2370)-G(4:'0'2371) cis S/H>
#  Matched base-stacking interactions: 

>>>>>>>>>>   ALIGNMENT ENDS   >>>>>>>>>>

<<<<<<<<<<  ALIGNMENT BEGINS  <<<<<<<<<<

#  Aligning sarcin-ricin_consensus and 4v9f_0:494-501_473-482_502-504:
#  Alignment score:  31.2
#  P-value:  9.300e-01
#  Query aligned region: 0-1,7-8
#  Target aligned region: 4:'0'506-5:'0'507,10:'0'483-10:'0'483,19:'0'511-19:'0'511

	UA...A~C
	GA...C~A

#  Matched base-pairing interactions: 
	<U(0:)-C(8:) trans S/H>                        MATCHES	<G(4:'0'506)-A(19:'0'511) trans S/H>
	<A(1:)-A(7:) trans H/H>                        MATCHES	<A(5:'0'507)-C(10:'0'483) trans H/H>
#  Matched base-stacking interactions: 

>>>>>>>>>>   ALIGNMENT ENDS   >>>>>>>>>>

<<<<<<<<<<  ALIGNMENT BEGINS  <<<<<<<<<<

#  Aligning sarcin-ricin_consensus and 4v9f_0:2856-2860_2881-2884:
#  Alignment score:  20.6
#  P-value:  1.000e+00
#  Query aligned region: 0-0,8-8
#  Target aligned region: 1:'0'2865-1:'0'2865,7:'0'2891-7:'0'2891

	U...C
	G...A

#  Matched base-pairing interactions: 
	<U(0:)-C(8:) trans S/H>                        MATCHES	<G(1:'0'2865)-A(7:'0'2891) trans S/H>
#  Matched base-stacking interactions: 

>>>>>>>>>>   ALIGNMENT ENDS   >>>>>>>>>>

<<<<<<<<<<  ALIGNMENT BEGINS  <<<<<<<<<<

#  Aligning sarcin-ricin_consensus and 4v9f_0:2361-2363_2348-2353_2417-2418:
#  Alignment score:  20.6
#  P-value:  1.000e+00
#  Query aligned region: 0-0,8-8
#  Target aligned region: 7:'0'2360-7:'0'2360,9:'0'2425-9:'0'2425

	U...C
	C...A

#  Matched base-pairing interactions: 
	<U(0:)-C(8:) trans S/H>                        MATCHES	<C(7:'0'2360)-A(9:'0'2425) trans S/H>
#  Matched base-stacking interactions: 

>>>>>>>>>>   ALIGNMENT ENDS   >>>>>>>>>>

<<<<<<<<<<  ALIGNMENT BEGINS  <<<<<<<<<<

#  Aligning sarcin-ricin_consensus and 4v9f_0:1304-1309_1331-1335_308-309:
#  Alignment score:  20.6
#  P-value:  1.000e+00
#  Query aligned region: 0-0,8-8
#  Target aligned region: 4:'0'1316-4:'0'1316,8:'0'1341-8:'0'1341

	U...C
	G...A

#  Matched base-pairing interactions: 
	<U(0:)-C(8:) trans S/H>                        MATCHES	<G(4:'0'1316)-A(8:'0'1341) trans S/H>
#  Matched base-stacking interactions: 

>>>>>>>>>>   ALIGNMENT ENDS   >>>>>>>>>>

<<<<<<<<<<  ALIGNMENT BEGINS  <<<<<<<<<<

#  Aligning sarcin-ricin_consensus and 4v9f_0:2258-2259_1895-1901_1921-1926:
#  Alignment score:  20.6
#  P-value:  1.000e+00
#  Query aligned region: 0-0,8-8
#  Target aligned region: 7:'0'1908-7:'0'1908,11:'0'1931-11:'0'1931

	U...C
	G...A

#  Matched base-pairing interactions: 
	<U(0:)-C(8:) trans S/H>                        MATCHES	<G(7:'0'1908)-A(11:'0'1931) trans S/H>
#  Matched base-stacking interactions: 

>>>>>>>>>>   ALIGNMENT ENDS   >>>>>>>>>>

<<<<<<<<<<  ALIGNMENT BEGINS  <<<<<<<<<<

#  Aligning sarcin-ricin_consensus and 4v9f_0:1607-1610_1532-1536_1632-1638:
#  Alignment score:  20.6
#  P-value:  1.000e+00
#  Query aligned region: 0-0,8-8
#  Target aligned region: 7:'0'1543-7:'0'1543,11:'0'1642-11:'0'1642

	U...C
	G...A

#  Matched base-pairing interactions: 
	<U(0:)-C(8:) trans S/H>                        MATCHES	<G(7:'0'1543)-A(11:'0'1642) trans S/H>
#  Matched base-stacking interactions: 

>>>>>>>>>>   ALIGNMENT ENDS   >>>>>>>>>>

<<<<<<<<<<  ALIGNMENT BEGINS  <<<<<<<<<<

#  Aligning sarcin-ricin_consensus and 4v9f_0:1077-1080_905-906_1062-1066:
#  Alignment score:  20.6
#  P-value:  1.000e+00
#  Query aligned region: 0-0,8-8
#  Target aligned region: 1:'0'1086-1:'0'1086,9:'0'1073-9:'0'1073

	U...C
	A...A

#  Matched base-pairing interactions: 
	<U(0:)-C(8:) trans S/H>                        MATCHES	<A(1:'0'1086)-A(9:'0'1073) trans S/H>
#  Matched base-stacking interactions: 

>>>>>>>>>>   ALIGNMENT ENDS   >>>>>>>>>>

<<<<<<<<<<  ALIGNMENT BEGINS  <<<<<<<<<<

#  Aligning sarcin-ricin_consensus and 4v9f_0:1023-1026_1018-1019_928-932:
#  Alignment score:  20.6
#  P-value:  1.000e+00
#  Query aligned region: 0-0,8-8
#  Target aligned region: 0:'0'1031-0:'0'1031,9:'0'939-9:'0'939

	U...C
	G...A

#  Matched base-pairing interactions: 
	<U(0:)-C(8:) trans S/H>                        MATCHES	<G(0:'0'1031)-A(9:'0'939) trans S/H>
#  Matched base-stacking interactions: 

>>>>>>>>>>   ALIGNMENT ENDS   >>>>>>>>>>

<<<<<<<<<<  ALIGNMENT BEGINS  <<<<<<<<<<

#  Aligning sarcin-ricin_consensus and 4v9f_0:1085-1086_583-587_554-559:
#  Alignment score:  20.6
#  P-value:  1.000e+00
#  Query aligned region: 0-0,8-8
#  Target aligned region: 3:'0'592-3:'0'592,11:'0'566-11:'0'566

	U...C
	G...A

#  Matched base-pairing interactions: 
	<U(0:)-C(8:) trans S/H>                        MATCHES	<G(3:'0'592)-A(11:'0'566) trans S/H>
#  Matched base-stacking interactions: 

>>>>>>>>>>   ALIGNMENT ENDS   >>>>>>>>>>

<<<<<<<<<<  ALIGNMENT BEGINS  <<<<<<<<<<

#  Aligning sarcin-ricin_consensus and 4v9f_0:1700-1701_782-787_809-816:
#  Alignment score:  20.6
#  P-value:  1.000e+00
#  Query aligned region: 0-0,8-8
#  Target aligned region: 7:'0'795-7:'0'795,9:'0'818-9:'0'818

	U...C
	G...A

#  Matched base-pairing interactions: 
	<U(0:)-C(8:) trans S/H>                        MATCHES	<G(7:'0'795)-A(9:'0'818) trans S/H>
#  Matched base-stacking interactions: 

>>>>>>>>>>   ALIGNMENT ENDS   >>>>>>>>>>

<<<<<<<<<<  ALIGNMENT BEGINS  <<<<<<<<<<

#  Aligning sarcin-ricin_consensus and 4v9f_0:71-77_83-91_53-54:
#  Alignment score:  20.6
#  P-value:  1.000e+00
#  Query aligned region: 0-0,8-8
#  Target aligned region: 0:'0'79-0:'0'79,14:'0'98-14:'0'98

	U...C
	G...A

#  Matched base-pairing interactions: 
	<U(0:)-C(8:) trans S/H>                        MATCHES	<G(0:'0'79)-A(14:'0'98) trans S/H>
#  Matched base-stacking interactions: 

>>>>>>>>>>   ALIGNMENT ENDS   >>>>>>>>>>

<<<<<<<<<<  ALIGNMENT BEGINS  <<<<<<<<<<

#  Aligning sarcin-ricin_consensus and 4v9f_0:85-94_68-73:
#  Alignment score:  19.8
#  P-value:  1.000e+00
#  Query aligned region: 0-0,8-8
#  Target aligned region: 4:'0'97-4:'0'97,14:'0'80-14:'0'80

	U...C
	G...A

#  Matched base-pairing interactions: 
	<U(0:)-C(8:) trans S/H>                        MATCHES	<G(4:'0'97)-A(14:'0'80) trans S/H>
#  Matched base-stacking interactions: 

>>>>>>>>>>   ALIGNMENT ENDS   >>>>>>>>>>

<<<<<<<<<<  ALIGNMENT BEGINS  <<<<<<<<<<

#  Aligning sarcin-ricin_consensus and 4v9f_0:1139-1146_1205-1208:
#  Alignment score:  19.8
#  P-value:  1.000e+00
#  Query aligned region: 0-0,8-8
#  Target aligned region: 4:'0'1151-4:'0'1151,10:'0'1215-10:'0'1215

	U...C
	G...A

#  Matched base-pairing interactions: 
	<U(0:)-C(8:) trans S/H>                        MATCHES	<G(4:'0'1151)-A(10:'0'1215) trans S/H>
#  Matched base-stacking interactions: 

>>>>>>>>>>   ALIGNMENT ENDS   >>>>>>>>>>

<<<<<<<<<<  ALIGNMENT BEGINS  <<<<<<<<<<

#  Aligning sarcin-ricin_consensus and 4v9f_0:894-895_633-636_1350-1352:
#  Alignment score:  19.8
#  P-value:  1.000e+00
#  Query aligned region: 0-0,8-8
#  Target aligned region: 3:'0'642-3:'0'642,6:'0'1358-6:'0'1358

	U...C
	G...A

#  Matched base-pairing interactions: 
	<U(0:)-C(8:) trans S/H>                        MATCHES	<G(3:'0'642)-A(6:'0'1358) trans S/H>
#  Matched base-stacking interactions: 

>>>>>>>>>>   ALIGNMENT ENDS   >>>>>>>>>>

<<<<<<<<<<  ALIGNMENT BEGINS  <<<<<<<<<<

#  Aligning sarcin-ricin_consensus and 4v9f_0:2658-2660_2901-2907_2818-2823:
#  Alignment score:  19.8
#  P-value:  1.000e+00
#  Query aligned region: 0-0,8-8
#  Target aligned region: 7:'0'2913-7:'0'2913,11:'0'2827-11:'0'2827

	U...C
	A...A

#  Matched base-pairing interactions: 
	<U(0:)-C(8:) trans S/H>                        MATCHES	<A(7:'0'2913)-A(11:'0'2827) trans S/H>
#  Matched base-stacking interactions: 

>>>>>>>>>>   ALIGNMENT ENDS   >>>>>>>>>>

<<<<<<<<<<  ALIGNMENT BEGINS  <<<<<<<<<<

#  Aligning sarcin-ricin_consensus and 4v9f_0:760-762_152-154_884-885:
#  Alignment score:  19.4
#  P-value:  1.000e+00
#  Query aligned region: 0-0,8-8
#  Target aligned region: 5:'0'162-5:'0'162,7:'0'893-7:'0'893

	U...C
	C...C

#  Matched base-pairing interactions: 
	<U(0:)-C(8:) trans S/H>                        MATCHES	<C(5:'0'162)-C(7:'0'893) trans S/H>
#  Matched base-stacking interactions: 

>>>>>>>>>>   ALIGNMENT ENDS   >>>>>>>>>>

<<<<<<<<<<  ALIGNMENT BEGINS  <<<<<<<<<<

#  Aligning sarcin-ricin_consensus and 4v9f_0:1778-1779_2874-2876_2865-2867:
#  Alignment score:  19
#  P-value:  1.000e+00
#  Query aligned region: 0-0,8-8
#  Target aligned region: 2:'0'2882-2:'0'2882,7:'0'2875-7:'0'2875

	U...C
	G...A

#  Matched base-pairing interactions: 
	<U(0:)-C(8:) trans S/H>                        MATCHES	<G(2:'0'2882)-A(7:'0'2875) trans S/H>
#  Matched base-stacking interactions: 

>>>>>>>>>>   ALIGNMENT ENDS   >>>>>>>>>>

<<<<<<<<<<  ALIGNMENT BEGINS  <<<<<<<<<<

#  Aligning sarcin-ricin_consensus and 4v9f_0:336-338_318-324_296-298:
#  Alignment score:  19
#  P-value:  1.000e+00
#  Query aligned region: 0-0,8-8
#  Target aligned region: 1:'0'345-1:'0'345,8:'0'331-8:'0'331

	U...C
	G...A

#  Matched base-pairing interactions: 
	<U(0:)-C(8:) trans S/H>                        MATCHES	<G(1:'0'345)-A(8:'0'331) trans S/H>
#  Matched base-stacking interactions: 

>>>>>>>>>>   ALIGNMENT ENDS   >>>>>>>>>>

<<<<<<<<<<  ALIGNMENT BEGINS  <<<<<<<<<<

#  Aligning sarcin-ricin_consensus and 4v9f_0:2281-2284_2271-2273:
#  Alignment score:  19
#  P-value:  1.000e+00
#  Query aligned region: 0-0,8-8
#  Target aligned region: 0:'0'2289-2:'0'2291

	U...C
	G...A

#  Matched base-pairing interactions: 
	<U(0:)-C(8:) trans S/H>                        MATCHES	<G(0:'0'2289)-A(2:'0'2291) trans S/H>
#  Matched base-stacking interactions: 

>>>>>>>>>>   ALIGNMENT ENDS   >>>>>>>>>>

<<<<<<<<<<  ALIGNMENT BEGINS  <<<<<<<<<<

#  Aligning sarcin-ricin_consensus and 4v9f_0:2298-2302_2290-2293:
#  Alignment score:  19
#  P-value:  1.000e+00
#  Query aligned region: 0-1,7-8
#  Target aligned region: 0:'0'2306-1:'0'2307,7:'0'2300-8:'0'2301

	UA...AC
	UA...AA

#  Matched base-pairing interactions: 
	<A(1:)-A(7:) trans H/H>                        MATCHES	<A(1:'0'2307)-A(7:'0'2300) trans H/H>
	<U(0:)-C(8:) trans S/H>                        MATCHES	<U(0:'0'2306)-A(8:'0'2301) trans W/W>
#  Matched base-stacking interactions: 

>>>>>>>>>>   ALIGNMENT ENDS   >>>>>>>>>>

<<<<<<<<<<  ALIGNMENT BEGINS  <<<<<<<<<<

#  Aligning sarcin-ricin_consensus and 4v9f_0:1331-1335_1304-1309_308-309:
#  Alignment score:  18.2
#  P-value:  1.000e+00
#  Query aligned region: 0-0,8-8
#  Target aligned region: 1:'0'1340-1:'0'1340,10:'0'1317-10:'0'1317

	U...C
	G...A

#  Matched base-pairing interactions: 
	<U(0:)-C(8:) trans S/H>                        MATCHES	<G(1:'0'1340)-A(10:'0'1317) trans S/H>
#  Matched base-stacking interactions: 

>>>>>>>>>>   ALIGNMENT ENDS   >>>>>>>>>>

<<<<<<<<<<  ALIGNMENT BEGINS  <<<<<<<<<<

#  Aligning sarcin-ricin_consensus and 4v9f_0:2551-2552_2764-2769_2789-2794:
#  Alignment score:  18.2
#  P-value:  1.000e+00
#  Query aligned region: 0-0,8-8
#  Target aligned region: 11:'0'2800-12:'0'2801

	U...C
	A...A

#  Matched base-pairing interactions: 
	<U(0:)-C(8:) trans S/H>                        MATCHES	<A(11:'0'2800)-A(12:'0'2801) trans S/H>
#  Matched base-stacking interactions: 

>>>>>>>>>>   ALIGNMENT ENDS   >>>>>>>>>>

<<<<<<<<<<  ALIGNMENT BEGINS  <<<<<<<<<<

#  Aligning sarcin-ricin_consensus and 4v9f_0:2839-2848_2893-2898_2825-2827:
#  Alignment score:  18.2
#  P-value:  1.000e+00
#  Query aligned region: 0-0,8-8
#  Target aligned region: 4:'0'2851-4:'0'2851,15:'0'2906-15:'0'2906

	U...C
	G...A

#  Matched base-pairing interactions: 
	<U(0:)-C(8:) trans S/H>                        MATCHES	<G(4:'0'2851)-A(15:'0'2906) trans S/H>
#  Matched base-stacking interactions: 

>>>>>>>>>>   ALIGNMENT ENDS   >>>>>>>>>>

<<<<<<<<<<  ALIGNMENT BEGINS  <<<<<<<<<<

#  Aligning sarcin-ricin_consensus and 4v9f_0:1648-1651_1524-1526_1481-1482:
#  Alignment score:  17.6
#  P-value:  1.000e+00
#  Query aligned region: 0-1,7-8
#  Target aligned region: 0:'0'1656-1:'0'1657,6:'0'1534-6:'0'1534,7:'0'1489-7:'0'1489

	UA...A~C
	AA...C~G

#  Matched base-pairing interactions: 
	<A(1:)-A(7:) trans H/H>                        MATCHES	<A(1:'0'1657)-C(6:'0'1534) trans H/H>
	<U(0:)-C(8:) trans S/H>                        MATCHES	<A(0:'0'1656)-G(7:'0'1489) cis -/->
#  Matched base-stacking interactions: 

>>>>>>>>>>   ALIGNMENT ENDS   >>>>>>>>>>

<<<<<<<<<<  ALIGNMENT BEGINS  <<<<<<<<<<

#  Aligning sarcin-ricin_consensus and 4v9f_0:2814-2820_2904-2906_2658-2660:
#  Alignment score:  17.4
#  P-value:  1.000e+00
#  Query aligned region: 0-0,8-8
#  Target aligned region: 4:'0'2826-4:'0'2826,9:'0'2914-9:'0'2914

	U...C
	G...A

#  Matched base-pairing interactions: 
	<U(0:)-C(8:) trans S/H>                        MATCHES	<G(4:'0'2826)-A(9:'0'2914) trans S/H>
#  Matched base-stacking interactions: 

>>>>>>>>>>   ALIGNMENT ENDS   >>>>>>>>>>

<<<<<<<<<<  ALIGNMENT BEGINS  <<<<<<<<<<

#  Aligning sarcin-ricin_consensus and 4v9f_0:368-371_232-236_259-262:
#  Alignment score:  16.6
#  P-value:  1.000e+00
#  Query aligned region: 4-4,5-5
#  Target aligned region: 6:'0'242-6:'0'242,11:'0'269-11:'0'269

	A...G
	A...G

#  Matched base-pairing interactions: 
	<A(4:)-G(5:) trans H/S>                        MATCHES	<A(6:'0'242)-G(11:'0'269) trans H/S>
#  Matched base-stacking interactions: 

>>>>>>>>>>   ALIGNMENT ENDS   >>>>>>>>>>

<<<<<<<<<<  ALIGNMENT BEGINS  <<<<<<<<<<

#  Aligning sarcin-ricin_consensus and 4v9f_0:2233-2237_2248-2250_2126-2127:
#  Alignment score:  16.6
#  P-value:  1.000e+00
#  Query aligned region: 4-4,5-5
#  Target aligned region: 3:'0'2244-3:'0'2244,6:'0'2257-6:'0'2257

	A...G
	A...G

#  Matched base-pairing interactions: 
	<A(4:)-G(5:) trans H/S>                        MATCHES	<A(3:'0'2244)-G(6:'0'2257) trans H/S>
#  Matched base-stacking interactions: 

>>>>>>>>>>   ALIGNMENT ENDS   >>>>>>>>>>

<<<<<<<<<<  ALIGNMENT BEGINS  <<<<<<<<<<

#  Aligning sarcin-ricin_consensus and 4v9f_0:1822-1825_1833-1840_1875-1876:
#  Alignment score:  16.6
#  P-value:  1.000e+00
#  Query aligned region: 4-4,5-5
#  Target aligned region: 10:'0'1847-10:'0'1847,13:'0'1884-13:'0'1884

	A...G
	A...G

#  Matched base-pairing interactions: 
	<A(4:)-G(5:) trans H/S>                        MATCHES	<A(10:'0'1847)-G(13:'0'1884) trans H/S>
#  Matched base-stacking interactions: 

>>>>>>>>>>   ALIGNMENT ENDS   >>>>>>>>>>

<<<<<<<<<<  ALIGNMENT BEGINS  <<<<<<<<<<

#  Aligning sarcin-ricin_consensus and 4v9f_0:1624-1625_1618-1621_1560-1563:
#  Alignment score:  16.6
#  P-value:  1.000e+00
#  Query aligned region: 4-4,5-5
#  Target aligned region: 2:'0'1626-2:'0'1626,9:'0'1571-9:'0'1571

	A...G
	A...G

#  Matched base-pairing interactions: 
	<A(4:)-G(5:) trans H/S>                        MATCHES	<A(2:'0'1626)-G(9:'0'1571) trans H/S>
#  Matched base-stacking interactions: 

>>>>>>>>>>   ALIGNMENT ENDS   >>>>>>>>>>

<<<<<<<<<<  ALIGNMENT BEGINS  <<<<<<<<<<

#  Aligning sarcin-ricin_consensus and 4v9f_0:781-783_815-820_845-846:
#  Alignment score:  16.6
#  P-value:  1.000e+00
#  Query aligned region: 4-4,5-5
#  Target aligned region: 1:'0'790-1:'0'790,4:'0'824-4:'0'824

	A...G
	A...G

#  Matched base-pairing interactions: 
	<A(4:)-G(5:) trans H/S>                        MATCHES	<A(1:'0'790)-G(4:'0'824) trans H/S>
#  Matched base-stacking interactions: 

>>>>>>>>>>   ALIGNMENT ENDS   >>>>>>>>>>

<<<<<<<<<<  ALIGNMENT BEGINS  <<<<<<<<<<

#  Aligning sarcin-ricin_consensus and 4v9f_0:337-342_294-297:
#  Alignment score:  16.6
#  P-value:  1.000e+00
#  Query aligned region: 4-4,5-5
#  Target aligned region: 2:'0'347-2:'0'347,8:'0'304-8:'0'304

	A...G
	A...G

#  Matched base-pairing interactions: 
	<A(4:)-G(5:) trans H/S>                        MATCHES	<A(2:'0'347)-G(8:'0'304) trans H/S>
#  Matched base-stacking interactions: 

>>>>>>>>>>   ALIGNMENT ENDS   >>>>>>>>>>

<<<<<<<<<<  ALIGNMENT BEGINS  <<<<<<<<<<

#  Aligning sarcin-ricin_consensus and 4v9f_0:273-278_358-360:
#  Alignment score:  16.6
#  P-value:  1.000e+00
#  Query aligned region: 4-4,5-5
#  Target aligned region: 4:'0'285-4:'0'285,7:'0'367-7:'0'367

	A...G
	A...G

#  Matched base-pairing interactions: 
	<A(4:)-G(5:) trans H/S>                        MATCHES	<A(4:'0'285)-G(7:'0'367) trans H/S>
#  Matched base-stacking interactions: 

>>>>>>>>>>   ALIGNMENT ENDS   >>>>>>>>>>

<<<<<<<<<<  ALIGNMENT BEGINS  <<<<<<<<<<

#  Aligning sarcin-ricin_consensus and 4v9f_0:2695-2698_2681-2683:
#  Alignment score:  16.6
#  P-value:  1.000e+00
#  Query aligned region: 1-1,7-7
#  Target aligned region: 0:'0'2703-0:'0'2703,6:'0'2691-6:'0'2691

	A...A
	A...A

#  Matched base-pairing interactions: 
	<A(1:)-A(7:) trans H/H>                        MATCHES	<A(0:'0'2703)-A(6:'0'2691) trans H/H>
#  Matched base-stacking interactions: 

>>>>>>>>>>   ALIGNMENT ENDS   >>>>>>>>>>

<<<<<<<<<<  ALIGNMENT BEGINS  <<<<<<<<<<

#  Aligning sarcin-ricin_consensus and 4v9f_0:2407-2410_2400-2404_2369-2371:
#  Alignment score:  16.6
#  P-value:  1.000e+00
#  Query aligned region: 4-4,5-5
#  Target aligned region: 0:'0'2415-0:'0'2415,8:'0'2412-8:'0'2412

	A...G
	A...G

#  Matched base-pairing interactions: 
	<A(4:)-G(5:) trans H/S>                        MATCHES	<A(0:'0'2415)-G(8:'0'2412) trans H/S>
#  Matched base-stacking interactions: 

>>>>>>>>>>   ALIGNMENT ENDS   >>>>>>>>>>

<<<<<<<<<<  ALIGNMENT BEGINS  <<<<<<<<<<

#  Aligning sarcin-ricin_consensus and 4v9f_0:1913-1918_1905-1910:
#  Alignment score:  16.6
#  P-value:  1.000e+00
#  Query aligned region: 4-4,5-5
#  Target aligned region: 1:'0'1922-1:'0'1922,10:'0'1917-10:'0'1917

	A...G
	A...G

#  Matched base-pairing interactions: 
	<A(4:)-G(5:) trans H/S>                        MATCHES	<A(1:'0'1922)-G(10:'0'1917) trans H/S>
#  Matched base-stacking interactions: 

>>>>>>>>>>   ALIGNMENT ENDS   >>>>>>>>>>

<<<<<<<<<<  ALIGNMENT BEGINS  <<<<<<<<<<

#  Aligning sarcin-ricin_consensus and 4v9f_0:2047-2050_1357-1361:
#  Alignment score:  16.6
#  P-value:  1.000e+00
#  Query aligned region: 1-1,7-7
#  Target aligned region: 0:'0'2055-0:'0'2055,8:'0'1369-8:'0'1369

	A...A
	A...A

#  Matched base-pairing interactions: 
	<A(1:)-A(7:) trans H/H>                        MATCHES	<A(0:'0'2055)-A(8:'0'1369) trans H/H>
#  Matched base-stacking interactions: 

>>>>>>>>>>   ALIGNMENT ENDS   >>>>>>>>>>

<<<<<<<<<<  ALIGNMENT BEGINS  <<<<<<<<<<

#  Aligning sarcin-ricin_consensus and 4v9f_0:657-658_219-223_200-204:
#  Alignment score:  16.6
#  P-value:  1.000e+00
#  Query aligned region: 1-1,7-7
#  Target aligned region: 2:'0'227-2:'0'227,11:'0'212-11:'0'212

	A...A
	A...A

#  Matched base-pairing interactions: 
	<A(1:)-A(7:) trans H/H>                        MATCHES	<A(2:'0'227)-A(11:'0'212) trans H/H>
#  Matched base-stacking interactions: 

>>>>>>>>>>   ALIGNMENT ENDS   >>>>>>>>>>

<<<<<<<<<<  ALIGNMENT BEGINS  <<<<<<<<<<

#  Aligning sarcin-ricin_consensus and 4v9f_0:89-96_66-71:
#  Alignment score:  16.6
#  P-value:  1.000e+00
#  Query aligned region: 4-4,5-5
#  Target aligned region: 2:'0'99-2:'0'99,12:'0'78-12:'0'78

	A...G
	A...G

#  Matched base-pairing interactions: 
	<A(4:)-G(5:) trans H/S>                        MATCHES	<A(2:'0'99)-G(12:'0'78) trans H/S>
#  Matched base-stacking interactions: 

>>>>>>>>>>   ALIGNMENT ENDS   >>>>>>>>>>

<<<<<<<<<<  ALIGNMENT BEGINS  <<<<<<<<<<

#  Aligning sarcin-ricin_consensus and 4v9f_0:739-740_652-658_672-677:
#  Alignment score:  16.6
#  P-value:  1.000e+00
#  Query aligned region: 4-4,5-5
#  Target aligned region: 8:'0'666-8:'0'666,9:'0'680-9:'0'680

	A...G
	A...G

#  Matched base-pairing interactions: 
	<A(4:)-G(5:) trans H/S>                        MATCHES	<A(8:'0'666)-G(9:'0'680) trans H/S>
#  Matched base-stacking interactions: 

>>>>>>>>>>   ALIGNMENT ENDS   >>>>>>>>>>

<<<<<<<<<<  ALIGNMENT BEGINS  <<<<<<<<<<

#  Aligning sarcin-ricin_consensus and 4v9f_0:629-630_510-514_13-16:
#  Alignment score:  16.6
#  P-value:  1.000e+00
#  Query aligned region: 4-4,5-5
#  Target aligned region: 4:'0'520-4:'0'520,9:'0'23-9:'0'23

	A...G
	A...G

#  Matched base-pairing interactions: 
	<A(4:)-G(5:) trans H/S>                        MATCHES	<A(4:'0'520)-G(9:'0'23) trans H/S>
#  Matched base-stacking interactions: 

>>>>>>>>>>   ALIGNMENT ENDS   >>>>>>>>>>

<<<<<<<<<<  ALIGNMENT BEGINS  <<<<<<<<<<

#  Aligning sarcin-ricin_consensus and 4v9f_0:2607-2608_2609-2610_2533-2535:
#  Alignment score:  16.6
#  P-value:  1.000e+00
#  Query aligned region: 1-4,5-7
#  Target aligned region: 0:'0'2615-1:'0'2616,2:'0'2617-3:'0'2618,4:'0'2541-6:'0'2543

	AG~UA...GAA
	UG~GG...UCG

#  Matched base-pairing interactions: 
	<G(2:)-U(3:) cis S/H>                          MATCHES	<G(1:'0'2616)-G(2:'0'2617) cis S/H>
	<A(4:)-G(5:) trans H/S>                        MATCHES	<G(3:'0'2618)-U(4:'0'2541) cis W/W>
	<U(3:)-A(6:) trans W/H>                        MATCHES	<G(2:'0'2617)-C(5:'0'2542) cis W/W>
	<A(1:)-A(7:) trans H/H>                        MATCHES	<U(0:'0'2615)-G(6:'0'2543) cis W/W>
#  Matched base-stacking interactions: 

>>>>>>>>>>   ALIGNMENT ENDS   >>>>>>>>>>

<<<<<<<<<<  ALIGNMENT BEGINS  <<<<<<<<<<

#  Aligning sarcin-ricin_consensus and 4v9f_0:557-559_1085-1090_1250-1255:
#  Alignment score:  16.6
#  P-value:  1.000e+00
#  Query aligned region: 4-4,5-5
#  Target aligned region: 8:'0'1098-8:'0'1098,9:'0'1258-9:'0'1258

	A...G
	A...G

#  Matched base-pairing interactions: 
	<A(4:)-G(5:) trans H/S>                        MATCHES	<A(8:'0'1098)-G(9:'0'1258) trans H/S>
#  Matched base-stacking interactions: 

>>>>>>>>>>   ALIGNMENT ENDS   >>>>>>>>>>

<<<<<<<<<<  ALIGNMENT BEGINS  <<<<<<<<<<

#  Aligning sarcin-ricin_consensus and 4v9f_0:2108-2116_2261-2268:
#  Alignment score:  16.6
#  P-value:  1.000e+00
#  Query aligned region: 4-4,5-5
#  Target aligned region: 7:'0'2123-7:'0'2123,10:'0'2270-10:'0'2270

	A...G
	A...G

#  Matched base-pairing interactions: 
	<A(4:)-G(5:) trans H/S>                        MATCHES	<A(7:'0'2123)-G(10:'0'2270) trans H/S>
#  Matched base-stacking interactions: 

>>>>>>>>>>   ALIGNMENT ENDS   >>>>>>>>>>

<<<<<<<<<<  ALIGNMENT BEGINS  <<<<<<<<<<

#  Aligning sarcin-ricin_consensus and 4v9f_0:2528-2530_2473-2478_2094-2098:
#  Alignment score:  16.6
#  P-value:  1.000e+00
#  Query aligned region: 1-1,7-7
#  Target aligned region: 2:'0'2538-2:'0'2538,10:'0'2103-10:'0'2103

	A...A
	A...A

#  Matched base-pairing interactions: 
	<A(1:)-A(7:) trans H/H>                        MATCHES	<A(2:'0'2538)-A(10:'0'2103) trans H/H>
#  Matched base-stacking interactions: 

>>>>>>>>>>   ALIGNMENT ENDS   >>>>>>>>>>

<<<<<<<<<<  ALIGNMENT BEGINS  <<<<<<<<<<

#  Aligning sarcin-ricin_consensus and 4v9f_0:2761-2768_2793-2797_2790-2792:
#  Alignment score:  16.6
#  P-value:  1.000e+00
#  Query aligned region: 4-4,5-5
#  Target aligned region: 7:'0'2776-7:'0'2776,13:'0'2798-13:'0'2798

	A...G
	A...G

#  Matched base-pairing interactions: 
	<A(4:)-G(5:) trans H/S>                        MATCHES	<A(7:'0'2776)-G(13:'0'2798) trans H/S>
#  Matched base-stacking interactions: 

>>>>>>>>>>   ALIGNMENT ENDS   >>>>>>>>>>

<<<<<<<<<<  ALIGNMENT BEGINS  <<<<<<<<<<

#  Aligning sarcin-ricin_consensus and 4v9f_0:368-369_234-241_256-261:
#  Alignment score:  16.6
#  P-value:  1.000e+00
#  Query aligned region: 4-4,5-5
#  Target aligned region: 7:'0'247-7:'0'247,10:'0'264-10:'0'264

	A...G
	A...G

#  Matched base-pairing interactions: 
	<A(4:)-G(5:) trans H/S>                        MATCHES	<A(7:'0'247)-G(10:'0'264) trans H/S>
#  Matched base-stacking interactions: 

>>>>>>>>>>   ALIGNMENT ENDS   >>>>>>>>>>

<<<<<<<<<<  ALIGNMENT BEGINS  <<<<<<<<<<

#  Aligning sarcin-ricin_consensus and 4v9f_0:2667-2674_2798-2802:
#  Alignment score:  16.6
#  P-value:  1.000e+00
#  Query aligned region: 4-4,5-5
#  Target aligned region: 0:'0'2675-0:'0'2675,12:'0'2810-12:'0'2810

	A...G
	A...G

#  Matched base-pairing interactions: 
	<A(4:)-G(5:) trans H/S>                        MATCHES	<A(0:'0'2675)-G(12:'0'2810) trans H/S>
#  Matched base-stacking interactions: 

>>>>>>>>>>   ALIGNMENT ENDS   >>>>>>>>>>

<<<<<<<<<<  ALIGNMENT BEGINS  <<<<<<<<<<

#  Aligning sarcin-ricin_consensus and 4v9f_0:1725-1728_2036-2038_1367-1368:
#  Alignment score:  16.6
#  P-value:  1.000e+00
#  Query aligned region: 4-4,5-5
#  Target aligned region: 0:'0'1733-0:'0'1733,6:'0'2046-6:'0'2046

	A...G
	A...G

#  Matched base-pairing interactions: 
	<A(4:)-G(5:) trans H/S>                        MATCHES	<A(0:'0'1733)-G(6:'0'2046) trans H/S>
#  Matched base-stacking interactions: 

>>>>>>>>>>   ALIGNMENT ENDS   >>>>>>>>>>

<<<<<<<<<<  ALIGNMENT BEGINS  <<<<<<<<<<

#  Aligning sarcin-ricin_consensus and 4v9f_0:1715-1717_1364-1369_2042-2045:
#  Alignment score:  16.6
#  P-value:  1.000e+00
#  Query aligned region: 4-4,5-5
#  Target aligned region: 3:'0'1372-3:'0'1372,12:'0'2053-12:'0'2053

	A...G
	A...G

#  Matched base-pairing interactions: 
	<A(4:)-G(5:) trans H/S>                        MATCHES	<A(3:'0'1372)-G(12:'0'2053) trans H/S>
#  Matched base-stacking interactions: 

>>>>>>>>>>   ALIGNMENT ENDS   >>>>>>>>>>

<<<<<<<<<<  ALIGNMENT BEGINS  <<<<<<<<<<

#  Aligning sarcin-ricin_consensus and 4v9f_0:2063-2064_2521-2522_1047-1051:
#  Alignment score:  16.6
#  P-value:  1.000e+00
#  Query aligned region: 0-0,8-8
#  Target aligned region: 4:'0'1055-7:'0'1058

	U...C
	G...A

#  Matched base-pairing interactions: 
	<U(0:)-C(8:) trans S/H>                        MATCHES	<G(4:'0'1055)-A(7:'0'1058) trans S/H>
#  Matched base-stacking interactions: 

>>>>>>>>>>   ALIGNMENT ENDS   >>>>>>>>>>

<<<<<<<<<<  ALIGNMENT BEGINS  <<<<<<<<<<

#  Aligning sarcin-ricin_consensus and 4v9f_0:819-824_842-846:
#  Alignment score:  16.6
#  P-value:  1.000e+00
#  Query aligned region: 4-4,5-5
#  Target aligned region: 0:'0'827-0:'0'827,10:'0'854-10:'0'854

	A...G
	A...G

#  Matched base-pairing interactions: 
	<A(4:)-G(5:) trans H/S>                        MATCHES	<A(0:'0'827)-G(10:'0'854) trans H/S>
#  Matched base-stacking interactions: 

>>>>>>>>>>   ALIGNMENT ENDS   >>>>>>>>>>

<<<<<<<<<<  ALIGNMENT BEGINS  <<<<<<<<<<

#  Aligning sarcin-ricin_consensus and 4v9f_0:789-794_804-808:
#  Alignment score:  16.6
#  P-value:  1.000e+00
#  Query aligned region: 4-4,5-5
#  Target aligned region: 0:'0'797-0:'0'797,10:'0'816-10:'0'816

	A...G
	A...G

#  Matched base-pairing interactions: 
	<A(4:)-G(5:) trans H/S>                        MATCHES	<A(0:'0'797)-G(10:'0'816) trans H/S>
#  Matched base-stacking interactions: 

>>>>>>>>>>   ALIGNMENT ENDS   >>>>>>>>>>

<<<<<<<<<<  ALIGNMENT BEGINS  <<<<<<<<<<

#  Aligning sarcin-ricin_consensus and 4v9f_0:1702-1704_1698-1701_781-783:
#  Alignment score:  16.6
#  P-value:  1.000e+00
#  Query aligned region: 4-4,5-5
#  Target aligned region: 2:'0'1712-2:'0'1712,3:'0'1706-3:'0'1706

	A...G
	A...G

#  Matched base-pairing interactions: 
	<A(4:)-G(5:) trans H/S>                        MATCHES	<A(2:'0'1712)-G(3:'0'1706) trans H/S>
#  Matched base-stacking interactions: 

>>>>>>>>>>   ALIGNMENT ENDS   >>>>>>>>>>

<<<<<<<<<<  ALIGNMENT BEGINS  <<<<<<<<<<

#  Aligning sarcin-ricin_consensus and 4v9f_0:822-826_840-843:
#  Alignment score:  16.2
#  P-value:  1.000e+00
#  Query aligned region: 1-4,5-7
#  Target aligned region: 0:'0'830-3:'0'833,6:'0'849-8:'0'851

	AGUA...GAA
	GUUG...CUC

#  Matched base-pairing interactions: 
	<G(2:)-U(3:) cis S/H>                          MATCHES	<U(1:'0'831)-U(2:'0'832) cis S/H>
	<A(1:)-A(7:) trans H/H>                        MATCHES	<G(0:'0'830)-C(8:'0'851) cis W/W>
	<A(4:)-G(5:) trans H/S>                        MATCHES	<G(3:'0'833)-C(6:'0'849) cis W/W>
	<U(3:)-A(6:) trans W/H>                        MATCHES	<U(2:'0'832)-U(7:'0'850) cis W/W>
#  Matched base-stacking interactions: 

>>>>>>>>>>   ALIGNMENT ENDS   >>>>>>>>>>

<<<<<<<<<<  ALIGNMENT BEGINS  <<<<<<<<<<

#  Aligning sarcin-ricin_consensus and 4v9f_0:2399-2400_2313-2315_2369-2373:
#  Alignment score:  16.2
#  P-value:  1.000e+00
#  Query aligned region: 0-1,7-8
#  Target aligned region: 0:'0'2407-0:'0'2407,2:'0'2321-2:'0'2321,8:'0'2380-9:'0'2381

	U~A...AC
	G~A...AC

#  Matched base-pairing interactions: 
	<U(0:)-C(8:) trans S/H>                        MATCHES	<G(0:'0'2407)-C(9:'0'2381) cis W/W>
	<A(1:)-A(7:) trans H/H>                        MATCHES	<A(2:'0'2321)-A(8:'0'2380) trans H/H>
#  Matched base-stacking interactions: 

>>>>>>>>>>   ALIGNMENT ENDS   >>>>>>>>>>

<<<<<<<<<<  ALIGNMENT BEGINS  <<<<<<<<<<

#  Aligning sarcin-ricin_consensus and 4v9f_0:212-216_208-211_160-163:
#  Alignment score:  16.2
#  P-value:  1.000e+00
#  Query aligned region: 4-4,5-5
#  Target aligned region: 2:'0'222-2:'0'222,7:'0'218-7:'0'218

	A...G
	A...C

#  Matched base-pairing interactions: 
	<A(4:)-G(5:) trans H/S>                        MATCHES	<A(2:'0'222)-C(7:'0'218) trans H/S>
#  Matched base-stacking interactions: 

>>>>>>>>>>   ALIGNMENT ENDS   >>>>>>>>>>

<<<<<<<<<<  ALIGNMENT BEGINS  <<<<<<<<<<

#  Aligning sarcin-ricin_consensus and 4v9f_0:945-955_1000-1004:
#  Alignment score:  16.2
#  P-value:  1.000e+00
#  Query aligned region: 4-4,5-5
#  Target aligned region: 2:'0'955-2:'0'955,15:'0'1012-15:'0'1012

	A...G
	A...A

#  Matched base-pairing interactions: 
	<A(4:)-G(5:) trans H/S>                        MATCHES	<A(2:'0'955)-A(15:'0'1012) trans H/S>
#  Matched base-stacking interactions: 

>>>>>>>>>>   ALIGNMENT ENDS   >>>>>>>>>>

<<<<<<<<<<  ALIGNMENT BEGINS  <<<<<<<<<<

#  Aligning sarcin-ricin_consensus and 4v9f_0:1034-1037_905-908_1061-1063:
#  Alignment score:  16.2
#  P-value:  1.000e+00
#  Query aligned region: 4-4,5-5
#  Target aligned region: 5:'0'914-5:'0'914,9:'0'1070-9:'0'1070

	A...G
	A...A

#  Matched base-pairing interactions: 
	<A(4:)-G(5:) trans H/S>                        MATCHES	<A(5:'0'914)-A(9:'0'1070) trans H/S>
#  Matched base-stacking interactions: 

>>>>>>>>>>   ALIGNMENT ENDS   >>>>>>>>>>

<<<<<<<<<<  ALIGNMENT BEGINS  <<<<<<<<<<

#  Aligning sarcin-ricin_consensus and 4v9f_0:2614-2616_1830-1835_2633-2636:
#  Alignment score:  15.8
#  P-value:  1.000e+00
#  Query aligned region: 4-4,5-5
#  Target aligned region: 0:'0'2622-0:'0'2622,11:'0'2643-11:'0'2643

	A...G
	A...G

#  Matched base-pairing interactions: 
	<A(4:)-G(5:) trans H/S>                        MATCHES	<A(0:'0'2622)-G(11:'0'2643) trans H/S>
#  Matched base-stacking interactions: 

>>>>>>>>>>   ALIGNMENT ENDS   >>>>>>>>>>

<<<<<<<<<<  ALIGNMENT BEGINS  <<<<<<<<<<

#  Aligning sarcin-ricin_consensus and 4v9f_0:2758-2762_2796-2797_2705-2707:
#  Alignment score:  15.8
#  P-value:  1.000e+00
#  Query aligned region: 4-4,5-5
#  Target aligned region: 3:'0'2769-3:'0'2769,6:'0'2805-6:'0'2805

	A...G
	C...A

#  Matched base-pairing interactions: 
	<A(4:)-G(5:) trans H/S>                        MATCHES	<C(3:'0'2769)-A(6:'0'2805) trans H/S>
#  Matched base-stacking interactions: 

>>>>>>>>>>   ALIGNMENT ENDS   >>>>>>>>>>

<<<<<<<<<<  ALIGNMENT BEGINS  <<<<<<<<<<

#  Aligning sarcin-ricin_consensus and 4v9f_0:2747-2754_2713-2718_2031-2033:
#  Alignment score:  15.8
#  P-value:  1.000e+00
#  Query aligned region: 4-4,5-5
#  Target aligned region: 2:'0'2757-2:'0'2757,12:'0'2725-12:'0'2725

	A...G
	A...G

#  Matched base-pairing interactions: 
	<A(4:)-G(5:) trans H/S>                        MATCHES	<A(2:'0'2757)-G(12:'0'2725) trans H/S>
#  Matched base-stacking interactions: 

>>>>>>>>>>   ALIGNMENT ENDS   >>>>>>>>>>

<<<<<<<<<<  ALIGNMENT BEGINS  <<<<<<<<<<

#  Aligning sarcin-ricin_consensus and 4v9f_0:2717-2724_2742-2747_1802-1803:
#  Alignment score:  15.8
#  P-value:  1.000e+00
#  Query aligned region: 4-4,5-5
#  Target aligned region: 2:'0'2727-2:'0'2727,13:'0'2755-13:'0'2755

	A...G
	A...G

#  Matched base-pairing interactions: 
	<A(4:)-G(5:) trans H/S>                        MATCHES	<A(2:'0'2727)-G(13:'0'2755) trans H/S>
#  Matched base-stacking interactions: 

>>>>>>>>>>   ALIGNMENT ENDS   >>>>>>>>>>

<<<<<<<<<<  ALIGNMENT BEGINS  <<<<<<<<<<

#  Aligning sarcin-ricin_consensus and 4v9f_0:1822-1827_1831-1838:
#  Alignment score:  15.8
#  P-value:  1.000e+00
#  Query aligned region: 4-4,5-5
#  Target aligned region: 0:'0'1830-0:'0'1830,13:'0'1846-13:'0'1846

	A...G
	C...U

#  Matched base-pairing interactions: 
	<A(4:)-G(5:) trans H/S>                        MATCHES	<C(0:'0'1830)-U(13:'0'1846) trans H/S>
#  Matched base-stacking interactions: 

>>>>>>>>>>   ALIGNMENT ENDS   >>>>>>>>>>

<<<<<<<<<<  ALIGNMENT BEGINS  <<<<<<<<<<

#  Aligning sarcin-ricin_consensus and 4v9f_0:929-930_697-701_711-715:
#  Alignment score:  15.8
#  P-value:  1.000e+00
#  Query aligned region: 4-4,5-5
#  Target aligned region: 5:'0'708-5:'0'708,8:'0'720-8:'0'720

	A...G
	A...G

#  Matched base-pairing interactions: 
	<A(4:)-G(5:) trans H/S>                        MATCHES	<A(5:'0'708)-G(8:'0'720) trans H/S>
#  Matched base-stacking interactions: 

>>>>>>>>>>   ALIGNMENT ENDS   >>>>>>>>>>

<<<<<<<<<<  ALIGNMENT BEGINS  <<<<<<<<<<

#  Aligning sarcin-ricin_consensus and 4v9f_0:838-840_833-837_826-830:
#  Alignment score:  15.4
#  P-value:  1.000e+00
#  Query aligned region: 4-4,5-5
#  Target aligned region: 5:'0'843-5:'0'843,12:'0'838-12:'0'838

	A...G
	A...C

#  Matched base-pairing interactions: 
	<A(4:)-G(5:) trans H/S>                        MATCHES	<A(5:'0'843)-C(12:'0'838) trans H/S>
#  Matched base-stacking interactions: 

>>>>>>>>>>   ALIGNMENT ENDS   >>>>>>>>>>

<<<<<<<<<<  ALIGNMENT BEGINS  <<<<<<<<<<

#  Aligning sarcin-ricin_consensus and 4v9f_0:501-507_473-482_494-497:
#  Alignment score:  15
#  P-value:  1.000e+00
#  Query aligned region: 0-0,8-8
#  Target aligned region: 8:'0'482-12:'0'486

	U...C
	G...A

#  Matched base-pairing interactions: 
	<U(0:)-C(8:) trans S/H>                        MATCHES	<G(8:'0'482)-A(12:'0'486) trans S/H>
#  Matched base-stacking interactions: 

>>>>>>>>>>   ALIGNMENT ENDS   >>>>>>>>>>

<<<<<<<<<<  ALIGNMENT BEGINS  <<<<<<<<<<

#  Aligning sarcin-ricin_consensus and 4v9f_0:1761-1767_2008-2011_1877-1878:
#  Alignment score:  14.9
#  P-value:  1.000e+00
#  Query aligned region: 2-3,6-6
#  Target aligned region: 2:'0'1771-2:'0'1771,8:'0'2017-8:'0'2017,11:'0'1885-11:'0'1885

	G~U...A
	U~U...A

#  Matched base-pairing interactions: 
	<U(3:)-A(6:) trans W/H>                        MATCHES	<U(8:'0'2017)-A(11:'0'1885) trans W/H>
	<G(2:)-U(3:) cis S/H>                          MATCHES	<U(2:'0'1771)-U(8:'0'2017) cis H/S>
#  Matched base-stacking interactions: 

>>>>>>>>>>   ALIGNMENT ENDS   >>>>>>>>>>

<<<<<<<<<<  ALIGNMENT BEGINS  <<<<<<<<<<

#  Aligning sarcin-ricin_consensus and 4v9f_0:432-433_434-435_31-33:
#  Alignment score:  14.8
#  P-value:  1.000e+00
#  Query aligned region: 1-4,5-7
#  Target aligned region: 0:'0'440-1:'0'441,2:'0'442-3:'0'443,4:'0'39-6:'0'41

	AG~UA...GAA
	CA~AC...GCG

#  Matched base-pairing interactions: 
	<G(2:)-U(3:) cis S/H>                          MATCHES	<A(1:'0'441)-A(2:'0'442) cis S/H>
	<A(4:)-G(5:) trans H/S>                        MATCHES	<C(3:'0'443)-G(4:'0'39) cis W/W>
	<U(3:)-A(6:) trans W/H>                        MATCHES	<A(2:'0'442)-C(5:'0'40) cis W/W>
	<A(1:)-A(7:) trans H/H>                        MATCHES	<C(0:'0'440)-G(6:'0'41) cis W/W>
#  Matched base-stacking interactions: 

>>>>>>>>>>   ALIGNMENT ENDS   >>>>>>>>>>

<<<<<<<<<<  ALIGNMENT BEGINS  <<<<<<<<<<

#  Aligning sarcin-ricin_consensus and 4v9f_0:49-51_52-54_76-81:
#  Alignment score:  14.3
#  P-value:  1.000e+00
#  Query aligned region: 0-4,5-8
#  Target aligned region: 0:'0'57-2:'0'59,3:'0'60-4:'0'61,7:'0'85-11:'0'89

	UAG~UA...GA-AC
	CCA~AG...CACGG

#  Matched base-pairing interactions: 
	<G(2:)-U(3:) cis S/H>                          MATCHES	<A(2:'0'59)-A(3:'0'60) cis S/H>
	<A(1:)-A(7:) trans H/H>                        MATCHES	<C(1:'0'58)-G(10:'0'88) cis W/W>
	<A(4:)-G(5:) trans H/S>                        MATCHES	<G(4:'0'61)-C(7:'0'85) cis W/W>
	<U(3:)-A(6:) trans W/H>                        MATCHES	<A(3:'0'60)-A(8:'0'86) trans W/W>
	<U(0:)-C(8:) trans S/H>                        MATCHES	<C(0:'0'57)-G(11:'0'89) cis W/W>
#  Matched base-stacking interactions: 

>>>>>>>>>>   ALIGNMENT ENDS   >>>>>>>>>>

<<<<<<<<<<  ALIGNMENT BEGINS  <<<<<<<<<<

#  Aligning sarcin-ricin_consensus and 4v9f_0:1199-1200_1181-1182_1151-1152:
#  Alignment score:  14.2
#  P-value:  1.000e+00
#  Query aligned region: 4-4,5-5
#  Target aligned region: 0:'0'1207-0:'0'1207,5:'0'1160-5:'0'1160

	A...G
	A...G

#  Matched base-pairing interactions: 
	<A(4:)-G(5:) trans H/S>                        MATCHES	<A(0:'0'1207)-G(5:'0'1160) trans H/S>
#  Matched base-stacking interactions: 

>>>>>>>>>>   ALIGNMENT ENDS   >>>>>>>>>>

<<<<<<<<<<  ALIGNMENT BEGINS  <<<<<<<<<<

#  Aligning sarcin-ricin_consensus and 4v9f_0:1637-1638_1570-1574_1605-1610:
#  Alignment score:  14.2
#  P-value:  1.000e+00
#  Query aligned region: 4-4,5-5
#  Target aligned region: 5:'0'1581-5:'0'1581,8:'0'1614-8:'0'1614

	A...G
	A...G

#  Matched base-pairing interactions: 
	<A(4:)-G(5:) trans H/S>                        MATCHES	<A(5:'0'1581)-G(8:'0'1614) trans H/S>
#  Matched base-stacking interactions: 

>>>>>>>>>>   ALIGNMENT ENDS   >>>>>>>>>>

<<<<<<<<<<  ALIGNMENT BEGINS  <<<<<<<<<<

#  Aligning sarcin-ricin_consensus and 4v9f_0:775-776_1449-1452_1475-1477:
#  Alignment score:  14.2
#  P-value:  1.000e+00
#  Query aligned region: 4-4,5-5
#  Target aligned region: 4:'0'1459-4:'0'1459,7:'0'1484-7:'0'1484

	A...G
	A...G

#  Matched base-pairing interactions: 
	<A(4:)-G(5:) trans H/S>                        MATCHES	<A(4:'0'1459)-G(7:'0'1484) trans H/S>
#  Matched base-stacking interactions: 

>>>>>>>>>>   ALIGNMENT ENDS   >>>>>>>>>>

<<<<<<<<<<  ALIGNMENT BEGINS  <<<<<<<<<<

#  Aligning sarcin-ricin_consensus and 4v9f_0:139-140_105-107_35-40:
#  Alignment score:  14.2
#  P-value:  1.000e+00
#  Query aligned region: 4-4,5-5
#  Target aligned region: 2:'0'113-2:'0'113,9:'0'47-9:'0'47

	A...G
	A...G

#  Matched base-pairing interactions: 
	<A(4:)-G(5:) trans H/S>                        MATCHES	<A(2:'0'113)-G(9:'0'47) trans H/S>
#  Matched base-stacking interactions: 

>>>>>>>>>>   ALIGNMENT ENDS   >>>>>>>>>>

<<<<<<<<<<  ALIGNMENT BEGINS  <<<<<<<<<<

#  Aligning sarcin-ricin_consensus and 4v9f_0:2293-2294_2063-2064_1050-1055:
#  Alignment score:  14.2
#  P-value:  1.000e+00
#  Query aligned region: 4-4,5-5
#  Target aligned region: 0:'0'2301-0:'0'2301,9:'0'1063-9:'0'1063

	A...G
	A...G

#  Matched base-pairing interactions: 
	<A(4:)-G(5:) trans H/S>                        MATCHES	<A(0:'0'2301)-G(9:'0'1063) trans H/S>
#  Matched base-stacking interactions: 

>>>>>>>>>>   ALIGNMENT ENDS   >>>>>>>>>>

<<<<<<<<<<  ALIGNMENT BEGINS  <<<<<<<<<<

#  Aligning sarcin-ricin_consensus and 4v9f_0:1404-1408_1687-1689_1671-1678:
#  Alignment score:  14.2
#  P-value:  1.000e+00
#  Query aligned region: 4-4,5-5
#  Target aligned region: 2:'0'1414-2:'0'1414,10:'0'1681-10:'0'1681

	A...G
	A...G

#  Matched base-pairing interactions: 
	<A(4:)-G(5:) trans H/S>                        MATCHES	<A(2:'0'1414)-G(10:'0'1681) trans H/S>
#  Matched base-stacking interactions: 

>>>>>>>>>>   ALIGNMENT ENDS   >>>>>>>>>>

<<<<<<<<<<  ALIGNMENT BEGINS  <<<<<<<<<<

#  Aligning sarcin-ricin_consensus and 4v9f_0:2082-2084_2085-2087_2642-2646:
#  Alignment score:  14.2
#  P-value:  1.000e+00
#  Query aligned region: 0-3,6-8
#  Target aligned region: 0:'0'2090-2:'0'2092,3:'0'2093-3:'0'2093,8:'0'2652-10:'0'2654

	UAG~U...AAC
	GGG~G...UAC

#  Matched base-pairing interactions: 
	<G(2:)-U(3:) cis S/H>                          MATCHES	<G(2:'0'2092)-G(3:'0'2093) cis S/H>
	<A(1:)-A(7:) trans H/H>                        MATCHES	<G(1:'0'2091)-A(9:'0'2653) cis W/W>
	<U(3:)-A(6:) trans W/H>                        MATCHES	<G(3:'0'2093)-U(8:'0'2652) cis W/W>
	<U(0:)-C(8:) trans S/H>                        MATCHES	<G(0:'0'2090)-C(10:'0'2654) cis W/W>
#  Matched base-stacking interactions: 

>>>>>>>>>>   ALIGNMENT ENDS   >>>>>>>>>>

<<<<<<<<<<  ALIGNMENT BEGINS  <<<<<<<<<<

#  Aligning sarcin-ricin_consensus and 4v9f_0:1467-1468_1858-1859_1854-1857:
#  Alignment score:  14.2
#  P-value:  1.000e+00
#  Query aligned region: 4-4,5-5
#  Target aligned region: 2:'0'1866-2:'0'1866,5:'0'1863-5:'0'1863

	A...G
	A...G

#  Matched base-pairing interactions: 
	<A(4:)-G(5:) trans H/S>                        MATCHES	<A(2:'0'1866)-G(5:'0'1863) trans H/S>
#  Matched base-stacking interactions: 

>>>>>>>>>>   ALIGNMENT ENDS   >>>>>>>>>>

<<<<<<<<<<  ALIGNMENT BEGINS  <<<<<<<<<<

#  Aligning sarcin-ricin_consensus and 4v9f_0:1543-1547_1624-1626_1620-1623:
#  Alignment score:  14.2
#  P-value:  1.000e+00
#  Query aligned region: 4-4,5-5
#  Target aligned region: 5:'0'1632-5:'0'1632,9:'0'1629-9:'0'1629

	A...G
	A...G

#  Matched base-pairing interactions: 
	<A(4:)-G(5:) trans H/S>                        MATCHES	<A(5:'0'1632)-G(9:'0'1629) trans H/S>
#  Matched base-stacking interactions: 

>>>>>>>>>>   ALIGNMENT ENDS   >>>>>>>>>>

<<<<<<<<<<  ALIGNMENT BEGINS  <<<<<<<<<<

#  Aligning sarcin-ricin_consensus and 4v9f_0:2282-2284_911-916_2271-2272:
#  Alignment score:  13.8
#  P-value:  1.000e+00
#  Query aligned region: 4-4,5-5
#  Target aligned region: 6:'0'922-6:'0'922,10:'0'2280-10:'0'2280

	A...G
	A...A

#  Matched base-pairing interactions: 
	<A(4:)-G(5:) trans H/S>                        MATCHES	<A(6:'0'922)-A(10:'0'2280) trans H/S>
#  Matched base-stacking interactions: 

>>>>>>>>>>   ALIGNMENT ENDS   >>>>>>>>>>

<<<<<<<<<<  ALIGNMENT BEGINS  <<<<<<<<<<

#  Aligning sarcin-ricin_consensus and 4v9f_0:1804-1806_1807-1810_1776-1777:
#  Alignment score:  12.2
#  P-value:  1.000e+00
#  Query aligned region: 1-3,6-7
#  Target aligned region: 1:'0'1813-2:'0'1814,3:'0'1815-5:'0'1817

	AG~U...AA
	UG~A...CU

#  Matched base-pairing interactions: 
	<G(2:)-U(3:) cis S/H>                          MATCHES	<G(2:'0'1814)-A(3:'0'1815) cis S/H>
	<A(1:)-A(7:) trans H/H>                        MATCHES	<U(1:'0'1813)-U(5:'0'1817) cis W/W>
	<U(3:)-A(6:) trans W/H>                        MATCHES	<A(3:'0'1815)-C(4:'0'1816) cis -/->
#  Matched base-stacking interactions: 

>>>>>>>>>>   ALIGNMENT ENDS   >>>>>>>>>>

<<<<<<<<<<  ALIGNMENT BEGINS  <<<<<<<<<<

#  Aligning sarcin-ricin_consensus and 4v9f_0:1666-1668_1482-1483_1440-1447:
#  Alignment score:  11.8
#  P-value:  1.000e+00
#  Query aligned region: 0-0,8-8
#  Target aligned region: 4:'0'1491-4:'0'1491,11:'0'1454-11:'0'1454

	U...C
	G...U

#  Matched base-pairing interactions: 
	<U(0:)-C(8:) trans S/H>                        MATCHES	<G(4:'0'1491)-U(11:'0'1454) trans S/H>
#  Matched base-stacking interactions: 

>>>>>>>>>>   ALIGNMENT ENDS   >>>>>>>>>>

<<<<<<<<<<  ALIGNMENT BEGINS  <<<<<<<<<<

#  Aligning sarcin-ricin_consensus and 4v9f_0:384-388_2434-2435:
#  Alignment score:  11.8
#  P-value:  1.000e+00
#  Query aligned region: 2-4,5-6
#  Target aligned region: 2:'0'394-4:'0'396,5:'0'2442-6:'0'2443

	GUA...GA
	GAU...GC

#  Matched base-pairing interactions: 
	<G(2:)-U(3:) cis S/H>                          MATCHES	<G(2:'0'394)-A(3:'0'395) cis S/H>
	<A(4:)-G(5:) trans H/S>                        MATCHES	<U(4:'0'396)-G(5:'0'2442) trans W/S>
	<U(3:)-A(6:) trans W/H>                        MATCHES	<A(3:'0'395)-C(6:'0'2443) trans W/W>
#  Matched base-stacking interactions: 

>>>>>>>>>>   ALIGNMENT ENDS   >>>>>>>>>>

<<<<<<<<<<  ALIGNMENT BEGINS  <<<<<<<<<<

#  Aligning sarcin-ricin_consensus and 4v9f_0:2770-2786:
#  Alignment score:  11.8
#  P-value:  1.000e+00
#  Query aligned region: 0-0,8-8
#  Target aligned region: 4:'0'2782-14:'0'2792

	U...C
	G...A

#  Matched base-pairing interactions: 
	<U(0:)-C(8:) trans S/H>                        MATCHES	<G(4:'0'2782)-A(14:'0'2792) trans S/H>
#  Matched base-stacking interactions: 

>>>>>>>>>>   ALIGNMENT ENDS   >>>>>>>>>>

<<<<<<<<<<  ALIGNMENT BEGINS  <<<<<<<<<<

#  Aligning sarcin-ricin_consensus and 4v9f_0:893-895_1347-1352_634-637:
#  Alignment score:  11.8
#  P-value:  1.000e+00
#  Query aligned region: 0-1,7-8
#  Target aligned region: 2:'0'903-2:'0'903,3:'0'1355-3:'0'1355,10:'0'643-11:'0'644

	U~A...AC
	U~A...AG

#  Matched base-pairing interactions: 
	<A(1:)-A(7:) trans H/H>                        MATCHES	<A(3:'0'1355)-A(10:'0'643) trans H/H>
	<U(0:)-C(8:) trans S/H>                        MATCHES	<U(2:'0'903)-G(11:'0'644) cis S/W>
#  Matched base-stacking interactions: 

>>>>>>>>>>   ALIGNMENT ENDS   >>>>>>>>>>

<<<<<<<<<<  ALIGNMENT BEGINS  <<<<<<<<<<

#  Aligning sarcin-ricin_consensus and 4v9f_0:929-930_694-699_712-718:
#  Alignment score:  11
#  P-value:  1.000e+00
#  Query aligned region: 0-0,8-8
#  Target aligned region: 6:'0'706-6:'0'706,10:'0'722-10:'0'722

	U...C
	G...G

#  Matched base-pairing interactions: 
	<U(0:)-C(8:) trans S/H>                        MATCHES	<G(6:'0'706)-G(10:'0'722) trans S/H>
#  Matched base-stacking interactions: 

>>>>>>>>>>   ALIGNMENT ENDS   >>>>>>>>>>

<<<<<<<<<<  ALIGNMENT BEGINS  <<<<<<<<<<

#  Aligning sarcin-ricin_consensus and 4v9f_0:1744-1752_1811-1812_1769-1771:
#  Alignment score:  10.8
#  P-value:  1.000e+00
#  Query aligned region: 2-3,6-6
#  Target aligned region: 7:'0'1759-8:'0'1760,11:'0'1777-11:'0'1777

	GU...A
	AG...G

#  Matched base-pairing interactions: 
	<G(2:)-U(3:) cis S/H>                          MATCHES	<A(7:'0'1759)-G(8:'0'1760) cis S/H>
	<U(3:)-A(6:) trans W/H>                        MATCHES	<G(8:'0'1760)-G(11:'0'1777) cis -/->
#  Matched base-stacking interactions: 

>>>>>>>>>>   ALIGNMENT ENDS   >>>>>>>>>>

<<<<<<<<<<  ALIGNMENT BEGINS  <<<<<<<<<<

#  Aligning sarcin-ricin_consensus and 4v9f_0:2716-2717_1731-1739_2024-2032:
#  Alignment score:  9.4
#  P-value:  1.000e+00
#  Query aligned region: 0-0,8-8
#  Target aligned region: 8:'0'1745-8:'0'1745,13:'0'2034-13:'0'2034

	U...C
	G...U

#  Matched base-pairing interactions: 
	<U(0:)-C(8:) trans S/H>                        MATCHES	<G(8:'0'1745)-U(13:'0'2034) trans S/H>
#  Matched base-stacking interactions: 

>>>>>>>>>>   ALIGNMENT ENDS   >>>>>>>>>>

<<<<<<<<<<  ALIGNMENT BEGINS  <<<<<<<<<<

#  Aligning sarcin-ricin_consensus and 4v9f_0:1421-1423_1424-1429_1386-1387:
#  Alignment score:  9.4
#  P-value:  1.000e+00
#  Query aligned region: 2-3,6-6
#  Target aligned region: 2:'0'1431-2:'0'1431,3:'0'1432-3:'0'1432,9:'0'1394-9:'0'1394

	G~U...A
	C~U...C

#  Matched base-pairing interactions: 
	<G(2:)-U(3:) cis S/H>                          MATCHES	<C(2:'0'1431)-U(3:'0'1432) cis S/H>
	<U(3:)-A(6:) trans W/H>                        MATCHES	<U(3:'0'1432)-C(9:'0'1394) trans W/W>
#  Matched base-stacking interactions: 

>>>>>>>>>>   ALIGNMENT ENDS   >>>>>>>>>>

<<<<<<<<<<  ALIGNMENT BEGINS  <<<<<<<<<<

#  Aligning sarcin-ricin_consensus and 4v9f_0:2097-2100_911-916_2470-2473:
#  Alignment score:  8.2
#  P-value:  1.000e+00
#  Query aligned region: 2-3,6-6
#  Target aligned region: 2:'0'2107-2:'0'2107,8:'0'923-8:'0'923,12:'0'2480-12:'0'2480

	G~U...A
	U~A...G

#  Matched base-pairing interactions: 
	<G(2:)-U(3:) cis S/H>                          MATCHES	<U(2:'0'2107)-A(8:'0'923) cis S/H>
	<U(3:)-A(6:) trans W/H>                        MATCHES	<A(8:'0'923)-G(12:'0'2480) trans W/S>
#  Matched base-stacking interactions: 

>>>>>>>>>>   ALIGNMENT ENDS   >>>>>>>>>>

<<<<<<<<<<  ALIGNMENT BEGINS  <<<<<<<<<<

#  Aligning sarcin-ricin_consensus and 4v9f_0:1861-1870_1845-1852:
#  Alignment score:  8.2
#  P-value:  1.000e+00
#  Query aligned region: 1-1,7-7
#  Target aligned region: 6:'0'1875-6:'0'1875,13:'0'1856-13:'0'1856

	A...A
	A...C

#  Matched base-pairing interactions: 
	<A(1:)-A(7:) trans H/H>                        MATCHES	<A(6:'0'1875)-C(13:'0'1856) trans H/H>
#  Matched base-stacking interactions: 

>>>>>>>>>>   ALIGNMENT ENDS   >>>>>>>>>>

<<<<<<<<<<  ALIGNMENT BEGINS  <<<<<<<<<<

#  Aligning sarcin-ricin_consensus and 4v9f_0:2231-2235_2124-2128_2250-2253:
#  Alignment score:  8
#  P-value:  1.000e+00
#  Query aligned region: 0-1,7-8
#  Target aligned region: 5:'0'2132-6:'0'2133,12:'0'2260-13:'0'2261

	UA...AC
	CU...AC

#  Matched base-pairing interactions: 
	<A(1:)-A(7:) trans H/H>                        MATCHES	<U(6:'0'2133)-A(12:'0'2260) trans H/H>
	<U(0:)-C(8:) trans S/H>                        MATCHES	<C(5:'0'2132)-C(13:'0'2261) cis W/W>
#  Matched base-stacking interactions: 

>>>>>>>>>>   ALIGNMENT ENDS   >>>>>>>>>>

<<<<<<<<<<  ALIGNMENT BEGINS  <<<<<<<<<<

#  Aligning sarcin-ricin_consensus and 4v9f_0:2361-2366_2347-2349_2319-2323:
#  Alignment score:  7
#  P-value:  1.000e+00
#  Query aligned region: 2-3,6-6
#  Target aligned region: 1:'0'2370-2:'0'2371,8:'0'2357-8:'0'2357

	GU...A
	AG...G

#  Matched base-pairing interactions: 
	<G(2:)-U(3:) cis S/H>                          MATCHES	<A(1:'0'2370)-G(2:'0'2371) cis S/H>
	<U(3:)-A(6:) trans W/H>                        MATCHES	<G(2:'0'2371)-G(8:'0'2357) cis S/S>
#  Matched base-stacking interactions: 

>>>>>>>>>>   ALIGNMENT ENDS   >>>>>>>>>>

<<<<<<<<<<  ALIGNMENT BEGINS  <<<<<<<<<<

#  Aligning sarcin-ricin_consensus and 4v9f_0:431-432_142-146_174-179:
#  Alignment score:  7
#  P-value:  1.000e+00
#  Query aligned region: 0-0,8-8
#  Target aligned region: 2:'0'150-2:'0'150,10:'0'185-10:'0'185

	U...C
	G...G

#  Matched base-pairing interactions: 
	<U(0:)-C(8:) trans S/H>                        MATCHES	<G(2:'0'150)-G(10:'0'185) trans S/H>
#  Matched base-stacking interactions: 

>>>>>>>>>>   ALIGNMENT ENDS   >>>>>>>>>>

<<<<<<<<<<  ALIGNMENT BEGINS  <<<<<<<<<<

#  Aligning sarcin-ricin_consensus and 4v9f_0:2289-2290_996-1003_948-957:
#  Alignment score:  5
#  P-value:  1.000e+00
#  Query aligned region: 2-4,5-6
#  Target aligned region: 5:'0'1007-7:'0'1009,11:'0'957-12:'0'958

	GUA...GA
	ACU...AG

#  Matched base-pairing interactions: 
	<G(2:)-U(3:) cis S/H>                          MATCHES	<A(5:'0'1007)-C(6:'0'1008) cis S/H>
	<A(4:)-G(5:) trans H/S>                        MATCHES	<U(7:'0'1009)-A(11:'0'957) cis W/W>
	<U(3:)-A(6:) trans W/H>                        MATCHES	<C(6:'0'1008)-G(12:'0'958) cis W/W>
#  Matched base-stacking interactions: 

>>>>>>>>>>   ALIGNMENT ENDS   >>>>>>>>>>

<<<<<<<<<<  ALIGNMENT BEGINS  <<<<<<<<<<

#  Aligning sarcin-ricin_consensus and 4v9f_0:186-187_418-422_400-405:
#  Alignment score:  4.6
#  P-value:  1.000e+00
#  Query aligned region: 2-3,6-6
#  Target aligned region: 4:'0'428-5:'0'429,7:'0'408-7:'0'408

	GU...A
	GA...A

#  Matched base-pairing interactions: 
	<G(2:)-U(3:) cis S/H>                          MATCHES	<G(4:'0'428)-A(5:'0'429) cis S/H>
	<U(3:)-A(6:) trans W/H>                        MATCHES	<A(5:'0'429)-A(7:'0'408) cis W/W>
#  Matched base-stacking interactions: 

>>>>>>>>>>   ALIGNMENT ENDS   >>>>>>>>>>

<<<<<<<<<<  ALIGNMENT BEGINS  <<<<<<<<<<

#  Aligning sarcin-ricin_consensus and 4v9f_0:1107-1113_1234-1240:
#  Alignment score:  4.4
#  P-value:  1.000e+00
#  Query aligned region: 0-3,7-8
#  Target aligned region: 2:'0'1117-5:'0'1120,9:'0'1244-10:'0'1245

	UAGU...AC
	AAGU...UC

#  Matched base-pairing interactions: 
	<G(2:)-U(3:) cis S/H>                          MATCHES	<G(4:'0'1119)-U(5:'0'1120) cis S/H>
	<A(1:)-A(7:) trans H/H>                        MATCHES	<A(3:'0'1118)-U(9:'0'1244) trans W/W>
	<U(0:)-C(8:) trans S/H>                        MATCHES	<A(2:'0'1117)-C(10:'0'1245) cis -/->
#  Matched base-stacking interactions: 
	<A(1:)-U(3:) outward>                          MATCHES	<A(3:'0'1118)-U(5:'0'1120) outward>

>>>>>>>>>>   ALIGNMENT ENDS   >>>>>>>>>>

<<<<<<<<<<  ALIGNMENT BEGINS  <<<<<<<<<<

#  Aligning sarcin-ricin_consensus and 4v9f_0:2707-2714_2753-2758:
#  Alignment score:  4.2
#  P-value:  1.000e+00
#  Query aligned region: 0-0,8-8
#  Target aligned region: 7:'0'2722-7:'0'2722,9:'0'2762-9:'0'2762

	U...C
	G...C

#  Matched base-pairing interactions: 
	<U(0:)-C(8:) trans S/H>                        MATCHES	<G(7:'0'2722)-C(9:'0'2762) cis -/->
#  Matched base-stacking interactions: 

>>>>>>>>>>   ALIGNMENT ENDS   >>>>>>>>>>

<<<<<<<<<<  ALIGNMENT BEGINS  <<<<<<<<<<

#  Aligning sarcin-ricin_consensus and 4v9f_0:1487-1492_1494-1499_1439-1440:
#  Alignment score:  4.2
#  P-value:  1.000e+00
#  Query aligned region: 0-0,8-8
#  Target aligned region: 5:'0'1500-5:'0'1500,6:'0'1502-6:'0'1502

	U...C
	U...A

#  Matched base-pairing interactions: 
	<U(0:)-C(8:) trans S/H>                        MATCHES	<U(5:'0'1500)-A(6:'0'1502) cis -/->
#  Matched base-stacking interactions: 

>>>>>>>>>>   ALIGNMENT ENDS   >>>>>>>>>>

<<<<<<<<<<  ALIGNMENT BEGINS  <<<<<<<<<<

#  Aligning sarcin-ricin_consensus and 4v9f_0:948-957_996-1003_2289-2290:
#  Alignment score:  4.2
#  P-value:  1.000e+00
#  Query aligned region: 0-0,8-8
#  Target aligned region: 12:'0'1006-12:'0'1006,19:'0'2298-19:'0'2298

	U...C
	A...C

#  Matched base-pairing interactions: 
	<U(0:)-C(8:) trans S/H>                        MATCHES	<A(12:'0'1006)-C(19:'0'2298) cis -/->
#  Matched base-stacking interactions: 

>>>>>>>>>>   ALIGNMENT ENDS   >>>>>>>>>>

<<<<<<<<<<  ALIGNMENT BEGINS  <<<<<<<<<<

#  Aligning sarcin-ricin_consensus and 4v9f_0:400-405_418-422_186-187:
#  Alignment score:  4.2
#  P-value:  1.000e+00
#  Query aligned region: 0-0,8-8
#  Target aligned region: 6:'0'426-6:'0'426,12:'0'195-12:'0'195

	U...C
	G...C

#  Matched base-pairing interactions: 
	<U(0:)-C(8:) trans S/H>                        MATCHES	<G(6:'0'426)-C(12:'0'195) trans S/H>
#  Matched base-stacking interactions: 

>>>>>>>>>>   ALIGNMENT ENDS   >>>>>>>>>>

<<<<<<<<<<  ALIGNMENT BEGINS  <<<<<<<<<<

#  Aligning sarcin-ricin_consensus and 4v9f_0:1733-1734_2023-2026_1737-1744:
#  Alignment score:  4.2
#  P-value:  1.000e+00
#  Query aligned region: 0-0,8-8
#  Target aligned region: 10:'0'1749-12:'0'1751

	U...C
	U...G

#  Matched base-pairing interactions: 
	<U(0:)-C(8:) trans S/H>                        MATCHES	<U(10:'0'1749)-G(12:'0'1751) cis -/->
#  Matched base-stacking interactions: 

>>>>>>>>>>   ALIGNMENT ENDS   >>>>>>>>>>

<<<<<<<<<<  ALIGNMENT BEGINS  <<<<<<<<<<

#  Aligning sarcin-ricin_consensus and 4v9f_0:2480-2483_2061-2066_620-622:
#  Alignment score:  3.8
#  P-value:  1.000e+00
#  Query aligned region: 0-0,8-8
#  Target aligned region: 0:'0'2488-0:'0'2488,8:'0'2073-8:'0'2073

	U...C
	A...G

#  Matched base-pairing interactions: 
	<U(0:)-C(8:) trans S/H>                        MATCHES	<A(0:'0'2488)-G(8:'0'2073) trans S/H>
#  Matched base-stacking interactions: 

>>>>>>>>>>   ALIGNMENT ENDS   >>>>>>>>>>

<<<<<<<<<<  ALIGNMENT BEGINS  <<<<<<<<<<

#  Aligning sarcin-ricin_consensus and 4v9f_0:425-428_226-229_182-183:
#  Alignment score:  3.8
#  P-value:  1.000e+00
#  Query aligned region: 0-0,8-8
#  Target aligned region: 3:'0'436-3:'0'436,4:'0'234-4:'0'234

	U...C
	A...A

#  Matched base-pairing interactions: 
	<U(0:)-C(8:) trans S/H>                        MATCHES	<A(3:'0'436)-A(4:'0'234) cis -/->
#  Matched base-stacking interactions: 

>>>>>>>>>>   ALIGNMENT ENDS   >>>>>>>>>>

<<<<<<<<<<  ALIGNMENT BEGINS  <<<<<<<<<<

#  Aligning sarcin-ricin_consensus and 4v9f_0:2061-2069_620-622:
#  Alignment score:  3.8
#  P-value:  1.000e+00
#  Query aligned region: 0-0,8-8
#  Target aligned region: 7:'0'2076-8:'0'2077

	U...C
	U...C

#  Matched base-pairing interactions: 
	<U(0:)-C(8:) trans S/H>                        MATCHES	<U(7:'0'2076)-C(8:'0'2077) cis -/->
#  Matched base-stacking interactions: 

>>>>>>>>>>   ALIGNMENT ENDS   >>>>>>>>>>

<<<<<<<<<<  ALIGNMENT BEGINS  <<<<<<<<<<

#  Aligning sarcin-ricin_consensus and 4v9f_0:22-26_1341-1346_440-447:
#  Alignment score:  3.8
#  P-value:  1.000e+00
#  Query aligned region: 0-0,8-8
#  Target aligned region: 9:'0'1353-10:'0'1354

	U...C
	C...G

#  Matched base-pairing interactions: 
	<U(0:)-C(8:) trans S/H>                        MATCHES	<C(9:'0'1353)-G(10:'0'1354) cis S/H>
#  Matched base-stacking interactions: 

>>>>>>>>>>   ALIGNMENT ENDS   >>>>>>>>>>

<<<<<<<<<<  ALIGNMENT BEGINS  <<<<<<<<<<

#  Aligning sarcin-ricin_consensus and 4v9f_0:431-432_174-179_142-146:
#  Alignment score:  3.8
#  P-value:  1.000e+00
#  Query aligned region: 
#  Target aligned region: 

	
	

#  Matched base-pairing interactions: 
#  Matched base-stacking interactions: 

>>>>>>>>>>   ALIGNMENT ENDS   >>>>>>>>>>

<<<<<<<<<<  ALIGNMENT BEGINS  <<<<<<<<<<

#  Aligning sarcin-ricin_consensus and 4v9f_0:174-179_431-432_142-146:
#  Alignment score:  3.8
#  P-value:  1.000e+00
#  Query aligned region: 
#  Target aligned region: 

	
	

#  Matched base-pairing interactions: 
#  Matched base-stacking interactions: 

>>>>>>>>>>   ALIGNMENT ENDS   >>>>>>>>>>

<<<<<<<<<<  ALIGNMENT BEGINS  <<<<<<<<<<

#  Aligning sarcin-ricin_consensus and 4v9f_0:174-179_142-146_431-432:
#  Alignment score:  3.8
#  P-value:  1.000e+00
#  Query aligned region: 
#  Target aligned region: 

	
	

#  Matched base-pairing interactions: 
#  Matched base-stacking interactions: 

>>>>>>>>>>   ALIGNMENT ENDS   >>>>>>>>>>

<<<<<<<<<<  ALIGNMENT BEGINS  <<<<<<<<<<

#  Aligning sarcin-ricin_consensus and 4v9f_0:2469-2472_884-892_756-761:
#  Alignment score:  3.6
#  P-value:  1.000e+00
#  Query aligned region: 0-0,8-8
#  Target aligned region: 12:'0'900-12:'0'900,13:'0'764-13:'0'764

	U...C
	U...C

#  Matched base-pairing interactions: 
	<U(0:)-C(8:) trans S/H>                        MATCHES	<U(12:'0'900)-C(13:'0'764) cis W/W>
#  Matched base-stacking interactions: 

>>>>>>>>>>   ALIGNMENT ENDS   >>>>>>>>>>

<<<<<<<<<<  ALIGNMENT BEGINS  <<<<<<<<<<

#  Aligning sarcin-ricin_consensus and 4v9f_0:2469-2472_756-761_884-892:
#  Alignment score:  3.5
#  P-value:  1.000e+00
#  Query aligned region: 
#  Target aligned region: 

	
	

#  Matched base-pairing interactions: 
#  Matched base-stacking interactions: 

>>>>>>>>>>   ALIGNMENT ENDS   >>>>>>>>>>

<<<<<<<<<<  ALIGNMENT BEGINS  <<<<<<<<<<

#  Aligning sarcin-ricin_consensus and 4v9f_0:1882-1889_1960-1961_1931-1938:
#  Alignment score:  3.5
#  P-value:  1.000e+00
#  Query aligned region: 
#  Target aligned region: 

	
	

#  Matched base-pairing interactions: 
#  Matched base-stacking interactions: 

>>>>>>>>>>   ALIGNMENT ENDS   >>>>>>>>>>

<<<<<<<<<<  ALIGNMENT BEGINS  <<<<<<<<<<

#  Aligning sarcin-ricin_consensus and 4v9f_0:2469-2472_755-760_885-893:
#  Alignment score:  3.5
#  P-value:  1.000e+00
#  Query aligned region: 
#  Target aligned region: 

	
	

#  Matched base-pairing interactions: 
#  Matched base-stacking interactions: 

>>>>>>>>>>   ALIGNMENT ENDS   >>>>>>>>>>

<<<<<<<<<<  ALIGNMENT BEGINS  <<<<<<<<<<

#  Aligning sarcin-ricin_consensus and 4v9f_0:1769-1771_1744-1752_1811-1812:
#  Alignment score:  3.4
#  P-value:  1.000e+00
#  Query aligned region: 0-0,8-8
#  Target aligned region: 9:'0'1758-9:'0'1758,12:'0'1819-12:'0'1819

	U...C
	U...G

#  Matched base-pairing interactions: 
	<U(0:)-C(8:) trans S/H>                        MATCHES	<U(9:'0'1758)-G(12:'0'1819) trans S/H>
#  Matched base-stacking interactions: 

>>>>>>>>>>   ALIGNMENT ENDS   >>>>>>>>>>

<<<<<<<<<<  ALIGNMENT BEGINS  <<<<<<<<<<

#  Aligning sarcin-ricin_consensus and 4v9f_0:1437-1444_1408-1411_1668-1671:
#  Alignment score:  3.4
#  P-value:  1.000e+00
#  Query aligned region: 
#  Target aligned region: 

	
	

#  Matched base-pairing interactions: 
#  Matched base-stacking interactions: 

>>>>>>>>>>   ALIGNMENT ENDS   >>>>>>>>>>

<<<<<<<<<<  ALIGNMENT BEGINS  <<<<<<<<<<

#  Aligning sarcin-ricin_consensus and 4v9f_0:1485-1487_1491-1498_1436-1443:
#  Alignment score:  3.4
#  P-value:  1.000e+00
#  Query aligned region: 0-0,8-8
#  Target aligned region: 17:'0'1450-18:'0'1451

	U...C
	C...C

#  Matched base-pairing interactions: 
	<U(0:)-C(8:) trans S/H>                        MATCHES	<C(17:'0'1450)-C(18:'0'1451) cis -/->
#  Matched base-stacking interactions: 

>>>>>>>>>>   ALIGNMENT ENDS   >>>>>>>>>>

<<<<<<<<<<  ALIGNMENT BEGINS  <<<<<<<<<<

#  Aligning sarcin-ricin_consensus and 4v9f_0:1818-1821_2010-2015:
#  Alignment score:  3.2
#  P-value:  1.000e+00
#  Query aligned region: 
#  Target aligned region: 

	
	

#  Matched base-pairing interactions: 
#  Matched base-stacking interactions: 

>>>>>>>>>>   ALIGNMENT ENDS   >>>>>>>>>>

<<<<<<<<<<  ALIGNMENT BEGINS  <<<<<<<<<<

#  Aligning sarcin-ricin_consensus and 4v9f_0:1496-1506_1484-1491_1440-1441:
#  Alignment score:  3.2
#  P-value:  1.000e+00
#  Query aligned region: 0-0,8-8
#  Target aligned region: 7:'0'1511-7:'0'1511,13:'0'1494-13:'0'1494

	U...C
	U...A

#  Matched base-pairing interactions: 
	<U(0:)-C(8:) trans S/H>                        MATCHES	<U(7:'0'1511)-A(13:'0'1494) cis W/W>
#  Matched base-stacking interactions: 

>>>>>>>>>>   ALIGNMENT ENDS   >>>>>>>>>>

<<<<<<<<<<  ALIGNMENT BEGINS  <<<<<<<<<<

#  Aligning sarcin-ricin_consensus and 4v9f_0:1484-1491_1496-1506_1440-1441:
#  Alignment score:  3.2
#  P-value:  1.000e+00
#  Query aligned region: 0-0,8-8
#  Target aligned region: 7:'0'1499-7:'0'1499,8:'0'1504-8:'0'1504

	U...C
	U...A

#  Matched base-pairing interactions: 
	<U(0:)-C(8:) trans S/H>                        MATCHES	<U(7:'0'1499)-A(8:'0'1504) trans W/H>
#  Matched base-stacking interactions: 

>>>>>>>>>>   ALIGNMENT ENDS   >>>>>>>>>>

<<<<<<<<<<  ALIGNMENT BEGINS  <<<<<<<<<<

#  Aligning sarcin-ricin_consensus and 4v9f_0:2572-2575_2587-2590_2592-2594:
#  Alignment score:  3.2
#  P-value:  1.000e+00
#  Query aligned region: 0-0,8-8
#  Target aligned region: 1:'0'2581-1:'0'2581,10:'0'2602-10:'0'2602

	U...C
	U...G

#  Matched base-pairing interactions: 
	<U(0:)-C(8:) trans S/H>                        MATCHES	<U(1:'0'2581)-G(10:'0'2602) cis W/H>
#  Matched base-stacking interactions: 

>>>>>>>>>>   ALIGNMENT ENDS   >>>>>>>>>>

<<<<<<<<<<  ALIGNMENT BEGINS  <<<<<<<<<<

#  Aligning sarcin-ricin_consensus and 4v9f_0:2587-2590_2572-2575_2592-2594:
#  Alignment score:  3.2
#  P-value:  1.000e+00
#  Query aligned region: 0-0,8-8
#  Target aligned region: 0:'0'2595-0:'0'2595,7:'0'2583-7:'0'2583

	U...C
	U...A

#  Matched base-pairing interactions: 
	<U(0:)-C(8:) trans S/H>                        MATCHES	<U(0:'0'2595)-A(7:'0'2583) cis W/W>
#  Matched base-stacking interactions: 

>>>>>>>>>>   ALIGNMENT ENDS   >>>>>>>>>>

<<<<<<<<<<  ALIGNMENT BEGINS  <<<<<<<<<<

#  Aligning sarcin-ricin_consensus and 4v9f_0:2716-2717_2024-2032_1731-1739:
#  Alignment score:  3.2
#  P-value:  1.000e+00
#  Query aligned region: 0-0,8-8
#  Target aligned region: 2:'0'2032-2:'0'2032,18:'0'1746-18:'0'1746

	U...C
	U...A

#  Matched base-pairing interactions: 
	<U(0:)-C(8:) trans S/H>                        MATCHES	<U(2:'0'2032)-A(18:'0'1746) trans W/H>
#  Matched base-stacking interactions: 

>>>>>>>>>>   ALIGNMENT ENDS   >>>>>>>>>>

<<<<<<<<<<  ALIGNMENT BEGINS  <<<<<<<<<<

#  Aligning sarcin-ricin_consensus and 4v9f_0:1408-1411_1668-1671_1437-1444:
#  Alignment score:  3.2
#  P-value:  1.000e+00
#  Query aligned region: 0-0,8-8
#  Target aligned region: 3:'0'1419-3:'0'1419,6:'0'1678-6:'0'1678

	U...C
	U...A

#  Matched base-pairing interactions: 
	<U(0:)-C(8:) trans S/H>                        MATCHES	<U(3:'0'1419)-A(6:'0'1678) cis W/W>
#  Matched base-stacking interactions: 

>>>>>>>>>>   ALIGNMENT ENDS   >>>>>>>>>>

<<<<<<<<<<  ALIGNMENT BEGINS  <<<<<<<<<<

#  Aligning sarcin-ricin_consensus and 4v9f_0:1693-1695_1396-1401_1707-1710:
#  Alignment score:  3.2
#  P-value:  1.000e+00
#  Query aligned region: 0-0,8-8
#  Target aligned region: 2:'0'1703-2:'0'1703,9:'0'1715-9:'0'1715

	U...C
	G...C

#  Matched base-pairing interactions: 
	<U(0:)-C(8:) trans S/H>                        MATCHES	<G(2:'0'1703)-C(9:'0'1715) cis W/W>
#  Matched base-stacking interactions: 

>>>>>>>>>>   ALIGNMENT ENDS   >>>>>>>>>>

<<<<<<<<<<  ALIGNMENT BEGINS  <<<<<<<<<<

#  Aligning sarcin-ricin_consensus and 4v9f_0:1396-1401_1707-1710_1693-1695:
#  Alignment score:  3.2
#  P-value:  1.000e+00
#  Query aligned region: 0-0,8-8
#  Target aligned region: 1:'0'1405-1:'0'1405,7:'0'1716-7:'0'1716

	U...C
	U...A

#  Matched base-pairing interactions: 
	<U(0:)-C(8:) trans S/H>                        MATCHES	<U(1:'0'1405)-A(7:'0'1716) trans W/H>
#  Matched base-stacking interactions: 

>>>>>>>>>>   ALIGNMENT ENDS   >>>>>>>>>>

<<<<<<<<<<  ALIGNMENT BEGINS  <<<<<<<<<<

#  Aligning sarcin-ricin_consensus and 4v9f_0:1384-1388_1423-1428_1379-1381:
#  Alignment score:  3.2
#  P-value:  1.000e+00
#  Query aligned region: 0-0,8-8
#  Target aligned region: 9:'0'1435-9:'0'1435,13:'0'1389-13:'0'1389

	U...C
	U...G

#  Matched base-pairing interactions: 
	<U(0:)-C(8:) trans S/H>                        MATCHES	<U(9:'0'1435)-G(13:'0'1389) cis W/S>
#  Matched base-stacking interactions: 

>>>>>>>>>>   ALIGNMENT ENDS   >>>>>>>>>>

<<<<<<<<<<  ALIGNMENT BEGINS  <<<<<<<<<<

#  Aligning sarcin-ricin_consensus and 4v9f_0:1379-1381_1384-1388_1423-1428:
#  Alignment score:  3.2
#  P-value:  1.000e+00
#  Query aligned region: 0-0,8-8
#  Target aligned region: 1:'0'1388-1:'0'1388,3:'0'1392-3:'0'1392

	U...C
	U...A

#  Matched base-pairing interactions: 
	<U(0:)-C(8:) trans S/H>                        MATCHES	<U(1:'0'1388)-A(3:'0'1392) trans W/H>
#  Matched base-stacking interactions: 

>>>>>>>>>>   ALIGNMENT ENDS   >>>>>>>>>>

<<<<<<<<<<  ALIGNMENT BEGINS  <<<<<<<<<<

#  Aligning sarcin-ricin_consensus and 4v9f_0:756-761_2469-2472_884-892:
#  Alignment score:  3.2
#  P-value:  1.000e+00
#  Query aligned region: 
#  Target aligned region: 

	
	

#  Matched base-pairing interactions: 
#  Matched base-stacking interactions: 

>>>>>>>>>>   ALIGNMENT ENDS   >>>>>>>>>>

<<<<<<<<<<  ALIGNMENT BEGINS  <<<<<<<<<<

#  Aligning sarcin-ricin_consensus and 4v9f_0:471-472_20-24_443-448:
#  Alignment score:  3.2
#  P-value:  1.000e+00
#  Query aligned region: 0-0,8-8
#  Target aligned region: 0:'0'479-0:'0'479,3:'0'29-3:'0'29

	U...C
	G...C

#  Matched base-pairing interactions: 
	<U(0:)-C(8:) trans S/H>                        MATCHES	<G(0:'0'479)-C(3:'0'29) cis W/W>
#  Matched base-stacking interactions: 

>>>>>>>>>>   ALIGNMENT ENDS   >>>>>>>>>>

<<<<<<<<<<  ALIGNMENT BEGINS  <<<<<<<<<<

#  Aligning sarcin-ricin_consensus and 4v9f_0:20-24_471-472_443-448:
#  Alignment score:  3.2
#  P-value:  1.000e+00
#  Query aligned region: 0-0,8-8
#  Target aligned region: 0:'0'28-0:'0'28,6:'0'480-6:'0'480

	U...C
	G...C

#  Matched base-pairing interactions: 
	<U(0:)-C(8:) trans S/H>                        MATCHES	<G(0:'0'28)-C(6:'0'480) cis W/W>
#  Matched base-stacking interactions: 

>>>>>>>>>>   ALIGNMENT ENDS   >>>>>>>>>>

<<<<<<<<<<  ALIGNMENT BEGINS  <<<<<<<<<<

#  Aligning sarcin-ricin_consensus and 4v9f_0:20-24_443-448_471-472:
#  Alignment score:  3.2
#  P-value:  1.000e+00
#  Query aligned region: 0-0,8-8
#  Target aligned region: 2:'0'30-2:'0'30,7:'0'453-7:'0'453

	U...C
	U...A

#  Matched base-pairing interactions: 
	<U(0:)-C(8:) trans S/H>                        MATCHES	<U(2:'0'30)-A(7:'0'453) trans W/H>
#  Matched base-stacking interactions: 

>>>>>>>>>>   ALIGNMENT ENDS   >>>>>>>>>>

<<<<<<<<<<  ALIGNMENT BEGINS  <<<<<<<<<<

#  Aligning sarcin-ricin_consensus and 4v9f_0:2642-2644_2084-2089:
#  Alignment score:  3.2
#  P-value:  1.000e+00
#  Query aligned region: 0-0,8-8
#  Target aligned region: 0:'0'2650-0:'0'2650,6:'0'2095-6:'0'2095

	U...C
	U...A

#  Matched base-pairing interactions: 
	<U(0:)-C(8:) trans S/H>                        MATCHES	<U(0:'0'2650)-A(6:'0'2095) cis W/W>
#  Matched base-stacking interactions: 

>>>>>>>>>>   ALIGNMENT ENDS   >>>>>>>>>>

<<<<<<<<<<  ALIGNMENT BEGINS  <<<<<<<<<<

#  Aligning sarcin-ricin_consensus and 4v9f_0:1960-1961_1882-1889_1931-1938:
#  Alignment score:  3.2
#  P-value:  1.000e+00
#  Query aligned region: 
#  Target aligned region: 

	
	

#  Matched base-pairing interactions: 
#  Matched base-stacking interactions: 

>>>>>>>>>>   ALIGNMENT ENDS   >>>>>>>>>>

<<<<<<<<<<  ALIGNMENT BEGINS  <<<<<<<<<<

#  Aligning sarcin-ricin_consensus and 4v9f_0:1882-1889_1931-1938_1960-1961:
#  Alignment score:  3.2
#  P-value:  1.000e+00
#  Query aligned region: 
#  Target aligned region: 

	
	

#  Matched base-pairing interactions: 
#  Matched base-stacking interactions: 

>>>>>>>>>>   ALIGNMENT ENDS   >>>>>>>>>>

<<<<<<<<<<  ALIGNMENT BEGINS  <<<<<<<<<<

#  Aligning sarcin-ricin_consensus and 4v9f_0:755-760_2469-2472_885-893:
#  Alignment score:  3.2
#  P-value:  1.000e+00
#  Query aligned region: 
#  Target aligned region: 

	
	

#  Matched base-pairing interactions: 
#  Matched base-stacking interactions: 

>>>>>>>>>>   ALIGNMENT ENDS   >>>>>>>>>>

<<<<<<<<<<  ALIGNMENT BEGINS  <<<<<<<<<<

#  Aligning sarcin-ricin_consensus and 4v9f_0:306-309_324-327_328-336:
#  Alignment score:  3.2
#  P-value:  1.000e+00
#  Query aligned region: 0-0,8-8
#  Target aligned region: 4:'0'332-4:'0'332,16:'0'344-16:'0'344

	U...C
	G...C

#  Matched base-pairing interactions: 
	<U(0:)-C(8:) trans S/H>                        MATCHES	<G(4:'0'332)-C(16:'0'344) cis W/W>
#  Matched base-stacking interactions: 

>>>>>>>>>>   ALIGNMENT ENDS   >>>>>>>>>>

<<<<<<<<<<  ALIGNMENT BEGINS  <<<<<<<<<<

#  Aligning sarcin-ricin_consensus and 4v9f_0:2451-2454_2419-2424_2308-2309:
#  Alignment score:  3.2
#  P-value:  1.000e+00
#  Query aligned region: 0-0,8-8
#  Target aligned region: 0:'0'2459-0:'0'2459,9:'0'2432-9:'0'2432

	U...C
	G...C

#  Matched base-pairing interactions: 
	<U(0:)-C(8:) trans S/H>                        MATCHES	<G(0:'0'2459)-C(9:'0'2432) cis W/W>
#  Matched base-stacking interactions: 

>>>>>>>>>>   ALIGNMENT ENDS   >>>>>>>>>>

<<<<<<<<<<  ALIGNMENT BEGINS  <<<<<<<<<<

#  Aligning sarcin-ricin_consensus and 4v9f_0:2451-2454_2308-2309_2419-2424:
#  Alignment score:  3.2
#  P-value:  1.000e+00
#  Query aligned region: 
#  Target aligned region: 

	
	

#  Matched base-pairing interactions: 
#  Matched base-stacking interactions: 

>>>>>>>>>>   ALIGNMENT ENDS   >>>>>>>>>>

<<<<<<<<<<  ALIGNMENT BEGINS  <<<<<<<<<<

#  Aligning sarcin-ricin_consensus and 4v9f_0:2308-2309_2451-2454_2419-2424:
#  Alignment score:  3.2
#  P-value:  1.000e+00
#  Query aligned region: 
#  Target aligned region: 

	
	

#  Matched base-pairing interactions: 
#  Matched base-stacking interactions: 

>>>>>>>>>>   ALIGNMENT ENDS   >>>>>>>>>>

<<<<<<<<<<  ALIGNMENT BEGINS  <<<<<<<<<<

#  Aligning sarcin-ricin_consensus and 4v9f_0:2451-2454_2308-2309_2419-2424:
#  Alignment score:  3.2
#  P-value:  1.000e+00
#  Query aligned region: 
#  Target aligned region: 

	
	

#  Matched base-pairing interactions: 
#  Matched base-stacking interactions: 

>>>>>>>>>>   ALIGNMENT ENDS   >>>>>>>>>>

<<<<<<<<<<  ALIGNMENT BEGINS  <<<<<<<<<<

#  Aligning sarcin-ricin_consensus and 4v9f_0:2308-2309_2451-2454_2419-2424:
#  Alignment score:  3.2
#  P-value:  1.000e+00
#  Query aligned region: 
#  Target aligned region: 

	
	

#  Matched base-pairing interactions: 
#  Matched base-stacking interactions: 

>>>>>>>>>>   ALIGNMENT ENDS   >>>>>>>>>>

<<<<<<<<<<  ALIGNMENT BEGINS  <<<<<<<<<<

#  Aligning sarcin-ricin_consensus and 4v9f_0:2347-2349_2319-2323_2361-2366:
#  Alignment score:  3.2
#  P-value:  1.000e+00
#  Query aligned region: 0-0,8-8
#  Target aligned region: 0:'0'2355-0:'0'2355,7:'0'2331-7:'0'2331

	U...C
	G...C

#  Matched base-pairing interactions: 
	<U(0:)-C(8:) trans S/H>                        MATCHES	<G(0:'0'2355)-C(7:'0'2331) cis W/W>
#  Matched base-stacking interactions: 

>>>>>>>>>>   ALIGNMENT ENDS   >>>>>>>>>>

<<<<<<<<<<  ALIGNMENT BEGINS  <<<<<<<<<<

#  Aligning sarcin-ricin_consensus and 4v9f_0:1892-1897_1926-1930:
#  Alignment score:  3.2
#  P-value:  1.000e+00
#  Query aligned region: 0-0,8-8
#  Target aligned region: 2:'0'1902-2:'0'1902,7:'0'1935-7:'0'1935

	U...C
	G...C

#  Matched base-pairing interactions: 
	<U(0:)-C(8:) trans S/H>                        MATCHES	<G(2:'0'1902)-C(7:'0'1935) cis W/W>
#  Matched base-stacking interactions: 

>>>>>>>>>>   ALIGNMENT ENDS   >>>>>>>>>>

<<<<<<<<<<  ALIGNMENT BEGINS  <<<<<<<<<<

#  Aligning sarcin-ricin_consensus and 4v9f_0:1421-1423_1386-1387_1424-1429:
#  Alignment score:  3.2
#  P-value:  1.000e+00
#  Query aligned region: 0-0,8-8
#  Target aligned region: 0:'0'1429-0:'0'1429,10:'0'1437-10:'0'1437

	U...C
	U...A

#  Matched base-pairing interactions: 
	<U(0:)-C(8:) trans S/H>                        MATCHES	<U(0:'0'1429)-A(10:'0'1437) cis W/W>
#  Matched base-stacking interactions: 

>>>>>>>>>>   ALIGNMENT ENDS   >>>>>>>>>>

<<<<<<<<<<  ALIGNMENT BEGINS  <<<<<<<<<<

#  Aligning sarcin-ricin_consensus and 4v9f_0:2643-2645_2083-2089_2639-2642:
#  Alignment score:  3.2
#  P-value:  1.000e+00
#  Query aligned region: 0-0,8-8
#  Target aligned region: 9:'0'2097-9:'0'2097,10:'0'2647-10:'0'2647

	U...C
	G...C

#  Matched base-pairing interactions: 
	<U(0:)-C(8:) trans S/H>                        MATCHES	<G(9:'0'2097)-C(10:'0'2647) cis W/W>
#  Matched base-stacking interactions: 

>>>>>>>>>>   ALIGNMENT ENDS   >>>>>>>>>>

<<<<<<<<<<  ALIGNMENT BEGINS  <<<<<<<<<<

#  Aligning sarcin-ricin_consensus and 4v9f_0:2639-2642_2643-2645_2083-2089:
#  Alignment score:  3.2
#  P-value:  1.000e+00
#  Query aligned region: 0-0,8-8
#  Target aligned region: 2:'0'2649-2:'0'2649,4:'0'2651-4:'0'2651

	U...C
	A...C

#  Matched base-pairing interactions: 
	<U(0:)-C(8:) trans S/H>                        MATCHES	<A(2:'0'2649)-C(4:'0'2651) cis S/H>
#  Matched base-stacking interactions: 

>>>>>>>>>>   ALIGNMENT ENDS   >>>>>>>>>>

<<<<<<<<<<  ALIGNMENT BEGINS  <<<<<<<<<<

#  Aligning sarcin-ricin_consensus and 4v9f_0:1032-1035_916-922_905-911:
#  Alignment score:  3.2
#  P-value:  1.000e+00
#  Query aligned region: 0-0,8-8
#  Target aligned region: 1:'0'1041-1:'0'1041,9:'0'929-9:'0'929

	U...C
	U...A

#  Matched base-pairing interactions: 
	<U(0:)-C(8:) trans S/H>                        MATCHES	<U(1:'0'1041)-A(9:'0'929) cis W/W>
#  Matched base-stacking interactions: 

>>>>>>>>>>   ALIGNMENT ENDS   >>>>>>>>>>

<<<<<<<<<<  ALIGNMENT BEGINS  <<<<<<<<<<

#  Aligning sarcin-ricin_consensus and 4v9f_0:1032-1035_905-911_916-922:
#  Alignment score:  3.2
#  P-value:  1.000e+00
#  Query aligned region: 0-0,8-8
#  Target aligned region: 10:'0'919-10:'0'919,11:'0'924-11:'0'924

	U...C
	U...G

#  Matched base-pairing interactions: 
	<U(0:)-C(8:) trans S/H>                        MATCHES	<U(10:'0'919)-G(11:'0'924) cis W/W>
#  Matched base-stacking interactions: 

>>>>>>>>>>   ALIGNMENT ENDS   >>>>>>>>>>

<<<<<<<<<<  ALIGNMENT BEGINS  <<<<<<<<<<

#  Aligning sarcin-ricin_consensus and 4v9f_0:49-51_76-81_52-54:
#  Alignment score:  3.2
#  P-value:  1.000e+00
#  Query aligned region: 0-0,8-8
#  Target aligned region: 3:'0'84-3:'0'84,11:'0'62-11:'0'62

	U...C
	G...C

#  Matched base-pairing interactions: 
	<U(0:)-C(8:) trans S/H>                        MATCHES	<G(3:'0'84)-C(11:'0'62) cis W/W>
#  Matched base-stacking interactions: 

>>>>>>>>>>   ALIGNMENT ENDS   >>>>>>>>>>

<<<<<<<<<<  ALIGNMENT BEGINS  <<<<<<<<<<

#  Aligning sarcin-ricin_consensus and 4v9f_0:76-81_49-51_52-54:
#  Alignment score:  3.2
#  P-value:  1.000e+00
#  Query aligned region: 0-0,8-8
#  Target aligned region: 5:'0'89-5:'0'89,6:'0'57-6:'0'57

	U...C
	G...C

#  Matched base-pairing interactions: 
	<U(0:)-C(8:) trans S/H>                        MATCHES	<G(5:'0'89)-C(6:'0'57) cis W/W>
#  Matched base-stacking interactions: 

>>>>>>>>>>   ALIGNMENT ENDS   >>>>>>>>>>

<<<<<<<<<<  ALIGNMENT BEGINS  <<<<<<<<<<

#  Aligning sarcin-ricin_consensus and 4v9f_0:2514-2519_1223-1228_2487-2491:
#  Alignment score:  3.2
#  P-value:  1.000e+00
#  Query aligned region: 
#  Target aligned region: 

	
	

#  Matched base-pairing interactions: 
#  Matched base-stacking interactions: 

>>>>>>>>>>   ALIGNMENT ENDS   >>>>>>>>>>

<<<<<<<<<<  ALIGNMENT BEGINS  <<<<<<<<<<

#  Aligning sarcin-ricin_consensus and 4v9f_0:1223-1228_2487-2491_2514-2519:
#  Alignment score:  3.2
#  P-value:  1.000e+00
#  Query aligned region: 0-0,8-8
#  Target aligned region: 0:'0'1231-0:'0'1231,9:'0'2498-9:'0'2498

	U...C
	A...C

#  Matched base-pairing interactions: 
	<U(0:)-C(8:) trans S/H>                        MATCHES	<A(0:'0'1231)-C(9:'0'2498) cis W/S>
#  Matched base-stacking interactions: 

>>>>>>>>>>   ALIGNMENT ENDS   >>>>>>>>>>

<<<<<<<<<<  ALIGNMENT BEGINS  <<<<<<<<<<

#  Aligning sarcin-ricin_consensus and 4v9f_0:2470-2473_2097-2100_911-916:
#  Alignment score:  3.2
#  P-value:  1.000e+00
#  Query aligned region: 0-0,8-8
#  Target aligned region: 3:'0'2481-3:'0'2481,4:'0'2105-4:'0'2105

	U...C
	G...C

#  Matched base-pairing interactions: 
	<U(0:)-C(8:) trans S/H>                        MATCHES	<G(3:'0'2481)-C(4:'0'2105) cis W/W>
#  Matched base-stacking interactions: 

>>>>>>>>>>   ALIGNMENT ENDS   >>>>>>>>>>

<<<<<<<<<<  ALIGNMENT BEGINS  <<<<<<<<<<

#  Aligning sarcin-ricin_consensus and 4v9f_0:383-384_2434-2435_386-390:
#  Alignment score:  3.2
#  P-value:  1.000e+00
#  Query aligned region: 0-0,8-8
#  Target aligned region: 0:'0'391-0:'0'391,8:'0'398-8:'0'398

	U...C
	U...U

#  Matched base-pairing interactions: 
	<U(0:)-C(8:) trans S/H>                        MATCHES	<U(0:'0'391)-U(8:'0'398) cis W/W>
#  Matched base-stacking interactions: 

>>>>>>>>>>   ALIGNMENT ENDS   >>>>>>>>>>

<<<<<<<<<<  ALIGNMENT BEGINS  <<<<<<<<<<

#  Aligning sarcin-ricin_consensus and 4v9f_0:1408-1411_1437-1444_1668-1671:
#  Alignment score:  3.1
#  P-value:  1.000e+00
#  Query aligned region: 
#  Target aligned region: 

	
	

#  Matched base-pairing interactions: 
#  Matched base-stacking interactions: 

>>>>>>>>>>   ALIGNMENT ENDS   >>>>>>>>>>

<<<<<<<<<<  ALIGNMENT BEGINS  <<<<<<<<<<

#  Aligning sarcin-ricin_consensus and 4v9f_0:1668-1671_1408-1411_1437-1444:
#  Alignment score:  3.1
#  P-value:  1.000e+00
#  Query aligned region: 
#  Target aligned region: 

	
	

#  Matched base-pairing interactions: 
#  Matched base-stacking interactions: 

>>>>>>>>>>   ALIGNMENT ENDS   >>>>>>>>>>

<<<<<<<<<<  ALIGNMENT BEGINS  <<<<<<<<<<

#  Aligning sarcin-ricin_consensus and 4v9f_0:1437-1444_1668-1671_1408-1411:
#  Alignment score:  3.1
#  P-value:  1.000e+00
#  Query aligned region: 
#  Target aligned region: 

	
	

#  Matched base-pairing interactions: 
#  Matched base-stacking interactions: 

>>>>>>>>>>   ALIGNMENT ENDS   >>>>>>>>>>

<<<<<<<<<<  ALIGNMENT BEGINS  <<<<<<<<<<

#  Aligning sarcin-ricin_consensus and 4v9f_0:1160-1169_1195-1197_1186-1188:
#  Alignment score:  3.1
#  P-value:  1.000e+00
#  Query aligned region: 
#  Target aligned region: 

	
	

#  Matched base-pairing interactions: 
#  Matched base-stacking interactions: 

>>>>>>>>>>   ALIGNMENT ENDS   >>>>>>>>>>

<<<<<<<<<<  ALIGNMENT BEGINS  <<<<<<<<<<

#  Aligning sarcin-ricin_consensus and 4v9f_0:2470-2473_911-916_2097-2100:
#  Alignment score:  3.1
#  P-value:  1.000e+00
#  Query aligned region: 
#  Target aligned region: 

	
	

#  Matched base-pairing interactions: 
#  Matched base-stacking interactions: 

>>>>>>>>>>   ALIGNMENT ENDS   >>>>>>>>>>

<<<<<<<<<<  ALIGNMENT BEGINS  <<<<<<<<<<

#  Aligning sarcin-ricin_consensus and 4v9f_0:1195-1197_1160-1169_1186-1188:
#  Alignment score:  3
#  P-value:  1.000e+00
#  Query aligned region: 
#  Target aligned region: 

	
	

#  Matched base-pairing interactions: 
#  Matched base-stacking interactions: 

>>>>>>>>>>   ALIGNMENT ENDS   >>>>>>>>>>

<<<<<<<<<<  ALIGNMENT BEGINS  <<<<<<<<<<

#  Aligning sarcin-ricin_consensus and 4v9f_0:1160-1169_1186-1188_1195-1197:
#  Alignment score:  3
#  P-value:  1.000e+00
#  Query aligned region: 
#  Target aligned region: 

	
	

#  Matched base-pairing interactions: 
#  Matched base-stacking interactions: 

>>>>>>>>>>   ALIGNMENT ENDS   >>>>>>>>>>

<<<<<<<<<<  ALIGNMENT BEGINS  <<<<<<<<<<

#  Aligning sarcin-ricin_consensus and 4v9f_0:905-911_1032-1035_916-922:
#  Alignment score:  3
#  P-value:  1.000e+00
#  Query aligned region: 
#  Target aligned region: 

	
	

#  Matched base-pairing interactions: 
#  Matched base-stacking interactions: 

>>>>>>>>>>   ALIGNMENT ENDS   >>>>>>>>>>

<<<<<<<<<<  ALIGNMENT BEGINS  <<<<<<<<<<

#  Aligning sarcin-ricin_consensus and 4v9f_0:1186-1188_1160-1169_1195-1197:
#  Alignment score:  2.9
#  P-value:  1.000e+00
#  Query aligned region: 
#  Target aligned region: 

	
	

#  Matched base-pairing interactions: 
#  Matched base-stacking interactions: 

>>>>>>>>>>   ALIGNMENT ENDS   >>>>>>>>>>

<<<<<<<<<<  ALIGNMENT BEGINS  <<<<<<<<<<

#  Aligning sarcin-ricin_consensus and 4v9f_0:133-139_117-126:
#  Alignment score:  2.9
#  P-value:  1.000e+00
#  Query aligned region: 
#  Target aligned region: 

	
	

#  Matched base-pairing interactions: 
#  Matched base-stacking interactions: 

>>>>>>>>>>   ALIGNMENT ENDS   >>>>>>>>>>

<<<<<<<<<<  ALIGNMENT BEGINS  <<<<<<<<<<

#  Aligning sarcin-ricin_consensus and 4v9f_0:2308-2309_2419-2424_2451-2454:
#  Alignment score:  2.9
#  P-value:  1.000e+00
#  Query aligned region: 
#  Target aligned region: 

	
	

#  Matched base-pairing interactions: 
#  Matched base-stacking interactions: 

>>>>>>>>>>   ALIGNMENT ENDS   >>>>>>>>>>

<<<<<<<<<<  ALIGNMENT BEGINS  <<<<<<<<<<

#  Aligning sarcin-ricin_consensus and 4v9f_0:2308-2309_2419-2424_2451-2454:
#  Alignment score:  2.9
#  P-value:  1.000e+00
#  Query aligned region: 
#  Target aligned region: 

	
	

#  Matched base-pairing interactions: 
#  Matched base-stacking interactions: 

>>>>>>>>>>   ALIGNMENT ENDS   >>>>>>>>>>

<<<<<<<<<<  ALIGNMENT BEGINS  <<<<<<<<<<

#  Aligning sarcin-ricin_consensus and 4v9f_0:916-922_1032-1035_905-911:
#  Alignment score:  2.9
#  P-value:  1.000e+00
#  Query aligned region: 
#  Target aligned region: 

	
	

#  Matched base-pairing interactions: 
#  Matched base-stacking interactions: 

>>>>>>>>>>   ALIGNMENT ENDS   >>>>>>>>>>

<<<<<<<<<<  ALIGNMENT BEGINS  <<<<<<<<<<

#  Aligning sarcin-ricin_consensus and 4v9f_0:2487-2491_2514-2519_1223-1228:
#  Alignment score:  2.9
#  P-value:  1.000e+00
#  Query aligned region: 
#  Target aligned region: 

	
	

#  Matched base-pairing interactions: 
#  Matched base-stacking interactions: 

>>>>>>>>>>   ALIGNMENT ENDS   >>>>>>>>>>

<<<<<<<<<<  ALIGNMENT BEGINS  <<<<<<<<<<

#  Aligning sarcin-ricin_consensus and 4v9f_0:2514-2519_2487-2491_1223-1228:
#  Alignment score:  2.9
#  P-value:  1.000e+00
#  Query aligned region: 
#  Target aligned region: 

	
	

#  Matched base-pairing interactions: 
#  Matched base-stacking interactions: 

>>>>>>>>>>   ALIGNMENT ENDS   >>>>>>>>>>

<<<<<<<<<<  ALIGNMENT BEGINS  <<<<<<<<<<

#  Aligning sarcin-ricin_consensus and 4v9f_0:1112-1114_1108-1111_1234-1240:
#  Alignment score:  2.9
#  P-value:  1.000e+00
#  Query aligned region: 
#  Target aligned region: 

	
	

#  Matched base-pairing interactions: 
#  Matched base-stacking interactions: 

>>>>>>>>>>   ALIGNMENT ENDS   >>>>>>>>>>

<<<<<<<<<<  ALIGNMENT BEGINS  <<<<<<<<<<

#  Aligning sarcin-ricin_consensus and 4v9f_0:2892-2897_2826-2827_2844-2849:
#  Alignment score:  2.9
#  P-value:  1.000e+00
#  Query aligned region: 
#  Target aligned region: 

	
	

#  Matched base-pairing interactions: 
#  Matched base-stacking interactions: 

>>>>>>>>>>   ALIGNMENT ENDS   >>>>>>>>>>

<<<<<<<<<<  ALIGNMENT BEGINS  <<<<<<<<<<

#  Aligning sarcin-ricin_consensus and 4v9f_0:2826-2827_2892-2897_2844-2849:
#  Alignment score:  2.9
#  P-value:  1.000e+00
#  Query aligned region: 
#  Target aligned region: 

	
	

#  Matched base-pairing interactions: 
#  Matched base-stacking interactions: 

>>>>>>>>>>   ALIGNMENT ENDS   >>>>>>>>>>

<<<<<<<<<<  ALIGNMENT BEGINS  <<<<<<<<<<

#  Aligning sarcin-ricin_consensus and 4v9f_0:2592-2594_2587-2590_2572-2575:
#  Alignment score:  2.8
#  P-value:  1.000e+00
#  Query aligned region: 
#  Target aligned region: 

	
	

#  Matched base-pairing interactions: 
#  Matched base-stacking interactions: 

>>>>>>>>>>   ALIGNMENT ENDS   >>>>>>>>>>

<<<<<<<<<<  ALIGNMENT BEGINS  <<<<<<<<<<

#  Aligning sarcin-ricin_consensus and 4v9f_0:1668-1671_1437-1444_1408-1411:
#  Alignment score:  2.8
#  P-value:  1.000e+00
#  Query aligned region: 
#  Target aligned region: 

	
	

#  Matched base-pairing interactions: 
#  Matched base-stacking interactions: 

>>>>>>>>>>   ALIGNMENT ENDS   >>>>>>>>>>

<<<<<<<<<<  ALIGNMENT BEGINS  <<<<<<<<<<

#  Aligning sarcin-ricin_consensus and 4v9f_0:756-761_884-892_2469-2472:
#  Alignment score:  2.8
#  P-value:  1.000e+00
#  Query aligned region: 
#  Target aligned region: 

	
	

#  Matched base-pairing interactions: 
#  Matched base-stacking interactions: 

>>>>>>>>>>   ALIGNMENT ENDS   >>>>>>>>>>

<<<<<<<<<<  ALIGNMENT BEGINS  <<<<<<<<<<

#  Aligning sarcin-ricin_consensus and 4v9f_0:755-760_885-893_2469-2472:
#  Alignment score:  2.8
#  P-value:  1.000e+00
#  Query aligned region: 
#  Target aligned region: 

	
	

#  Matched base-pairing interactions: 
#  Matched base-stacking interactions: 

>>>>>>>>>>   ALIGNMENT ENDS   >>>>>>>>>>

<<<<<<<<<<  ALIGNMENT BEGINS  <<<<<<<<<<

#  Aligning sarcin-ricin_consensus and 4v9f_0:304-307_308-311_328-329:
#  Alignment score:  2.8
#  P-value:  1.000e+00
#  Query aligned region: 0-0,8-8
#  Target aligned region: 3:'0'315-3:'0'315,8:'0'336-8:'0'336

	U...C
	G...G

#  Matched base-pairing interactions: 
	<U(0:)-C(8:) trans S/H>                        MATCHES	<G(3:'0'315)-G(8:'0'336) trans S/S>
#  Matched base-stacking interactions: 

>>>>>>>>>>   ALIGNMENT ENDS   >>>>>>>>>>

<<<<<<<<<<  ALIGNMENT BEGINS  <<<<<<<<<<

#  Aligning sarcin-ricin_consensus and 4v9f_0:2319-2323_2347-2349_2361-2366:
#  Alignment score:  2.8
#  P-value:  1.000e+00
#  Query aligned region: 
#  Target aligned region: 

	
	

#  Matched base-pairing interactions: 
#  Matched base-stacking interactions: 

>>>>>>>>>>   ALIGNMENT ENDS   >>>>>>>>>>

<<<<<<<<<<  ALIGNMENT BEGINS  <<<<<<<<<<

#  Aligning sarcin-ricin_consensus and 4v9f_0:864-870:
#  Alignment score:  2.8
#  P-value:  1.000e+00
#  Query aligned region: 1-3,7-7
#  Target aligned region: 1:'0'873-4:'0'876

	AGU...A
	GAA...A

#  Matched base-pairing interactions: 
	<A(1:)-A(7:) trans H/H>                        MATCHES	<G(1:'0'873)-A(4:'0'876) trans S/W>
	<G(2:)-U(3:) cis S/H>                          MATCHES	<A(2:'0'874)-A(3:'0'875) cis S/H>
#  Matched base-stacking interactions: 
	<A(1:)-U(3:) outward>                          MATCHES	<G(1:'0'873)-A(3:'0'875) upward>

>>>>>>>>>>   ALIGNMENT ENDS   >>>>>>>>>>

<<<<<<<<<<  ALIGNMENT BEGINS  <<<<<<<<<<

#  Aligning sarcin-ricin_consensus and 4v9f_0:1877-1878_1761-1767_2008-2011:
#  Alignment score:  2.8
#  P-value:  1.000e+00
#  Query aligned region: 
#  Target aligned region: 

	
	

#  Matched base-pairing interactions: 
#  Matched base-stacking interactions: 

>>>>>>>>>>   ALIGNMENT ENDS   >>>>>>>>>>

<<<<<<<<<<  ALIGNMENT BEGINS  <<<<<<<<<<

#  Aligning sarcin-ricin_consensus and 4v9f_0:2487-2491_1223-1228_2514-2519:
#  Alignment score:  2.8
#  P-value:  1.000e+00
#  Query aligned region: 
#  Target aligned region: 

	
	

#  Matched base-pairing interactions: 
#  Matched base-stacking interactions: 

>>>>>>>>>>   ALIGNMENT ENDS   >>>>>>>>>>

<<<<<<<<<<  ALIGNMENT BEGINS  <<<<<<<<<<

#  Aligning sarcin-ricin_consensus and 4v9f_0:2097-2100_2470-2473_911-916:
#  Alignment score:  2.8
#  P-value:  1.000e+00
#  Query aligned region: 0-0,8-8
#  Target aligned region: 3:'0'2108-3:'0'2108,4:'0'2478-4:'0'2478

	U...C
	A...U

#  Matched base-pairing interactions: 
	<U(0:)-C(8:) trans S/H>                        MATCHES	<A(3:'0'2108)-U(4:'0'2478) cis W/W>
#  Matched base-stacking interactions: 

>>>>>>>>>>   ALIGNMENT ENDS   >>>>>>>>>>

<<<<<<<<<<  ALIGNMENT BEGINS  <<<<<<<<<<

#  Aligning sarcin-ricin_consensus and 4v9f_0:911-916_2470-2473_2097-2100:
#  Alignment score:  2.8
#  P-value:  1.000e+00
#  Query aligned region: 
#  Target aligned region: 

	
	

#  Matched base-pairing interactions: 
#  Matched base-stacking interactions: 

>>>>>>>>>>   ALIGNMENT ENDS   >>>>>>>>>>

<<<<<<<<<<  ALIGNMENT BEGINS  <<<<<<<<<<

#  Aligning sarcin-ricin_consensus and 4v9f_0:2074-2077_2804-2806_524-527:
#  Alignment score:  2.8
#  P-value:  1.000e+00
#  Query aligned region: 0-0,8-8
#  Target aligned region: 0:'0'2082-0:'0'2082,10:'0'535-10:'0'535

	U...C
	G...G

#  Matched base-pairing interactions: 
	<U(0:)-C(8:) trans S/H>                        MATCHES	<G(0:'0'2082)-G(10:'0'535) trans W/H>
#  Matched base-stacking interactions: 

>>>>>>>>>>   ALIGNMENT ENDS   >>>>>>>>>>

<<<<<<<<<<  ALIGNMENT BEGINS  <<<<<<<<<<

#  Aligning sarcin-ricin_consensus and 4v9f_0:2892-2897_2844-2849_2826-2827:
#  Alignment score:  2.8
#  P-value:  1.000e+00
#  Query aligned region: 
#  Target aligned region: 

	
	

#  Matched base-pairing interactions: 
#  Matched base-stacking interactions: 

>>>>>>>>>>   ALIGNMENT ENDS   >>>>>>>>>>

<<<<<<<<<<  ALIGNMENT BEGINS  <<<<<<<<<<

#  Aligning sarcin-ricin_consensus and 4v9f_0:2844-2849_2892-2897_2826-2827:
#  Alignment score:  2.8
#  P-value:  1.000e+00
#  Query aligned region: 
#  Target aligned region: 

	
	

#  Matched base-pairing interactions: 
#  Matched base-stacking interactions: 

>>>>>>>>>>   ALIGNMENT ENDS   >>>>>>>>>>

<<<<<<<<<<  ALIGNMENT BEGINS  <<<<<<<<<<

#  Aligning sarcin-ricin_consensus and 4v9f_0:1960-1961_1931-1938_1882-1889:
#  Alignment score:  2.7
#  P-value:  1.000e+00
#  Query aligned region: 
#  Target aligned region: 

	
	

#  Matched base-pairing interactions: 
#  Matched base-stacking interactions: 

>>>>>>>>>>   ALIGNMENT ENDS   >>>>>>>>>>

<<<<<<<<<<  ALIGNMENT BEGINS  <<<<<<<<<<

#  Aligning sarcin-ricin_consensus and 4v9f_0:1931-1938_1960-1961_1882-1889:
#  Alignment score:  2.7
#  P-value:  1.000e+00
#  Query aligned region: 
#  Target aligned region: 

	
	

#  Matched base-pairing interactions: 
#  Matched base-stacking interactions: 

>>>>>>>>>>   ALIGNMENT ENDS   >>>>>>>>>>

<<<<<<<<<<  ALIGNMENT BEGINS  <<<<<<<<<<

#  Aligning sarcin-ricin_consensus and 4v9f_0:1761-1767_1877-1878_2008-2011:
#  Alignment score:  2.7
#  P-value:  1.000e+00
#  Query aligned region: 
#  Target aligned region: 

	
	

#  Matched base-pairing interactions: 
#  Matched base-stacking interactions: 

>>>>>>>>>>   ALIGNMENT ENDS   >>>>>>>>>>

<<<<<<<<<<  ALIGNMENT BEGINS  <<<<<<<<<<

#  Aligning sarcin-ricin_consensus and 4v9f_0:905-911_916-922_1032-1035:
#  Alignment score:  2.7
#  P-value:  1.000e+00
#  Query aligned region: 
#  Target aligned region: 

	
	

#  Matched base-pairing interactions: 
#  Matched base-stacking interactions: 

>>>>>>>>>>   ALIGNMENT ENDS   >>>>>>>>>>

<<<<<<<<<<  ALIGNMENT BEGINS  <<<<<<<<<<

#  Aligning sarcin-ricin_consensus and 4v9f_0:76-81_52-54_49-51:
#  Alignment score:  2.7
#  P-value:  1.000e+00
#  Query aligned region: 
#  Target aligned region: 

	
	

#  Matched base-pairing interactions: 
#  Matched base-stacking interactions: 

>>>>>>>>>>   ALIGNMENT ENDS   >>>>>>>>>>

<<<<<<<<<<  ALIGNMENT BEGINS  <<<<<<<<<<

#  Aligning sarcin-ricin_consensus and 4v9f_0:911-916_2097-2100_2470-2473:
#  Alignment score:  2.7
#  P-value:  1.000e+00
#  Query aligned region: 
#  Target aligned region: 

	
	

#  Matched base-pairing interactions: 
#  Matched base-stacking interactions: 

>>>>>>>>>>   ALIGNMENT ENDS   >>>>>>>>>>

<<<<<<<<<<  ALIGNMENT BEGINS  <<<<<<<<<<

#  Aligning sarcin-ricin_consensus and 4v9f_0:2844-2849_2826-2827_2892-2897:
#  Alignment score:  2.7
#  P-value:  1.000e+00
#  Query aligned region: 
#  Target aligned region: 

	
	

#  Matched base-pairing interactions: 
#  Matched base-stacking interactions: 

>>>>>>>>>>   ALIGNMENT ENDS   >>>>>>>>>>

<<<<<<<<<<  ALIGNMENT BEGINS  <<<<<<<<<<

#  Aligning sarcin-ricin_consensus and 4v9f_0:2037-2038_1721-1726:
#  Alignment score:  2.6
#  P-value:  1.000e+00
#  Query aligned region: 
#  Target aligned region: 

	
	

#  Matched base-pairing interactions: 
#  Matched base-stacking interactions: 

>>>>>>>>>>   ALIGNMENT ENDS   >>>>>>>>>>

<<<<<<<<<<  ALIGNMENT BEGINS  <<<<<<<<<<

#  Aligning sarcin-ricin_consensus and 4v9f_0:2614-2615_1824-1827_1831-1837:
#  Alignment score:  2.6
#  P-value:  1.000e+00
#  Query aligned region: 
#  Target aligned region: 

	
	

#  Matched base-pairing interactions: 
#  Matched base-stacking interactions: 

>>>>>>>>>>   ALIGNMENT ENDS   >>>>>>>>>>

<<<<<<<<<<  ALIGNMENT BEGINS  <<<<<<<<<<

#  Aligning sarcin-ricin_consensus and 4v9f_0:1824-1827_2614-2615_1831-1837:
#  Alignment score:  2.6
#  P-value:  1.000e+00
#  Query aligned region: 
#  Target aligned region: 

	
	

#  Matched base-pairing interactions: 
#  Matched base-stacking interactions: 

>>>>>>>>>>   ALIGNMENT ENDS   >>>>>>>>>>

<<<<<<<<<<  ALIGNMENT BEGINS  <<<<<<<<<<

#  Aligning sarcin-ricin_consensus and 4v9f_0:2591-2594_2544-2549_2569-2572:
#  Alignment score:  2.6
#  P-value:  1.000e+00
#  Query aligned region: 
#  Target aligned region: 

	
	

#  Matched base-pairing interactions: 
#  Matched base-stacking interactions: 

>>>>>>>>>>   ALIGNMENT ENDS   >>>>>>>>>>

<<<<<<<<<<  ALIGNMENT BEGINS  <<<<<<<<<<

#  Aligning sarcin-ricin_consensus and 4v9f_0:2544-2549_2591-2594_2569-2572:
#  Alignment score:  2.6
#  P-value:  1.000e+00
#  Query aligned region: 
#  Target aligned region: 

	
	

#  Matched base-pairing interactions: 
#  Matched base-stacking interactions: 

>>>>>>>>>>   ALIGNMENT ENDS   >>>>>>>>>>

<<<<<<<<<<  ALIGNMENT BEGINS  <<<<<<<<<<

#  Aligning sarcin-ricin_consensus and 4v9f_0:2615-2616_1824-1827_1831-1837:
#  Alignment score:  2.6
#  P-value:  1.000e+00
#  Query aligned region: 
#  Target aligned region: 

	
	

#  Matched base-pairing interactions: 
#  Matched base-stacking interactions: 

>>>>>>>>>>   ALIGNMENT ENDS   >>>>>>>>>>

<<<<<<<<<<  ALIGNMENT BEGINS  <<<<<<<<<<

#  Aligning sarcin-ricin_consensus and 4v9f_0:1824-1827_2615-2616_1831-1837:
#  Alignment score:  2.6
#  P-value:  1.000e+00
#  Query aligned region: 
#  Target aligned region: 

	
	

#  Matched base-pairing interactions: 
#  Matched base-stacking interactions: 

>>>>>>>>>>   ALIGNMENT ENDS   >>>>>>>>>>

<<<<<<<<<<  ALIGNMENT BEGINS  <<<<<<<<<<

#  Aligning sarcin-ricin_consensus and 4v9f_0:1195-1197_1186-1188_1160-1169:
#  Alignment score:  2.6
#  P-value:  1.000e+00
#  Query aligned region: 
#  Target aligned region: 

	
	

#  Matched base-pairing interactions: 
#  Matched base-stacking interactions: 

>>>>>>>>>>   ALIGNMENT ENDS   >>>>>>>>>>

<<<<<<<<<<  ALIGNMENT BEGINS  <<<<<<<<<<

#  Aligning sarcin-ricin_consensus and 4v9f_0:1186-1188_1195-1197_1160-1169:
#  Alignment score:  2.6
#  P-value:  1.000e+00
#  Query aligned region: 
#  Target aligned region: 

	
	

#  Matched base-pairing interactions: 
#  Matched base-stacking interactions: 

>>>>>>>>>>   ALIGNMENT ENDS   >>>>>>>>>>

<<<<<<<<<<  ALIGNMENT BEGINS  <<<<<<<<<<

#  Aligning sarcin-ricin_consensus and 4v9f_0:306-309_328-336_324-327:
#  Alignment score:  2.6
#  P-value:  1.000e+00
#  Query aligned region: 
#  Target aligned region: 

	
	

#  Matched base-pairing interactions: 
#  Matched base-stacking interactions: 

>>>>>>>>>>   ALIGNMENT ENDS   >>>>>>>>>>

<<<<<<<<<<  ALIGNMENT BEGINS  <<<<<<<<<<

#  Aligning sarcin-ricin_consensus and 4v9f_0:328-336_306-309_324-327:
#  Alignment score:  2.6
#  P-value:  1.000e+00
#  Query aligned region: 
#  Target aligned region: 

	
	

#  Matched base-pairing interactions: 
#  Matched base-stacking interactions: 

>>>>>>>>>>   ALIGNMENT ENDS   >>>>>>>>>>

<<<<<<<<<<  ALIGNMENT BEGINS  <<<<<<<<<<

#  Aligning sarcin-ricin_consensus and 4v9f_0:328-336_324-327_306-309:
#  Alignment score:  2.6
#  P-value:  1.000e+00
#  Query aligned region: 
#  Target aligned region: 

	
	

#  Matched base-pairing interactions: 
#  Matched base-stacking interactions: 

>>>>>>>>>>   ALIGNMENT ENDS   >>>>>>>>>>

<<<<<<<<<<  ALIGNMENT BEGINS  <<<<<<<<<<

#  Aligning sarcin-ricin_consensus and 4v9f_0:117-126_133-139:
#  Alignment score:  2.6
#  P-value:  1.000e+00
#  Query aligned region: 
#  Target aligned region: 

	
	

#  Matched base-pairing interactions: 
#  Matched base-stacking interactions: 

>>>>>>>>>>   ALIGNMENT ENDS   >>>>>>>>>>

<<<<<<<<<<  ALIGNMENT BEGINS  <<<<<<<<<<

#  Aligning sarcin-ricin_consensus and 4v9f_0:2085-2087_2642-2646_2082-2084:
#  Alignment score:  2.6
#  P-value:  1.000e+00
#  Query aligned region: 
#  Target aligned region: 

	
	

#  Matched base-pairing interactions: 
#  Matched base-stacking interactions: 

>>>>>>>>>>   ALIGNMENT ENDS   >>>>>>>>>>

<<<<<<<<<<  ALIGNMENT BEGINS  <<<<<<<<<<

#  Aligning sarcin-ricin_consensus and 4v9f_0:2642-2646_2085-2087_2082-2084:
#  Alignment score:  2.6
#  P-value:  1.000e+00
#  Query aligned region: 
#  Target aligned region: 

	
	

#  Matched base-pairing interactions: 
#  Matched base-stacking interactions: 

>>>>>>>>>>   ALIGNMENT ENDS   >>>>>>>>>>

<<<<<<<<<<  ALIGNMENT BEGINS  <<<<<<<<<<

#  Aligning sarcin-ricin_consensus and 4v9f_0:916-922_905-911_1032-1035:
#  Alignment score:  2.6
#  P-value:  1.000e+00
#  Query aligned region: 
#  Target aligned region: 

	
	

#  Matched base-pairing interactions: 
#  Matched base-stacking interactions: 

>>>>>>>>>>   ALIGNMENT ENDS   >>>>>>>>>>

<<<<<<<<<<  ALIGNMENT BEGINS  <<<<<<<<<<

#  Aligning sarcin-ricin_consensus and 4v9f_0:123-124_34-36_138-141:
#  Alignment score:  2.5
#  P-value:  1.000e+00
#  Query aligned region: 
#  Target aligned region: 

	
	

#  Matched base-pairing interactions: 
#  Matched base-stacking interactions: 

>>>>>>>>>>   ALIGNMENT ENDS   >>>>>>>>>>

<<<<<<<<<<  ALIGNMENT BEGINS  <<<<<<<<<<

#  Aligning sarcin-ricin_consensus and 4v9f_0:123-124_138-141_34-36:
#  Alignment score:  2.5
#  P-value:  1.000e+00
#  Query aligned region: 
#  Target aligned region: 

	
	

#  Matched base-pairing interactions: 
#  Matched base-stacking interactions: 

>>>>>>>>>>   ALIGNMENT ENDS   >>>>>>>>>>

<<<<<<<<<<  ALIGNMENT BEGINS  <<<<<<<<<<

#  Aligning sarcin-ricin_consensus and 4v9f_0:34-36_123-124_138-141:
#  Alignment score:  2.5
#  P-value:  1.000e+00
#  Query aligned region: 
#  Target aligned region: 

	
	

#  Matched base-pairing interactions: 
#  Matched base-stacking interactions: 

>>>>>>>>>>   ALIGNMENT ENDS   >>>>>>>>>>

<<<<<<<<<<  ALIGNMENT BEGINS  <<<<<<<<<<

#  Aligning sarcin-ricin_consensus and 4v9f_0:138-141_123-124_34-36:
#  Alignment score:  2.5
#  P-value:  1.000e+00
#  Query aligned region: 
#  Target aligned region: 

	
	

#  Matched base-pairing interactions: 
#  Matched base-stacking interactions: 

>>>>>>>>>>   ALIGNMENT ENDS   >>>>>>>>>>

<<<<<<<<<<  ALIGNMENT BEGINS  <<<<<<<<<<

#  Aligning sarcin-ricin_consensus and 4v9f_0:138-141_34-36_123-124:
#  Alignment score:  2.5
#  P-value:  1.000e+00
#  Query aligned region: 
#  Target aligned region: 

	
	

#  Matched base-pairing interactions: 
#  Matched base-stacking interactions: 

>>>>>>>>>>   ALIGNMENT ENDS   >>>>>>>>>>

<<<<<<<<<<  ALIGNMENT BEGINS  <<<<<<<<<<

#  Aligning sarcin-ricin_consensus and 4v9f_0:1831-1837_1824-1827_2615-2616:
#  Alignment score:  2.5
#  P-value:  1.000e+00
#  Query aligned region: 
#  Target aligned region: 

	
	

#  Matched base-pairing interactions: 
#  Matched base-stacking interactions: 

>>>>>>>>>>   ALIGNMENT ENDS   >>>>>>>>>>

<<<<<<<<<<  ALIGNMENT BEGINS  <<<<<<<<<<

#  Aligning sarcin-ricin_consensus and 4v9f_0:1824-1827_1831-1837_2615-2616:
#  Alignment score:  2.5
#  P-value:  1.000e+00
#  Query aligned region: 
#  Target aligned region: 

	
	

#  Matched base-pairing interactions: 
#  Matched base-stacking interactions: 

>>>>>>>>>>   ALIGNMENT ENDS   >>>>>>>>>>

<<<<<<<<<<  ALIGNMENT BEGINS  <<<<<<<<<<

#  Aligning sarcin-ricin_consensus and 4v9f_0:52-54_76-81_49-51:
#  Alignment score:  2.5
#  P-value:  1.000e+00
#  Query aligned region: 
#  Target aligned region: 

	
	

#  Matched base-pairing interactions: 
#  Matched base-stacking interactions: 

>>>>>>>>>>   ALIGNMENT ENDS   >>>>>>>>>>

<<<<<<<<<<  ALIGNMENT BEGINS  <<<<<<<<<<

#  Aligning sarcin-ricin_consensus and 4v9f_0:2826-2827_2844-2849_2892-2897:
#  Alignment score:  2.5
#  P-value:  1.000e+00
#  Query aligned region: 
#  Target aligned region: 

	
	

#  Matched base-pairing interactions: 
#  Matched base-stacking interactions: 

>>>>>>>>>>   ALIGNMENT ENDS   >>>>>>>>>>

<<<<<<<<<<  ALIGNMENT BEGINS  <<<<<<<<<<

#  Aligning sarcin-ricin_consensus and 4v9f_0:2133-2138_2223-2227:
#  Alignment score:  2.4
#  P-value:  1.000e+00
#  Query aligned region: 
#  Target aligned region: 

	
	

#  Matched base-pairing interactions: 
#  Matched base-stacking interactions: 

>>>>>>>>>>   ALIGNMENT ENDS   >>>>>>>>>>

<<<<<<<<<<  ALIGNMENT BEGINS  <<<<<<<<<<

#  Aligning sarcin-ricin_consensus and 4v9f_0:2619-2624_2625-2628_2106-2108:
#  Alignment score:  2.4
#  P-value:  1.000e+00
#  Query aligned region: 
#  Target aligned region: 

	
	

#  Matched base-pairing interactions: 
#  Matched base-stacking interactions: 

>>>>>>>>>>   ALIGNMENT ENDS   >>>>>>>>>>

<<<<<<<<<<  ALIGNMENT BEGINS  <<<<<<<<<<

#  Aligning sarcin-ricin_consensus and 4v9f_0:1824-1827_1831-1837_2614-2615:
#  Alignment score:  2.4
#  P-value:  1.000e+00
#  Query aligned region: 0-0,8-8
#  Target aligned region: 3:'0'1835-3:'0'1835,5:'0'1840-5:'0'1840

	U...C
	U...A

#  Matched base-pairing interactions: 
	<U(0:)-C(8:) trans S/H>                        MATCHES	<U(3:'0'1835)-A(5:'0'1840) trans W/H>
#  Matched base-stacking interactions: 

>>>>>>>>>>   ALIGNMENT ENDS   >>>>>>>>>>

<<<<<<<<<<  ALIGNMENT BEGINS  <<<<<<<<<<

#  Aligning sarcin-ricin_consensus and 4v9f_0:2591-2594_2569-2572_2544-2549:
#  Alignment score:  2.4
#  P-value:  1.000e+00
#  Query aligned region: 
#  Target aligned region: 

	
	

#  Matched base-pairing interactions: 
#  Matched base-stacking interactions: 

>>>>>>>>>>   ALIGNMENT ENDS   >>>>>>>>>>

<<<<<<<<<<  ALIGNMENT BEGINS  <<<<<<<<<<

#  Aligning sarcin-ricin_consensus and 4v9f_0:1931-1938_1882-1889_1960-1961:
#  Alignment score:  2.4
#  P-value:  1.000e+00
#  Query aligned region: 
#  Target aligned region: 

	
	

#  Matched base-pairing interactions: 
#  Matched base-stacking interactions: 

>>>>>>>>>>   ALIGNMENT ENDS   >>>>>>>>>>

<<<<<<<<<<  ALIGNMENT BEGINS  <<<<<<<<<<

#  Aligning sarcin-ricin_consensus and 4v9f_0:1776-1777_1807-1810_1804-1806:
#  Alignment score:  2.4
#  P-value:  1.000e+00
#  Query aligned region: 
#  Target aligned region: 

	
	

#  Matched base-pairing interactions: 
#  Matched base-stacking interactions: 

>>>>>>>>>>   ALIGNMENT ENDS   >>>>>>>>>>

<<<<<<<<<<  ALIGNMENT BEGINS  <<<<<<<<<<

#  Aligning sarcin-ricin_consensus and 4v9f_0:828-829_825-827_838-841:
#  Alignment score:  2.4
#  P-value:  1.000e+00
#  Query aligned region: 
#  Target aligned region: 

	
	

#  Matched base-pairing interactions: 
#  Matched base-stacking interactions: 

>>>>>>>>>>   ALIGNMENT ENDS   >>>>>>>>>>

<<<<<<<<<<  ALIGNMENT BEGINS  <<<<<<<<<<

#  Aligning sarcin-ricin_consensus and 4v9f_0:1341-1346_440-447_22-26:
#  Alignment score:  2.4
#  P-value:  1.000e+00
#  Query aligned region: 
#  Target aligned region: 

	
	

#  Matched base-pairing interactions: 
#  Matched base-stacking interactions: 

>>>>>>>>>>   ALIGNMENT ENDS   >>>>>>>>>>

<<<<<<<<<<  ALIGNMENT BEGINS  <<<<<<<<<<

#  Aligning sarcin-ricin_consensus and 4v9f_0:1859-1863_1850-1854_1845-1846:
#  Alignment score:  2.4
#  P-value:  1.000e+00
#  Query aligned region: 
#  Target aligned region: 

	
	

#  Matched base-pairing interactions: 
#  Matched base-stacking interactions: 

>>>>>>>>>>   ALIGNMENT ENDS   >>>>>>>>>>

<<<<<<<<<<  ALIGNMENT BEGINS  <<<<<<<<<<

#  Aligning sarcin-ricin_consensus and 4v9f_0:1859-1863_1845-1846_1850-1854:
#  Alignment score:  2.4
#  P-value:  1.000e+00
#  Query aligned region: 
#  Target aligned region: 

	
	

#  Matched base-pairing interactions: 
#  Matched base-stacking interactions: 

>>>>>>>>>>   ALIGNMENT ENDS   >>>>>>>>>>

<<<<<<<<<<  ALIGNMENT BEGINS  <<<<<<<<<<

#  Aligning sarcin-ricin_consensus and 4v9f_0:1845-1846_1859-1863_1850-1854:
#  Alignment score:  2.4
#  P-value:  1.000e+00
#  Query aligned region: 
#  Target aligned region: 

	
	

#  Matched base-pairing interactions: 
#  Matched base-stacking interactions: 

>>>>>>>>>>   ALIGNMENT ENDS   >>>>>>>>>>

<<<<<<<<<<  ALIGNMENT BEGINS  <<<<<<<<<<

#  Aligning sarcin-ricin_consensus and 4v9f_0:2060-2062_2065-2069:
#  Alignment score:  2.4
#  P-value:  1.000e+00
#  Query aligned region: 
#  Target aligned region: 

	
	

#  Matched base-pairing interactions: 
#  Matched base-stacking interactions: 

>>>>>>>>>>   ALIGNMENT ENDS   >>>>>>>>>>

<<<<<<<<<<  ALIGNMENT BEGINS  <<<<<<<<<<

#  Aligning sarcin-ricin_consensus and 4v9f_0:2223-2227_2133-2138:
#  Alignment score:  2.3
#  P-value:  1.000e+00
#  Query aligned region: 
#  Target aligned region: 

	
	

#  Matched base-pairing interactions: 
#  Matched base-stacking interactions: 

>>>>>>>>>>   ALIGNMENT ENDS   >>>>>>>>>>

<<<<<<<<<<  ALIGNMENT BEGINS  <<<<<<<<<<

#  Aligning sarcin-ricin_consensus and 4v9f_0:2592-2594_2572-2575_2587-2590:
#  Alignment score:  2.3
#  P-value:  1.000e+00
#  Query aligned region: 
#  Target aligned region: 

	
	

#  Matched base-pairing interactions: 
#  Matched base-stacking interactions: 

>>>>>>>>>>   ALIGNMENT ENDS   >>>>>>>>>>

<<<<<<<<<<  ALIGNMENT BEGINS  <<<<<<<<<<

#  Aligning sarcin-ricin_consensus and 4v9f_0:2614-2615_1831-1837_1824-1827:
#  Alignment score:  2.3
#  P-value:  1.000e+00
#  Query aligned region: 
#  Target aligned region: 

	
	

#  Matched base-pairing interactions: 
#  Matched base-stacking interactions: 

>>>>>>>>>>   ALIGNMENT ENDS   >>>>>>>>>>

<<<<<<<<<<  ALIGNMENT BEGINS  <<<<<<<<<<

#  Aligning sarcin-ricin_consensus and 4v9f_0:1707-1710_1693-1695_1396-1401:
#  Alignment score:  2.3
#  P-value:  1.000e+00
#  Query aligned region: 
#  Target aligned region: 

	
	

#  Matched base-pairing interactions: 
#  Matched base-stacking interactions: 

>>>>>>>>>>   ALIGNMENT ENDS   >>>>>>>>>>

<<<<<<<<<<  ALIGNMENT BEGINS  <<<<<<<<<<

#  Aligning sarcin-ricin_consensus and 4v9f_0:1707-1710_1396-1401_1693-1695:
#  Alignment score:  2.3
#  P-value:  1.000e+00
#  Query aligned region: 
#  Target aligned region: 

	
	

#  Matched base-pairing interactions: 
#  Matched base-stacking interactions: 

>>>>>>>>>>   ALIGNMENT ENDS   >>>>>>>>>>

<<<<<<<<<<  ALIGNMENT BEGINS  <<<<<<<<<<

#  Aligning sarcin-ricin_consensus and 4v9f_0:1693-1695_1707-1710_1396-1401:
#  Alignment score:  2.3
#  P-value:  1.000e+00
#  Query aligned region: 
#  Target aligned region: 

	
	

#  Matched base-pairing interactions: 
#  Matched base-stacking interactions: 

>>>>>>>>>>   ALIGNMENT ENDS   >>>>>>>>>>

<<<<<<<<<<  ALIGNMENT BEGINS  <<<<<<<<<<

#  Aligning sarcin-ricin_consensus and 4v9f_0:876-879_766-771_859-863:
#  Alignment score:  2.3
#  P-value:  1.000e+00
#  Query aligned region: 
#  Target aligned region: 

	
	

#  Matched base-pairing interactions: 
#  Matched base-stacking interactions: 

>>>>>>>>>>   ALIGNMENT ENDS   >>>>>>>>>>

<<<<<<<<<<  ALIGNMENT BEGINS  <<<<<<<<<<

#  Aligning sarcin-ricin_consensus and 4v9f_0:859-863_876-879_766-771:
#  Alignment score:  2.3
#  P-value:  1.000e+00
#  Query aligned region: 
#  Target aligned region: 

	
	

#  Matched base-pairing interactions: 
#  Matched base-stacking interactions: 

>>>>>>>>>>   ALIGNMENT ENDS   >>>>>>>>>>

<<<<<<<<<<  ALIGNMENT BEGINS  <<<<<<<<<<

#  Aligning sarcin-ricin_consensus and 4v9f_0:859-863_766-771_876-879:
#  Alignment score:  2.3
#  P-value:  1.000e+00
#  Query aligned region: 
#  Target aligned region: 

	
	

#  Matched base-pairing interactions: 
#  Matched base-stacking interactions: 

>>>>>>>>>>   ALIGNMENT ENDS   >>>>>>>>>>

<<<<<<<<<<  ALIGNMENT BEGINS  <<<<<<<<<<

#  Aligning sarcin-ricin_consensus and 4v9f_0:766-771_859-863_876-879:
#  Alignment score:  2.3
#  P-value:  1.000e+00
#  Query aligned region: 
#  Target aligned region: 

	
	

#  Matched base-pairing interactions: 
#  Matched base-stacking interactions: 

>>>>>>>>>>   ALIGNMENT ENDS   >>>>>>>>>>

<<<<<<<<<<  ALIGNMENT BEGINS  <<<<<<<<<<

#  Aligning sarcin-ricin_consensus and 4v9f_0:443-448_20-24_471-472:
#  Alignment score:  2.3
#  P-value:  1.000e+00
#  Query aligned region: 
#  Target aligned region: 

	
	

#  Matched base-pairing interactions: 
#  Matched base-stacking interactions: 

>>>>>>>>>>   ALIGNMENT ENDS   >>>>>>>>>>

<<<<<<<<<<  ALIGNMENT BEGINS  <<<<<<<<<<

#  Aligning sarcin-ricin_consensus and 4v9f_0:2569-2572_2591-2594_2544-2549:
#  Alignment score:  2.3
#  P-value:  1.000e+00
#  Query aligned region: 
#  Target aligned region: 

	
	

#  Matched base-pairing interactions: 
#  Matched base-stacking interactions: 

>>>>>>>>>>   ALIGNMENT ENDS   >>>>>>>>>>

<<<<<<<<<<  ALIGNMENT BEGINS  <<<<<<<<<<

#  Aligning sarcin-ricin_consensus and 4v9f_0:2569-2572_2544-2549_2591-2594:
#  Alignment score:  2.3
#  P-value:  1.000e+00
#  Query aligned region: 
#  Target aligned region: 

	
	

#  Matched base-pairing interactions: 
#  Matched base-stacking interactions: 

>>>>>>>>>>   ALIGNMENT ENDS   >>>>>>>>>>

<<<<<<<<<<  ALIGNMENT BEGINS  <<<<<<<<<<

#  Aligning sarcin-ricin_consensus and 4v9f_0:2544-2549_2569-2572_2591-2594:
#  Alignment score:  2.3
#  P-value:  1.000e+00
#  Query aligned region: 
#  Target aligned region: 

	
	

#  Matched base-pairing interactions: 
#  Matched base-stacking interactions: 

>>>>>>>>>>   ALIGNMENT ENDS   >>>>>>>>>>

<<<<<<<<<<  ALIGNMENT BEGINS  <<<<<<<<<<

#  Aligning sarcin-ricin_consensus and 4v9f_0:2396-2398_728-729:
#  Alignment score:  2.3
#  P-value:  1.000e+00
#  Query aligned region: 
#  Target aligned region: 

	
	

#  Matched base-pairing interactions: 
#  Matched base-stacking interactions: 

>>>>>>>>>>   ALIGNMENT ENDS   >>>>>>>>>>

<<<<<<<<<<  ALIGNMENT BEGINS  <<<<<<<<<<

#  Aligning sarcin-ricin_consensus and 4v9f_0:1831-1837_2615-2616_1824-1827:
#  Alignment score:  2.3
#  P-value:  1.000e+00
#  Query aligned region: 
#  Target aligned region: 

	
	

#  Matched base-pairing interactions: 
#  Matched base-stacking interactions: 

>>>>>>>>>>   ALIGNMENT ENDS   >>>>>>>>>>

<<<<<<<<<<  ALIGNMENT BEGINS  <<<<<<<<<<

#  Aligning sarcin-ricin_consensus and 4v9f_0:308-311_304-307_328-329:
#  Alignment score:  2.3
#  P-value:  1.000e+00
#  Query aligned region: 
#  Target aligned region: 

	
	

#  Matched base-pairing interactions: 
#  Matched base-stacking interactions: 

>>>>>>>>>>   ALIGNMENT ENDS   >>>>>>>>>>

<<<<<<<<<<  ALIGNMENT BEGINS  <<<<<<<<<<

#  Aligning sarcin-ricin_consensus and 4v9f_0:308-311_328-329_304-307:
#  Alignment score:  2.3
#  P-value:  1.000e+00
#  Query aligned region: 
#  Target aligned region: 

	
	

#  Matched base-pairing interactions: 
#  Matched base-stacking interactions: 

>>>>>>>>>>   ALIGNMENT ENDS   >>>>>>>>>>

<<<<<<<<<<  ALIGNMENT BEGINS  <<<<<<<<<<

#  Aligning sarcin-ricin_consensus and 4v9f_0:2522-2524_1049-1052:
#  Alignment score:  2.3
#  P-value:  1.000e+00
#  Query aligned region: 
#  Target aligned region: 

	
	

#  Matched base-pairing interactions: 
#  Matched base-stacking interactions: 

>>>>>>>>>>   ALIGNMENT ENDS   >>>>>>>>>>

<<<<<<<<<<  ALIGNMENT BEGINS  <<<<<<<<<<

#  Aligning sarcin-ricin_consensus and 4v9f_0:52-54_49-51_76-81:
#  Alignment score:  2.3
#  P-value:  1.000e+00
#  Query aligned region: 
#  Target aligned region: 

	
	

#  Matched base-pairing interactions: 
#  Matched base-stacking interactions: 

>>>>>>>>>>   ALIGNMENT ENDS   >>>>>>>>>>

<<<<<<<<<<  ALIGNMENT BEGINS  <<<<<<<<<<

#  Aligning sarcin-ricin_consensus and 4v9f_0:1184-1185_1173-1175:
#  Alignment score:  2.3
#  P-value:  1.000e+00
#  Query aligned region: 
#  Target aligned region: 

	
	

#  Matched base-pairing interactions: 
#  Matched base-stacking interactions: 

>>>>>>>>>>   ALIGNMENT ENDS   >>>>>>>>>>

<<<<<<<<<<  ALIGNMENT BEGINS  <<<<<<<<<<

#  Aligning sarcin-ricin_consensus and 4v9f_0:1112-1114_1234-1240_1108-1111:
#  Alignment score:  2.3
#  P-value:  1.000e+00
#  Query aligned region: 
#  Target aligned region: 

	
	

#  Matched base-pairing interactions: 
#  Matched base-stacking interactions: 

>>>>>>>>>>   ALIGNMENT ENDS   >>>>>>>>>>

<<<<<<<<<<  ALIGNMENT BEGINS  <<<<<<<<<<

#  Aligning sarcin-ricin_consensus and 4v9f_0:1234-1240_1112-1114_1108-1111:
#  Alignment score:  2.3
#  P-value:  1.000e+00
#  Query aligned region: 
#  Target aligned region: 

	
	

#  Matched base-pairing interactions: 
#  Matched base-stacking interactions: 

>>>>>>>>>>   ALIGNMENT ENDS   >>>>>>>>>>

<<<<<<<<<<  ALIGNMENT BEGINS  <<<<<<<<<<

#  Aligning sarcin-ricin_consensus and 4v9f_0:34-36_138-141_123-124:
#  Alignment score:  2.2
#  P-value:  1.000e+00
#  Query aligned region: 
#  Target aligned region: 

	
	

#  Matched base-pairing interactions: 
#  Matched base-stacking interactions: 

>>>>>>>>>>   ALIGNMENT ENDS   >>>>>>>>>>

<<<<<<<<<<  ALIGNMENT BEGINS  <<<<<<<<<<

#  Aligning sarcin-ricin_consensus and 4v9f_0:2106-2108_2619-2624_2625-2628:
#  Alignment score:  2.2
#  P-value:  1.000e+00
#  Query aligned region: 
#  Target aligned region: 

	
	

#  Matched base-pairing interactions: 
#  Matched base-stacking interactions: 

>>>>>>>>>>   ALIGNMENT ENDS   >>>>>>>>>>

<<<<<<<<<<  ALIGNMENT BEGINS  <<<<<<<<<<

#  Aligning sarcin-ricin_consensus and 4v9f_0:2619-2624_2106-2108_2625-2628:
#  Alignment score:  2.2
#  P-value:  1.000e+00
#  Query aligned region: 
#  Target aligned region: 

	
	

#  Matched base-pairing interactions: 
#  Matched base-stacking interactions: 

>>>>>>>>>>   ALIGNMENT ENDS   >>>>>>>>>>

<<<<<<<<<<  ALIGNMENT BEGINS  <<<<<<<<<<

#  Aligning sarcin-ricin_consensus and 4v9f_0:876-879_859-863_766-771:
#  Alignment score:  2.2
#  P-value:  1.000e+00
#  Query aligned region: 
#  Target aligned region: 

	
	

#  Matched base-pairing interactions: 
#  Matched base-stacking interactions: 

>>>>>>>>>>   ALIGNMENT ENDS   >>>>>>>>>>

<<<<<<<<<<  ALIGNMENT BEGINS  <<<<<<<<<<

#  Aligning sarcin-ricin_consensus and 4v9f_0:2073-2077_2054-2056_524-527:
#  Alignment score:  2.2
#  P-value:  1.000e+00
#  Query aligned region: 
#  Target aligned region: 

	
	

#  Matched base-pairing interactions: 
#  Matched base-stacking interactions: 

>>>>>>>>>>   ALIGNMENT ENDS   >>>>>>>>>>

<<<<<<<<<<  ALIGNMENT BEGINS  <<<<<<<<<<

#  Aligning sarcin-ricin_consensus and 4v9f_0:2054-2056_2073-2077_524-527:
#  Alignment score:  2.2
#  P-value:  1.000e+00
#  Query aligned region: 
#  Target aligned region: 

	
	

#  Matched base-pairing interactions: 
#  Matched base-stacking interactions: 

>>>>>>>>>>   ALIGNMENT ENDS   >>>>>>>>>>

<<<<<<<<<<  ALIGNMENT BEGINS  <<<<<<<<<<

#  Aligning sarcin-ricin_consensus and 4v9f_0:2054-2056_524-527_2073-2077:
#  Alignment score:  2.2
#  P-value:  1.000e+00
#  Query aligned region: 
#  Target aligned region: 

	
	

#  Matched base-pairing interactions: 
#  Matched base-stacking interactions: 

>>>>>>>>>>   ALIGNMENT ENDS   >>>>>>>>>>

<<<<<<<<<<  ALIGNMENT BEGINS  <<<<<<<<<<

#  Aligning sarcin-ricin_consensus and 4v9f_0:524-527_2073-2077_2054-2056:
#  Alignment score:  2.2
#  P-value:  1.000e+00
#  Query aligned region: 
#  Target aligned region: 

	
	

#  Matched base-pairing interactions: 
#  Matched base-stacking interactions: 

>>>>>>>>>>   ALIGNMENT ENDS   >>>>>>>>>>

<<<<<<<<<<  ALIGNMENT BEGINS  <<<<<<<<<<

#  Aligning sarcin-ricin_consensus and 4v9f_0:524-527_2054-2056_2073-2077:
#  Alignment score:  2.2
#  P-value:  1.000e+00
#  Query aligned region: 
#  Target aligned region: 

	
	

#  Matched base-pairing interactions: 
#  Matched base-stacking interactions: 

>>>>>>>>>>   ALIGNMENT ENDS   >>>>>>>>>>

<<<<<<<<<<  ALIGNMENT BEGINS  <<<<<<<<<<

#  Aligning sarcin-ricin_consensus and 4v9f_0:1426-1432_1417-1422:
#  Alignment score:  2.2
#  P-value:  1.000e+00
#  Query aligned region: 
#  Target aligned region: 

	
	

#  Matched base-pairing interactions: 
#  Matched base-stacking interactions: 

>>>>>>>>>>   ALIGNMENT ENDS   >>>>>>>>>>

<<<<<<<<<<  ALIGNMENT BEGINS  <<<<<<<<<<

#  Aligning sarcin-ricin_consensus and 4v9f_0:828-829_838-841_825-827:
#  Alignment score:  2.2
#  P-value:  1.000e+00
#  Query aligned region: 
#  Target aligned region: 

	
	

#  Matched base-pairing interactions: 
#  Matched base-stacking interactions: 

>>>>>>>>>>   ALIGNMENT ENDS   >>>>>>>>>>

<<<<<<<<<<  ALIGNMENT BEGINS  <<<<<<<<<<

#  Aligning sarcin-ricin_consensus and 4v9f_0:825-827_828-829_838-841:
#  Alignment score:  2.2
#  P-value:  1.000e+00
#  Query aligned region: 
#  Target aligned region: 

	
	

#  Matched base-pairing interactions: 
#  Matched base-stacking interactions: 

>>>>>>>>>>   ALIGNMENT ENDS   >>>>>>>>>>

<<<<<<<<<<  ALIGNMENT BEGINS  <<<<<<<<<<

#  Aligning sarcin-ricin_consensus and 4v9f_0:825-827_838-841_828-829:
#  Alignment score:  2.2
#  P-value:  1.000e+00
#  Query aligned region: 
#  Target aligned region: 

	
	

#  Matched base-pairing interactions: 
#  Matched base-stacking interactions: 

>>>>>>>>>>   ALIGNMENT ENDS   >>>>>>>>>>

<<<<<<<<<<  ALIGNMENT BEGINS  <<<<<<<<<<

#  Aligning sarcin-ricin_consensus and 4v9f_0:1049-1052_2522-2524:
#  Alignment score:  2.2
#  P-value:  1.000e+00
#  Query aligned region: 
#  Target aligned region: 

	
	

#  Matched base-pairing interactions: 
#  Matched base-stacking interactions: 

>>>>>>>>>>   ALIGNMENT ENDS   >>>>>>>>>>

<<<<<<<<<<  ALIGNMENT BEGINS  <<<<<<<<<<

#  Aligning sarcin-ricin_consensus and 4v9f_0:434-435_31-33_432-433:
#  Alignment score:  2.2
#  P-value:  1.000e+00
#  Query aligned region: 
#  Target aligned region: 

	
	

#  Matched base-pairing interactions: 
#  Matched base-stacking interactions: 

>>>>>>>>>>   ALIGNMENT ENDS   >>>>>>>>>>

<<<<<<<<<<  ALIGNMENT BEGINS  <<<<<<<<<<

#  Aligning sarcin-ricin_consensus and 4v9f_0:434-435_432-433_31-33:
#  Alignment score:  2.2
#  P-value:  1.000e+00
#  Query aligned region: 
#  Target aligned region: 

	
	

#  Matched base-pairing interactions: 
#  Matched base-stacking interactions: 

>>>>>>>>>>   ALIGNMENT ENDS   >>>>>>>>>>

<<<<<<<<<<  ALIGNMENT BEGINS  <<<<<<<<<<

#  Aligning sarcin-ricin_consensus and 4v9f_0:2010-2015_1818-1821:
#  Alignment score:  2.1
#  P-value:  1.000e+00
#  Query aligned region: 
#  Target aligned region: 

	
	

#  Matched base-pairing interactions: 
#  Matched base-stacking interactions: 

>>>>>>>>>>   ALIGNMENT ENDS   >>>>>>>>>>

<<<<<<<<<<  ALIGNMENT BEGINS  <<<<<<<<<<

#  Aligning sarcin-ricin_consensus and 4v9f_0:826-834_838-840:
#  Alignment score:  2.1
#  P-value:  1.000e+00
#  Query aligned region: 
#  Target aligned region: 

	
	

#  Matched base-pairing interactions: 
#  Matched base-stacking interactions: 

>>>>>>>>>>   ALIGNMENT ENDS   >>>>>>>>>>

<<<<<<<<<<  ALIGNMENT BEGINS  <<<<<<<<<<

#  Aligning sarcin-ricin_consensus and 4v9f_0:1831-1837_2614-2615_1824-1827:
#  Alignment score:  2.1
#  P-value:  1.000e+00
#  Query aligned region: 
#  Target aligned region: 

	
	

#  Matched base-pairing interactions: 
#  Matched base-stacking interactions: 

>>>>>>>>>>   ALIGNMENT ENDS   >>>>>>>>>>

<<<<<<<<<<  ALIGNMENT BEGINS  <<<<<<<<<<

#  Aligning sarcin-ricin_consensus and 4v9f_0:443-448_471-472_20-24:
#  Alignment score:  2.1
#  P-value:  1.000e+00
#  Query aligned region: 
#  Target aligned region: 

	
	

#  Matched base-pairing interactions: 
#  Matched base-stacking interactions: 

>>>>>>>>>>   ALIGNMENT ENDS   >>>>>>>>>>

<<<<<<<<<<  ALIGNMENT BEGINS  <<<<<<<<<<

#  Aligning sarcin-ricin_consensus and 4v9f_0:443-448_22-25:
#  Alignment score:  2.1
#  P-value:  1.000e+00
#  Query aligned region: 
#  Target aligned region: 

	
	

#  Matched base-pairing interactions: 
#  Matched base-stacking interactions: 

>>>>>>>>>>   ALIGNMENT ENDS   >>>>>>>>>>

<<<<<<<<<<  ALIGNMENT BEGINS  <<<<<<<<<<

#  Aligning sarcin-ricin_consensus and 4v9f_0:328-329_308-311_304-307:
#  Alignment score:  2.1
#  P-value:  1.000e+00
#  Query aligned region: 
#  Target aligned region: 

	
	

#  Matched base-pairing interactions: 
#  Matched base-stacking interactions: 

>>>>>>>>>>   ALIGNMENT ENDS   >>>>>>>>>>

<<<<<<<<<<  ALIGNMENT BEGINS  <<<<<<<<<<

#  Aligning sarcin-ricin_consensus and 4v9f_0:2486-2487_2517-2521_2484-2485:
#  Alignment score:  2.1
#  P-value:  1.000e+00
#  Query aligned region: 
#  Target aligned region: 

	
	

#  Matched base-pairing interactions: 
#  Matched base-stacking interactions: 

>>>>>>>>>>   ALIGNMENT ENDS   >>>>>>>>>>

<<<<<<<<<<  ALIGNMENT BEGINS  <<<<<<<<<<

#  Aligning sarcin-ricin_consensus and 4v9f_0:2085-2087_2082-2084_2642-2646:
#  Alignment score:  2.1
#  P-value:  1.000e+00
#  Query aligned region: 
#  Target aligned region: 

	
	

#  Matched base-pairing interactions: 
#  Matched base-stacking interactions: 

>>>>>>>>>>   ALIGNMENT ENDS   >>>>>>>>>>

<<<<<<<<<<  ALIGNMENT BEGINS  <<<<<<<<<<

#  Aligning sarcin-ricin_consensus and 4v9f_0:31-33_434-435_432-433:
#  Alignment score:  2.1
#  P-value:  1.000e+00
#  Query aligned region: 
#  Target aligned region: 

	
	

#  Matched base-pairing interactions: 
#  Matched base-stacking interactions: 

>>>>>>>>>>   ALIGNMENT ENDS   >>>>>>>>>>

<<<<<<<<<<  ALIGNMENT BEGINS  <<<<<<<<<<

#  Aligning sarcin-ricin_consensus and 4v9f_0:1229-1231_1094-1096:
#  Alignment score:  2.1
#  P-value:  1.000e+00
#  Query aligned region: 
#  Target aligned region: 

	
	

#  Matched base-pairing interactions: 
#  Matched base-stacking interactions: 

>>>>>>>>>>   ALIGNMENT ENDS   >>>>>>>>>>

<<<<<<<<<<  ALIGNMENT BEGINS  <<<<<<<<<<

#  Aligning sarcin-ricin_consensus and 4v9f_0:1850-1854_1859-1863_1845-1846:
#  Alignment score:  2.1
#  P-value:  1.000e+00
#  Query aligned region: 
#  Target aligned region: 

	
	

#  Matched base-pairing interactions: 
#  Matched base-stacking interactions: 

>>>>>>>>>>   ALIGNMENT ENDS   >>>>>>>>>>

<<<<<<<<<<  ALIGNMENT BEGINS  <<<<<<<<<<

#  Aligning sarcin-ricin_consensus and 4v9f_0:1850-1854_1845-1846_1859-1863:
#  Alignment score:  2.1
#  P-value:  1.000e+00
#  Query aligned region: 
#  Target aligned region: 

	
	

#  Matched base-pairing interactions: 
#  Matched base-stacking interactions: 

>>>>>>>>>>   ALIGNMENT ENDS   >>>>>>>>>>

<<<<<<<<<<  ALIGNMENT BEGINS  <<<<<<<<<<

#  Aligning sarcin-ricin_consensus and 4v9f_0:1845-1846_1850-1854_1859-1863:
#  Alignment score:  2.1
#  P-value:  1.000e+00
#  Query aligned region: 
#  Target aligned region: 

	
	

#  Matched base-pairing interactions: 
#  Matched base-stacking interactions: 

>>>>>>>>>>   ALIGNMENT ENDS   >>>>>>>>>>

<<<<<<<<<<  ALIGNMENT BEGINS  <<<<<<<<<<

#  Aligning sarcin-ricin_consensus and 4v9f_0:1584-1594:
#  Alignment score:  2.1
#  P-value:  1.000e+00
#  Query aligned region: 
#  Target aligned region: 

	
	

#  Matched base-pairing interactions: 
#  Matched base-stacking interactions: 

>>>>>>>>>>   ALIGNMENT ENDS   >>>>>>>>>>

<<<<<<<<<<  ALIGNMENT BEGINS  <<<<<<<<<<

#  Aligning sarcin-ricin_consensus and 4v9f_0:1721-1726_2037-2038:
#  Alignment score:  2
#  P-value:  1.000e+00
#  Query aligned region: 
#  Target aligned region: 

	
	

#  Matched base-pairing interactions: 
#  Matched base-stacking interactions: 

>>>>>>>>>>   ALIGNMENT ENDS   >>>>>>>>>>

<<<<<<<<<<  ALIGNMENT BEGINS  <<<<<<<<<<

#  Aligning sarcin-ricin_consensus and 4v9f_0:2106-2108_2625-2628_2619-2624:
#  Alignment score:  2
#  P-value:  1.000e+00
#  Query aligned region: 
#  Target aligned region: 

	
	

#  Matched base-pairing interactions: 
#  Matched base-stacking interactions: 

>>>>>>>>>>   ALIGNMENT ENDS   >>>>>>>>>>

<<<<<<<<<<  ALIGNMENT BEGINS  <<<<<<<<<<

#  Aligning sarcin-ricin_consensus and 4v9f_0:2625-2628_2106-2108_2619-2624:
#  Alignment score:  2
#  P-value:  1.000e+00
#  Query aligned region: 
#  Target aligned region: 

	
	

#  Matched base-pairing interactions: 
#  Matched base-stacking interactions: 

>>>>>>>>>>   ALIGNMENT ENDS   >>>>>>>>>>

<<<<<<<<<<  ALIGNMENT BEGINS  <<<<<<<<<<

#  Aligning sarcin-ricin_consensus and 4v9f_0:2625-2628_2619-2624_2106-2108:
#  Alignment score:  2
#  P-value:  1.000e+00
#  Query aligned region: 
#  Target aligned region: 

	
	

#  Matched base-pairing interactions: 
#  Matched base-stacking interactions: 

>>>>>>>>>>   ALIGNMENT ENDS   >>>>>>>>>>

<<<<<<<<<<  ALIGNMENT BEGINS  <<<<<<<<<<

#  Aligning sarcin-ricin_consensus and 4v9f_0:2572-2575_2592-2594_2587-2590:
#  Alignment score:  2
#  P-value:  1.000e+00
#  Query aligned region: 
#  Target aligned region: 

	
	

#  Matched base-pairing interactions: 
#  Matched base-stacking interactions: 

>>>>>>>>>>   ALIGNMENT ENDS   >>>>>>>>>>

<<<<<<<<<<  ALIGNMENT BEGINS  <<<<<<<<<<

#  Aligning sarcin-ricin_consensus and 4v9f_0:1831-1837_1824-1827_2614-2615:
#  Alignment score:  2
#  P-value:  1.000e+00
#  Query aligned region: 
#  Target aligned region: 

	
	

#  Matched base-pairing interactions: 
#  Matched base-stacking interactions: 

>>>>>>>>>>   ALIGNMENT ENDS   >>>>>>>>>>

<<<<<<<<<<  ALIGNMENT BEGINS  <<<<<<<<<<

#  Aligning sarcin-ricin_consensus and 4v9f_0:766-771_876-879_859-863:
#  Alignment score:  2
#  P-value:  1.000e+00
#  Query aligned region: 
#  Target aligned region: 

	
	

#  Matched base-pairing interactions: 
#  Matched base-stacking interactions: 

>>>>>>>>>>   ALIGNMENT ENDS   >>>>>>>>>>

<<<<<<<<<<  ALIGNMENT BEGINS  <<<<<<<<<<

#  Aligning sarcin-ricin_consensus and 4v9f_0:2073-2077_524-527_2054-2056:
#  Alignment score:  2
#  P-value:  1.000e+00
#  Query aligned region: 
#  Target aligned region: 

	
	

#  Matched base-pairing interactions: 
#  Matched base-stacking interactions: 

>>>>>>>>>>   ALIGNMENT ENDS   >>>>>>>>>>

<<<<<<<<<<  ALIGNMENT BEGINS  <<<<<<<<<<

#  Aligning sarcin-ricin_consensus and 4v9f_0:471-472_443-448_20-24:
#  Alignment score:  2
#  P-value:  1.000e+00
#  Query aligned region: 
#  Target aligned region: 

	
	

#  Matched base-pairing interactions: 
#  Matched base-stacking interactions: 

>>>>>>>>>>   ALIGNMENT ENDS   >>>>>>>>>>

<<<<<<<<<<  ALIGNMENT BEGINS  <<<<<<<<<<

#  Aligning sarcin-ricin_consensus and 4v9f_0:2615-2616_1831-1837_1824-1827:
#  Alignment score:  2
#  P-value:  1.000e+00
#  Query aligned region: 
#  Target aligned region: 

	
	

#  Matched base-pairing interactions: 
#  Matched base-stacking interactions: 

>>>>>>>>>>   ALIGNMENT ENDS   >>>>>>>>>>

<<<<<<<<<<  ALIGNMENT BEGINS  <<<<<<<<<<

#  Aligning sarcin-ricin_consensus and 4v9f_0:1417-1422_1426-1432:
#  Alignment score:  2
#  P-value:  1.000e+00
#  Query aligned region: 
#  Target aligned region: 

	
	

#  Matched base-pairing interactions: 
#  Matched base-stacking interactions: 

>>>>>>>>>>   ALIGNMENT ENDS   >>>>>>>>>>

<<<<<<<<<<  ALIGNMENT BEGINS  <<<<<<<<<<

#  Aligning sarcin-ricin_consensus and 4v9f_0:2486-2487_2484-2485_2517-2521:
#  Alignment score:  2
#  P-value:  1.000e+00
#  Query aligned region: 
#  Target aligned region: 

	
	

#  Matched base-pairing interactions: 
#  Matched base-stacking interactions: 

>>>>>>>>>>   ALIGNMENT ENDS   >>>>>>>>>>

<<<<<<<<<<  ALIGNMENT BEGINS  <<<<<<<<<<

#  Aligning sarcin-ricin_consensus and 4v9f_0:2484-2485_2486-2487_2517-2521:
#  Alignment score:  2
#  P-value:  1.000e+00
#  Query aligned region: 
#  Target aligned region: 

	
	

#  Matched base-pairing interactions: 
#  Matched base-stacking interactions: 

>>>>>>>>>>   ALIGNMENT ENDS   >>>>>>>>>>

<<<<<<<<<<  ALIGNMENT BEGINS  <<<<<<<<<<

#  Aligning sarcin-ricin_consensus and 4v9f_0:2419-2424_2308-2309_2451-2454:
#  Alignment score:  2
#  P-value:  1.000e+00
#  Query aligned region: 
#  Target aligned region: 

	
	

#  Matched base-pairing interactions: 
#  Matched base-stacking interactions: 

>>>>>>>>>>   ALIGNMENT ENDS   >>>>>>>>>>

<<<<<<<<<<  ALIGNMENT BEGINS  <<<<<<<<<<

#  Aligning sarcin-ricin_consensus and 4v9f_0:2419-2424_2308-2309_2451-2454:
#  Alignment score:  2
#  P-value:  1.000e+00
#  Query aligned region: 
#  Target aligned region: 

	
	

#  Matched base-pairing interactions: 
#  Matched base-stacking interactions: 

>>>>>>>>>>   ALIGNMENT ENDS   >>>>>>>>>>

<<<<<<<<<<  ALIGNMENT BEGINS  <<<<<<<<<<

#  Aligning sarcin-ricin_consensus and 4v9f_0:2137-2139_2135-2136_2221-2224:
#  Alignment score:  2
#  P-value:  1.000e+00
#  Query aligned region: 
#  Target aligned region: 

	
	

#  Matched base-pairing interactions: 
#  Matched base-stacking interactions: 

>>>>>>>>>>   ALIGNMENT ENDS   >>>>>>>>>>

<<<<<<<<<<  ALIGNMENT BEGINS  <<<<<<<<<<

#  Aligning sarcin-ricin_consensus and 4v9f_0:1807-1810_1804-1806_1776-1777:
#  Alignment score:  2
#  P-value:  1.000e+00
#  Query aligned region: 
#  Target aligned region: 

	
	

#  Matched base-pairing interactions: 
#  Matched base-stacking interactions: 

>>>>>>>>>>   ALIGNMENT ENDS   >>>>>>>>>>

<<<<<<<<<<  ALIGNMENT BEGINS  <<<<<<<<<<

#  Aligning sarcin-ricin_consensus and 4v9f_0:838-841_828-829_825-827:
#  Alignment score:  2
#  P-value:  1.000e+00
#  Query aligned region: 
#  Target aligned region: 

	
	

#  Matched base-pairing interactions: 
#  Matched base-stacking interactions: 

>>>>>>>>>>   ALIGNMENT ENDS   >>>>>>>>>>

<<<<<<<<<<  ALIGNMENT BEGINS  <<<<<<<<<<

#  Aligning sarcin-ricin_consensus and 4v9f_0:662-668:
#  Alignment score:  2
#  P-value:  1.000e+00
#  Query aligned region: 
#  Target aligned region: 

	
	

#  Matched base-pairing interactions: 
#  Matched base-stacking interactions: 

>>>>>>>>>>   ALIGNMENT ENDS   >>>>>>>>>>

<<<<<<<<<<  ALIGNMENT BEGINS  <<<<<<<<<<

#  Aligning sarcin-ricin_consensus and 4v9f_0:2219-2223_2136-2141:
#  Alignment score:  2
#  P-value:  1.000e+00
#  Query aligned region: 
#  Target aligned region: 

	
	

#  Matched base-pairing interactions: 
#  Matched base-stacking interactions: 

>>>>>>>>>>   ALIGNMENT ENDS   >>>>>>>>>>

<<<<<<<<<<  ALIGNMENT BEGINS  <<<<<<<<<<

#  Aligning sarcin-ricin_consensus and 4v9f_0:2065-2069_2060-2062:
#  Alignment score:  2
#  P-value:  1.000e+00
#  Query aligned region: 
#  Target aligned region: 

	
	

#  Matched base-pairing interactions: 
#  Matched base-stacking interactions: 

>>>>>>>>>>   ALIGNMENT ENDS   >>>>>>>>>>

<<<<<<<<<<  ALIGNMENT BEGINS  <<<<<<<<<<

#  Aligning sarcin-ricin_consensus and 4v9f_0:2-5_522-524:
#  Alignment score:  2
#  P-value:  1.000e+00
#  Query aligned region: 
#  Target aligned region: 

	
	

#  Matched base-pairing interactions: 
#  Matched base-stacking interactions: 

>>>>>>>>>>   ALIGNMENT ENDS   >>>>>>>>>>

<<<<<<<<<<  ALIGNMENT BEGINS  <<<<<<<<<<

#  Aligning sarcin-ricin_consensus and 4v9f_0:2517-2521_2486-2487_2484-2485:
#  Alignment score:  1.9
#  P-value:  1.000e+00
#  Query aligned region: 
#  Target aligned region: 

	
	

#  Matched base-pairing interactions: 
#  Matched base-stacking interactions: 

>>>>>>>>>>   ALIGNMENT ENDS   >>>>>>>>>>

<<<<<<<<<<  ALIGNMENT BEGINS  <<<<<<<<<<

#  Aligning sarcin-ricin_consensus and 4v9f_0:2517-2521_2484-2485_2486-2487:
#  Alignment score:  1.9
#  P-value:  1.000e+00
#  Query aligned region: 
#  Target aligned region: 

	
	

#  Matched base-pairing interactions: 
#  Matched base-stacking interactions: 

>>>>>>>>>>   ALIGNMENT ENDS   >>>>>>>>>>

<<<<<<<<<<  ALIGNMENT BEGINS  <<<<<<<<<<

#  Aligning sarcin-ricin_consensus and 4v9f_0:2419-2424_2451-2454_2308-2309:
#  Alignment score:  1.9
#  P-value:  1.000e+00
#  Query aligned region: 
#  Target aligned region: 

	
	

#  Matched base-pairing interactions: 
#  Matched base-stacking interactions: 

>>>>>>>>>>   ALIGNMENT ENDS   >>>>>>>>>>

<<<<<<<<<<  ALIGNMENT BEGINS  <<<<<<<<<<

#  Aligning sarcin-ricin_consensus and 4v9f_0:2419-2424_2451-2454_2308-2309:
#  Alignment score:  1.9
#  P-value:  1.000e+00
#  Query aligned region: 
#  Target aligned region: 

	
	

#  Matched base-pairing interactions: 
#  Matched base-stacking interactions: 

>>>>>>>>>>   ALIGNMENT ENDS   >>>>>>>>>>

<<<<<<<<<<  ALIGNMENT BEGINS  <<<<<<<<<<

#  Aligning sarcin-ricin_consensus and 4v9f_0:2137-2139_2221-2224_2135-2136:
#  Alignment score:  1.9
#  P-value:  1.000e+00
#  Query aligned region: 
#  Target aligned region: 

	
	

#  Matched base-pairing interactions: 
#  Matched base-stacking interactions: 

>>>>>>>>>>   ALIGNMENT ENDS   >>>>>>>>>>

<<<<<<<<<<  ALIGNMENT BEGINS  <<<<<<<<<<

#  Aligning sarcin-ricin_consensus and 4v9f_0:2135-2136_2137-2139_2221-2224:
#  Alignment score:  1.9
#  P-value:  1.000e+00
#  Query aligned region: 
#  Target aligned region: 

	
	

#  Matched base-pairing interactions: 
#  Matched base-stacking interactions: 

>>>>>>>>>>   ALIGNMENT ENDS   >>>>>>>>>>

<<<<<<<<<<  ALIGNMENT BEGINS  <<<<<<<<<<

#  Aligning sarcin-ricin_consensus and 4v9f_0:2135-2136_2221-2224_2137-2139:
#  Alignment score:  1.9
#  P-value:  1.000e+00
#  Query aligned region: 
#  Target aligned region: 

	
	

#  Matched base-pairing interactions: 
#  Matched base-stacking interactions: 

>>>>>>>>>>   ALIGNMENT ENDS   >>>>>>>>>>

<<<<<<<<<<  ALIGNMENT BEGINS  <<<<<<<<<<

#  Aligning sarcin-ricin_consensus and 4v9f_0:1424-1429_1421-1423_1386-1387:
#  Alignment score:  1.9
#  P-value:  1.000e+00
#  Query aligned region: 
#  Target aligned region: 

	
	

#  Matched base-pairing interactions: 
#  Matched base-stacking interactions: 

>>>>>>>>>>   ALIGNMENT ENDS   >>>>>>>>>>

<<<<<<<<<<  ALIGNMENT BEGINS  <<<<<<<<<<

#  Aligning sarcin-ricin_consensus and 4v9f_0:1424-1429_1386-1387_1421-1423:
#  Alignment score:  1.9
#  P-value:  1.000e+00
#  Query aligned region: 
#  Target aligned region: 

	
	

#  Matched base-pairing interactions: 
#  Matched base-stacking interactions: 

>>>>>>>>>>   ALIGNMENT ENDS   >>>>>>>>>>

<<<<<<<<<<  ALIGNMENT BEGINS  <<<<<<<<<<

#  Aligning sarcin-ricin_consensus and 4v9f_0:1386-1387_1424-1429_1421-1423:
#  Alignment score:  1.9
#  P-value:  1.000e+00
#  Query aligned region: 
#  Target aligned region: 

	
	

#  Matched base-pairing interactions: 
#  Matched base-stacking interactions: 

>>>>>>>>>>   ALIGNMENT ENDS   >>>>>>>>>>

<<<<<<<<<<  ALIGNMENT BEGINS  <<<<<<<<<<

#  Aligning sarcin-ricin_consensus and 4v9f_0:390-391_382-386:
#  Alignment score:  1.8
#  P-value:  1.000e+00
#  Query aligned region: 
#  Target aligned region: 

	
	

#  Matched base-pairing interactions: 
#  Matched base-stacking interactions: 

>>>>>>>>>>   ALIGNMENT ENDS   >>>>>>>>>>

<<<<<<<<<<  ALIGNMENT BEGINS  <<<<<<<<<<

#  Aligning sarcin-ricin_consensus and 4v9f_0:1050-1052_1045-1046:
#  Alignment score:  1.8
#  P-value:  1.000e+00
#  Query aligned region: 
#  Target aligned region: 

	
	

#  Matched base-pairing interactions: 
#  Matched base-stacking interactions: 

>>>>>>>>>>   ALIGNMENT ENDS   >>>>>>>>>>

<<<<<<<<<<  ALIGNMENT BEGINS  <<<<<<<<<<

#  Aligning sarcin-ricin_consensus and 4v9f_0:728-729_2396-2398:
#  Alignment score:  1.8
#  P-value:  1.000e+00
#  Query aligned region: 
#  Target aligned region: 

	
	

#  Matched base-pairing interactions: 
#  Matched base-stacking interactions: 

>>>>>>>>>>   ALIGNMENT ENDS   >>>>>>>>>>

<<<<<<<<<<  ALIGNMENT BEGINS  <<<<<<<<<<

#  Aligning sarcin-ricin_consensus and 4v9f_0:2221-2224_2137-2139_2135-2136:
#  Alignment score:  1.8
#  P-value:  1.000e+00
#  Query aligned region: 
#  Target aligned region: 

	
	

#  Matched base-pairing interactions: 
#  Matched base-stacking interactions: 

>>>>>>>>>>   ALIGNMENT ENDS   >>>>>>>>>>

<<<<<<<<<<  ALIGNMENT BEGINS  <<<<<<<<<<

#  Aligning sarcin-ricin_consensus and 4v9f_0:1684-1687_1678-1680:
#  Alignment score:  1.8
#  P-value:  1.000e+00
#  Query aligned region: 
#  Target aligned region: 

	
	

#  Matched base-pairing interactions: 
#  Matched base-stacking interactions: 

>>>>>>>>>>   ALIGNMENT ENDS   >>>>>>>>>>

<<<<<<<<<<  ALIGNMENT BEGINS  <<<<<<<<<<

#  Aligning sarcin-ricin_consensus and 4v9f_0:1343-1345_1293-1295:
#  Alignment score:  1.8
#  P-value:  1.000e+00
#  Query aligned region: 
#  Target aligned region: 

	
	

#  Matched base-pairing interactions: 
#  Matched base-stacking interactions: 

>>>>>>>>>>   ALIGNMENT ENDS   >>>>>>>>>>

<<<<<<<<<<  ALIGNMENT BEGINS  <<<<<<<<<<

#  Aligning sarcin-ricin_consensus and 4v9f_0:2467-2469_2102-2104:
#  Alignment score:  1.8
#  P-value:  1.000e+00
#  Query aligned region: 
#  Target aligned region: 

	
	

#  Matched base-pairing interactions: 
#  Matched base-stacking interactions: 

>>>>>>>>>>   ALIGNMENT ENDS   >>>>>>>>>>

<<<<<<<<<<  ALIGNMENT BEGINS  <<<<<<<<<<

#  Aligning sarcin-ricin_consensus and 4v9f_0:382-386_390-391:
#  Alignment score:  1.7
#  P-value:  1.000e+00
#  Query aligned region: 
#  Target aligned region: 

	
	

#  Matched base-pairing interactions: 
#  Matched base-stacking interactions: 

>>>>>>>>>>   ALIGNMENT ENDS   >>>>>>>>>>

<<<<<<<<<<  ALIGNMENT BEGINS  <<<<<<<<<<

#  Aligning sarcin-ricin_consensus and 4v9f_0:96-100_63-66:
#  Alignment score:  1.7
#  P-value:  1.000e+00
#  Query aligned region: 
#  Target aligned region: 

	
	

#  Matched base-pairing interactions: 
#  Matched base-stacking interactions: 

>>>>>>>>>>   ALIGNMENT ENDS   >>>>>>>>>>

<<<<<<<<<<  ALIGNMENT BEGINS  <<<<<<<<<<

#  Aligning sarcin-ricin_consensus and 4v9f_0:63-66_96-100:
#  Alignment score:  1.7
#  P-value:  1.000e+00
#  Query aligned region: 
#  Target aligned region: 

	
	

#  Matched base-pairing interactions: 
#  Matched base-stacking interactions: 

>>>>>>>>>>   ALIGNMENT ENDS   >>>>>>>>>>

<<<<<<<<<<  ALIGNMENT BEGINS  <<<<<<<<<<

#  Aligning sarcin-ricin_consensus and 4v9f_0:838-840_826-834:
#  Alignment score:  1.7
#  P-value:  1.000e+00
#  Query aligned region: 
#  Target aligned region: 

	
	

#  Matched base-pairing interactions: 
#  Matched base-stacking interactions: 

>>>>>>>>>>   ALIGNMENT ENDS   >>>>>>>>>>

<<<<<<<<<<  ALIGNMENT BEGINS  <<<<<<<<<<

#  Aligning sarcin-ricin_consensus and 4v9f_0:2839-2843_2824-2826:
#  Alignment score:  1.7
#  P-value:  1.000e+00
#  Query aligned region: 
#  Target aligned region: 

	
	

#  Matched base-pairing interactions: 
#  Matched base-stacking interactions: 

>>>>>>>>>>   ALIGNMENT ENDS   >>>>>>>>>>

<<<<<<<<<<  ALIGNMENT BEGINS  <<<<<<<<<<

#  Aligning sarcin-ricin_consensus and 4v9f_0:2753-2758_2707-2714:
#  Alignment score:  1.7
#  P-value:  1.000e+00
#  Query aligned region: 
#  Target aligned region: 

	
	

#  Matched base-pairing interactions: 
#  Matched base-stacking interactions: 

>>>>>>>>>>   ALIGNMENT ENDS   >>>>>>>>>>

<<<<<<<<<<  ALIGNMENT BEGINS  <<<<<<<<<<

#  Aligning sarcin-ricin_consensus and 4v9f_0:897-898_1318-1322:
#  Alignment score:  1.7
#  P-value:  1.000e+00
#  Query aligned region: 
#  Target aligned region: 

	
	

#  Matched base-pairing interactions: 
#  Matched base-stacking interactions: 

>>>>>>>>>>   ALIGNMENT ENDS   >>>>>>>>>>

<<<<<<<<<<  ALIGNMENT BEGINS  <<<<<<<<<<

#  Aligning sarcin-ricin_consensus and 4v9f_0:1318-1322_897-898:
#  Alignment score:  1.7
#  P-value:  1.000e+00
#  Query aligned region: 
#  Target aligned region: 

	
	

#  Matched base-pairing interactions: 
#  Matched base-stacking interactions: 

>>>>>>>>>>   ALIGNMENT ENDS   >>>>>>>>>>

<<<<<<<<<<  ALIGNMENT BEGINS  <<<<<<<<<<

#  Aligning sarcin-ricin_consensus and 4v9f_0:2609-2610_2607-2608_2533-2535:
#  Alignment score:  1.7
#  P-value:  1.000e+00
#  Query aligned region: 
#  Target aligned region: 

	
	

#  Matched base-pairing interactions: 
#  Matched base-stacking interactions: 

>>>>>>>>>>   ALIGNMENT ENDS   >>>>>>>>>>

<<<<<<<<<<  ALIGNMENT BEGINS  <<<<<<<<<<

#  Aligning sarcin-ricin_consensus and 4v9f_0:2609-2610_2533-2535_2607-2608:
#  Alignment score:  1.7
#  P-value:  1.000e+00
#  Query aligned region: 
#  Target aligned region: 

	
	

#  Matched base-pairing interactions: 
#  Matched base-stacking interactions: 

>>>>>>>>>>   ALIGNMENT ENDS   >>>>>>>>>>

<<<<<<<<<<  ALIGNMENT BEGINS  <<<<<<<<<<

#  Aligning sarcin-ricin_consensus and 4v9f_0:2484-2485_2517-2521_2486-2487:
#  Alignment score:  1.7
#  P-value:  1.000e+00
#  Query aligned region: 
#  Target aligned region: 

	
	

#  Matched base-pairing interactions: 
#  Matched base-stacking interactions: 

>>>>>>>>>>   ALIGNMENT ENDS   >>>>>>>>>>

<<<<<<<<<<  ALIGNMENT BEGINS  <<<<<<<<<<

#  Aligning sarcin-ricin_consensus and 4v9f_0:2221-2224_2135-2136_2137-2139:
#  Alignment score:  1.7
#  P-value:  1.000e+00
#  Query aligned region: 
#  Target aligned region: 

	
	

#  Matched base-pairing interactions: 
#  Matched base-stacking interactions: 

>>>>>>>>>>   ALIGNMENT ENDS   >>>>>>>>>>

<<<<<<<<<<  ALIGNMENT BEGINS  <<<<<<<<<<

#  Aligning sarcin-ricin_consensus and 4v9f_0:1807-1810_1776-1777_1804-1806:
#  Alignment score:  1.7
#  P-value:  1.000e+00
#  Query aligned region: 
#  Target aligned region: 

	
	

#  Matched base-pairing interactions: 
#  Matched base-stacking interactions: 

>>>>>>>>>>   ALIGNMENT ENDS   >>>>>>>>>>

<<<<<<<<<<  ALIGNMENT BEGINS  <<<<<<<<<<

#  Aligning sarcin-ricin_consensus and 4v9f_0:1372-1373_1392-1393:
#  Alignment score:  1.7
#  P-value:  1.000e+00
#  Query aligned region: 
#  Target aligned region: 

	
	

#  Matched base-pairing interactions: 
#  Matched base-stacking interactions: 

>>>>>>>>>>   ALIGNMENT ENDS   >>>>>>>>>>

<<<<<<<<<<  ALIGNMENT BEGINS  <<<<<<<<<<

#  Aligning sarcin-ricin_consensus and 4v9f_0:1293-1295_1343-1345:
#  Alignment score:  1.7
#  P-value:  1.000e+00
#  Query aligned region: 
#  Target aligned region: 

	
	

#  Matched base-pairing interactions: 
#  Matched base-stacking interactions: 

>>>>>>>>>>   ALIGNMENT ENDS   >>>>>>>>>>

<<<<<<<<<<  ALIGNMENT BEGINS  <<<<<<<<<<

#  Aligning sarcin-ricin_consensus and 4v9f_0:1153-1155_1175-1177:
#  Alignment score:  1.7
#  P-value:  1.000e+00
#  Query aligned region: 
#  Target aligned region: 

	
	

#  Matched base-pairing interactions: 
#  Matched base-stacking interactions: 

>>>>>>>>>>   ALIGNMENT ENDS   >>>>>>>>>>

<<<<<<<<<<  ALIGNMENT BEGINS  <<<<<<<<<<

#  Aligning sarcin-ricin_consensus and 4v9f_0:838-841_825-827_828-829:
#  Alignment score:  1.7
#  P-value:  1.000e+00
#  Query aligned region: 
#  Target aligned region: 

	
	

#  Matched base-pairing interactions: 
#  Matched base-stacking interactions: 

>>>>>>>>>>   ALIGNMENT ENDS   >>>>>>>>>>

<<<<<<<<<<  ALIGNMENT BEGINS  <<<<<<<<<<

#  Aligning sarcin-ricin_consensus and 4v9f_0:1173-1175_1184-1185:
#  Alignment score:  1.7
#  P-value:  1.000e+00
#  Query aligned region: 
#  Target aligned region: 

	
	

#  Matched base-pairing interactions: 
#  Matched base-stacking interactions: 

>>>>>>>>>>   ALIGNMENT ENDS   >>>>>>>>>>

<<<<<<<<<<  ALIGNMENT BEGINS  <<<<<<<<<<

#  Aligning sarcin-ricin_consensus and 4v9f_0:1045-1046_1050-1052:
#  Alignment score:  1.6
#  P-value:  1.000e+00
#  Query aligned region: 
#  Target aligned region: 

	
	

#  Matched base-pairing interactions: 
#  Matched base-stacking interactions: 

>>>>>>>>>>   ALIGNMENT ENDS   >>>>>>>>>>

<<<<<<<<<<  ALIGNMENT BEGINS  <<<<<<<<<<

#  Aligning sarcin-ricin_consensus and 4v9f_0:2533-2535_2609-2610_2607-2608:
#  Alignment score:  1.6
#  P-value:  1.000e+00
#  Query aligned region: 
#  Target aligned region: 

	
	

#  Matched base-pairing interactions: 
#  Matched base-stacking interactions: 

>>>>>>>>>>   ALIGNMENT ENDS   >>>>>>>>>>

<<<<<<<<<<  ALIGNMENT BEGINS  <<<<<<<<<<

#  Aligning sarcin-ricin_consensus and 4v9f_0:1398-1400_1692-1693:
#  Alignment score:  1.6
#  P-value:  1.000e+00
#  Query aligned region: 
#  Target aligned region: 

	
	

#  Matched base-pairing interactions: 
#  Matched base-stacking interactions: 

>>>>>>>>>>   ALIGNMENT ENDS   >>>>>>>>>>

<<<<<<<<<<  ALIGNMENT BEGINS  <<<<<<<<<<

#  Aligning sarcin-ricin_consensus and 4v9f_0:2102-2104_2467-2469:
#  Alignment score:  1.6
#  P-value:  1.000e+00
#  Query aligned region: 
#  Target aligned region: 

	
	

#  Matched base-pairing interactions: 
#  Matched base-stacking interactions: 

>>>>>>>>>>   ALIGNMENT ENDS   >>>>>>>>>>

<<<<<<<<<<  ALIGNMENT BEGINS  <<<<<<<<<<

#  Aligning sarcin-ricin_consensus and 4v9f_0:545-546_597-599:
#  Alignment score:  1.5
#  P-value:  1.000e+00
#  Query aligned region: 
#  Target aligned region: 

	
	

#  Matched base-pairing interactions: 
#  Matched base-stacking interactions: 

>>>>>>>>>>   ALIGNMENT ENDS   >>>>>>>>>>

<<<<<<<<<<  ALIGNMENT BEGINS  <<<<<<<<<<

#  Aligning sarcin-ricin_consensus and 4v9f_0:2824-2826_2839-2843:
#  Alignment score:  1.4
#  P-value:  1.000e+00
#  Query aligned region: 
#  Target aligned region: 

	
	

#  Matched base-pairing interactions: 
#  Matched base-stacking interactions: 

>>>>>>>>>>   ALIGNMENT ENDS   >>>>>>>>>>

<<<<<<<<<<  ALIGNMENT BEGINS  <<<<<<<<<<

#  Aligning sarcin-ricin_consensus and 4v9f_0:1678-1680_1684-1687:
#  Alignment score:  1.4
#  P-value:  1.000e+00
#  Query aligned region: 
#  Target aligned region: 

	
	

#  Matched base-pairing interactions: 
#  Matched base-stacking interactions: 

>>>>>>>>>>   ALIGNMENT ENDS   >>>>>>>>>>

<<<<<<<<<<  ALIGNMENT BEGINS  <<<<<<<<<<

#  Aligning sarcin-ricin_consensus and 4v9f_0:1692-1693_1398-1400:
#  Alignment score:  1.4
#  P-value:  1.000e+00
#  Query aligned region: 
#  Target aligned region: 

	
	

#  Matched base-pairing interactions: 
#  Matched base-stacking interactions: 

>>>>>>>>>>   ALIGNMENT ENDS   >>>>>>>>>>

<<<<<<<<<<  ALIGNMENT BEGINS  <<<<<<<<<<

#  Aligning sarcin-ricin_consensus and 4v9f_0:1392-1393_1372-1373:
#  Alignment score:  1.4
#  P-value:  1.000e+00
#  Query aligned region: 
#  Target aligned region: 

	
	

#  Matched base-pairing interactions: 
#  Matched base-stacking interactions: 

>>>>>>>>>>   ALIGNMENT ENDS   >>>>>>>>>>

<<<<<<<<<<  ALIGNMENT BEGINS  <<<<<<<<<<

#  Aligning sarcin-ricin_consensus and 4v9f_0:1175-1177_1153-1155:
#  Alignment score:  1.4
#  P-value:  1.000e+00
#  Query aligned region: 
#  Target aligned region: 

	
	

#  Matched base-pairing interactions: 
#  Matched base-stacking interactions: 

>>>>>>>>>>   ALIGNMENT ENDS   >>>>>>>>>>

<<<<<<<<<<  ALIGNMENT BEGINS  <<<<<<<<<<

#  Aligning sarcin-ricin_consensus and 4v9f_0:597-599_545-546:
#  Alignment score:  1.4
#  P-value:  1.000e+00
#  Query aligned region: 
#  Target aligned region: 

	
	

#  Matched base-pairing interactions: 
#  Matched base-stacking interactions: 

>>>>>>>>>>   ALIGNMENT ENDS   >>>>>>>>>>

<<<<<<<<<<  ALIGNMENT BEGINS  <<<<<<<<<<

#  Aligning sarcin-ricin_consensus and 4v9f_0:2136-2141_2219-2223:
#  Alignment score:  1.4
#  P-value:  1.000e+00
#  Query aligned region: 
#  Target aligned region: 

	
	

#  Matched base-pairing interactions: 
#  Matched base-stacking interactions: 

>>>>>>>>>>   ALIGNMENT ENDS   >>>>>>>>>>

<<<<<<<<<<  ALIGNMENT BEGINS  <<<<<<<<<<

#  Aligning sarcin-ricin_consensus and 4v9f_0:830-835:
#  Alignment score:  1.4
#  P-value:  1.000e+00
#  Query aligned region: 
#  Target aligned region: 

	
	

#  Matched base-pairing interactions: 
#  Matched base-stacking interactions: 

>>>>>>>>>>   ALIGNMENT ENDS   >>>>>>>>>>

<<<<<<<<<<  ALIGNMENT BEGINS  <<<<<<<<<<

#  Aligning sarcin-ricin_consensus and 4v9f_0:522-524_2-5:
#  Alignment score:  1.4
#  P-value:  1.000e+00
#  Query aligned region: 
#  Target aligned region: 

	
	

#  Matched base-pairing interactions: 
#  Matched base-stacking interactions: 

>>>>>>>>>>   ALIGNMENT ENDS   >>>>>>>>>>

<<<<<<<<<<  ALIGNMENT BEGINS  <<<<<<<<<<

#  Aligning sarcin-ricin_consensus and 4v9f_0:1097-1102:
#  Alignment score:  1.2
#  P-value:  1.000e+00
#  Query aligned region: 
#  Target aligned region: 

	
	

#  Matched base-pairing interactions: 
#  Matched base-stacking interactions: 

>>>>>>>>>>   ALIGNMENT ENDS   >>>>>>>>>>

<<<<<<<<<<  ALIGNMENT BEGINS  <<<<<<<<<<

#  Aligning sarcin-ricin_consensus and 4v9f_0:1094-1096_1229-1231:
#  Alignment score:  1
#  P-value:  1.000e+00
#  Query aligned region: 
#  Target aligned region: 

	
	

#  Matched base-pairing interactions: 
#  Matched base-stacking interactions: 

>>>>>>>>>>   ALIGNMENT ENDS   >>>>>>>>>>

<<<<<<<<<<  ALIGNMENT BEGINS  <<<<<<<<<<

#  Aligning sarcin-ricin_consensus and 4v9f_0:2403-2408:
#  Alignment score:  0.9
#  P-value:  1.000e+00
#  Query aligned region: 
#  Target aligned region: 

	
	

#  Matched base-pairing interactions: 
#  Matched base-stacking interactions: 

>>>>>>>>>>   ALIGNMENT ENDS   >>>>>>>>>>

