$ /home/s081p868/scratch/RNAMotifScanX-release/bin/scan /home/s081p868/scratch/RNAMotifScanX-release/models/k-turn_consensus.struct /rfs/poseidon_share/s081p868/RNAMotifScanX_nr/rmsx_work_default/4v6u/B1/4v6u_B1.rmsx.in --map_pdb=/rfs/poseidon_share/s081p868/RNAMotifScanX_nr/rmsx_work_default/4v6u/B1/4v6u_B1.rmsx.nch --pvalue 1.0 --num_threads 16 --write_alignment
<<<<<<<<<<  ALIGNMENT BEGINS  <<<<<<<<<<

#  Aligning k-turn_consensus and 4v6u_B1:1375-1381_1348-1357_369-370:
#  Alignment score:  124
#  P-value:  1.333e-02
#  Query aligned region: 0-4,5-12
#  Target aligned region: 0:'B1'1376-4:'B1'1380,8:'B1'1350-15:'B1'1357

	GGGAG...CGAAGAAC
	UGGAG...CGUAGAAG

#  Matched base-pairing interactions: 
	<G(1:)-A(11:) trans S/H>                       MATCHES	<G(1:'B1'1377)-A(14:'B1'1356) trans S/H>
	<G(2:)-A(10:) trans S/H>                       MATCHES	<G(2:'B1'1378)-A(13:'B1'1355) trans S/H>
	<A(3:)-G(9:) trans H/S>                        MATCHES	<A(3:'B1'1379)-G(12:'B1'1354) trans H/S>
	<G(4:)-C(5:) cis W/W>                          MATCHES	<G(4:'B1'1380)-C(8:'B1'1350) cis W/W>
	<A(3:)-G(6:) trans S/S>                        MATCHES	<A(3:'B1'1379)-G(9:'B1'1351) cis -/->
	<G(4:)-A(10:) trans S/S>                       MATCHES	<G(4:'B1'1380)-A(13:'B1'1355) cis -/->
	<G(0:)-C(12:) cis W/W>                         MATCHES	<U(0:'B1'1376)-G(15:'B1'1357) cis W/W>
#  Matched base-stacking interactions: 
	<A(3:)-A(10:) outward>                         MATCHES	<A(3:'B1'1379)-A(13:'B1'1355) outward>

>>>>>>>>>>   ALIGNMENT ENDS   >>>>>>>>>>

<<<<<<<<<<  ALIGNMENT BEGINS  <<<<<<<<<<

#  Aligning k-turn_consensus and 4v6u_B1:634-642_578-592_1360-1362:
#  Alignment score:  109
#  P-value:  1.873e-02
#  Query aligned region: 0-4,5-12
#  Target aligned region: 0:'B1'635-4:'B1'639,15:'B1'585-22:'B1'592

	GGGAG...CGAAGAAC
	GGGAC...GAAUGAGC

#  Matched base-pairing interactions: 
	<A(3:)-G(9:) trans H/S>                        MATCHES	<A(3:'B1'638)-G(19:'B1'589) trans H/S>
	<A(3:)-G(6:) trans S/S>                        MATCHES	<A(3:'B1'638)-A(16:'B1'586) trans W/S>
	<G(4:)-C(5:) cis W/W>                          MATCHES	<C(4:'B1'639)-G(15:'B1'585) cis W/W>
	<G(2:)-A(10:) trans S/H>                       MATCHES	<G(2:'B1'637)-A(20:'B1'590) trans S/H>
	<G(4:)-A(10:) trans S/S>                       MATCHES	<C(4:'B1'639)-A(20:'B1'590) cis -/->
	<G(1:)-A(11:) trans S/H>                       MATCHES	<G(1:'B1'636)-G(21:'B1'591) trans S/H>
	<G(0:)-C(12:) cis W/W>                         MATCHES	<G(0:'B1'635)-C(22:'B1'592) cis W/W>
#  Matched base-stacking interactions: 
	<A(3:)-A(10:) outward>                         MATCHES	<A(3:'B1'638)-A(20:'B1'590) outward>

>>>>>>>>>>   ALIGNMENT ENDS   >>>>>>>>>>

<<<<<<<<<<  ALIGNMENT BEGINS  <<<<<<<<<<

#  Aligning k-turn_consensus and 4v6u_B1:2277-2283_2249-2258:
#  Alignment score:  79.5
#  P-value:  4.639e-02
#  Query aligned region: 0-4,5-12
#  Target aligned region: 0:'B1'2278-4:'B1'2282,9:'B1'2252-16:'B1'2259

	GGGAG...C-GAAGAAC
	UGGAG...CGU-CGAAG

#  Matched base-pairing interactions: 
	<A(3:)-G(9:) trans H/S>                        MATCHES	<A(3:'B1'2281)-G(13:'B1'2256) trans H/S>
	<G(2:)-A(10:) trans S/H>                       MATCHES	<G(2:'B1'2280)-A(14:'B1'2257) trans S/H>
	<A(3:)-G(6:) trans S/S>                        MATCHES	<A(3:'B1'2281)-U(11:'B1'2254) cis -/->
	<G(4:)-C(5:) cis W/W>                          MATCHES	<G(4:'B1'2282)-C(9:'B1'2252) cis W/W>
	<G(4:)-A(10:) trans S/S>                       MATCHES	<G(4:'B1'2282)-A(14:'B1'2257) cis -/->
	<G(1:)-A(11:) trans S/H>                       MATCHES	<G(1:'B1'2279)-A(15:'B1'2258) cis -/->
	<G(0:)-C(12:) cis W/W>                         MATCHES	<U(0:'B1'2278)-G(16:'B1'2259) cis W/W>
#  Matched base-stacking interactions: 

>>>>>>>>>>   ALIGNMENT ENDS   >>>>>>>>>>

<<<<<<<<<<  ALIGNMENT BEGINS  <<<<<<<<<<

#  Aligning k-turn_consensus and 4v6u_B1:79-84_96-105:
#  Alignment score:  79
#  P-value:  4.730e-02
#  Query aligned region: 0-4,5-12
#  Target aligned region: 1:'B1'81-5:'B1'85,6:'B1'97-13:'B1'104

	GGGAG...CGAAGAAC
	GCGAG...CGUCGAAC

#  Matched base-pairing interactions: 
	<G(4:)-C(5:) cis W/W>                          MATCHES	<G(5:'B1'85)-C(6:'B1'97) cis W/W>
	<A(3:)-G(9:) trans H/S>                        MATCHES	<A(4:'B1'84)-G(10:'B1'101) trans H/S>
	<A(3:)-G(6:) trans S/S>                        MATCHES	<A(4:'B1'84)-G(7:'B1'98) cis -/->
	<G(2:)-A(10:) trans S/H>                       MATCHES	<G(3:'B1'83)-A(11:'B1'102) trans S/H>
	<G(1:)-A(11:) trans S/H>                       MATCHES	<C(2:'B1'82)-A(12:'B1'103) cis -/->
	<G(0:)-C(12:) cis W/W>                         MATCHES	<G(1:'B1'81)-C(13:'B1'104) cis W/W>
#  Matched base-stacking interactions: 
	<A(3:)-A(10:) outward>                         MATCHES	<A(4:'B1'84)-A(11:'B1'102) outward>

>>>>>>>>>>   ALIGNMENT ENDS   >>>>>>>>>>

<<<<<<<<<<  ALIGNMENT BEGINS  <<<<<<<<<<

#  Aligning k-turn_consensus and 4v6u_B1:261-266_288-296:
#  Alignment score:  59.4
#  P-value:  1.250e-01
#  Query aligned region: 0-4,6-12
#  Target aligned region: 0:'B1'262-4:'B1'266,7:'B1'290-13:'B1'296

	GGGAG...GAAGAAC
	CUGAA...GAUGUGG

#  Matched base-pairing interactions: 
	<A(3:)-G(9:) trans H/S>                        MATCHES	<A(3:'B1'265)-G(10:'B1'293) trans H/S>
	<A(3:)-G(6:) trans S/S>                        MATCHES	<A(3:'B1'265)-G(7:'B1'290) cis -/->
	<G(2:)-A(10:) trans S/H>                       MATCHES	<G(2:'B1'264)-U(11:'B1'294) trans S/H>
	<G(4:)-A(10:) trans S/S>                       MATCHES	<A(4:'B1'266)-U(11:'B1'294) cis W/W>
	<G(1:)-A(11:) trans S/H>                       MATCHES	<U(1:'B1'263)-G(12:'B1'295) cis W/W>
	<G(0:)-C(12:) cis W/W>                         MATCHES	<C(0:'B1'262)-G(13:'B1'296) cis W/W>
#  Matched base-stacking interactions: 
	<A(3:)-A(10:) outward>                         MATCHES	<A(3:'B1'265)-U(11:'B1'294) outward>

>>>>>>>>>>   ALIGNMENT ENDS   >>>>>>>>>>

<<<<<<<<<<  ALIGNMENT BEGINS  <<<<<<<<<<

#  Aligning k-turn_consensus and 4v6u_B1:3028-3035_2948-2956_2964-2974:
#  Alignment score:  55.7
#  P-value:  1.607e-01
#  Query aligned region: 2-4,6-10
#  Target aligned region: 0:'B1'3029-1:'B1'3030,14:'B1'2955-14:'B1'2955,20:'B1'2968-26:'B1'2974

	GA~G...G-AAG-A
	AA~G...GGUUGAU

#  Matched base-pairing interactions: 
	<G(4:)-A(10:) trans S/S>                       MATCHES	<G(14:'B1'2955)-U(26:'B1'2974) trans S/S>
	<G(2:)-A(10:) trans S/H>                       MATCHES	<A(0:'B1'3029)-U(26:'B1'2974) cis W/W>
	<A(3:)-G(6:) trans S/S>                        MATCHES	<A(1:'B1'3030)-G(20:'B1'2968) trans S/S>
	<A(3:)-G(9:) trans H/S>                        MATCHES	<A(1:'B1'3030)-G(24:'B1'2972) trans H/S>
#  Matched base-stacking interactions: 
	<A(3:)-A(10:) outward>                         MATCHES	<A(1:'B1'3030)-U(26:'B1'2974) outward>

>>>>>>>>>>   ALIGNMENT ENDS   >>>>>>>>>>

<<<<<<<<<<  ALIGNMENT BEGINS  <<<<<<<<<<

#  Aligning k-turn_consensus and 4v6u_B1:978-983_1063-1072:
#  Alignment score:  55.6
#  P-value:  1.619e-01
#  Query aligned region: 1-4,5-11
#  Target aligned region: 0:'B1'979-3:'B1'982,8:'B1'1066-14:'B1'1072

	GGAG...CGAAGAA
	GGAG...CGUAGAU

#  Matched base-pairing interactions: 
	<G(4:)-C(5:) cis W/W>                          MATCHES	<G(3:'B1'982)-C(8:'B1'1066) cis W/W>
	<A(3:)-G(9:) trans H/S>                        MATCHES	<A(2:'B1'981)-G(12:'B1'1070) trans H/S>
	<A(3:)-G(6:) trans S/S>                        MATCHES	<A(2:'B1'981)-G(9:'B1'1067) cis -/->
	<G(2:)-A(10:) trans S/H>                       MATCHES	<G(1:'B1'980)-A(13:'B1'1071) trans S/H>
	<G(1:)-A(11:) trans S/H>                       MATCHES	<G(0:'B1'979)-U(14:'B1'1072) cis W/W>
#  Matched base-stacking interactions: 
	<A(3:)-A(10:) outward>                         MATCHES	<A(2:'B1'981)-A(13:'B1'1071) outward>

>>>>>>>>>>   ALIGNMENT ENDS   >>>>>>>>>>

<<<<<<<<<<  ALIGNMENT BEGINS  <<<<<<<<<<

#  Aligning k-turn_consensus and 4v6u_B1:2991-2998_1867-1869_3002-3010:
#  Alignment score:  54
#  P-value:  1.825e-01
#  Query aligned region: 1-3,6-11
#  Target aligned region: 2:'B1'2994-4:'B1'2996,8:'B1'1868-8:'B1'1868,14:'B1'3006-16:'B1'3008

	GGA...G~GAA
	GAA...C~GAC

#  Matched base-pairing interactions: 
	<A(3:)-G(9:) trans H/S>                        MATCHES	<A(4:'B1'2996)-G(14:'B1'3006) trans H/S>
	<G(2:)-A(10:) trans S/H>                       MATCHES	<A(3:'B1'2995)-A(15:'B1'3007) trans S/H>
	<A(3:)-G(6:) trans S/S>                        MATCHES	<A(4:'B1'2996)-C(8:'B1'1868) cis -/->
	<G(1:)-A(11:) trans S/H>                       MATCHES	<G(2:'B1'2994)-C(16:'B1'3008) cis W/W>
#  Matched base-stacking interactions: 
	<A(3:)-A(10:) outward>                         MATCHES	<A(4:'B1'2996)-A(15:'B1'3007) outward>

>>>>>>>>>>   ALIGNMENT ENDS   >>>>>>>>>>

<<<<<<<<<<  ALIGNMENT BEGINS  <<<<<<<<<<

#  Aligning k-turn_consensus and 4v6u_B1:856-862_1912-1913_834-839:
#  Alignment score:  53
#  P-value:  1.974e-01
#  Query aligned region: 0-4,5-12
#  Target aligned region: 0:'B1'857-5:'B1'862,7:'B1'1913-7:'B1'1913,10:'B1'836-14:'B1'840

	GGGA-G...C~GAAGAAC
	UGGAGG...C~U--GAAG

#  Matched base-pairing interactions: 
	<A(3:)-G(9:) trans H/S>                        MATCHES	<A(3:'B1'860)-G(11:'B1'837) trans H/S>
	<G(2:)-A(10:) trans S/H>                       MATCHES	<G(2:'B1'859)-A(12:'B1'838) cis -/->
	<A(3:)-G(6:) trans S/S>                        MATCHES	<A(3:'B1'860)-U(10:'B1'836) trans W/W>
	<G(4:)-C(5:) cis W/W>                          MATCHES	<G(5:'B1'862)-C(7:'B1'1913) cis W/W>
	<G(1:)-A(11:) trans S/H>                       MATCHES	<G(1:'B1'858)-A(13:'B1'839) trans S/H>
	<G(0:)-C(12:) cis W/W>                         MATCHES	<U(0:'B1'857)-G(14:'B1'840) cis W/W>
#  Matched base-stacking interactions: 
	<A(3:)-A(10:) outward>                         MATCHES	<A(3:'B1'860)-A(12:'B1'838) outward>

>>>>>>>>>>   ALIGNMENT ENDS   >>>>>>>>>>

<<<<<<<<<<  ALIGNMENT BEGINS  <<<<<<<<<<

#  Aligning k-turn_consensus and 4v6u_B1:2010-2014_2345-2347_1989-1993:
#  Alignment score:  52.2
#  P-value:  2.107e-01
#  Query aligned region: 1-4,6-11
#  Target aligned region: 0:'B1'2011-3:'B1'2014,5:'B1'2346-6:'B1'2347,9:'B1'1991-12:'B1'1994

	GG-A~G...G~GA-A
	UGAA~A...G~GAAG

#  Matched base-pairing interactions: 
	<A(3:)-G(6:) trans S/S>                        MATCHES	<A(3:'B1'2014)-G(6:'B1'2347) trans S/S>
	<G(1:)-A(11:) trans S/H>                       MATCHES	<U(0:'B1'2011)-G(12:'B1'1994) cis W/W>
	<G(2:)-A(10:) trans S/H>                       MATCHES	<G(1:'B1'2012)-A(10:'B1'1992) trans S/H>
	<A(3:)-G(9:) trans H/S>                        MATCHES	<A(3:'B1'2014)-G(9:'B1'1991) trans H/S>
	<G(4:)-A(10:) trans S/S>                       MATCHES	<A(5:'B1'2346)-A(10:'B1'1992) cis -/->
#  Matched base-stacking interactions: 

>>>>>>>>>>   ALIGNMENT ENDS   >>>>>>>>>>

<<<<<<<<<<  ALIGNMENT BEGINS  <<<<<<<<<<

#  Aligning k-turn_consensus and 4v6u_B1:2375-2380_1098-1101_2381-2392:
#  Alignment score:  49.2
#  P-value:  2.747e-01
#  Query aligned region: 0-4,5-12
#  Target aligned region: 2:'B1'2378-5:'B1'2381,6:'B1'1099-7:'B1'1100,10:'B1'2382-18:'B1'2390

	GGGA~G...C~G-AAGAA-C
	CGAA~C...G~AAGGUAUCG

#  Matched base-pairing interactions: 
	<A(3:)-G(6:) trans S/S>                        MATCHES	<A(5:'B1'2381)-A(10:'B1'2382) trans S/S>
	<A(3:)-G(9:) trans H/S>                        MATCHES	<A(5:'B1'2381)-U(14:'B1'2386) trans W/W>
	<G(4:)-C(5:) cis W/W>                          MATCHES	<C(6:'B1'1099)-G(7:'B1'1100) cis S/H>
	<G(2:)-A(10:) trans S/H>                       MATCHES	<A(4:'B1'2380)-A(15:'B1'2387) cis -/->
	<G(4:)-A(10:) trans S/S>                       MATCHES	<C(6:'B1'1099)-A(15:'B1'2387) cis -/->
	<G(0:)-C(12:) cis W/W>                         MATCHES	<C(2:'B1'2378)-G(18:'B1'2390) cis W/W>
	<G(1:)-A(11:) trans S/H>                       MATCHES	<G(3:'B1'2379)-U(16:'B1'2388) trans S/H>
#  Matched base-stacking interactions: 

>>>>>>>>>>   ALIGNMENT ENDS   >>>>>>>>>>

<<<<<<<<<<  ALIGNMENT BEGINS  <<<<<<<<<<

#  Aligning k-turn_consensus and 4v6u_B1:694-701_247-249_713-720:
#  Alignment score:  47.2
#  P-value:  3.352e-01
#  Query aligned region: 3-3,6-9
#  Target aligned region: 5:'B1'700-5:'B1'700,9:'B1'249-9:'B1'249,12:'B1'715-12:'B1'715

	A...G~G
	A...G~G

#  Matched base-pairing interactions: 
	<A(3:)-G(6:) trans S/S>                        MATCHES	<A(5:'B1'700)-G(9:'B1'249) trans S/S>
	<A(3:)-G(9:) trans H/S>                        MATCHES	<A(5:'B1'700)-G(12:'B1'715) trans H/S>
#  Matched base-stacking interactions: 

>>>>>>>>>>   ALIGNMENT ENDS   >>>>>>>>>>

<<<<<<<<<<  ALIGNMENT BEGINS  <<<<<<<<<<

#  Aligning k-turn_consensus and 4v6u_B1:2849-2854_2633-2639_2874-2880:
#  Alignment score:  47.2
#  P-value:  3.352e-01
#  Query aligned region: 3-3,6-9
#  Target aligned region: 4:'B1'2854-4:'B1'2854,11:'B1'2639-11:'B1'2639,14:'B1'2876-14:'B1'2876

	A...G~G
	A...G~G

#  Matched base-pairing interactions: 
	<A(3:)-G(6:) trans S/S>                        MATCHES	<A(4:'B1'2854)-G(11:'B1'2639) trans S/S>
	<A(3:)-G(9:) trans H/S>                        MATCHES	<A(4:'B1'2854)-G(14:'B1'2876) trans H/S>
#  Matched base-stacking interactions: 

>>>>>>>>>>   ALIGNMENT ENDS   >>>>>>>>>>

<<<<<<<<<<  ALIGNMENT BEGINS  <<<<<<<<<<

#  Aligning k-turn_consensus and 4v6u_B1:1494-1501_904-905_1514-1521:
#  Alignment score:  45.2
#  P-value:  4.180e-01
#  Query aligned region: 3-3,6-9
#  Target aligned region: 1:'B1'1496-1:'B1'1496,8:'B1'905-8:'B1'905,16:'B1'1521-16:'B1'1521

	A...G~G
	A...G~G

#  Matched base-pairing interactions: 
	<A(3:)-G(6:) trans S/S>                        MATCHES	<A(1:'B1'1496)-G(8:'B1'905) trans S/S>
	<A(3:)-G(9:) trans H/S>                        MATCHES	<A(1:'B1'1496)-G(16:'B1'1521) trans H/S>
#  Matched base-stacking interactions: 

>>>>>>>>>>   ALIGNMENT ENDS   >>>>>>>>>>

<<<<<<<<<<  ALIGNMENT BEGINS  <<<<<<<<<<

#  Aligning k-turn_consensus and 4v6u_B1:597-604_1128-1129_621-628:
#  Alignment score:  43.6
#  P-value:  5.085e-01
#  Query aligned region: 3-3,6-9
#  Target aligned region: 3:'B1'601-3:'B1'601,9:'B1'1130-9:'B1'1130,15:'B1'627-15:'B1'627

	A...G~G
	A...G~G

#  Matched base-pairing interactions: 
	<A(3:)-G(6:) trans S/S>                        MATCHES	<A(3:'B1'601)-G(9:'B1'1130) trans S/S>
	<A(3:)-G(9:) trans H/S>                        MATCHES	<A(3:'B1'601)-G(15:'B1'627) trans H/S>
#  Matched base-stacking interactions: 

>>>>>>>>>>   ALIGNMENT ENDS   >>>>>>>>>>

<<<<<<<<<<  ALIGNMENT BEGINS  <<<<<<<<<<

#  Aligning k-turn_consensus and 4v6u_B1:2500-2506_2392-2397_2436-2445:
#  Alignment score:  41.6
#  P-value:  6.699e-01
#  Query aligned region: 3-3,6-9
#  Target aligned region: 4:'B1'2505-4:'B1'2505,8:'B1'2394-8:'B1'2394,16:'B1'2440-16:'B1'2440

	A...G~G
	A...G~C

#  Matched base-pairing interactions: 
	<A(3:)-G(6:) trans S/S>                        MATCHES	<A(4:'B1'2505)-G(8:'B1'2394) trans S/S>
	<A(3:)-G(9:) trans H/S>                        MATCHES	<A(4:'B1'2505)-C(16:'B1'2440) trans H/S>
#  Matched base-stacking interactions: 

>>>>>>>>>>   ALIGNMENT ENDS   >>>>>>>>>>

<<<<<<<<<<  ALIGNMENT BEGINS  <<<<<<<<<<

#  Aligning k-turn_consensus and 4v6u_B1:2767-2774_2645-2646_2776-2783:
#  Alignment score:  41
#  P-value:  7.335e-01
#  Query aligned region: 0-3,6-12
#  Target aligned region: 0:'B1'2768-5:'B1'2773,9:'B1'2647-9:'B1'2647,13:'B1'2780-17:'B1'2784

	GG--GA...G~GA-AC
	CUAGUA...G~GAACA

#  Matched base-pairing interactions: 
	<A(3:)-G(9:) trans H/S>                        MATCHES	<A(5:'B1'2773)-G(13:'B1'2780) trans H/S>
	<G(1:)-A(11:) trans S/H>                       MATCHES	<U(1:'B1'2769)-C(16:'B1'2783) trans S/H>
	<G(2:)-A(10:) trans S/H>                       MATCHES	<U(4:'B1'2772)-A(14:'B1'2781) trans W/H>
	<A(3:)-G(6:) trans S/S>                        MATCHES	<A(5:'B1'2773)-G(9:'B1'2647) cis -/->
	<G(0:)-C(12:) cis W/W>                         MATCHES	<C(0:'B1'2768)-A(17:'B1'2784) cis W/W>
#  Matched base-stacking interactions: 
	<A(3:)-A(10:) outward>                         MATCHES	<A(5:'B1'2773)-A(14:'B1'2781) outward>

>>>>>>>>>>   ALIGNMENT ENDS   >>>>>>>>>>

<<<<<<<<<<  ALIGNMENT BEGINS  <<<<<<<<<<

#  Aligning k-turn_consensus and 4v6u_B1:907-914_916-921_820-821:
#  Alignment score:  27.9
#  P-value:  1.000e+00
#  Query aligned region: 0-1,11-12
#  Target aligned region: 6:'B1'914-7:'B1'915,9:'B1'918-11:'B1'920

	GG...A-C
	UG...AGG

#  Matched base-pairing interactions: 
	<G(0:)-C(12:) cis W/W>                         MATCHES	<U(6:'B1'914)-G(11:'B1'920) cis W/W>
	<G(1:)-A(11:) trans S/H>                       MATCHES	<G(7:'B1'915)-A(9:'B1'918) trans S/H>
#  Matched base-stacking interactions: 

>>>>>>>>>>   ALIGNMENT ENDS   >>>>>>>>>>

<<<<<<<<<<  ALIGNMENT BEGINS  <<<<<<<<<<

#  Aligning k-turn_consensus and 4v6u_B1:51-55_108-116_74-75:
#  Alignment score:  27.8
#  P-value:  1.000e+00
#  Query aligned region: 0-1,11-12
#  Target aligned region: 7:'B1'111-9:'B1'113,14:'B1'75-14:'B1'75

	GG...A~C
	UU...C~G

#  Matched base-pairing interactions: 
	<G(0:)-C(12:) cis W/W>                         MATCHES	<U(7:'B1'111)-G(14:'B1'75) cis W/W>
	<G(1:)-A(11:) trans S/H>                       MATCHES	<U(8:'B1'112)-C(9:'B1'113) trans S/H>
#  Matched base-stacking interactions: 

>>>>>>>>>>   ALIGNMENT ENDS   >>>>>>>>>>

<<<<<<<<<<  ALIGNMENT BEGINS  <<<<<<<<<<

#  Aligning k-turn_consensus and 4v6u_B1:1531-1535_1537-1539_1542-1545:
#  Alignment score:  27.7
#  P-value:  1.000e+00
#  Query aligned region: 0-1,11-12
#  Target aligned region: 2:'B1'1534-4:'B1'1536,5:'B1'1538-5:'B1'1538,8:'B1'1543-8:'B1'1543

	G-G...A~C
	GUU...A~C

#  Matched base-pairing interactions: 
	<G(0:)-C(12:) cis W/W>                         MATCHES	<G(2:'B1'1534)-C(8:'B1'1543) cis W/W>
	<G(1:)-A(11:) trans S/H>                       MATCHES	<U(4:'B1'1536)-A(5:'B1'1538) trans S/H>
#  Matched base-stacking interactions: 

>>>>>>>>>>   ALIGNMENT ENDS   >>>>>>>>>>

<<<<<<<<<<  ALIGNMENT BEGINS  <<<<<<<<<<

#  Aligning k-turn_consensus and 4v6u_B1:1501-1504_1938-1955_1508-1514:
#  Alignment score:  27.6
#  P-value:  1.000e+00
#  Query aligned region: 0-1,11-12
#  Target aligned region: 0:'B1'1502-0:'B1'1502,11:'B1'1946-14:'B1'1949,28:'B1'1515-28:'B1'1515

	G~G...A~C
	C~G...A~G

#  Matched base-pairing interactions: 
	<G(0:)-C(12:) cis W/W>                         MATCHES	<C(0:'B1'1502)-G(28:'B1'1515) cis W/W>
	<G(1:)-A(11:) trans S/H>                       MATCHES	<G(11:'B1'1946)-A(14:'B1'1949) trans S/H>
#  Matched base-stacking interactions: 

>>>>>>>>>>   ALIGNMENT ENDS   >>>>>>>>>>

<<<<<<<<<<  ALIGNMENT BEGINS  <<<<<<<<<<

#  Aligning k-turn_consensus and 4v6u_B1:1355-1356_542-550_25-29:
#  Alignment score:  27.6
#  P-value:  1.000e+00
#  Query aligned region: 0-1,11-12
#  Target aligned region: 7:'B1'548-8:'B1'549,13:'B1'28-14:'B1'29

	GG...AC
	UG...AU

#  Matched base-pairing interactions: 
	<G(1:)-A(11:) trans S/H>                       MATCHES	<G(8:'B1'549)-A(13:'B1'28) trans S/H>
	<G(0:)-C(12:) cis W/W>                         MATCHES	<U(7:'B1'548)-U(14:'B1'29) cis W/W>
#  Matched base-stacking interactions: 

>>>>>>>>>>   ALIGNMENT ENDS   >>>>>>>>>>

<<<<<<<<<<  ALIGNMENT BEGINS  <<<<<<<<<<

#  Aligning k-turn_consensus and 4v6u_B1:119-127:
#  Alignment score:  26.9
#  P-value:  1.000e+00
#  Query aligned region: 0-1,11-12
#  Target aligned region: 2:'B1'122-6:'B1'126

	G-G...AC
	GAC...CU

#  Matched base-pairing interactions: 
	<G(0:)-C(12:) cis W/W>                         MATCHES	<G(2:'B1'122)-U(6:'B1'126) cis W/W>
	<G(1:)-A(11:) trans S/H>                       MATCHES	<C(4:'B1'124)-C(5:'B1'125) trans S/H>
#  Matched base-stacking interactions: 

>>>>>>>>>>   ALIGNMENT ENDS   >>>>>>>>>>

<<<<<<<<<<  ALIGNMENT BEGINS  <<<<<<<<<<

#  Aligning k-turn_consensus and 4v6u_B1:865-874_890-899_830-831:
#  Alignment score:  26.6
#  P-value:  1.000e+00
#  Query aligned region: 0-1,11-12
#  Target aligned region: 17:'B1'898-19:'B1'900,20:'B1'831-20:'B1'831

	GG...A~C
	GA...C~C

#  Matched base-pairing interactions: 
	<G(1:)-A(11:) trans S/H>                       MATCHES	<A(18:'B1'899)-C(19:'B1'900) trans S/H>
	<G(0:)-C(12:) cis W/W>                         MATCHES	<G(17:'B1'898)-C(20:'B1'831) cis H/W>
#  Matched base-stacking interactions: 

>>>>>>>>>>   ALIGNMENT ENDS   >>>>>>>>>>

<<<<<<<<<<  ALIGNMENT BEGINS  <<<<<<<<<<

#  Aligning k-turn_consensus and 4v6u_B1:2716-2723_2699-2706_1920-1923:
#  Alignment score:  26.5
#  P-value:  1.000e+00
#  Query aligned region: 0-1,11-12
#  Target aligned region: 4:'B1'2721-6:'B1'2723,10:'B1'2702-11:'B1'2703

	G-G...AC
	CGG...AG

#  Matched base-pairing interactions: 
	<G(0:)-C(12:) cis W/W>                         MATCHES	<C(4:'B1'2721)-G(11:'B1'2703) cis W/W>
	<G(1:)-A(11:) trans S/H>                       MATCHES	<G(6:'B1'2723)-A(10:'B1'2702) trans S/H>
#  Matched base-stacking interactions: 

>>>>>>>>>>   ALIGNMENT ENDS   >>>>>>>>>>

<<<<<<<<<<  ALIGNMENT BEGINS  <<<<<<<<<<

#  Aligning k-turn_consensus and 4v6u_B1:2812-2824_1783-1796:
#  Alignment score:  26.5
#  P-value:  1.000e+00
#  Query aligned region: 0-1,11-12
#  Target aligned region: 15:'B1'1786-23:'B1'1794

	GG...A-C
	GU...AGC

#  Matched base-pairing interactions: 
	<G(0:)-C(12:) cis W/W>                         MATCHES	<G(15:'B1'1786)-C(23:'B1'1794) cis W/W>
	<G(1:)-A(11:) trans S/H>                       MATCHES	<U(16:'B1'1787)-A(21:'B1'1792) trans S/H>
#  Matched base-stacking interactions: 

>>>>>>>>>>   ALIGNMENT ENDS   >>>>>>>>>>

<<<<<<<<<<  ALIGNMENT BEGINS  <<<<<<<<<<

#  Aligning k-turn_consensus and 4v6u_B1:1165-1172_2577-2579_1259-1265:
#  Alignment score:  26.4
#  P-value:  1.000e+00
#  Query aligned region: 3-3,6-9
#  Target aligned region: 2:'B1'1168-2:'B1'1168,10:'B1'2580-10:'B1'2580,15:'B1'1264-15:'B1'1264

	A...G~G
	A...G~G

#  Matched base-pairing interactions: 
	<A(3:)-G(9:) trans H/S>                        MATCHES	<A(2:'B1'1168)-G(15:'B1'1264) trans H/S>
	<A(3:)-G(6:) trans S/S>                        MATCHES	<A(2:'B1'1168)-G(10:'B1'2580) cis -/->
#  Matched base-stacking interactions: 

>>>>>>>>>>   ALIGNMENT ENDS   >>>>>>>>>>

<<<<<<<<<<  ALIGNMENT BEGINS  <<<<<<<<<<

#  Aligning k-turn_consensus and 4v6u_B1:670-671_22-29_546-554:
#  Alignment score:  26.2
#  P-value:  1.000e+00
#  Query aligned region: 0-1,11-12
#  Target aligned region: 4:'B1'25-5:'B1'26,14:'B1'551-15:'B1'552

	GG...AC
	UG...AA

#  Matched base-pairing interactions: 
	<G(1:)-A(11:) trans S/H>                       MATCHES	<G(5:'B1'26)-A(14:'B1'551) trans S/H>
	<G(0:)-C(12:) cis W/W>                         MATCHES	<U(4:'B1'25)-A(15:'B1'552) trans W/H>
#  Matched base-stacking interactions: 

>>>>>>>>>>   ALIGNMENT ENDS   >>>>>>>>>>

<<<<<<<<<<  ALIGNMENT BEGINS  <<<<<<<<<<

#  Aligning k-turn_consensus and 4v6u_B1:1659-1661_1646-1656_1640-1645:
#  Alignment score:  26
#  P-value:  1.000e+00
#  Query aligned region: 3-3,6-9
#  Target aligned region: 0:'B1'1660-0:'B1'1660,11:'B1'1655-11:'B1'1655,15:'B1'1642-15:'B1'1642

	A...G~G
	A...G~G

#  Matched base-pairing interactions: 
	<A(3:)-G(9:) trans H/S>                        MATCHES	<A(0:'B1'1660)-G(15:'B1'1642) trans H/S>
	<A(3:)-G(6:) trans S/S>                        MATCHES	<A(0:'B1'1660)-G(11:'B1'1655) cis -/->
#  Matched base-stacking interactions: 

>>>>>>>>>>   ALIGNMENT ENDS   >>>>>>>>>>

<<<<<<<<<<  ALIGNMENT BEGINS  <<<<<<<<<<

#  Aligning k-turn_consensus and 4v6u_B1:1233-1239_1227-1232_1205-1210:
#  Alignment score:  26
#  P-value:  1.000e+00
#  Query aligned region: 3-3,6-9
#  Target aligned region: 1:'B1'1235-1:'B1'1235,12:'B1'1233-12:'B1'1233,16:'B1'1209-16:'B1'1209

	A...G~G
	A...U~A

#  Matched base-pairing interactions: 
	<A(3:)-G(6:) trans S/S>                        MATCHES	<A(1:'B1'1235)-U(12:'B1'1233) trans S/S>
	<A(3:)-G(9:) trans H/S>                        MATCHES	<A(1:'B1'1235)-A(16:'B1'1209) cis -/->
#  Matched base-stacking interactions: 

>>>>>>>>>>   ALIGNMENT ENDS   >>>>>>>>>>

<<<<<<<<<<  ALIGNMENT BEGINS  <<<<<<<<<<

#  Aligning k-turn_consensus and 4v6u_B1:1094-1099_2608-2610_1089-1093:
#  Alignment score:  26
#  P-value:  1.000e+00
#  Query aligned region: 3-3,6-9
#  Target aligned region: 1:'B1'1096-1:'B1'1096,7:'B1'2610-7:'B1'2610,12:'B1'1093-12:'B1'1093

	A...G~G
	A...C~G

#  Matched base-pairing interactions: 
	<A(3:)-G(9:) trans H/S>                        MATCHES	<A(1:'B1'1096)-G(12:'B1'1093) trans H/S>
	<A(3:)-G(6:) trans S/S>                        MATCHES	<A(1:'B1'1096)-C(7:'B1'2610) cis -/->
#  Matched base-stacking interactions: 

>>>>>>>>>>   ALIGNMENT ENDS   >>>>>>>>>>

<<<<<<<<<<  ALIGNMENT BEGINS  <<<<<<<<<<

#  Aligning k-turn_consensus and 4v6u_B1:2450-2453_2444-2449_2406-2409:
#  Alignment score:  25.6
#  P-value:  1.000e+00
#  Query aligned region: 0-1,11-12
#  Target aligned region: 0:'B1'2451-0:'B1'2451,7:'B1'2448-8:'B1'2449,12:'B1'2409-12:'B1'2409

	G~G...A~C
	G~A...A~C

#  Matched base-pairing interactions: 
	<G(0:)-C(12:) cis W/W>                         MATCHES	<G(0:'B1'2451)-C(12:'B1'2409) cis W/W>
	<G(1:)-A(11:) trans S/H>                       MATCHES	<A(7:'B1'2448)-A(8:'B1'2449) trans S/H>
#  Matched base-stacking interactions: 

>>>>>>>>>>   ALIGNMENT ENDS   >>>>>>>>>>

<<<<<<<<<<  ALIGNMENT BEGINS  <<<<<<<<<<

#  Aligning k-turn_consensus and 4v6u_B1:943-946_672-678_1391-1400:
#  Alignment score:  25.5
#  P-value:  1.000e+00
#  Query aligned region: 0-1,11-12
#  Target aligned region: 6:'B1'675-7:'B1'676,15:'B1'1396-17:'B1'1398

	GG...A-C
	GG...AUC

#  Matched base-pairing interactions: 
	<G(0:)-C(12:) cis W/W>                         MATCHES	<G(6:'B1'675)-C(17:'B1'1398) cis W/W>
	<G(1:)-A(11:) trans S/H>                       MATCHES	<G(7:'B1'676)-A(15:'B1'1396) trans S/H>
#  Matched base-stacking interactions: 

>>>>>>>>>>   ALIGNMENT ENDS   >>>>>>>>>>

<<<<<<<<<<  ALIGNMENT BEGINS  <<<<<<<<<<

#  Aligning k-turn_consensus and 4v6u_B1:318-326_274-280_391-397:
#  Alignment score:  25.2
#  P-value:  1.000e+00
#  Query aligned region: 0-1,11-12
#  Target aligned region: 6:'B1'325-6:'B1'325,10:'B1'276-14:'B1'280,17:'B1'393-17:'B1'393

	G~G...A~C
	G~G...A~C

#  Matched base-pairing interactions: 
	<G(0:)-C(12:) cis W/W>                         MATCHES	<G(6:'B1'325)-C(17:'B1'393) cis W/W>
	<G(1:)-A(11:) trans S/H>                       MATCHES	<G(10:'B1'276)-A(14:'B1'280) trans S/H>
#  Matched base-stacking interactions: 

>>>>>>>>>>   ALIGNMENT ENDS   >>>>>>>>>>

<<<<<<<<<<  ALIGNMENT BEGINS  <<<<<<<<<<

#  Aligning k-turn_consensus and 4v6u_B1:2708-2713_2545-2550_2195-2199:
#  Alignment score:  25
#  P-value:  1.000e+00
#  Query aligned region: 3-3,6-9
#  Target aligned region: 4:'B1'2713-4:'B1'2713,11:'B1'2551-11:'B1'2551,12:'B1'2196-12:'B1'2196

	A...G~G
	A...G~C

#  Matched base-pairing interactions: 
	<A(3:)-G(6:) trans S/S>                        MATCHES	<A(4:'B1'2713)-G(11:'B1'2551) trans S/S>
	<A(3:)-G(9:) trans H/S>                        MATCHES	<A(4:'B1'2713)-C(12:'B1'2196) cis S/S>
#  Matched base-stacking interactions: 

>>>>>>>>>>   ALIGNMENT ENDS   >>>>>>>>>>

<<<<<<<<<<  ALIGNMENT BEGINS  <<<<<<<<<<

#  Aligning k-turn_consensus and 4v6u_B1:2072-2080_2661-2665_2671-2676:
#  Alignment score:  25
#  P-value:  1.000e+00
#  Query aligned region: 3-3,6-9
#  Target aligned region: 4:'B1'2077-4:'B1'2077,11:'B1'2664-11:'B1'2664,16:'B1'2674-16:'B1'2674

	A...G~G
	A...G~C

#  Matched base-pairing interactions: 
	<A(3:)-G(6:) trans S/S>                        MATCHES	<A(4:'B1'2077)-G(11:'B1'2664) trans S/S>
	<A(3:)-G(9:) trans H/S>                        MATCHES	<A(4:'B1'2077)-C(16:'B1'2674) cis S/S>
#  Matched base-stacking interactions: 

>>>>>>>>>>   ALIGNMENT ENDS   >>>>>>>>>>

<<<<<<<<<<  ALIGNMENT BEGINS  <<<<<<<<<<

#  Aligning k-turn_consensus and 4v6u_B1:993-1003_1045-1055:
#  Alignment score:  25
#  P-value:  1.000e+00
#  Query aligned region: 0-1,11-12
#  Target aligned region: 5:'B1'999-5:'B1'999,11:'B1'1046-14:'B1'1049

	G~G...AC
	A~A...CU

#  Matched base-pairing interactions: 
	<G(0:)-C(12:) cis W/W>                         MATCHES	<A(5:'B1'999)-U(14:'B1'1049) cis W/W>
	<G(1:)-A(11:) trans S/H>                       MATCHES	<A(11:'B1'1046)-C(13:'B1'1048) trans S/H>
#  Matched base-stacking interactions: 

>>>>>>>>>>   ALIGNMENT ENDS   >>>>>>>>>>

<<<<<<<<<<  ALIGNMENT BEGINS  <<<<<<<<<<

#  Aligning k-turn_consensus and 4v6u_B1:804-809_2189-2191_935-942:
#  Alignment score:  24.8
#  P-value:  1.000e+00
#  Query aligned region: 3-3,6-9
#  Target aligned region: 4:'B1'809-4:'B1'809,8:'B1'2192-8:'B1'2192,10:'B1'937-10:'B1'937

	A...G~G
	A...G~A

#  Matched base-pairing interactions: 
	<A(3:)-G(6:) trans S/S>                        MATCHES	<A(4:'B1'809)-G(8:'B1'2192) trans S/S>
	<A(3:)-G(9:) trans H/S>                        MATCHES	<A(4:'B1'809)-A(10:'B1'937) cis -/->
#  Matched base-stacking interactions: 

>>>>>>>>>>   ALIGNMENT ENDS   >>>>>>>>>>

<<<<<<<<<<  ALIGNMENT BEGINS  <<<<<<<<<<

#  Aligning k-turn_consensus and 4v6u_B1:2208-2210_1990-1998_2005-2013:
#  Alignment score:  24.6
#  P-value:  1.000e+00
#  Query aligned region: 1-1,11-11
#  Target aligned region: 3:'B1'1991-3:'B1'1991,20:'B1'2014-20:'B1'2014

	G...A
	G...A

#  Matched base-pairing interactions: 
	<G(1:)-A(11:) trans S/H>                       MATCHES	<G(3:'B1'1991)-A(20:'B1'2014) trans S/H>
#  Matched base-stacking interactions: 

>>>>>>>>>>   ALIGNMENT ENDS   >>>>>>>>>>

<<<<<<<<<<  ALIGNMENT BEGINS  <<<<<<<<<<

#  Aligning k-turn_consensus and 4v6u_B1:2546-2548_179-184_185-194:
#  Alignment score:  24.6
#  P-value:  1.000e+00
#  Query aligned region: 0-1,11-12
#  Target aligned region: 2:'B1'2549-2:'B1'2549,8:'B1'185-8:'B1'185,9:'B1'186-10:'B1'187

	G~G...AC
	A~A...AC

#  Matched base-pairing interactions: 
	<G(0:)-C(12:) cis W/W>                         MATCHES	<A(2:'B1'2549)-C(10:'B1'187) cis -/->
	<G(1:)-A(11:) trans S/H>                       MATCHES	<A(8:'B1'185)-A(9:'B1'186) trans S/H>
#  Matched base-stacking interactions: 

>>>>>>>>>>   ALIGNMENT ENDS   >>>>>>>>>>

<<<<<<<<<<  ALIGNMENT BEGINS  <<<<<<<<<<

#  Aligning k-turn_consensus and 4v6u_B1:1845-1851_1852-1859_2099-2100:
#  Alignment score:  24.6
#  P-value:  1.000e+00
#  Query aligned region: 1-1,11-11
#  Target aligned region: 0:'B1'1846-0:'B1'1846,14:'B1'1860-14:'B1'1860

	G...A
	G...A

#  Matched base-pairing interactions: 
	<G(1:)-A(11:) trans S/H>                       MATCHES	<G(0:'B1'1846)-A(14:'B1'1860) trans S/H>
#  Matched base-stacking interactions: 

>>>>>>>>>>   ALIGNMENT ENDS   >>>>>>>>>>

<<<<<<<<<<  ALIGNMENT BEGINS  <<<<<<<<<<

#  Aligning k-turn_consensus and 4v6u_B1:1098-1108_1117-1119_1082-1089:
#  Alignment score:  24.4
#  P-value:  1.000e+00
#  Query aligned region: 3-3,6-9
#  Target aligned region: 5:'B1'1104-5:'B1'1104,13:'B1'1120-13:'B1'1120,16:'B1'1085-16:'B1'1085

	A...G~G
	A...C~G

#  Matched base-pairing interactions: 
	<A(3:)-G(9:) trans H/S>                        MATCHES	<A(5:'B1'1104)-G(16:'B1'1085) trans H/S>
	<A(3:)-G(6:) trans S/S>                        MATCHES	<A(5:'B1'1104)-C(13:'B1'1120) cis -/->
#  Matched base-stacking interactions: 

>>>>>>>>>>   ALIGNMENT ENDS   >>>>>>>>>>

<<<<<<<<<<  ALIGNMENT BEGINS  <<<<<<<<<<

#  Aligning k-turn_consensus and 4v6u_B1:480-482_1381-1390_1340-1348:
#  Alignment score:  24.2
#  P-value:  1.000e+00
#  Query aligned region: 3-3,6-9
#  Target aligned region: 1:'B1'482-1:'B1'482,8:'B1'1387-8:'B1'1387,15:'B1'1343-15:'B1'1343

	A...G~G
	A...G~C

#  Matched base-pairing interactions: 
	<A(3:)-G(6:) trans S/S>                        MATCHES	<A(1:'B1'482)-G(8:'B1'1387) trans S/S>
	<A(3:)-G(9:) trans H/S>                        MATCHES	<A(1:'B1'482)-C(15:'B1'1343) cis S/S>
#  Matched base-stacking interactions: 

>>>>>>>>>>   ALIGNMENT ENDS   >>>>>>>>>>

<<<<<<<<<<  ALIGNMENT BEGINS  <<<<<<<<<<

#  Aligning k-turn_consensus and 4v6u_B1:2803-2811_2827-2834:
#  Alignment score:  24.2
#  P-value:  1.000e+00
#  Query aligned region: 1-1,11-11
#  Target aligned region: 0:'B1'2804-0:'B1'2804,16:'B1'2835-16:'B1'2835

	G...A
	C...A

#  Matched base-pairing interactions: 
	<G(1:)-A(11:) trans S/H>                       MATCHES	<C(0:'B1'2804)-A(16:'B1'2835) trans S/H>
#  Matched base-stacking interactions: 

>>>>>>>>>>   ALIGNMENT ENDS   >>>>>>>>>>

<<<<<<<<<<  ALIGNMENT BEGINS  <<<<<<<<<<

#  Aligning k-turn_consensus and 4v6u_B1:865-875_830-831_889-895:
#  Alignment score:  24
#  P-value:  1.000e+00
#  Query aligned region: 3-3,6-9
#  Target aligned region: 3:'B1'869-3:'B1'869,11:'B1'831-11:'B1'831,19:'B1'896-19:'B1'896

	A...G~G
	A...C~G

#  Matched base-pairing interactions: 
	<A(3:)-G(9:) trans H/S>                        MATCHES	<A(3:'B1'869)-G(19:'B1'896) trans H/S>
	<A(3:)-G(6:) trans S/S>                        MATCHES	<A(3:'B1'869)-C(11:'B1'831) cis -/->
#  Matched base-stacking interactions: 

>>>>>>>>>>   ALIGNMENT ENDS   >>>>>>>>>>

<<<<<<<<<<  ALIGNMENT BEGINS  <<<<<<<<<<

#  Aligning k-turn_consensus and 4v6u_B1:2852-2859_2866-2877_2633-2639:
#  Alignment score:  23.8
#  P-value:  1.000e+00
#  Query aligned region: 1-1,11-11
#  Target aligned region: 7:'B1'2860-7:'B1'2860,11:'B1'2870-11:'B1'2870

	G...A
	G...A

#  Matched base-pairing interactions: 
	<G(1:)-A(11:) trans S/H>                       MATCHES	<G(7:'B1'2860)-A(11:'B1'2870) trans S/H>
#  Matched base-stacking interactions: 

>>>>>>>>>>   ALIGNMENT ENDS   >>>>>>>>>>

<<<<<<<<<<  ALIGNMENT BEGINS  <<<<<<<<<<

#  Aligning k-turn_consensus and 4v6u_B1:2207-2208_2011-2019_1983-1991:
#  Alignment score:  23.8
#  P-value:  1.000e+00
#  Query aligned region: 1-1,11-11
#  Target aligned region: 2:'B1'2012-2:'B1'2012,19:'B1'1992-19:'B1'1992

	G...A
	G...A

#  Matched base-pairing interactions: 
	<G(1:)-A(11:) trans S/H>                       MATCHES	<G(2:'B1'2012)-A(19:'B1'1992) trans S/H>
#  Matched base-stacking interactions: 

>>>>>>>>>>   ALIGNMENT ENDS   >>>>>>>>>>

<<<<<<<<<<  ALIGNMENT BEGINS  <<<<<<<<<<

#  Aligning k-turn_consensus and 4v6u_B1:512-517_518-521_544-546:
#  Alignment score:  23.8
#  P-value:  1.000e+00
#  Query aligned region: 1-1,11-11
#  Target aligned region: 2:'B1'515-2:'B1'515,6:'B1'519-6:'B1'519

	G...A
	G...A

#  Matched base-pairing interactions: 
	<G(1:)-A(11:) trans S/H>                       MATCHES	<G(2:'B1'515)-A(6:'B1'519) trans S/H>
#  Matched base-stacking interactions: 

>>>>>>>>>>   ALIGNMENT ENDS   >>>>>>>>>>

<<<<<<<<<<  ALIGNMENT BEGINS  <<<<<<<<<<

#  Aligning k-turn_consensus and 4v6u_B1:1737-1747_1555-1560:
#  Alignment score:  23.6
#  P-value:  1.000e+00
#  Query aligned region: 0-1,11-12
#  Target aligned region: 5:'B1'1743-6:'B1'1744,14:'B1'1559-15:'B1'1560

	GG...AC
	GA...AG

#  Matched base-pairing interactions: 
	<G(1:)-A(11:) trans S/H>                       MATCHES	<A(6:'B1'1744)-A(14:'B1'1559) trans S/H>
	<G(0:)-C(12:) cis W/W>                         MATCHES	<G(5:'B1'1743)-G(15:'B1'1560) cis -/->
#  Matched base-stacking interactions: 

>>>>>>>>>>   ALIGNMENT ENDS   >>>>>>>>>>

<<<<<<<<<<  ALIGNMENT BEGINS  <<<<<<<<<<

#  Aligning k-turn_consensus and 4v6u_B1:1323-1332_951-956_1106-1108:
#  Alignment score:  23.6
#  P-value:  1.000e+00
#  Query aligned region: 0-1,11-12
#  Target aligned region: 13:'B1'955-15:'B1'957,17:'B1'1108-17:'B1'1108

	GG...A~C
	AU...C~A

#  Matched base-pairing interactions: 
	<G(0:)-C(12:) cis W/W>                         MATCHES	<A(13:'B1'955)-A(17:'B1'1108) trans H/W>
	<G(1:)-A(11:) trans S/H>                       MATCHES	<U(14:'B1'956)-C(15:'B1'957) trans S/H>
#  Matched base-stacking interactions: 

>>>>>>>>>>   ALIGNMENT ENDS   >>>>>>>>>>

<<<<<<<<<<  ALIGNMENT BEGINS  <<<<<<<<<<

#  Aligning k-turn_consensus and 4v6u_B1:2942-2948_2900-2904_3035-3041:
#  Alignment score:  23.2
#  P-value:  1.000e+00
#  Query aligned region: 3-3,6-9
#  Target aligned region: 2:'B1'2945-2:'B1'2945,9:'B1'2903-9:'B1'2903,15:'B1'3039-15:'B1'3039

	A...G~G
	A...U~G

#  Matched base-pairing interactions: 
	<A(3:)-G(9:) trans H/S>                        MATCHES	<A(2:'B1'2945)-G(15:'B1'3039) trans H/S>
	<A(3:)-G(6:) trans S/S>                        MATCHES	<A(2:'B1'2945)-U(9:'B1'2903) cis -/->
#  Matched base-stacking interactions: 

>>>>>>>>>>   ALIGNMENT ENDS   >>>>>>>>>>

<<<<<<<<<<  ALIGNMENT BEGINS  <<<<<<<<<<

#  Aligning k-turn_consensus and 4v6u_B1:1647-1653_836-840_856-859:
#  Alignment score:  23
#  P-value:  1.000e+00
#  Query aligned region: 1-1,11-11
#  Target aligned region: 7:'B1'837-7:'B1'837,15:'B1'860-15:'B1'860

	G...A
	G...A

#  Matched base-pairing interactions: 
	<G(1:)-A(11:) trans S/H>                       MATCHES	<G(7:'B1'837)-A(15:'B1'860) trans S/H>
#  Matched base-stacking interactions: 

>>>>>>>>>>   ALIGNMENT ENDS   >>>>>>>>>>

<<<<<<<<<<  ALIGNMENT BEGINS  <<<<<<<<<<

#  Aligning k-turn_consensus and 4v6u_B1:1105-1108_952-956_1328-1331:
#  Alignment score:  23
#  P-value:  1.000e+00
#  Query aligned region: 1-1,11-11
#  Target aligned region: 4:'B1'953-4:'B1'953,12:'B1'1332-12:'B1'1332

	G...A
	G...A

#  Matched base-pairing interactions: 
	<G(1:)-A(11:) trans S/H>                       MATCHES	<G(4:'B1'953)-A(12:'B1'1332) trans S/H>
#  Matched base-stacking interactions: 

>>>>>>>>>>   ALIGNMENT ENDS   >>>>>>>>>>

<<<<<<<<<<  ALIGNMENT BEGINS  <<<<<<<<<<

#  Aligning k-turn_consensus and 4v6u_B1:602-610_614-624:
#  Alignment score:  23
#  P-value:  1.000e+00
#  Query aligned region: 1-1,11-11
#  Target aligned region: 0:'B1'603-0:'B1'603,19:'B1'625-19:'B1'625

	G...A
	G...A

#  Matched base-pairing interactions: 
	<G(1:)-A(11:) trans S/H>                       MATCHES	<G(0:'B1'603)-A(19:'B1'625) trans S/H>
#  Matched base-stacking interactions: 

>>>>>>>>>>   ALIGNMENT ENDS   >>>>>>>>>>

<<<<<<<<<<  ALIGNMENT BEGINS  <<<<<<<<<<

#  Aligning k-turn_consensus and 4v6u_B1:96-105_79-84:
#  Alignment score:  23
#  P-value:  1.000e+00
#  Query aligned region: 1-1,11-11
#  Target aligned region: 4:'B1'101-4:'B1'101,14:'B1'84-14:'B1'84

	G...A
	G...A

#  Matched base-pairing interactions: 
	<G(1:)-A(11:) trans S/H>                       MATCHES	<G(4:'B1'101)-A(14:'B1'84) trans S/H>
#  Matched base-stacking interactions: 

>>>>>>>>>>   ALIGNMENT ENDS   >>>>>>>>>>

<<<<<<<<<<  ALIGNMENT BEGINS  <<<<<<<<<<

#  Aligning k-turn_consensus and 4v6u_B1:288-296_261-266:
#  Alignment score:  23
#  P-value:  1.000e+00
#  Query aligned region: 1-1,11-11
#  Target aligned region: 4:'B1'293-4:'B1'293,12:'B1'265-12:'B1'265

	G...A
	G...A

#  Matched base-pairing interactions: 
	<G(1:)-A(11:) trans S/H>                       MATCHES	<G(4:'B1'293)-A(12:'B1'265) trans S/H>
#  Matched base-stacking interactions: 

>>>>>>>>>>   ALIGNMENT ENDS   >>>>>>>>>>

<<<<<<<<<<  ALIGNMENT BEGINS  <<<<<<<<<<

#  Aligning k-turn_consensus and 4v6u_B1:1228-1235_1236-1239_1205-1210:
#  Alignment score:  22.6
#  P-value:  1.000e+00
#  Query aligned region: 0-1,11-12
#  Target aligned region: 2:'B1'1231-3:'B1'1232,8:'B1'1237-8:'B1'1237,16:'B1'1210-16:'B1'1210

	GG...A~C
	CG...A~G

#  Matched base-pairing interactions: 
	<G(0:)-C(12:) cis W/W>                         MATCHES	<C(2:'B1'1231)-G(16:'B1'1210) cis W/W>
	<G(1:)-A(11:) trans S/H>                       MATCHES	<G(3:'B1'1232)-A(8:'B1'1237) trans S/H>
#  Matched base-stacking interactions: 

>>>>>>>>>>   ALIGNMENT ENDS   >>>>>>>>>>

<<<<<<<<<<  ALIGNMENT BEGINS  <<<<<<<<<<

#  Aligning k-turn_consensus and 4v6u_B1:739-746_758-764:
#  Alignment score:  22.4
#  P-value:  1.000e+00
#  Query aligned region: 0-1,11-12
#  Target aligned region: 0:'B1'740-1:'B1'741,13:'B1'764-14:'B1'765

	GG...AC
	CG...GG

#  Matched base-pairing interactions: 
	<G(1:)-A(11:) trans S/H>                       MATCHES	<G(1:'B1'741)-G(13:'B1'764) trans S/H>
	<G(0:)-C(12:) cis W/W>                         MATCHES	<C(0:'B1'740)-G(14:'B1'765) cis W/W>
#  Matched base-stacking interactions: 

>>>>>>>>>>   ALIGNMENT ENDS   >>>>>>>>>>

<<<<<<<<<<  ALIGNMENT BEGINS  <<<<<<<<<<

#  Aligning k-turn_consensus and 4v6u_B1:517-539:
#  Alignment score:  22.4
#  P-value:  1.000e+00
#  Query aligned region: 0-1,11-12
#  Target aligned region: 8:'B1'526-14:'B1'532

	GG...AC
	CG...GG

#  Matched base-pairing interactions: 
	<G(1:)-A(11:) trans S/H>                       MATCHES	<G(9:'B1'527)-G(13:'B1'531) trans S/H>
	<G(0:)-C(12:) cis W/W>                         MATCHES	<C(8:'B1'526)-G(14:'B1'532) cis W/W>
#  Matched base-stacking interactions: 

>>>>>>>>>>   ALIGNMENT ENDS   >>>>>>>>>>

<<<<<<<<<<  ALIGNMENT BEGINS  <<<<<<<<<<

#  Aligning k-turn_consensus and 4v6u_B1:2832-2840_2797-2805_2120-2122:
#  Alignment score:  22.2
#  P-value:  1.000e+00
#  Query aligned region: 1-1,11-11
#  Target aligned region: 0:'B1'2833-0:'B1'2833,17:'B1'2806-17:'B1'2806

	G...A
	G...A

#  Matched base-pairing interactions: 
	<G(1:)-A(11:) trans S/H>                       MATCHES	<G(0:'B1'2833)-A(17:'B1'2806) trans S/H>
#  Matched base-stacking interactions: 

>>>>>>>>>>   ALIGNMENT ENDS   >>>>>>>>>>

<<<<<<<<<<  ALIGNMENT BEGINS  <<<<<<<<<<

#  Aligning k-turn_consensus and 4v6u_B1:1360-1362_578-592_634-642:
#  Alignment score:  21.6
#  P-value:  1.000e+00
#  Query aligned region: 0-1,11-12
#  Target aligned region: 3:'B1'579-4:'B1'580,24:'B1'641-25:'B1'642

	GG...AC
	CG...GG

#  Matched base-pairing interactions: 
	<G(1:)-A(11:) trans S/H>                       MATCHES	<G(4:'B1'580)-G(24:'B1'641) trans S/H>
	<G(0:)-C(12:) cis W/W>                         MATCHES	<C(3:'B1'579)-G(25:'B1'642) cis W/W>
#  Matched base-stacking interactions: 

>>>>>>>>>>   ALIGNMENT ENDS   >>>>>>>>>>

<<<<<<<<<<  ALIGNMENT BEGINS  <<<<<<<<<<

#  Aligning k-turn_consensus and 4v6u_B1:2249-2258_2277-2283:
#  Alignment score:  21.4
#  P-value:  1.000e+00
#  Query aligned region: 1-1,11-11
#  Target aligned region: 6:'B1'2256-6:'B1'2256,13:'B1'2281-13:'B1'2281

	G...A
	G...A

#  Matched base-pairing interactions: 
	<G(1:)-A(11:) trans S/H>                       MATCHES	<G(6:'B1'2256)-A(13:'B1'2281) trans S/H>
#  Matched base-stacking interactions: 

>>>>>>>>>>   ALIGNMENT ENDS   >>>>>>>>>>

<<<<<<<<<<  ALIGNMENT BEGINS  <<<<<<<<<<

#  Aligning k-turn_consensus and 4v6u_B1:2610-2615_2560-2569_2150-2158:
#  Alignment score:  21.4
#  P-value:  1.000e+00
#  Query aligned region: 1-1,11-11
#  Target aligned region: 13:'B1'2568-13:'B1'2568,20:'B1'2155-20:'B1'2155

	G...A
	A...C

#  Matched base-pairing interactions: 
	<G(1:)-A(11:) trans S/H>                       MATCHES	<A(13:'B1'2568)-C(20:'B1'2155) trans S/H>
#  Matched base-stacking interactions: 

>>>>>>>>>>   ALIGNMENT ENDS   >>>>>>>>>>

<<<<<<<<<<  ALIGNMENT BEGINS  <<<<<<<<<<

#  Aligning k-turn_consensus and 4v6u_B1:604-614_615-623_1146-1148:
#  Alignment score:  21
#  P-value:  1.000e+00
#  Query aligned region: 3-3,6-9
#  Target aligned region: 10:'B1'615-10:'B1'615,11:'B1'616-11:'B1'616,20:'B1'1147-20:'B1'1147

	A...G~G
	A...C~G

#  Matched base-pairing interactions: 
	<A(3:)-G(6:) trans S/S>                        MATCHES	<A(10:'B1'615)-C(11:'B1'616) trans S/S>
	<A(3:)-G(9:) trans H/S>                        MATCHES	<A(10:'B1'615)-G(20:'B1'1147) cis S/S>
#  Matched base-stacking interactions: 

>>>>>>>>>>   ALIGNMENT ENDS   >>>>>>>>>>

<<<<<<<<<<  ALIGNMENT BEGINS  <<<<<<<<<<

#  Aligning k-turn_consensus and 4v6u_B1:2944-2952_2900-2901_3031-3038:
#  Alignment score:  21
#  P-value:  1.000e+00
#  Query aligned region: 3-3,6-9
#  Target aligned region: 3:'B1'2948-3:'B1'2948,9:'B1'2901-9:'B1'2901,16:'B1'3037-16:'B1'3037

	A...G~G
	A...C~G

#  Matched base-pairing interactions: 
	<A(3:)-G(9:) trans H/S>                        MATCHES	<A(3:'B1'2948)-G(16:'B1'3037) trans H/S>
	<A(3:)-G(6:) trans S/S>                        MATCHES	<A(3:'B1'2948)-C(9:'B1'2901) cis S/S>
#  Matched base-stacking interactions: 

>>>>>>>>>>   ALIGNMENT ENDS   >>>>>>>>>>

<<<<<<<<<<  ALIGNMENT BEGINS  <<<<<<<<<<

#  Aligning k-turn_consensus and 4v6u_B1:865-875_889-895_830-831:
#  Alignment score:  20.6
#  P-value:  1.000e+00
#  Query aligned region: 1-1,11-11
#  Target aligned region: 0:'B1'866-0:'B1'866,19:'B1'832-19:'B1'832

	G...A
	G...A

#  Matched base-pairing interactions: 
	<G(1:)-A(11:) trans S/H>                       MATCHES	<G(0:'B1'866)-A(19:'B1'832) trans S/H>
#  Matched base-stacking interactions: 

>>>>>>>>>>   ALIGNMENT ENDS   >>>>>>>>>>

<<<<<<<<<<  ALIGNMENT BEGINS  <<<<<<<<<<

#  Aligning k-turn_consensus and 4v6u_B1:1236-1239_1228-1235_1205-1210:
#  Alignment score:  20.4
#  P-value:  1.000e+00
#  Query aligned region: 3-3,6-9
#  Target aligned region: 0:'B1'1237-0:'B1'1237,11:'B1'1236-11:'B1'1236,17:'B1'1211-17:'B1'1211

	A...G~G
	A...C~C

#  Matched base-pairing interactions: 
	<A(3:)-G(6:) trans S/S>                        MATCHES	<A(0:'B1'1237)-C(11:'B1'1236) trans S/S>
	<A(3:)-G(9:) trans H/S>                        MATCHES	<A(0:'B1'1237)-C(17:'B1'1211) cis -/->
#  Matched base-stacking interactions: 

>>>>>>>>>>   ALIGNMENT ENDS   >>>>>>>>>>

<<<<<<<<<<  ALIGNMENT BEGINS  <<<<<<<<<<

#  Aligning k-turn_consensus and 4v6u_B1:2948-2956_2964-2974_3028-3035:
#  Alignment score:  20.4
#  P-value:  1.000e+00
#  Query aligned region: 0-1,11-12
#  Target aligned region: 0:'B1'2949-0:'B1'2949,13:'B1'2969-14:'B1'2970,27:'B1'3036-27:'B1'3036

	G~G...A~C
	G~G...U~C

#  Matched base-pairing interactions: 
	<G(0:)-C(12:) cis W/W>                         MATCHES	<G(0:'B1'2949)-C(27:'B1'3036) cis W/W>
	<G(1:)-A(11:) trans S/H>                       MATCHES	<G(13:'B1'2969)-U(14:'B1'2970) trans S/H>
#  Matched base-stacking interactions: 

>>>>>>>>>>   ALIGNMENT ENDS   >>>>>>>>>>

<<<<<<<<<<  ALIGNMENT BEGINS  <<<<<<<<<<

#  Aligning k-turn_consensus and 4v6u_B1:2047-2054_2022-2029_1972-1980:
#  Alignment score:  20.2
#  P-value:  1.000e+00
#  Query aligned region: 3-3,6-9
#  Target aligned region: 4:'B1'2052-4:'B1'2052,13:'B1'2028-13:'B1'2028,18:'B1'1975-18:'B1'1975

	A...G~G
	A...G~C

#  Matched base-pairing interactions: 
	<A(3:)-G(6:) trans S/S>                        MATCHES	<A(4:'B1'2052)-G(13:'B1'2028) trans S/S>
	<A(3:)-G(9:) trans H/S>                        MATCHES	<A(4:'B1'2052)-C(18:'B1'1975) cis S/S>
#  Matched base-stacking interactions: 

>>>>>>>>>>   ALIGNMENT ENDS   >>>>>>>>>>

<<<<<<<<<<  ALIGNMENT BEGINS  <<<<<<<<<<

#  Aligning k-turn_consensus and 4v6u_B1:2674-2681_2655-2662_2631-2636:
#  Alignment score:  18.6
#  P-value:  1.000e+00
#  Query aligned region: 3-3,6-9
#  Target aligned region: 5:'B1'2680-5:'B1'2680,12:'B1'2660-12:'B1'2660,19:'B1'2635-19:'B1'2635

	A...G~G
	A...G~C

#  Matched base-pairing interactions: 
	<A(3:)-G(6:) trans S/S>                        MATCHES	<A(5:'B1'2680)-G(12:'B1'2660) trans S/S>
	<A(3:)-G(9:) trans H/S>                        MATCHES	<A(5:'B1'2680)-C(19:'B1'2635) cis S/S>
#  Matched base-stacking interactions: 

>>>>>>>>>>   ALIGNMENT ENDS   >>>>>>>>>>

<<<<<<<<<<  ALIGNMENT BEGINS  <<<<<<<<<<

#  Aligning k-turn_consensus and 4v6u_B1:2111-2112_1839-1840_1894-1902:
#  Alignment score:  17.6
#  P-value:  1.000e+00
#  Query aligned region: 0-1,11-12
#  Target aligned region: 0:'B1'2112-0:'B1'2112,2:'B1'1840-2:'B1'1840,11:'B1'1902-12:'B1'1903

	G~G...AC
	C~G...GG

#  Matched base-pairing interactions: 
	<G(0:)-C(12:) cis W/W>                         MATCHES	<C(0:'B1'2112)-G(12:'B1'1903) cis W/W>
	<G(1:)-A(11:) trans S/H>                       MATCHES	<G(2:'B1'1840)-G(11:'B1'1902) trans S/H>
#  Matched base-stacking interactions: 

>>>>>>>>>>   ALIGNMENT ENDS   >>>>>>>>>>

<<<<<<<<<<  ALIGNMENT BEGINS  <<<<<<<<<<

#  Aligning k-turn_consensus and 4v6u_B1:2963-2976_3024-3031_2952-2958:
#  Alignment score:  17.1
#  P-value:  1.000e+00
#  Query aligned region: 0-1,11-12
#  Target aligned region: 5:'B1'2969-8:'B1'2972,19:'B1'3030-19:'B1'3030,22:'B1'2953-22:'B1'2953

	G--G...A~C
	GUUG...A~U

#  Matched base-pairing interactions: 
	<G(0:)-C(12:) cis W/W>                         MATCHES	<G(5:'B1'2969)-U(22:'B1'2953) cis W/W>
	<G(1:)-A(11:) trans S/H>                       MATCHES	<G(8:'B1'2972)-A(19:'B1'3030) trans S/H>
#  Matched base-stacking interactions: 

>>>>>>>>>>   ALIGNMENT ENDS   >>>>>>>>>>

<<<<<<<<<<  ALIGNMENT BEGINS  <<<<<<<<<<

#  Aligning k-turn_consensus and 4v6u_B1:1220-1228_1212-1217_1193-1202:
#  Alignment score:  17
#  P-value:  1.000e+00
#  Query aligned region: 3-3,6-9
#  Target aligned region: 6:'B1'1227-6:'B1'1227,13:'B1'1217-13:'B1'1217,20:'B1'1199-20:'B1'1199

	A...G~G
	A...U~U

#  Matched base-pairing interactions: 
	<A(3:)-G(9:) trans H/S>                        MATCHES	<A(6:'B1'1227)-U(20:'B1'1199) cis H/W>
	<A(3:)-G(6:) trans S/S>                        MATCHES	<A(6:'B1'1227)-U(13:'B1'1217) trans S/S>
#  Matched base-stacking interactions: 

>>>>>>>>>>   ALIGNMENT ENDS   >>>>>>>>>>

<<<<<<<<<<  ALIGNMENT BEGINS  <<<<<<<<<<

#  Aligning k-turn_consensus and 4v6u_B1:1596-1604_1701-1708:
#  Alignment score:  16.8
#  P-value:  1.000e+00
#  Query aligned region: 0-1,11-12
#  Target aligned region: 0:'B1'1597-3:'B1'1600,14:'B1'1707-16:'B1'1709

	G--G...A-C
	GUAG...AUC

#  Matched base-pairing interactions: 
	<G(0:)-C(12:) cis W/W>                         MATCHES	<G(0:'B1'1597)-C(16:'B1'1709) cis W/W>
	<G(1:)-A(11:) trans S/H>                       MATCHES	<G(3:'B1'1600)-A(14:'B1'1707) trans S/H>
#  Matched base-stacking interactions: 

>>>>>>>>>>   ALIGNMENT ENDS   >>>>>>>>>>

<<<<<<<<<<  ALIGNMENT BEGINS  <<<<<<<<<<

#  Aligning k-turn_consensus and 4v6u_B1:1063-1070_979-985:
#  Alignment score:  15.8
#  P-value:  1.000e+00
#  Query aligned region: 1-1,11-11
#  Target aligned region: 6:'B1'1070-6:'B1'1070,9:'B1'981-9:'B1'981

	G...A
	G...A

#  Matched base-pairing interactions: 
	<G(1:)-A(11:) trans S/H>                       MATCHES	<G(6:'B1'1070)-A(9:'B1'981) trans S/H>
#  Matched base-stacking interactions: 

>>>>>>>>>>   ALIGNMENT ENDS   >>>>>>>>>>

<<<<<<<<<<  ALIGNMENT BEGINS  <<<<<<<<<<

#  Aligning k-turn_consensus and 4v6u_B1:1302-1307_1321-1323_1325-1327:
#  Alignment score:  15.6
#  P-value:  1.000e+00
#  Query aligned region: 0-1,11-12
#  Target aligned region: 1:'B1'1304-1:'B1'1304,8:'B1'1324-8:'B1'1324,9:'B1'1326-10:'B1'1327

	G~G...AC
	G~G...UC

#  Matched base-pairing interactions: 
	<G(0:)-C(12:) cis W/W>                         MATCHES	<G(1:'B1'1304)-C(10:'B1'1327) cis W/W>
	<G(1:)-A(11:) trans S/H>                       MATCHES	<G(8:'B1'1324)-U(9:'B1'1326) trans S/H>
#  Matched base-stacking interactions: 

>>>>>>>>>>   ALIGNMENT ENDS   >>>>>>>>>>

<<<<<<<<<<  ALIGNMENT BEGINS  <<<<<<<<<<

#  Aligning k-turn_consensus and 4v6u_B1:510-511_479-496_31-36:
#  Alignment score:  15.3
#  P-value:  1.000e+00
#  Query aligned region: 0-4,5-12
#  Target aligned region: 3:'B1'481-15:'B1'493,20:'B1'32-25:'B1'37

	G-GG-A--G...C~GAAG-AAC
	GACCGAUAG...A~C--UCGGC

#  Matched base-pairing interactions: 
	<A(3:)-G(6:) trans S/S>                        MATCHES	<A(8:'B1'486)-C(20:'B1'32) cis -/->
	<G(4:)-A(10:) trans S/S>                       MATCHES	<G(11:'B1'489)-G(23:'B1'35) trans S/S>
	<G(2:)-A(10:) trans S/H>                       MATCHES	<C(6:'B1'484)-G(23:'B1'35) cis W/W>
	<G(4:)-C(5:) cis W/W>                          MATCHES	<G(11:'B1'489)-A(15:'B1'493) cis -/->
	<A(3:)-G(9:) trans H/S>                        MATCHES	<A(8:'B1'486)-U(21:'B1'33) trans H/W>
	<G(0:)-C(12:) cis W/W>                         MATCHES	<G(3:'B1'481)-C(25:'B1'37) cis W/W>
	<G(1:)-A(11:) trans S/H>                       MATCHES	<C(5:'B1'483)-G(24:'B1'36) cis W/W>
#  Matched base-stacking interactions: 

>>>>>>>>>>   ALIGNMENT ENDS   >>>>>>>>>>

<<<<<<<<<<  ALIGNMENT BEGINS  <<<<<<<<<<

#  Aligning k-turn_consensus and 4v6u_B1:2499-2506_2437-2444_2392-2398:
#  Alignment score:  15
#  P-value:  1.000e+00
#  Query aligned region: 0-1,11-12
#  Target aligned region: 0:'B1'2500-1:'B1'2501,21:'B1'2398-22:'B1'2399

	GG...AC
	GG...CC

#  Matched base-pairing interactions: 
	<G(1:)-A(11:) trans S/H>                       MATCHES	<G(1:'B1'2501)-C(21:'B1'2398) cis W/W>
	<G(0:)-C(12:) cis W/W>                         MATCHES	<G(0:'B1'2500)-C(22:'B1'2399) cis W/W>
#  Matched base-stacking interactions: 

>>>>>>>>>>   ALIGNMENT ENDS   >>>>>>>>>>

<<<<<<<<<<  ALIGNMENT BEGINS  <<<<<<<<<<

#  Aligning k-turn_consensus and 4v6u_B1:830-831_865-875_889-895:
#  Alignment score:  14.6
#  P-value:  1.000e+00
#  Query aligned region: 0-1,11-12
#  Target aligned region: 11:'B1'875-12:'B1'876,13:'B1'890-14:'B1'891

	GG...AC
	GC...GC

#  Matched base-pairing interactions: 
	<G(1:)-A(11:) trans S/H>                       MATCHES	<C(12:'B1'876)-G(13:'B1'890) cis W/W>
	<G(0:)-C(12:) cis W/W>                         MATCHES	<G(11:'B1'875)-C(14:'B1'891) cis W/W>
#  Matched base-stacking interactions: 

>>>>>>>>>>   ALIGNMENT ENDS   >>>>>>>>>>

<<<<<<<<<<  ALIGNMENT BEGINS  <<<<<<<<<<

#  Aligning k-turn_consensus and 4v6u_B1:768-774_722-733_779-784:
#  Alignment score:  14.4
#  P-value:  1.000e+00
#  Query aligned region: 0-1,11-12
#  Target aligned region: 1:'B1'770-1:'B1'770,10:'B1'726-13:'B1'729,24:'B1'785-24:'B1'785

	G~G...A~C
	G~G...A~C

#  Matched base-pairing interactions: 
	<G(0:)-C(12:) cis W/W>                         MATCHES	<G(1:'B1'770)-C(24:'B1'785) cis W/W>
	<G(1:)-A(11:) trans S/H>                       MATCHES	<G(10:'B1'726)-A(13:'B1'729) cis -/->
#  Matched base-stacking interactions: 

>>>>>>>>>>   ALIGNMENT ENDS   >>>>>>>>>>

<<<<<<<<<<  ALIGNMENT BEGINS  <<<<<<<<<<

#  Aligning k-turn_consensus and 4v6u_B1:1680-1684_1696-1702_1603-1607:
#  Alignment score:  14.2
#  P-value:  1.000e+00
#  Query aligned region: 0-1,11-12
#  Target aligned region: 0:'B1'1681-1:'B1'1682,7:'B1'1699-8:'B1'1700

	GG...AC
	GC...UU

#  Matched base-pairing interactions: 
	<G(1:)-A(11:) trans S/H>                       MATCHES	<C(1:'B1'1682)-U(7:'B1'1699) cis W/W>
	<G(0:)-C(12:) cis W/W>                         MATCHES	<G(0:'B1'1681)-U(8:'B1'1700) cis W/W>
#  Matched base-stacking interactions: 

>>>>>>>>>>   ALIGNMENT ENDS   >>>>>>>>>>

<<<<<<<<<<  ALIGNMENT BEGINS  <<<<<<<<<<

#  Aligning k-turn_consensus and 4v6u_B1:2972-2979_2951-2958_3022-3032:
#  Alignment score:  14.2
#  P-value:  1.000e+00
#  Query aligned region: 0-1,11-12
#  Target aligned region: 8:'B1'2952-9:'B1'2953,25:'B1'3032-26:'B1'3033

	GG...AC
	CU...CG

#  Matched base-pairing interactions: 
	<G(1:)-A(11:) trans S/H>                       MATCHES	<U(9:'B1'2953)-C(25:'B1'3032) cis -/->
	<G(0:)-C(12:) cis W/W>                         MATCHES	<C(8:'B1'2952)-G(26:'B1'3033) cis W/W>
#  Matched base-stacking interactions: 

>>>>>>>>>>   ALIGNMENT ENDS   >>>>>>>>>>

<<<<<<<<<<  ALIGNMENT BEGINS  <<<<<<<<<<

#  Aligning k-turn_consensus and 4v6u_B1:12-18_575-577_558-562:
#  Alignment score:  14.2
#  P-value:  1.000e+00
#  Query aligned region: 0-1,11-12
#  Target aligned region: 3:'B1'16-3:'B1'16,7:'B1'576-7:'B1'576,11:'B1'560-12:'B1'561

	G~G...AC
	G~G...GC

#  Matched base-pairing interactions: 
	<G(0:)-C(12:) cis W/W>                         MATCHES	<G(3:'B1'16)-C(12:'B1'561) cis W/W>
	<G(1:)-A(11:) trans S/H>                       MATCHES	<G(7:'B1'576)-G(11:'B1'560) cis -/->
#  Matched base-stacking interactions: 

>>>>>>>>>>   ALIGNMENT ENDS   >>>>>>>>>>

<<<<<<<<<<  ALIGNMENT BEGINS  <<<<<<<<<<

#  Aligning k-turn_consensus and 4v6u_B1:2189-2191_804-809_935-942:
#  Alignment score:  13.8
#  P-value:  1.000e+00
#  Query aligned region: 0-1,11-12
#  Target aligned region: 3:'B1'805-4:'B1'806,15:'B1'942-16:'B1'943

	GG...AC
	CC...UG

#  Matched base-pairing interactions: 
	<G(1:)-A(11:) trans S/H>                       MATCHES	<C(4:'B1'806)-U(15:'B1'942) cis W/W>
	<G(0:)-C(12:) cis W/W>                         MATCHES	<C(3:'B1'805)-G(16:'B1'943) cis W/W>
#  Matched base-stacking interactions: 

>>>>>>>>>>   ALIGNMENT ENDS   >>>>>>>>>>

<<<<<<<<<<  ALIGNMENT BEGINS  <<<<<<<<<<

#  Aligning k-turn_consensus and 4v6u_B1:511-512_482-492_30-35:
#  Alignment score:  13.8
#  P-value:  1.000e+00
#  Query aligned region: 0-1,11-12
#  Target aligned region: 0:'B1'512-1:'B1'513,13:'B1'31-14:'B1'32

	GG...AC
	GC...GC

#  Matched base-pairing interactions: 
	<G(1:)-A(11:) trans S/H>                       MATCHES	<C(1:'B1'513)-G(13:'B1'31) cis W/W>
	<G(0:)-C(12:) cis W/W>                         MATCHES	<G(0:'B1'512)-C(14:'B1'32) cis W/W>
#  Matched base-stacking interactions: 

>>>>>>>>>>   ALIGNMENT ENDS   >>>>>>>>>>

<<<<<<<<<<  ALIGNMENT BEGINS  <<<<<<<<<<

#  Aligning k-turn_consensus and 4v6u_B1:446-448_216-219_210-215:
#  Alignment score:  13.8
#  P-value:  1.000e+00
#  Query aligned region: 0-1,11-12
#  Target aligned region: 5:'B1'219-6:'B1'220,9:'B1'213-10:'B1'214

	GG...AC
	GC...GC

#  Matched base-pairing interactions: 
	<G(1:)-A(11:) trans S/H>                       MATCHES	<C(6:'B1'220)-G(9:'B1'213) cis W/W>
	<G(0:)-C(12:) cis W/W>                         MATCHES	<G(5:'B1'219)-C(10:'B1'214) cis W/W>
#  Matched base-stacking interactions: 

>>>>>>>>>>   ALIGNMENT ENDS   >>>>>>>>>>

<<<<<<<<<<  ALIGNMENT BEGINS  <<<<<<<<<<

#  Aligning k-turn_consensus and 4v6u_B1:880-881_2725-2732_2172-2180:
#  Alignment score:  13.8
#  P-value:  1.000e+00
#  Query aligned region: 0-1,11-12
#  Target aligned region: 2:'B1'2726-3:'B1'2727,16:'B1'2179-17:'B1'2180

	GG...AC
	GC...GC

#  Matched base-pairing interactions: 
	<G(1:)-A(11:) trans S/H>                       MATCHES	<C(3:'B1'2727)-G(16:'B1'2179) cis W/W>
	<G(0:)-C(12:) cis W/W>                         MATCHES	<G(2:'B1'2726)-C(17:'B1'2180) cis W/W>
#  Matched base-stacking interactions: 

>>>>>>>>>>   ALIGNMENT ENDS   >>>>>>>>>>

<<<<<<<<<<  ALIGNMENT BEGINS  <<<<<<<<<<

#  Aligning k-turn_consensus and 4v6u_B1:809-811_189-197_176-182:
#  Alignment score:  13.8
#  P-value:  1.000e+00
#  Query aligned region: 0-1,11-12
#  Target aligned region: 3:'B1'190-4:'B1'191,17:'B1'182-18:'B1'183

	GG...AC
	CU...UG

#  Matched base-pairing interactions: 
	<G(1:)-A(11:) trans S/H>                       MATCHES	<U(4:'B1'191)-U(17:'B1'182) cis W/W>
	<G(0:)-C(12:) cis W/W>                         MATCHES	<C(3:'B1'190)-G(18:'B1'183) cis W/W>
#  Matched base-stacking interactions: 

>>>>>>>>>>   ALIGNMENT ENDS   >>>>>>>>>>

<<<<<<<<<<  ALIGNMENT BEGINS  <<<<<<<<<<

#  Aligning k-turn_consensus and 4v6u_B1:786-793_687-697_716-720:
#  Alignment score:  13.6
#  P-value:  1.000e+00
#  Query aligned region: 0-1,11-12
#  Target aligned region: 17:'B1'697-18:'B1'698,19:'B1'717-20:'B1'718

	GG...AC
	UU...AG

#  Matched base-pairing interactions: 
	<G(1:)-A(11:) trans S/H>                       MATCHES	<U(18:'B1'698)-A(19:'B1'717) trans W/H>
	<G(0:)-C(12:) cis W/W>                         MATCHES	<U(17:'B1'697)-G(20:'B1'718) cis W/W>
#  Matched base-stacking interactions: 

>>>>>>>>>>   ALIGNMENT ENDS   >>>>>>>>>>

<<<<<<<<<<  ALIGNMENT BEGINS  <<<<<<<<<<

#  Aligning k-turn_consensus and 4v6u_B1:1385-1393_1338-1344_480-482:
#  Alignment score:  13.6
#  P-value:  1.000e+00
#  Query aligned region: 0-1,11-12
#  Target aligned region: 6:'B1'1392-8:'B1'1394,9:'B1'1339-9:'B1'1339

	GG...A~C
	GC...G~C

#  Matched base-pairing interactions: 
	<G(1:)-A(11:) trans S/H>                       MATCHES	<C(7:'B1'1393)-G(8:'B1'1394) trans S/S>
	<G(0:)-C(12:) cis W/W>                         MATCHES	<G(6:'B1'1392)-C(9:'B1'1339) cis W/W>
#  Matched base-stacking interactions: 

>>>>>>>>>>   ALIGNMENT ENDS   >>>>>>>>>>

<<<<<<<<<<  ALIGNMENT BEGINS  <<<<<<<<<<

#  Aligning k-turn_consensus and 4v6u_B1:1623-1631_1670-1679:
#  Alignment score:  13.6
#  P-value:  1.000e+00
#  Query aligned region: 0-1,11-12
#  Target aligned region: 6:'B1'1630-7:'B1'1631,9:'B1'1671-10:'B1'1672

	GG...AC
	UA...AG

#  Matched base-pairing interactions: 
	<G(1:)-A(11:) trans S/H>                       MATCHES	<A(7:'B1'1631)-A(9:'B1'1671) trans W/H>
	<G(0:)-C(12:) cis W/W>                         MATCHES	<U(6:'B1'1630)-G(10:'B1'1672) cis W/W>
#  Matched base-stacking interactions: 

>>>>>>>>>>   ALIGNMENT ENDS   >>>>>>>>>>

<<<<<<<<<<  ALIGNMENT BEGINS  <<<<<<<<<<

#  Aligning k-turn_consensus and 4v6u_B1:245-250_698-716_223-228:
#  Alignment score:  13.6
#  P-value:  1.000e+00
#  Query aligned region: 0-1,11-12
#  Target aligned region: 5:'B1'251-5:'B1'251,13:'B1'706-16:'B1'709,25:'B1'224-25:'B1'224

	G~G...A~C
	C~U...A~G

#  Matched base-pairing interactions: 
	<G(0:)-C(12:) cis W/W>                         MATCHES	<C(5:'B1'251)-G(25:'B1'224) cis W/W>
	<G(1:)-A(11:) trans S/H>                       MATCHES	<U(13:'B1'706)-A(16:'B1'709) cis -/->
#  Matched base-stacking interactions: 

>>>>>>>>>>   ALIGNMENT ENDS   >>>>>>>>>>

<<<<<<<<<<  ALIGNMENT BEGINS  <<<<<<<<<<

#  Aligning k-turn_consensus and 4v6u_B1:2186-2194_2552-2560_939-940:
#  Alignment score:  13.4
#  P-value:  1.000e+00
#  Query aligned region: 0-1,11-12
#  Target aligned region: 5:'B1'2192-6:'B1'2193,12:'B1'2556-13:'B1'2557

	GG...AC
	GG...CC

#  Matched base-pairing interactions: 
	<G(1:)-A(11:) trans S/H>                       MATCHES	<G(6:'B1'2193)-C(12:'B1'2556) cis W/W>
	<G(0:)-C(12:) cis W/W>                         MATCHES	<G(5:'B1'2192)-C(13:'B1'2557) cis W/W>
#  Matched base-stacking interactions: 

>>>>>>>>>>   ALIGNMENT ENDS   >>>>>>>>>>

<<<<<<<<<<  ALIGNMENT BEGINS  <<<<<<<<<<

#  Aligning k-turn_consensus and 4v6u_B1:997-1007_1047-1050_1042-1045:
#  Alignment score:  13.4
#  P-value:  1.000e+00
#  Query aligned region: 0-1,11-12
#  Target aligned region: 8:'B1'1006-9:'B1'1007,15:'B1'1043-16:'B1'1044

	GG...AC
	AU...UC

#  Matched base-pairing interactions: 
	<G(1:)-A(11:) trans S/H>                       MATCHES	<U(9:'B1'1007)-U(15:'B1'1043) cis W/W>
	<G(0:)-C(12:) cis W/W>                         MATCHES	<A(8:'B1'1006)-C(16:'B1'1044) cis W/W>
#  Matched base-stacking interactions: 

>>>>>>>>>>   ALIGNMENT ENDS   >>>>>>>>>>

<<<<<<<<<<  ALIGNMENT BEGINS  <<<<<<<<<<

#  Aligning k-turn_consensus and 4v6u_B1:786-793_716-720_687-697:
#  Alignment score:  13.4
#  P-value:  1.000e+00
#  Query aligned region: 0-1,11-12
#  Target aligned region: 11:'B1'720-12:'B1'721,19:'B1'694-20:'B1'695

	GG...AC
	CG...AG

#  Matched base-pairing interactions: 
	<G(1:)-A(11:) trans S/H>                       MATCHES	<G(12:'B1'721)-A(19:'B1'694) cis -/->
	<G(0:)-C(12:) cis W/W>                         MATCHES	<C(11:'B1'720)-G(20:'B1'695) cis W/W>
#  Matched base-stacking interactions: 

>>>>>>>>>>   ALIGNMENT ENDS   >>>>>>>>>>

<<<<<<<<<<  ALIGNMENT BEGINS  <<<<<<<<<<

#  Aligning k-turn_consensus and 4v6u_B1:1105-1112_1133-1134_1119-1124:
#  Alignment score:  13.2
#  P-value:  1.000e+00
#  Query aligned region: 0-1,11-12
#  Target aligned region: 5:'B1'1111-6:'B1'1112,9:'B1'1135-9:'B1'1135,12:'B1'1122-12:'B1'1122

	GG...A~C
	GG...A~C

#  Matched base-pairing interactions: 
	<G(0:)-C(12:) cis W/W>                         MATCHES	<G(5:'B1'1111)-C(12:'B1'1122) cis W/W>
	<G(1:)-A(11:) trans S/H>                       MATCHES	<G(6:'B1'1112)-A(9:'B1'1135) trans S/S>
#  Matched base-stacking interactions: 

>>>>>>>>>>   ALIGNMENT ENDS   >>>>>>>>>>

<<<<<<<<<<  ALIGNMENT BEGINS  <<<<<<<<<<

#  Aligning k-turn_consensus and 4v6u_B1:2876-2882_2843-2851_2791-2793:
#  Alignment score:  13.2
#  P-value:  1.000e+00
#  Query aligned region: 0-1,11-12
#  Target aligned region: 5:'B1'2882-6:'B1'2883,10:'B1'2847-11:'B1'2848

	GG...AC
	GC...GC

#  Matched base-pairing interactions: 
	<G(1:)-A(11:) trans S/H>                       MATCHES	<C(6:'B1'2883)-G(10:'B1'2847) trans S/H>
	<G(0:)-C(12:) cis W/W>                         MATCHES	<G(5:'B1'2882)-C(11:'B1'2848) cis W/W>
#  Matched base-stacking interactions: 

>>>>>>>>>>   ALIGNMENT ENDS   >>>>>>>>>>

<<<<<<<<<<  ALIGNMENT BEGINS  <<<<<<<<<<

#  Aligning k-turn_consensus and 4v6u_B1:837-840_1645-1659_856-859:
#  Alignment score:  13.2
#  P-value:  1.000e+00
#  Query aligned region: 0-1,11-12
#  Target aligned region: 2:'B1'840-2:'B1'840,8:'B1'1650-10:'B1'1652,19:'B1'857-19:'B1'857

	G~G...A~C
	G~U...A~U

#  Matched base-pairing interactions: 
	<G(0:)-C(12:) cis W/W>                         MATCHES	<G(2:'B1'840)-U(19:'B1'857) cis W/W>
	<G(1:)-A(11:) trans S/H>                       MATCHES	<U(8:'B1'1650)-A(10:'B1'1652) cis -/->
#  Matched base-stacking interactions: 

>>>>>>>>>>   ALIGNMENT ENDS   >>>>>>>>>>

<<<<<<<<<<  ALIGNMENT BEGINS  <<<<<<<<<<

#  Aligning k-turn_consensus and 4v6u_B1:2549-2554_2705-2717_2193-2196:
#  Alignment score:  13.2
#  P-value:  1.000e+00
#  Query aligned region: 0-1,11-12
#  Target aligned region: 0:'B1'2550-0:'B1'2550,10:'B1'2710-12:'B1'2712,22:'B1'2197-22:'B1'2197

	G~G...A~C
	A~G...G~U

#  Matched base-pairing interactions: 
	<G(0:)-C(12:) cis W/W>                         MATCHES	<A(0:'B1'2550)-U(22:'B1'2197) cis W/W>
	<G(1:)-A(11:) trans S/H>                       MATCHES	<G(10:'B1'2710)-G(12:'B1'2712) cis -/->
#  Matched base-stacking interactions: 

>>>>>>>>>>   ALIGNMENT ENDS   >>>>>>>>>>

<<<<<<<<<<  ALIGNMENT BEGINS  <<<<<<<<<<

#  Aligning k-turn_consensus and 4v6u_B1:2661-2665_2671-2676_2072-2080:
#  Alignment score:  13
#  P-value:  1.000e+00
#  Query aligned region: 0-1,11-12
#  Target aligned region: 3:'B1'2665-4:'B1'2666,5:'B1'2672-6:'B1'2673

	GG...AC
	GG...AC

#  Matched base-pairing interactions: 
	<G(1:)-A(11:) trans S/H>                       MATCHES	<G(4:'B1'2666)-A(5:'B1'2672) cis W/W>
	<G(0:)-C(12:) cis W/W>                         MATCHES	<G(3:'B1'2665)-C(6:'B1'2673) cis W/W>
#  Matched base-stacking interactions: 

>>>>>>>>>>   ALIGNMENT ENDS   >>>>>>>>>>

<<<<<<<<<<  ALIGNMENT BEGINS  <<<<<<<<<<

#  Aligning k-turn_consensus and 4v6u_B1:1206-1215_1227-1230_1200-1204:
#  Alignment score:  12.6
#  P-value:  1.000e+00
#  Query aligned region: 0-1,11-12
#  Target aligned region: 6:'B1'1213-6:'B1'1213,10:'B1'1228-11:'B1'1229,16:'B1'1203-16:'B1'1203

	G~G...A~C
	G~G...U~C

#  Matched base-pairing interactions: 
	<G(0:)-C(12:) cis W/W>                         MATCHES	<G(6:'B1'1213)-C(16:'B1'1203) cis W/W>
	<G(1:)-A(11:) trans S/H>                       MATCHES	<G(10:'B1'1228)-U(11:'B1'1229) cis S/H>
#  Matched base-stacking interactions: 

>>>>>>>>>>   ALIGNMENT ENDS   >>>>>>>>>>

<<<<<<<<<<  ALIGNMENT BEGINS  <<<<<<<<<<

#  Aligning k-turn_consensus and 4v6u_B1:1603-1607_1696-1702_1680-1684:
#  Alignment score:  12.4
#  P-value:  1.000e+00
#  Query aligned region: 0-1,11-12
#  Target aligned region: 0:'B1'1604-1:'B1'1605,9:'B1'1701-10:'B1'1702

	GG...AC
	GA...CC

#  Matched base-pairing interactions: 
	<G(1:)-A(11:) trans S/H>                       MATCHES	<A(1:'B1'1605)-C(9:'B1'1701) cis W/W>
	<G(0:)-C(12:) cis W/W>                         MATCHES	<G(0:'B1'1604)-C(10:'B1'1702) cis W/W>
#  Matched base-stacking interactions: 

>>>>>>>>>>   ALIGNMENT ENDS   >>>>>>>>>>

<<<<<<<<<<  ALIGNMENT BEGINS  <<<<<<<<<<

#  Aligning k-turn_consensus and 4v6u_B1:308-311_397-402_312-318:
#  Alignment score:  12.4
#  P-value:  1.000e+00
#  Query aligned region: 0-1,11-12
#  Target aligned region: 4:'B1'398-5:'B1'399,15:'B1'318-16:'B1'319

	GG...AC
	UC...GA

#  Matched base-pairing interactions: 
	<G(1:)-A(11:) trans S/H>                       MATCHES	<C(5:'B1'399)-G(15:'B1'318) trans S/H>
	<G(0:)-C(12:) cis W/W>                         MATCHES	<U(4:'B1'398)-A(16:'B1'319) cis W/W>
#  Matched base-stacking interactions: 

>>>>>>>>>>   ALIGNMENT ENDS   >>>>>>>>>>

<<<<<<<<<<  ALIGNMENT BEGINS  <<<<<<<<<<

#  Aligning k-turn_consensus and 4v6u_B1:968-969_2468-2473_2474-2479:
#  Alignment score:  12.4
#  P-value:  1.000e+00
#  Query aligned region: 0-1,11-12
#  Target aligned region: 2:'B1'2469-3:'B1'2470,11:'B1'2478-12:'B1'2479

	GG...AC
	GU...GC

#  Matched base-pairing interactions: 
	<G(1:)-A(11:) trans S/H>                       MATCHES	<U(3:'B1'2470)-G(11:'B1'2478) trans S/H>
	<G(0:)-C(12:) cis W/W>                         MATCHES	<G(2:'B1'2469)-C(12:'B1'2479) cis W/W>
#  Matched base-stacking interactions: 

>>>>>>>>>>   ALIGNMENT ENDS   >>>>>>>>>>

<<<<<<<<<<  ALIGNMENT BEGINS  <<<<<<<<<<

#  Aligning k-turn_consensus and 4v6u_B1:1731-1736_1573-1579_1561-1562:
#  Alignment score:  12.4
#  P-value:  1.000e+00
#  Query aligned region: 0-1,11-12
#  Target aligned region: 4:'B1'1736-4:'B1'1736,6:'B1'1574-8:'B1'1576

	G~G...AC
	G~A...GC

#  Matched base-pairing interactions: 
	<G(0:)-C(12:) cis W/W>                         MATCHES	<G(4:'B1'1736)-C(8:'B1'1576) cis W/W>
	<G(1:)-A(11:) trans S/H>                       MATCHES	<A(6:'B1'1574)-G(7:'B1'1575) cis -/->
#  Matched base-stacking interactions: 

>>>>>>>>>>   ALIGNMENT ENDS   >>>>>>>>>>

<<<<<<<<<<  ALIGNMENT BEGINS  <<<<<<<<<<

#  Aligning k-turn_consensus and 4v6u_B1:307-311_400-402:
#  Alignment score:  12.2
#  P-value:  1.000e+00
#  Query aligned region: 0-1,11-12
#  Target aligned region: 3:'B1'311-4:'B1'312,5:'B1'401-6:'B1'402

	GG...AC
	CG...CG

#  Matched base-pairing interactions: 
	<G(1:)-A(11:) trans S/H>                       MATCHES	<G(4:'B1'312)-C(5:'B1'401) cis W/W>
	<G(0:)-C(12:) cis W/W>                         MATCHES	<C(3:'B1'311)-G(6:'B1'402) cis W/W>
#  Matched base-stacking interactions: 

>>>>>>>>>>   ALIGNMENT ENDS   >>>>>>>>>>

<<<<<<<<<<  ALIGNMENT BEGINS  <<<<<<<<<<

#  Aligning k-turn_consensus and 4v6u_B1:1131-1137_1142-1144_1288-1296:
#  Alignment score:  12.2
#  P-value:  1.000e+00
#  Query aligned region: 0-1,11-12
#  Target aligned region: 4:'B1'1136-4:'B1'1136,8:'B1'1144-8:'B1'1144,12:'B1'1291-13:'B1'1292

	G~G...AC
	G~A...CC

#  Matched base-pairing interactions: 
	<G(0:)-C(12:) cis W/W>                         MATCHES	<G(4:'B1'1136)-C(13:'B1'1292) cis W/W>
	<G(1:)-A(11:) trans S/H>                       MATCHES	<A(8:'B1'1144)-C(12:'B1'1291) cis S/S>
#  Matched base-stacking interactions: 

>>>>>>>>>>   ALIGNMENT ENDS   >>>>>>>>>>

<<<<<<<<<<  ALIGNMENT BEGINS  <<<<<<<<<<

#  Aligning k-turn_consensus and 4v6u_B1:1659-1661_1640-1645_1646-1656:
#  Alignment score:  12.2
#  P-value:  1.000e+00
#  Query aligned region: 0-1,11-12
#  Target aligned region: 10:'B1'1648-16:'B1'1654

	GG...AC
	CG...UG

#  Matched base-pairing interactions: 
	<G(1:)-A(11:) trans S/H>                       MATCHES	<G(11:'B1'1649)-U(15:'B1'1653) trans W/H>
	<G(0:)-C(12:) cis W/W>                         MATCHES	<C(10:'B1'1648)-G(16:'B1'1654) cis W/W>
#  Matched base-stacking interactions: 

>>>>>>>>>>   ALIGNMENT ENDS   >>>>>>>>>>

<<<<<<<<<<  ALIGNMENT BEGINS  <<<<<<<<<<

#  Aligning k-turn_consensus and 4v6u_B1:2381-2389_992-995_2377-2380:
#  Alignment score:  12.2
#  P-value:  1.000e+00
#  Query aligned region: 0-1,11-12
#  Target aligned region: 8:'B1'2390-8:'B1'2390,11:'B1'995-12:'B1'996,13:'B1'2378-13:'B1'2378

	G~G...A~C
	G~G...U~C

#  Matched base-pairing interactions: 
	<G(0:)-C(12:) cis W/W>                         MATCHES	<G(8:'B1'2390)-C(13:'B1'2378) cis W/W>
	<G(1:)-A(11:) trans S/H>                       MATCHES	<G(11:'B1'995)-U(12:'B1'996) cis S/H>
#  Matched base-stacking interactions: 

>>>>>>>>>>   ALIGNMENT ENDS   >>>>>>>>>>

<<<<<<<<<<  ALIGNMENT BEGINS  <<<<<<<<<<

#  Aligning k-turn_consensus and 4v6u_B1:2959-2960_1808-1819_2123-2129:
#  Alignment score:  12.2
#  P-value:  1.000e+00
#  Query aligned region: 0-1,11-12
#  Target aligned region: 2:'B1'1809-3:'B1'1810,19:'B1'2129-20:'B1'2130

	GG...AC
	GG...GC

#  Matched base-pairing interactions: 
	<G(1:)-A(11:) trans S/H>                       MATCHES	<G(3:'B1'1810)-G(19:'B1'2129) cis W/W>
	<G(0:)-C(12:) cis W/W>                         MATCHES	<G(2:'B1'1809)-C(20:'B1'2130) cis W/W>
#  Matched base-stacking interactions: 

>>>>>>>>>>   ALIGNMENT ENDS   >>>>>>>>>>

<<<<<<<<<<  ALIGNMENT BEGINS  <<<<<<<<<<

#  Aligning k-turn_consensus and 4v6u_B1:1805-1808_1406-1414_2126-2136:
#  Alignment score:  12.2
#  P-value:  1.000e+00
#  Query aligned region: 0-1,11-12
#  Target aligned region: 8:'B1'1411-9:'B1'1412,20:'B1'2134-21:'B1'2135

	GG...AC
	GC...GC

#  Matched base-pairing interactions: 
	<G(1:)-A(11:) trans S/H>                       MATCHES	<C(9:'B1'1412)-G(20:'B1'2134) cis W/W>
	<G(0:)-C(12:) cis W/W>                         MATCHES	<G(8:'B1'1411)-C(21:'B1'2135) cis W/W>
#  Matched base-stacking interactions: 

>>>>>>>>>>   ALIGNMENT ENDS   >>>>>>>>>>

<<<<<<<<<<  ALIGNMENT BEGINS  <<<<<<<<<<

#  Aligning k-turn_consensus and 4v6u_B1:1776-1777_1448-1455_1758-1766:
#  Alignment score:  12
#  P-value:  1.000e+00
#  Query aligned region: 0-1,11-12
#  Target aligned region: 5:'B1'1452-6:'B1'1453,11:'B1'1760-12:'B1'1761

	GG...AC
	GG...CC

#  Matched base-pairing interactions: 
	<G(1:)-A(11:) trans S/H>                       MATCHES	<G(6:'B1'1453)-C(11:'B1'1760) cis W/W>
	<G(0:)-C(12:) cis W/W>                         MATCHES	<G(5:'B1'1452)-C(12:'B1'1761) cis W/W>
#  Matched base-stacking interactions: 

>>>>>>>>>>   ALIGNMENT ENDS   >>>>>>>>>>

<<<<<<<<<<  ALIGNMENT BEGINS  <<<<<<<<<<

#  Aligning k-turn_consensus and 4v6u_B1:1557-1562_1574-1575_1736-1745:
#  Alignment score:  12
#  P-value:  1.000e+00
#  Query aligned region: 0-1,11-12
#  Target aligned region: 4:'B1'1562-5:'B1'1563,6:'B1'1575-6:'B1'1575,8:'B1'1737-8:'B1'1737

	GG...A~C
	UG...G~A

#  Matched base-pairing interactions: 
	<G(0:)-C(12:) cis W/W>                         MATCHES	<U(4:'B1'1562)-A(8:'B1'1737) cis W/W>
	<G(1:)-A(11:) trans S/H>                       MATCHES	<G(5:'B1'1563)-G(6:'B1'1575) cis -/->
#  Matched base-stacking interactions: 

>>>>>>>>>>   ALIGNMENT ENDS   >>>>>>>>>>

<<<<<<<<<<  ALIGNMENT BEGINS  <<<<<<<<<<

#  Aligning k-turn_consensus and 4v6u_B1:2197-2209_2013-2014_2345-2353:
#  Alignment score:  12
#  P-value:  1.000e+00
#  Query aligned region: 0-1,11-12
#  Target aligned region: 8:'B1'2206-8:'B1'2206,14:'B1'2015-14:'B1'2015,17:'B1'2348-18:'B1'2349

	G~G...AC
	G~G...GU

#  Matched base-pairing interactions: 
	<G(0:)-C(12:) cis W/W>                         MATCHES	<G(8:'B1'2206)-U(18:'B1'2349) cis W/W>
	<G(1:)-A(11:) trans S/H>                       MATCHES	<G(14:'B1'2015)-G(17:'B1'2348) cis S/S>
#  Matched base-stacking interactions: 

>>>>>>>>>>   ALIGNMENT ENDS   >>>>>>>>>>

<<<<<<<<<<  ALIGNMENT BEGINS  <<<<<<<<<<

#  Aligning k-turn_consensus and 4v6u_B1:2888-2897_2740-2750:
#  Alignment score:  11.9
#  P-value:  1.000e+00
#  Query aligned region: 3-3,6-9
#  Target aligned region: 5:'B1'2894-5:'B1'2894,11:'B1'2742-12:'B1'2743

	A...GAAG
	A...G--U

#  Matched base-pairing interactions: 
	<A(3:)-G(9:) trans H/S>                        MATCHES	<A(5:'B1'2894)-U(12:'B1'2743) cis -/->
	<A(3:)-G(6:) trans S/S>                        MATCHES	<A(5:'B1'2894)-G(11:'B1'2742) trans S/S>
#  Matched base-stacking interactions: 

>>>>>>>>>>   ALIGNMENT ENDS   >>>>>>>>>>

<<<<<<<<<<  ALIGNMENT BEGINS  <<<<<<<<<<

#  Aligning k-turn_consensus and 4v6u_B1:3011-3015_2804-2807_2984-2989:
#  Alignment score:  11.8
#  P-value:  1.000e+00
#  Query aligned region: 0-1,11-12
#  Target aligned region: 0:'B1'3012-0:'B1'3012,5:'B1'2805-6:'B1'2806,14:'B1'2990-14:'B1'2990

	G~G...A~C
	C~U...A~G

#  Matched base-pairing interactions: 
	<G(0:)-C(12:) cis W/W>                         MATCHES	<C(0:'B1'3012)-G(14:'B1'2990) cis W/W>
	<G(1:)-A(11:) trans S/H>                       MATCHES	<U(5:'B1'2805)-A(6:'B1'2806) cis S/H>
#  Matched base-stacking interactions: 

>>>>>>>>>>   ALIGNMENT ENDS   >>>>>>>>>>

<<<<<<<<<<  ALIGNMENT BEGINS  <<<<<<<<<<

#  Aligning k-turn_consensus and 4v6u_B1:1359-1373_638-640_578-584:
#  Alignment score:  11.8
#  P-value:  1.000e+00
#  Query aligned region: 0-1,11-12
#  Target aligned region: 4:'B1'1364-9:'B1'1369

	GG...AC
	CG...AG

#  Matched base-pairing interactions: 
	<G(1:)-A(11:) trans S/H>                       MATCHES	<G(5:'B1'1365)-A(8:'B1'1368) trans W/H>
	<G(0:)-C(12:) cis W/W>                         MATCHES	<C(4:'B1'1364)-G(9:'B1'1369) cis W/W>
#  Matched base-stacking interactions: 

>>>>>>>>>>   ALIGNMENT ENDS   >>>>>>>>>>

<<<<<<<<<<  ALIGNMENT BEGINS  <<<<<<<<<<

#  Aligning k-turn_consensus and 4v6u_B1:493-501_503-510_929-930:
#  Alignment score:  11.8
#  P-value:  1.000e+00
#  Query aligned region: 0-1,11-12
#  Target aligned region: 7:'B1'501-8:'B1'502,10:'B1'505-11:'B1'506

	GG...AC
	CG...AG

#  Matched base-pairing interactions: 
	<G(1:)-A(11:) trans S/H>                       MATCHES	<G(8:'B1'502)-A(10:'B1'505) cis -/->
	<G(0:)-C(12:) cis W/W>                         MATCHES	<C(7:'B1'501)-G(11:'B1'506) cis W/W>
#  Matched base-stacking interactions: 

>>>>>>>>>>   ALIGNMENT ENDS   >>>>>>>>>>

<<<<<<<<<<  ALIGNMENT BEGINS  <<<<<<<<<<

#  Aligning k-turn_consensus and 4v6u_B1:2149-2158_2560-2568_2612-2615:
#  Alignment score:  11.6
#  P-value:  1.000e+00
#  Query aligned region: 0-1,11-12
#  Target aligned region: 17:'B1'2568-18:'B1'2569,19:'B1'2613-20:'B1'2614

	GG...AC
	AG...CC

#  Matched base-pairing interactions: 
	<G(1:)-A(11:) trans S/H>                       MATCHES	<G(18:'B1'2569)-C(19:'B1'2613) cis W/W>
	<G(0:)-C(12:) cis W/W>                         MATCHES	<A(17:'B1'2568)-C(20:'B1'2614) cis W/W>
#  Matched base-stacking interactions: 

>>>>>>>>>>   ALIGNMENT ENDS   >>>>>>>>>>

<<<<<<<<<<  ALIGNMENT BEGINS  <<<<<<<<<<

#  Aligning k-turn_consensus and 4v6u_B1:1971-1973_2053-2060_2085-2096:
#  Alignment score:  11.6
#  P-value:  1.000e+00
#  Query aligned region: 0-1,11-12
#  Target aligned region: 7:'B1'2058-8:'B1'2059,12:'B1'2087-13:'B1'2088

	GG...AC
	CG...UG

#  Matched base-pairing interactions: 
	<G(1:)-A(11:) trans S/H>                       MATCHES	<G(8:'B1'2059)-U(12:'B1'2087) cis -/->
	<G(0:)-C(12:) cis W/W>                         MATCHES	<C(7:'B1'2058)-G(13:'B1'2088) cis W/W>
#  Matched base-stacking interactions: 

>>>>>>>>>>   ALIGNMENT ENDS   >>>>>>>>>>

<<<<<<<<<<  ALIGNMENT BEGINS  <<<<<<<<<<

#  Aligning k-turn_consensus and 4v6u_B1:1102-1105_1082-1084_1112-1119:
#  Alignment score:  11.4
#  P-value:  1.000e+00
#  Query aligned region: 0-1,11-12
#  Target aligned region: 2:'B1'1105-3:'B1'1106,4:'B1'1083-5:'B1'1084

	GG...AC
	CC...GG

#  Matched base-pairing interactions: 
	<G(1:)-A(11:) trans S/H>                       MATCHES	<C(3:'B1'1106)-G(4:'B1'1083) cis W/W>
	<G(0:)-C(12:) cis W/W>                         MATCHES	<C(2:'B1'1105)-G(5:'B1'1084) cis W/W>
#  Matched base-stacking interactions: 

>>>>>>>>>>   ALIGNMENT ENDS   >>>>>>>>>>

<<<<<<<<<<  ALIGNMENT BEGINS  <<<<<<<<<<

#  Aligning k-turn_consensus and 4v6u_B1:356-366_371-380_335-338:
#  Alignment score:  11.4
#  P-value:  1.000e+00
#  Query aligned region: 0-1,11-12
#  Target aligned region: 0:'B1'357-1:'B1'358,12:'B1'373-13:'B1'374

	GG...AC
	GC...GC

#  Matched base-pairing interactions: 
	<G(1:)-A(11:) trans S/H>                       MATCHES	<C(1:'B1'358)-G(12:'B1'373) cis W/W>
	<G(0:)-C(12:) cis W/W>                         MATCHES	<G(0:'B1'357)-C(13:'B1'374) cis W/W>
#  Matched base-stacking interactions: 

>>>>>>>>>>   ALIGNMENT ENDS   >>>>>>>>>>

<<<<<<<<<<  ALIGNMENT BEGINS  <<<<<<<<<<

#  Aligning k-turn_consensus and 4v6u_B1:2384-2386_1098-1104_1083-1089:
#  Alignment score:  11.4
#  P-value:  1.000e+00
#  Query aligned region: 0-1,11-12
#  Target aligned region: 6:'B1'1102-7:'B1'1103,12:'B1'1086-13:'B1'1087

	GG...AC
	CC...UG

#  Matched base-pairing interactions: 
	<G(1:)-A(11:) trans S/H>                       MATCHES	<C(7:'B1'1103)-U(12:'B1'1086) cis W/W>
	<G(0:)-C(12:) cis W/W>                         MATCHES	<C(6:'B1'1102)-G(13:'B1'1087) cis W/W>
#  Matched base-stacking interactions: 

>>>>>>>>>>   ALIGNMENT ENDS   >>>>>>>>>>

<<<<<<<<<<  ALIGNMENT BEGINS  <<<<<<<<<<

#  Aligning k-turn_consensus and 4v6u_B1:2804-2811_2825-2832_1892-1893:
#  Alignment score:  11.4
#  P-value:  1.000e+00
#  Query aligned region: 0-1,11-12
#  Target aligned region: 6:'B1'2811-6:'B1'2811,8:'B1'2826-10:'B1'2828

	G~G...AC
	U~U...CG

#  Matched base-pairing interactions: 
	<G(0:)-C(12:) cis W/W>                         MATCHES	<U(6:'B1'2811)-G(10:'B1'2828) cis W/W>
	<G(1:)-A(11:) trans S/H>                       MATCHES	<U(8:'B1'2826)-C(9:'B1'2827) cis S/S>
#  Matched base-stacking interactions: 

>>>>>>>>>>   ALIGNMENT ENDS   >>>>>>>>>>

<<<<<<<<<<  ALIGNMENT BEGINS  <<<<<<<<<<

#  Aligning k-turn_consensus and 4v6u_B1:2610-2615_2150-2158_2560-2569:
#  Alignment score:  11.2
#  P-value:  1.000e+00
#  Query aligned region: 0-1,11-12
#  Target aligned region: 0:'B1'2611-0:'B1'2611,13:'B1'2158-14:'B1'2159,24:'B1'2570-24:'B1'2570

	G~G...A~C
	U~G...C~A

#  Matched base-pairing interactions: 
	<G(0:)-C(12:) cis W/W>                         MATCHES	<U(0:'B1'2611)-A(24:'B1'2570) cis W/W>
	<G(1:)-A(11:) trans S/H>                       MATCHES	<G(13:'B1'2158)-C(14:'B1'2159) cis -/->
#  Matched base-stacking interactions: 

>>>>>>>>>>   ALIGNMENT ENDS   >>>>>>>>>>

<<<<<<<<<<  ALIGNMENT BEGINS  <<<<<<<<<<

#  Aligning k-turn_consensus and 4v6u_B1:2604-2612_2361-2365_2568-2576:
#  Alignment score:  11.2
#  P-value:  1.000e+00
#  Query aligned region: 0-1,11-12
#  Target aligned region: 4:'B1'2609-4:'B1'2609,9:'B1'2362-13:'B1'2366,17:'B1'2572-17:'B1'2572

	G~G...A~C
	G~U...G~U

#  Matched base-pairing interactions: 
	<G(0:)-C(12:) cis W/W>                         MATCHES	<G(4:'B1'2609)-U(17:'B1'2572) cis W/W>
	<G(1:)-A(11:) trans S/H>                       MATCHES	<U(9:'B1'2362)-G(13:'B1'2366) cis -/->
#  Matched base-stacking interactions: 

>>>>>>>>>>   ALIGNMENT ENDS   >>>>>>>>>>

<<<<<<<<<<  ALIGNMENT BEGINS  <<<<<<<<<<

#  Aligning k-turn_consensus and 4v6u_B1:518-521_544-546_512-517:
#  Alignment score:  11.2
#  P-value:  1.000e+00
#  Query aligned region: 0-1,11-12
#  Target aligned region: 1:'B1'520-3:'B1'522,5:'B1'546-5:'B1'546

	GG...A~C
	GC...A~C

#  Matched base-pairing interactions: 
	<G(0:)-C(12:) cis W/W>                         MATCHES	<G(1:'B1'520)-C(5:'B1'546) cis W/W>
	<G(1:)-A(11:) trans S/H>                       MATCHES	<C(2:'B1'521)-A(3:'B1'522) cis -/->
#  Matched base-stacking interactions: 

>>>>>>>>>>   ALIGNMENT ENDS   >>>>>>>>>>

<<<<<<<<<<  ALIGNMENT BEGINS  <<<<<<<<<<

#  Aligning k-turn_consensus and 4v6u_B1:1103-1113_1327-1330_1119-1125:
#  Alignment score:  11
#  P-value:  1.000e+00
#  Query aligned region: 0-1,11-12
#  Target aligned region: 9:'B1'1113-9:'B1'1113,13:'B1'1330-14:'B1'1331,15:'B1'1120-15:'B1'1120

	G~G...A~C
	G~G...U~C

#  Matched base-pairing interactions: 
	<G(0:)-C(12:) cis W/W>                         MATCHES	<G(9:'B1'1113)-C(15:'B1'1120) cis W/W>
	<G(1:)-A(11:) trans S/H>                       MATCHES	<G(13:'B1'1330)-U(14:'B1'1331) cis S/H>
#  Matched base-stacking interactions: 

>>>>>>>>>>   ALIGNMENT ENDS   >>>>>>>>>>

<<<<<<<<<<  ALIGNMENT BEGINS  <<<<<<<<<<

#  Aligning k-turn_consensus and 4v6u_B1:2185-2191_939-940_2557-2565:
#  Alignment score:  10.8
#  P-value:  1.000e+00
#  Query aligned region: 0-1,11-12
#  Target aligned region: 4:'B1'2190-5:'B1'2191,7:'B1'940-7:'B1'940,9:'B1'2558-9:'B1'2558

	GG...A~C
	AU...G~U

#  Matched base-pairing interactions: 
	<G(0:)-C(12:) cis W/W>                         MATCHES	<A(4:'B1'2190)-U(9:'B1'2558) cis W/W>
	<G(1:)-A(11:) trans S/H>                       MATCHES	<U(5:'B1'2191)-G(7:'B1'940) cis H/W>
#  Matched base-stacking interactions: 

>>>>>>>>>>   ALIGNMENT ENDS   >>>>>>>>>>

<<<<<<<<<<  ALIGNMENT BEGINS  <<<<<<<<<<

#  Aligning k-turn_consensus and 4v6u_B1:2674-2681_2631-2636_2655-2662:
#  Alignment score:  10.6
#  P-value:  1.000e+00
#  Query aligned region: 0-1,11-12
#  Target aligned region: 0:'B1'2675-1:'B1'2676,20:'B1'2662-21:'B1'2663

	GG...AC
	CA...GG

#  Matched base-pairing interactions: 
	<G(1:)-A(11:) trans S/H>                       MATCHES	<A(1:'B1'2676)-G(20:'B1'2662) cis W/W>
	<G(0:)-C(12:) cis W/W>                         MATCHES	<C(0:'B1'2675)-G(21:'B1'2663) cis W/W>
#  Matched base-stacking interactions: 

>>>>>>>>>>   ALIGNMENT ENDS   >>>>>>>>>>

<<<<<<<<<<  ALIGNMENT BEGINS  <<<<<<<<<<

#  Aligning k-turn_consensus and 4v6u_B1:2791-2793_2843-2851_2876-2882:
#  Alignment score:  10.6
#  P-value:  1.000e+00
#  Query aligned region: 0-0,12-12
#  Target aligned region: 0:'B1'2792-0:'B1'2792,4:'B1'2845-4:'B1'2845

	G...C
	G...C

#  Matched base-pairing interactions: 
	<G(0:)-C(12:) cis W/W>                         MATCHES	<G(0:'B1'2792)-C(4:'B1'2845) cis W/W>
#  Matched base-stacking interactions: 

>>>>>>>>>>   ALIGNMENT ENDS   >>>>>>>>>>

<<<<<<<<<<  ALIGNMENT BEGINS  <<<<<<<<<<

#  Aligning k-turn_consensus and 4v6u_B1:1555-1560_1737-1747:
#  Alignment score:  10.6
#  P-value:  1.000e+00
#  Query aligned region: 0-0,12-12
#  Target aligned region: 0:'B1'1556-0:'B1'1556,16:'B1'1748-16:'B1'1748

	G...C
	G...C

#  Matched base-pairing interactions: 
	<G(0:)-C(12:) cis W/W>                         MATCHES	<G(0:'B1'1556)-C(16:'B1'1748) cis W/W>
#  Matched base-stacking interactions: 

>>>>>>>>>>   ALIGNMENT ENDS   >>>>>>>>>>

<<<<<<<<<<  ALIGNMENT BEGINS  <<<<<<<<<<

#  Aligning k-turn_consensus and 4v6u_B1:2653-2657_2850-2857_2871-2878:
#  Alignment score:  10.6
#  P-value:  1.000e+00
#  Query aligned region: 0-0,12-12
#  Target aligned region: 9:'B1'2855-9:'B1'2855,16:'B1'2875-16:'B1'2875

	G...C
	G...C

#  Matched base-pairing interactions: 
	<G(0:)-C(12:) cis W/W>                         MATCHES	<G(9:'B1'2855)-C(16:'B1'2875) cis W/W>
#  Matched base-stacking interactions: 

>>>>>>>>>>   ALIGNMENT ENDS   >>>>>>>>>>

<<<<<<<<<<  ALIGNMENT BEGINS  <<<<<<<<<<

#  Aligning k-turn_consensus and 4v6u_B1:2600-2603_1165-1172_1259-1266:
#  Alignment score:  10.6
#  P-value:  1.000e+00
#  Query aligned region: 0-0,12-12
#  Target aligned region: 7:'B1'1169-7:'B1'1169,15:'B1'1263-15:'B1'1263

	G...C
	G...C

#  Matched base-pairing interactions: 
	<G(0:)-C(12:) cis W/W>                         MATCHES	<G(7:'B1'1169)-C(15:'B1'1263) cis W/W>
#  Matched base-stacking interactions: 

>>>>>>>>>>   ALIGNMENT ENDS   >>>>>>>>>>

<<<<<<<<<<  ALIGNMENT BEGINS  <<<<<<<<<<

#  Aligning k-turn_consensus and 4v6u_B1:1107-1108_1328-1335_949-954:
#  Alignment score:  10.6
#  P-value:  1.000e+00
#  Query aligned region: 0-0,12-12
#  Target aligned region: 6:'B1'1333-6:'B1'1333,12:'B1'952-12:'B1'952

	G...C
	G...C

#  Matched base-pairing interactions: 
	<G(0:)-C(12:) cis W/W>                         MATCHES	<G(6:'B1'1333)-C(12:'B1'952) cis W/W>
#  Matched base-stacking interactions: 

>>>>>>>>>>   ALIGNMENT ENDS   >>>>>>>>>>

<<<<<<<<<<  ALIGNMENT BEGINS  <<<<<<<<<<

#  Aligning k-turn_consensus and 4v6u_B1:312-318_397-402_308-311:
#  Alignment score:  10.6
#  P-value:  1.000e+00
#  Query aligned region: 0-0,12-12
#  Target aligned region: 12:'B1'403-12:'B1'403,13:'B1'309-13:'B1'309

	G...C
	G...C

#  Matched base-pairing interactions: 
	<G(0:)-C(12:) cis W/W>                         MATCHES	<G(12:'B1'403)-C(13:'B1'309) cis W/W>
#  Matched base-stacking interactions: 

>>>>>>>>>>   ALIGNMENT ENDS   >>>>>>>>>>

<<<<<<<<<<  ALIGNMENT BEGINS  <<<<<<<<<<

#  Aligning k-turn_consensus and 4v6u_B1:1951-1961_1935-1942:
#  Alignment score:  10.6
#  P-value:  1.000e+00
#  Query aligned region: 0-0,12-12
#  Target aligned region: 0:'B1'1952-0:'B1'1952,18:'B1'1943-18:'B1'1943

	G...C
	G...C

#  Matched base-pairing interactions: 
	<G(0:)-C(12:) cis W/W>                         MATCHES	<G(0:'B1'1952)-C(18:'B1'1943) cis W/W>
#  Matched base-stacking interactions: 

>>>>>>>>>>   ALIGNMENT ENDS   >>>>>>>>>>

<<<<<<<<<<  ALIGNMENT BEGINS  <<<<<<<<<<

#  Aligning k-turn_consensus and 4v6u_B1:440-448_456-461_210-213:
#  Alignment score:  10.6
#  P-value:  1.000e+00
#  Query aligned region: 0-0,12-12
#  Target aligned region: 8:'B1'449-8:'B1'449,9:'B1'457-9:'B1'457

	G...C
	G...C

#  Matched base-pairing interactions: 
	<G(0:)-C(12:) cis W/W>                         MATCHES	<G(8:'B1'449)-C(9:'B1'457) cis W/W>
#  Matched base-stacking interactions: 

>>>>>>>>>>   ALIGNMENT ENDS   >>>>>>>>>>

<<<<<<<<<<  ALIGNMENT BEGINS  <<<<<<<<<<

#  Aligning k-turn_consensus and 4v6u_B1:2098-2100_1928-1935_1961-1968:
#  Alignment score:  10.6
#  P-value:  1.000e+00
#  Query aligned region: 0-0,12-12
#  Target aligned region: 5:'B1'1931-5:'B1'1931,15:'B1'1966-15:'B1'1966

	G...C
	G...C

#  Matched base-pairing interactions: 
	<G(0:)-C(12:) cis W/W>                         MATCHES	<G(5:'B1'1931)-C(15:'B1'1966) cis W/W>
#  Matched base-stacking interactions: 

>>>>>>>>>>   ALIGNMENT ENDS   >>>>>>>>>>

<<<<<<<<<<  ALIGNMENT BEGINS  <<<<<<<<<<

#  Aligning k-turn_consensus and 4v6u_B1:1381-1390_480-482_1340-1348:
#  Alignment score:  10.2
#  P-value:  1.000e+00
#  Query aligned region: 0-1,11-12
#  Target aligned region: 7:'B1'1389-8:'B1'1390,12:'B1'483-12:'B1'483,13:'B1'1341-13:'B1'1341

	GG...A~C
	AU...C~U

#  Matched base-pairing interactions: 
	<G(1:)-A(11:) trans S/H>                       MATCHES	<U(8:'B1'1390)-C(12:'B1'483) cis H/S>
	<G(0:)-C(12:) cis W/W>                         MATCHES	<A(7:'B1'1389)-U(13:'B1'1341) cis W/W>
#  Matched base-stacking interactions: 

>>>>>>>>>>   ALIGNMENT ENDS   >>>>>>>>>>

<<<<<<<<<<  ALIGNMENT BEGINS  <<<<<<<<<<

#  Aligning k-turn_consensus and 4v6u_B1:2093-2100_1928-1930_1965-1968:
#  Alignment score:  10.2
#  P-value:  1.000e+00
#  Query aligned region: 0-1,11-12
#  Target aligned region: 5:'B1'2099-6:'B1'2100,13:'B1'1968-14:'B1'1969

	GG...AC
	GU...AC

#  Matched base-pairing interactions: 
	<G(1:)-A(11:) trans S/H>                       MATCHES	<U(6:'B1'2100)-A(13:'B1'1968) trans W/H>
	<G(0:)-C(12:) cis W/W>                         MATCHES	<G(5:'B1'2099)-C(14:'B1'1969) cis W/W>
#  Matched base-stacking interactions: 

>>>>>>>>>>   ALIGNMENT ENDS   >>>>>>>>>>

<<<<<<<<<<  ALIGNMENT BEGINS  <<<<<<<<<<

#  Aligning k-turn_consensus and 4v6u_B1:3011-3018_2981-2989:
#  Alignment score:  10.2
#  P-value:  1.000e+00
#  Query aligned region: 0-0,12-12
#  Target aligned region: 4:'B1'3016-4:'B1'3016,11:'B1'2985-11:'B1'2985

	G...C
	G...U

#  Matched base-pairing interactions: 
	<G(0:)-C(12:) cis W/W>                         MATCHES	<G(4:'B1'3016)-U(11:'B1'2985) cis W/W>
#  Matched base-stacking interactions: 

>>>>>>>>>>   ALIGNMENT ENDS   >>>>>>>>>>

<<<<<<<<<<  ALIGNMENT BEGINS  <<<<<<<<<<

#  Aligning k-turn_consensus and 4v6u_B1:2557-2565_2185-2191_939-940:
#  Alignment score:  10.2
#  P-value:  1.000e+00
#  Query aligned region: 0-0,12-12
#  Target aligned region: 7:'B1'2565-7:'B1'2565,9:'B1'2186-9:'B1'2186

	G...C
	A...C

#  Matched base-pairing interactions: 
	<G(0:)-C(12:) cis W/W>                         MATCHES	<A(7:'B1'2565)-C(9:'B1'2186) cis W/W>
#  Matched base-stacking interactions: 

>>>>>>>>>>   ALIGNMENT ENDS   >>>>>>>>>>

<<<<<<<<<<  ALIGNMENT BEGINS  <<<<<<<<<<

#  Aligning k-turn_consensus and 4v6u_B1:2656-2661_2627-2636_2675-2685:
#  Alignment score:  10.2
#  P-value:  1.000e+00
#  Query aligned region: 0-0,12-12
#  Target aligned region: 1:'B1'2658-1:'B1'2658,15:'B1'2637-15:'B1'2637

	G...C
	G...U

#  Matched base-pairing interactions: 
	<G(0:)-C(12:) cis W/W>                         MATCHES	<G(1:'B1'2658)-U(15:'B1'2637) cis W/W>
#  Matched base-stacking interactions: 

>>>>>>>>>>   ALIGNMENT ENDS   >>>>>>>>>>

<<<<<<<<<<  ALIGNMENT BEGINS  <<<<<<<<<<

#  Aligning k-turn_consensus and 4v6u_B1:1716-1726_1584-1588_1524-1525:
#  Alignment score:  10.2
#  P-value:  1.000e+00
#  Query aligned region: 0-0,12-12
#  Target aligned region: 10:'B1'1727-10:'B1'1727,11:'B1'1585-11:'B1'1585

	G...C
	G...U

#  Matched base-pairing interactions: 
	<G(0:)-C(12:) cis W/W>                         MATCHES	<G(10:'B1'1727)-U(11:'B1'1585) cis W/W>
#  Matched base-stacking interactions: 

>>>>>>>>>>   ALIGNMENT ENDS   >>>>>>>>>>

<<<<<<<<<<  ALIGNMENT BEGINS  <<<<<<<<<<

#  Aligning k-turn_consensus and 4v6u_B1:380-387_329-335:
#  Alignment score:  10.2
#  P-value:  1.000e+00
#  Query aligned region: 0-1,11-12
#  Target aligned region: 2:'B1'383-3:'B1'384,11:'B1'333-12:'B1'334

	GG...AC
	CG...AG

#  Matched base-pairing interactions: 
	<G(1:)-A(11:) trans S/H>                       MATCHES	<G(3:'B1'384)-A(11:'B1'333) cis W/W>
	<G(0:)-C(12:) cis W/W>                         MATCHES	<C(2:'B1'383)-G(12:'B1'334) cis W/W>
#  Matched base-stacking interactions: 

>>>>>>>>>>   ALIGNMENT ENDS   >>>>>>>>>>

<<<<<<<<<<  ALIGNMENT BEGINS  <<<<<<<<<<

#  Aligning k-turn_consensus and 4v6u_B1:1859-1864_1894-1901_1839-1840:
#  Alignment score:  10
#  P-value:  1.000e+00
#  Query aligned region: 0-1,11-12
#  Target aligned region: 5:'B1'1865-5:'B1'1865,8:'B1'1897-9:'B1'1898,15:'B1'1841-15:'B1'1841

	G~G...A~C
	U~G...A~G

#  Matched base-pairing interactions: 
	<G(0:)-C(12:) cis W/W>                         MATCHES	<U(5:'B1'1865)-G(15:'B1'1841) cis W/W>
	<G(1:)-A(11:) trans S/H>                       MATCHES	<G(8:'B1'1897)-A(9:'B1'1898) cis -/->
#  Matched base-stacking interactions: 

>>>>>>>>>>   ALIGNMENT ENDS   >>>>>>>>>>

<<<<<<<<<<  ALIGNMENT BEGINS  <<<<<<<<<<

#  Aligning k-turn_consensus and 4v6u_B1:363-371_374-377_343-353:
#  Alignment score:  9.8
#  P-value:  1.000e+00
#  Query aligned region: 0-0,12-12
#  Target aligned region: 3:'B1'367-3:'B1'367,9:'B1'375-9:'B1'375

	G...C
	G...C

#  Matched base-pairing interactions: 
	<G(0:)-C(12:) cis W/W>                         MATCHES	<G(3:'B1'367)-C(9:'B1'375) cis W/W>
#  Matched base-stacking interactions: 

>>>>>>>>>>   ALIGNMENT ENDS   >>>>>>>>>>

<<<<<<<<<<  ALIGNMENT BEGINS  <<<<<<<<<<

#  Aligning k-turn_consensus and 4v6u_B1:2849-2854_2874-2880_2633-2639:
#  Alignment score:  9.8
#  P-value:  1.000e+00
#  Query aligned region: 0-0,12-12
#  Target aligned region: 0:'B1'2850-0:'B1'2850,11:'B1'2880-11:'B1'2880

	G...C
	G...C

#  Matched base-pairing interactions: 
	<G(0:)-C(12:) cis W/W>                         MATCHES	<G(0:'B1'2850)-C(11:'B1'2880) cis W/W>
#  Matched base-stacking interactions: 

>>>>>>>>>>   ALIGNMENT ENDS   >>>>>>>>>>

<<<<<<<<<<  ALIGNMENT BEGINS  <<<<<<<<<<

#  Aligning k-turn_consensus and 4v6u_B1:1047-1050_1042-1045_997-1007:
#  Alignment score:  9.8
#  P-value:  1.000e+00
#  Query aligned region: 0-0,12-12
#  Target aligned region: 3:'B1'1051-3:'B1'1051,8:'B1'998-8:'B1'998

	G...C
	C...G

#  Matched base-pairing interactions: 
	<G(0:)-C(12:) cis W/W>                         MATCHES	<C(3:'B1'1051)-G(8:'B1'998) cis W/W>
#  Matched base-stacking interactions: 

>>>>>>>>>>   ALIGNMENT ENDS   >>>>>>>>>>

<<<<<<<<<<  ALIGNMENT BEGINS  <<<<<<<<<<

#  Aligning k-turn_consensus and 4v6u_B1:461-462_411-418_436-441:
#  Alignment score:  9.8
#  P-value:  1.000e+00
#  Query aligned region: 0-0,12-12
#  Target aligned region: 7:'B1'417-7:'B1'417,11:'B1'438-11:'B1'438

	G...C
	C...G

#  Matched base-pairing interactions: 
	<G(0:)-C(12:) cis W/W>                         MATCHES	<C(7:'B1'417)-G(11:'B1'438) cis W/W>
#  Matched base-stacking interactions: 

>>>>>>>>>>   ALIGNMENT ENDS   >>>>>>>>>>

<<<<<<<<<<  ALIGNMENT BEGINS  <<<<<<<<<<

#  Aligning k-turn_consensus and 4v6u_B1:361-365_376-383_333-338:
#  Alignment score:  9.8
#  P-value:  1.000e+00
#  Query aligned region: 0-0,12-12
#  Target aligned region: 3:'B1'365-3:'B1'365,5:'B1'377-5:'B1'377

	G...C
	G...C

#  Matched base-pairing interactions: 
	<G(0:)-C(12:) cis W/W>                         MATCHES	<G(3:'B1'365)-C(5:'B1'377) cis W/W>
#  Matched base-stacking interactions: 

>>>>>>>>>>   ALIGNMENT ENDS   >>>>>>>>>>

<<<<<<<<<<  ALIGNMENT BEGINS  <<<<<<<<<<

#  Aligning k-turn_consensus and 4v6u_B1:3012-3022_2979-2986_2804-2807:
#  Alignment score:  9.8
#  P-value:  1.000e+00
#  Query aligned region: 0-0,12-12
#  Target aligned region: 8:'B1'3021-8:'B1'3021,12:'B1'2981-12:'B1'2981

	G...C
	C...G

#  Matched base-pairing interactions: 
	<G(0:)-C(12:) cis W/W>                         MATCHES	<C(8:'B1'3021)-G(12:'B1'2981) cis W/W>
#  Matched base-stacking interactions: 

>>>>>>>>>>   ALIGNMENT ENDS   >>>>>>>>>>

<<<<<<<<<<  ALIGNMENT BEGINS  <<<<<<<<<<

#  Aligning k-turn_consensus and 4v6u_B1:1392-1396_669-675_1397-1403:
#  Alignment score:  9.8
#  P-value:  1.000e+00
#  Query aligned region: 0-0,12-12
#  Target aligned region: 5:'B1'670-5:'B1'670,17:'B1'1403-17:'B1'1403

	G...C
	G...C

#  Matched base-pairing interactions: 
	<G(0:)-C(12:) cis W/W>                         MATCHES	<G(5:'B1'670)-C(17:'B1'1403) cis W/W>
#  Matched base-stacking interactions: 

>>>>>>>>>>   ALIGNMENT ENDS   >>>>>>>>>>

<<<<<<<<<<  ALIGNMENT BEGINS  <<<<<<<<<<

#  Aligning k-turn_consensus and 4v6u_B1:604-614_1146-1148_615-623:
#  Alignment score:  9.8
#  P-value:  1.000e+00
#  Query aligned region: 0-0,12-12
#  Target aligned region: 2:'B1'607-2:'B1'607,18:'B1'620-18:'B1'620

	G...C
	C...G

#  Matched base-pairing interactions: 
	<G(0:)-C(12:) cis W/W>                         MATCHES	<C(2:'B1'607)-G(18:'B1'620) cis W/W>
#  Matched base-stacking interactions: 

>>>>>>>>>>   ALIGNMENT ENDS   >>>>>>>>>>

<<<<<<<<<<  ALIGNMENT BEGINS  <<<<<<<<<<

#  Aligning k-turn_consensus and 4v6u_B1:1280-1287_1146-1156_610-616:
#  Alignment score:  9.8
#  P-value:  1.000e+00
#  Query aligned region: 0-0,12-12
#  Target aligned region: 2:'B1'1283-2:'B1'1283,13:'B1'1152-13:'B1'1152

	G...C
	G...C

#  Matched base-pairing interactions: 
	<G(0:)-C(12:) cis W/W>                         MATCHES	<G(2:'B1'1283)-C(13:'B1'1152) cis W/W>
#  Matched base-stacking interactions: 

>>>>>>>>>>   ALIGNMENT ENDS   >>>>>>>>>>

<<<<<<<<<<  ALIGNMENT BEGINS  <<<<<<<<<<

#  Aligning k-turn_consensus and 4v6u_B1:2627-2636_2675-2685_2656-2661:
#  Alignment score:  9.8
#  P-value:  1.000e+00
#  Query aligned region: 0-0,12-12
#  Target aligned region: 0:'B1'2628-0:'B1'2628,20:'B1'2686-20:'B1'2686

	G...C
	U...A

#  Matched base-pairing interactions: 
	<G(0:)-C(12:) cis W/W>                         MATCHES	<U(0:'B1'2628)-A(20:'B1'2686) cis W/W>
#  Matched base-stacking interactions: 

>>>>>>>>>>   ALIGNMENT ENDS   >>>>>>>>>>

<<<<<<<<<<  ALIGNMENT BEGINS  <<<<<<<<<<

#  Aligning k-turn_consensus and 4v6u_B1:1972-1980_2022-2029_2047-2054:
#  Alignment score:  9.8
#  P-value:  1.000e+00
#  Query aligned region: 0-0,12-12
#  Target aligned region: 16:'B1'2030-16:'B1'2030,17:'B1'2048-17:'B1'2048

	G...C
	G...C

#  Matched base-pairing interactions: 
	<G(0:)-C(12:) cis W/W>                         MATCHES	<G(16:'B1'2030)-C(17:'B1'2048) cis W/W>
#  Matched base-stacking interactions: 

>>>>>>>>>>   ALIGNMENT ENDS   >>>>>>>>>>

<<<<<<<<<<  ALIGNMENT BEGINS  <<<<<<<<<<

#  Aligning k-turn_consensus and 4v6u_B1:1722-1723_1492-1500_1516-1524:
#  Alignment score:  9.8
#  P-value:  1.000e+00
#  Query aligned region: 0-0,12-12
#  Target aligned region: 6:'B1'1497-6:'B1'1497,14:'B1'1520-14:'B1'1520

	G...C
	C...G

#  Matched base-pairing interactions: 
	<G(0:)-C(12:) cis W/W>                         MATCHES	<C(6:'B1'1497)-G(14:'B1'1520) cis W/W>
#  Matched base-stacking interactions: 

>>>>>>>>>>   ALIGNMENT ENDS   >>>>>>>>>>

<<<<<<<<<<  ALIGNMENT BEGINS  <<<<<<<<<<

#  Aligning k-turn_consensus and 4v6u_B1:2002-2007_1997-2001_451-453:
#  Alignment score:  9.8
#  P-value:  1.000e+00
#  Query aligned region: 0-0,12-12
#  Target aligned region: 3:'B1'2006-3:'B1'2006,7:'B1'1999-7:'B1'1999

	G...C
	C...G

#  Matched base-pairing interactions: 
	<G(0:)-C(12:) cis W/W>                         MATCHES	<C(3:'B1'2006)-G(7:'B1'1999) cis W/W>
#  Matched base-stacking interactions: 

>>>>>>>>>>   ALIGNMENT ENDS   >>>>>>>>>>

<<<<<<<<<<  ALIGNMENT BEGINS  <<<<<<<<<<

#  Aligning k-turn_consensus and 4v6u_B1:1663-1670_1630-1638:
#  Alignment score:  9.2
#  P-value:  1.000e+00
#  Query aligned region: 0-1,11-12
#  Target aligned region: 2:'B1'1666-3:'B1'1667,12:'B1'1635-13:'B1'1636

	GG...AC
	GU...GC

#  Matched base-pairing interactions: 
	<G(1:)-A(11:) trans S/H>                       MATCHES	<U(3:'B1'1667)-G(12:'B1'1635) cis W/H>
	<G(0:)-C(12:) cis W/W>                         MATCHES	<G(2:'B1'1666)-C(13:'B1'1636) cis W/W>
#  Matched base-stacking interactions: 

>>>>>>>>>>   ALIGNMENT ENDS   >>>>>>>>>>

<<<<<<<<<<  ALIGNMENT BEGINS  <<<<<<<<<<

#  Aligning k-turn_consensus and 4v6u_B1:1141-1149_1285-1290_610-616:
#  Alignment score:  9
#  P-value:  1.000e+00
#  Query aligned region: 0-0,12-12
#  Target aligned region: 3:'B1'1145-3:'B1'1145,12:'B1'1289-12:'B1'1289

	G...C
	G...C

#  Matched base-pairing interactions: 
	<G(0:)-C(12:) cis W/W>                         MATCHES	<G(3:'B1'1145)-C(12:'B1'1289) cis W/W>
#  Matched base-stacking interactions: 

>>>>>>>>>>   ALIGNMENT ENDS   >>>>>>>>>>

<<<<<<<<<<  ALIGNMENT BEGINS  <<<<<<<<<<

#  Aligning k-turn_consensus and 4v6u_B1:1205-1210_1236-1239_1228-1235:
#  Alignment score:  9
#  P-value:  1.000e+00
#  Query aligned region: 0-1,11-12
#  Target aligned region: 8:'B1'1239-9:'B1'1240,10:'B1'1229-11:'B1'1230

	GG...AC
	CU...UG

#  Matched base-pairing interactions: 
	<G(1:)-A(11:) trans S/H>                       MATCHES	<U(9:'B1'1240)-U(10:'B1'1229) cis W/W>
	<G(0:)-C(12:) cis W/W>                         MATCHES	<C(8:'B1'1239)-G(11:'B1'1230) cis W/W>
#  Matched base-stacking interactions: 

>>>>>>>>>>   ALIGNMENT ENDS   >>>>>>>>>>

<<<<<<<<<<  ALIGNMENT BEGINS  <<<<<<<<<<

#  Aligning k-turn_consensus and 4v6u_B1:2740-2750_2888-2897:
#  Alignment score:  9
#  P-value:  1.000e+00
#  Query aligned region: 0-0,12-12
#  Target aligned region: 10:'B1'2751-10:'B1'2751,17:'B1'2895-17:'B1'2895

	G...C
	C...G

#  Matched base-pairing interactions: 
	<G(0:)-C(12:) cis W/W>                         MATCHES	<C(10:'B1'2751)-G(17:'B1'2895) cis W/W>
#  Matched base-stacking interactions: 

>>>>>>>>>>   ALIGNMENT ENDS   >>>>>>>>>>

<<<<<<<<<<  ALIGNMENT BEGINS  <<<<<<<<<<

#  Aligning k-turn_consensus and 4v6u_B1:2539-2545_2504-2508_2393-2396:
#  Alignment score:  8.8
#  P-value:  1.000e+00
#  Query aligned region: 0-1,11-12
#  Target aligned region: 4:'B1'2544-4:'B1'2544,8:'B1'2506-8:'B1'2506,13:'B1'2395-14:'B1'2396

	G~G...AC
	C~G...CG

#  Matched base-pairing interactions: 
	<G(0:)-C(12:) cis W/W>                         MATCHES	<C(4:'B1'2544)-G(14:'B1'2396) cis W/W>
	<G(1:)-A(11:) trans S/H>                       MATCHES	<G(8:'B1'2506)-C(13:'B1'2395) cis -/->
#  Matched base-stacking interactions: 

>>>>>>>>>>   ALIGNMENT ENDS   >>>>>>>>>>

<<<<<<<<<<  ALIGNMENT BEGINS  <<<<<<<<<<

#  Aligning k-turn_consensus and 4v6u_B1:2726-2727_887-888_875-883:
#  Alignment score:  8.6
#  P-value:  1.000e+00
#  Query aligned region: 0-1,11-12
#  Target aligned region: 3:'B1'889-3:'B1'889,4:'B1'876-6:'B1'878

	G~G...AC
	C~C...UG

#  Matched base-pairing interactions: 
	<G(1:)-A(11:) trans S/H>                       MATCHES	<C(4:'B1'876)-U(5:'B1'877) cis S/S>
	<G(0:)-C(12:) cis W/W>                         MATCHES	<C(3:'B1'889)-G(6:'B1'878) cis W/W>
#  Matched base-stacking interactions: 

>>>>>>>>>>   ALIGNMENT ENDS   >>>>>>>>>>

<<<<<<<<<<  ALIGNMENT BEGINS  <<<<<<<<<<

#  Aligning k-turn_consensus and 4v6u_B1:1017-1034:
#  Alignment score:  8.6
#  P-value:  1.000e+00
#  Query aligned region: 0-1,11-12
#  Target aligned region: 4:'B1'1022-12:'B1'1030

	GG...AC
	GC...CC

#  Matched base-pairing interactions: 
	<G(1:)-A(11:) trans S/H>                       MATCHES	<C(5:'B1'1023)-C(11:'B1'1029) cis W/W>
	<G(0:)-C(12:) cis W/W>                         MATCHES	<G(4:'B1'1022)-C(12:'B1'1030) cis W/W>
#  Matched base-stacking interactions: 

>>>>>>>>>>   ALIGNMENT ENDS   >>>>>>>>>>

<<<<<<<<<<  ALIGNMENT BEGINS  <<<<<<<<<<

#  Aligning k-turn_consensus and 4v6u_B1:247-249_697-704_709-716:
#  Alignment score:  8.2
#  P-value:  1.000e+00
#  Query aligned region: 0-0,12-12
#  Target aligned region: 9:'B1'704-9:'B1'704,13:'B1'712-13:'B1'712

	G...C
	G...C

#  Matched base-pairing interactions: 
	<G(0:)-C(12:) cis W/W>                         MATCHES	<G(9:'B1'704)-C(13:'B1'712) cis W/W>
#  Matched base-stacking interactions: 

>>>>>>>>>>   ALIGNMENT ENDS   >>>>>>>>>>

<<<<<<<<<<  ALIGNMENT BEGINS  <<<<<<<<<<

#  Aligning k-turn_consensus and 4v6u_B1:2608-2610_1094-1099_1089-1093:
#  Alignment score:  7.8
#  P-value:  1.000e+00
#  Query aligned region: 0-0,12-12
#  Target aligned region: 5:'B1'1097-5:'B1'1097,11:'B1'1092-11:'B1'1092

	G...C
	G...U

#  Matched base-pairing interactions: 
	<G(0:)-C(12:) cis W/W>                         MATCHES	<G(5:'B1'1097)-U(11:'B1'1092) cis W/W>
#  Matched base-stacking interactions: 

>>>>>>>>>>   ALIGNMENT ENDS   >>>>>>>>>>

<<<<<<<<<<  ALIGNMENT BEGINS  <<<<<<<<<<

#  Aligning k-turn_consensus and 4v6u_B1:827-830_899-902_897-898:
#  Alignment score:  7.4
#  P-value:  1.000e+00
#  Query aligned region: 0-0,12-12
#  Target aligned region: 2:'B1'830-2:'B1'830,4:'B1'900-4:'B1'900

	G...C
	G...C

#  Matched base-pairing interactions: 
	<G(0:)-C(12:) cis W/W>                         MATCHES	<G(2:'B1'830)-C(4:'B1'900) cis W/W>
#  Matched base-stacking interactions: 

>>>>>>>>>>   ALIGNMENT ENDS   >>>>>>>>>>

<<<<<<<<<<  ALIGNMENT BEGINS  <<<<<<<<<<

#  Aligning k-turn_consensus and 4v6u_B1:909-910_922-928_2194-2199:
#  Alignment score:  7.4
#  P-value:  1.000e+00
#  Query aligned region: 0-0,12-12
#  Target aligned region: 0:'B1'910-0:'B1'910,5:'B1'926-5:'B1'926

	G...C
	G...C

#  Matched base-pairing interactions: 
	<G(0:)-C(12:) cis W/W>                         MATCHES	<G(0:'B1'910)-C(5:'B1'926) cis W/W>
#  Matched base-stacking interactions: 

>>>>>>>>>>   ALIGNMENT ENDS   >>>>>>>>>>

<<<<<<<<<<  ALIGNMENT BEGINS  <<<<<<<<<<

#  Aligning k-turn_consensus and 4v6u_B1:810-811_191-199_174-180:
#  Alignment score:  6.6
#  P-value:  1.000e+00
#  Query aligned region: 0-0,12-12
#  Target aligned region: 7:'B1'197-7:'B1'197,13:'B1'177-13:'B1'177

	G...C
	C...G

#  Matched base-pairing interactions: 
	<G(0:)-C(12:) cis W/W>                         MATCHES	<C(7:'B1'197)-G(13:'B1'177) cis W/W>
#  Matched base-stacking interactions: 

>>>>>>>>>>   ALIGNMENT ENDS   >>>>>>>>>>

<<<<<<<<<<  ALIGNMENT BEGINS  <<<<<<<<<<

#  Aligning k-turn_consensus and 4v6u_B1:366-374_346-350_338-341:
#  Alignment score:  5.9
#  P-value:  1.000e+00
#  Query aligned region: 3-3,6-9
#  Target aligned region: 2:'B1'369-2:'B1'369,10:'B1'348-11:'B1'349

	A...GAAG
	G...G--A

#  Matched base-pairing interactions: 
	<A(3:)-G(6:) trans S/S>                        MATCHES	<G(2:'B1'369)-G(10:'B1'348) trans S/S>
	<A(3:)-G(9:) trans H/S>                        MATCHES	<G(2:'B1'369)-A(11:'B1'349) cis -/->
#  Matched base-stacking interactions: 

>>>>>>>>>>   ALIGNMENT ENDS   >>>>>>>>>>

<<<<<<<<<<  ALIGNMENT BEGINS  <<<<<<<<<<

#  Aligning k-turn_consensus and 4v6u_B1:902-905_824-827_1490-1496:
#  Alignment score:  5.9
#  P-value:  1.000e+00
#  Query aligned region: 
#  Target aligned region: 

	
	

#  Matched base-pairing interactions: 
#  Matched base-stacking interactions: 

>>>>>>>>>>   ALIGNMENT ENDS   >>>>>>>>>>

<<<<<<<<<<  ALIGNMENT BEGINS  <<<<<<<<<<

#  Aligning k-turn_consensus and 4v6u_B1:459-462_440-446_210-212:
#  Alignment score:  5.4
#  P-value:  1.000e+00
#  Query aligned region: 0-1,11-12
#  Target aligned region: 1:'B1'461-1:'B1'461,6:'B1'443-8:'B1'445

	G~G...AC
	C~C...UG

#  Matched base-pairing interactions: 
	<G(0:)-C(12:) cis W/W>                         MATCHES	<C(1:'B1'461)-G(8:'B1'445) cis W/W>
	<G(1:)-A(11:) trans S/H>                       MATCHES	<C(6:'B1'443)-U(7:'B1'444) cis S/S>
#  Matched base-stacking interactions: 

>>>>>>>>>>   ALIGNMENT ENDS   >>>>>>>>>>

<<<<<<<<<<  ALIGNMENT BEGINS  <<<<<<<<<<

#  Aligning k-turn_consensus and 4v6u_B1:824-827_902-905_1490-1496:
#  Alignment score:  5.1
#  P-value:  1.000e+00
#  Query aligned region: 
#  Target aligned region: 

	
	

#  Matched base-pairing interactions: 
#  Matched base-stacking interactions: 

>>>>>>>>>>   ALIGNMENT ENDS   >>>>>>>>>>

<<<<<<<<<<  ALIGNMENT BEGINS  <<<<<<<<<<

#  Aligning k-turn_consensus and 4v6u_B1:902-905_1490-1496_824-827:
#  Alignment score:  5.1
#  P-value:  1.000e+00
#  Query aligned region: 
#  Target aligned region: 

	
	

#  Matched base-pairing interactions: 
#  Matched base-stacking interactions: 

>>>>>>>>>>   ALIGNMENT ENDS   >>>>>>>>>>

<<<<<<<<<<  ALIGNMENT BEGINS  <<<<<<<<<<

#  Aligning k-turn_consensus and 4v6u_B1:824-827_1490-1496_902-905:
#  Alignment score:  4.7
#  P-value:  1.000e+00
#  Query aligned region: 
#  Target aligned region: 

	
	

#  Matched base-pairing interactions: 
#  Matched base-stacking interactions: 

>>>>>>>>>>   ALIGNMENT ENDS   >>>>>>>>>>

<<<<<<<<<<  ALIGNMENT BEGINS  <<<<<<<<<<

#  Aligning k-turn_consensus and 4v6u_B1:1071-1078_971-978:
#  Alignment score:  4.5
#  P-value:  1.000e+00
#  Query aligned region: 
#  Target aligned region: 

	
	

#  Matched base-pairing interactions: 
#  Matched base-stacking interactions: 

>>>>>>>>>>   ALIGNMENT ENDS   >>>>>>>>>>

<<<<<<<<<<  ALIGNMENT BEGINS  <<<<<<<<<<

#  Aligning k-turn_consensus and 4v6u_B1:1490-1496_824-827_902-905:
#  Alignment score:  4.2
#  P-value:  1.000e+00
#  Query aligned region: 0-0,12-12
#  Target aligned region: 0:'B1'1491-1:'B1'1492

	G...C
	U...C

#  Matched base-pairing interactions: 
	<G(0:)-C(12:) cis W/W>                         MATCHES	<U(0:'B1'1491)-C(1:'B1'1492) cis -/->
#  Matched base-stacking interactions: 

>>>>>>>>>>   ALIGNMENT ENDS   >>>>>>>>>>

<<<<<<<<<<  ALIGNMENT BEGINS  <<<<<<<<<<

#  Aligning k-turn_consensus and 4v6u_B1:2355-2358_2541-2550_185-187:
#  Alignment score:  4
#  P-value:  1.000e+00
#  Query aligned region: 
#  Target aligned region: 

	
	

#  Matched base-pairing interactions: 
#  Matched base-stacking interactions: 

>>>>>>>>>>   ALIGNMENT ENDS   >>>>>>>>>>

<<<<<<<<<<  ALIGNMENT BEGINS  <<<<<<<<<<

#  Aligning k-turn_consensus and 4v6u_B1:1973-1976_2021-2028:
#  Alignment score:  3.9
#  P-value:  1.000e+00
#  Query aligned region: 
#  Target aligned region: 

	
	

#  Matched base-pairing interactions: 
#  Matched base-stacking interactions: 

>>>>>>>>>>   ALIGNMENT ENDS   >>>>>>>>>>

<<<<<<<<<<  ALIGNMENT BEGINS  <<<<<<<<<<

#  Aligning k-turn_consensus and 4v6u_B1:940-944_803-806:
#  Alignment score:  3.8
#  P-value:  1.000e+00
#  Query aligned region: 
#  Target aligned region: 

	
	

#  Matched base-pairing interactions: 
#  Matched base-stacking interactions: 

>>>>>>>>>>   ALIGNMENT ENDS   >>>>>>>>>>

<<<<<<<<<<  ALIGNMENT BEGINS  <<<<<<<<<<

#  Aligning k-turn_consensus and 4v6u_B1:971-978_1071-1078:
#  Alignment score:  3.8
#  P-value:  1.000e+00
#  Query aligned region: 
#  Target aligned region: 

	
	

#  Matched base-pairing interactions: 
#  Matched base-stacking interactions: 

>>>>>>>>>>   ALIGNMENT ENDS   >>>>>>>>>>

<<<<<<<<<<  ALIGNMENT BEGINS  <<<<<<<<<<

#  Aligning k-turn_consensus and 4v6u_B1:2021-2028_1973-1976:
#  Alignment score:  3.8
#  P-value:  1.000e+00
#  Query aligned region: 
#  Target aligned region: 

	
	

#  Matched base-pairing interactions: 
#  Matched base-stacking interactions: 

>>>>>>>>>>   ALIGNMENT ENDS   >>>>>>>>>>

<<<<<<<<<<  ALIGNMENT BEGINS  <<<<<<<<<<

#  Aligning k-turn_consensus and 4v6u_B1:185-187_2355-2358_2541-2550:
#  Alignment score:  3.4
#  P-value:  1.000e+00
#  Query aligned region: 
#  Target aligned region: 

	
	

#  Matched base-pairing interactions: 
#  Matched base-stacking interactions: 

>>>>>>>>>>   ALIGNMENT ENDS   >>>>>>>>>>

<<<<<<<<<<  ALIGNMENT BEGINS  <<<<<<<<<<

#  Aligning k-turn_consensus and 4v6u_B1:803-806_940-944:
#  Alignment score:  3
#  P-value:  1.000e+00
#  Query aligned region: 
#  Target aligned region: 

	
	

#  Matched base-pairing interactions: 
#  Matched base-stacking interactions: 

>>>>>>>>>>   ALIGNMENT ENDS   >>>>>>>>>>

<<<<<<<<<<  ALIGNMENT BEGINS  <<<<<<<<<<

#  Aligning k-turn_consensus and 4v6u_B1:1076-1079_971-972:
#  Alignment score:  2.9
#  P-value:  1.000e+00
#  Query aligned region: 
#  Target aligned region: 

	
	

#  Matched base-pairing interactions: 
#  Matched base-stacking interactions: 

>>>>>>>>>>   ALIGNMENT ENDS   >>>>>>>>>>

<<<<<<<<<<  ALIGNMENT BEGINS  <<<<<<<<<<

#  Aligning k-turn_consensus and 4v6u_B1:909-910_2194-2199_922-928:
#  Alignment score:  2.8
#  P-value:  1.000e+00
#  Query aligned region: 
#  Target aligned region: 

	
	

#  Matched base-pairing interactions: 
#  Matched base-stacking interactions: 

>>>>>>>>>>   ALIGNMENT ENDS   >>>>>>>>>>

<<<<<<<<<<  ALIGNMENT BEGINS  <<<<<<<<<<

#  Aligning k-turn_consensus and 4v6u_B1:2194-2199_909-910_922-928:
#  Alignment score:  2.8
#  P-value:  1.000e+00
#  Query aligned region: 
#  Target aligned region: 

	
	

#  Matched base-pairing interactions: 
#  Matched base-stacking interactions: 

>>>>>>>>>>   ALIGNMENT ENDS   >>>>>>>>>>

<<<<<<<<<<  ALIGNMENT BEGINS  <<<<<<<<<<

#  Aligning k-turn_consensus and 4v6u_B1:2194-2199_922-928_909-910:
#  Alignment score:  2.8
#  P-value:  1.000e+00
#  Query aligned region: 
#  Target aligned region: 

	
	

#  Matched base-pairing interactions: 
#  Matched base-stacking interactions: 

>>>>>>>>>>   ALIGNMENT ENDS   >>>>>>>>>>

<<<<<<<<<<  ALIGNMENT BEGINS  <<<<<<<<<<

#  Aligning k-turn_consensus and 4v6u_B1:1610-1616:
#  Alignment score:  2.5
#  P-value:  1.000e+00
#  Query aligned region: 
#  Target aligned region: 

	
	

#  Matched base-pairing interactions: 
#  Matched base-stacking interactions: 

>>>>>>>>>>   ALIGNMENT ENDS   >>>>>>>>>>

<<<<<<<<<<  ALIGNMENT BEGINS  <<<<<<<<<<

#  Aligning k-turn_consensus and 4v6u_B1:946-947_1363-1367:
#  Alignment score:  2.3
#  P-value:  1.000e+00
#  Query aligned region: 
#  Target aligned region: 

	
	

#  Matched base-pairing interactions: 
#  Matched base-stacking interactions: 

>>>>>>>>>>   ALIGNMENT ENDS   >>>>>>>>>>

<<<<<<<<<<  ALIGNMENT BEGINS  <<<<<<<<<<

#  Aligning k-turn_consensus and 4v6u_B1:971-972_1076-1079:
#  Alignment score:  2.3
#  P-value:  1.000e+00
#  Query aligned region: 
#  Target aligned region: 

	
	

#  Matched base-pairing interactions: 
#  Matched base-stacking interactions: 

>>>>>>>>>>   ALIGNMENT ENDS   >>>>>>>>>>

<<<<<<<<<<  ALIGNMENT BEGINS  <<<<<<<<<<

#  Aligning k-turn_consensus and 4v6u_B1:1363-1367_946-947:
#  Alignment score:  2.2
#  P-value:  1.000e+00
#  Query aligned region: 
#  Target aligned region: 

	
	

#  Matched base-pairing interactions: 
#  Matched base-stacking interactions: 

>>>>>>>>>>   ALIGNMENT ENDS   >>>>>>>>>>

<<<<<<<<<<  ALIGNMENT BEGINS  <<<<<<<<<<

#  Aligning k-turn_consensus and 4v6u_B1:1687-1693:
#  Alignment score:  1.6
#  P-value:  1.000e+00
#  Query aligned region: 
#  Target aligned region: 

	
	

#  Matched base-pairing interactions: 
#  Matched base-stacking interactions: 

>>>>>>>>>>   ALIGNMENT ENDS   >>>>>>>>>>

