$ /home/s081p868/scratch/RNAMotifScanX-release/bin/scan /home/s081p868/scratch/RNAMotifScanX-release/models/sarcin-ricin_consensus.struct /rfs/poseidon_share/s081p868/RNAMotifScanX_nr/rmsx_work_default/4v4q/AA/4v4q_AA.rmsx.in --map_pdb=/rfs/poseidon_share/s081p868/RNAMotifScanX_nr/rmsx_work_default/4v4q/AA/4v4q_AA.rmsx.nch --pvalue 1.0 --num_threads 16 --write_alignment
<<<<<<<<<<  ALIGNMENT BEGINS  <<<<<<<<<<

#  Aligning sarcin-ricin_consensus and 4v4q_AA:1412-1414_887-892_905-908:
#  Alignment score:  155.6
#  P-value:  4.784e-03
#  Query aligned region: 0-4,5-8
#  Target aligned region: 3:'AA'888-7:'AA'892,9:'AA'906-12:'AA'909

	UAGUA...GAAC
	GAGUA...AAAA

#  Matched base-pairing interactions: 
	<U(0:)-C(8:) trans S/H>                        MATCHES	<G(3:'AA'888)-A(12:'AA'909) trans S/H>
	<A(1:)-A(7:) trans H/H>                        MATCHES	<A(4:'AA'889)-A(11:'AA'908) trans H/H>
	<U(3:)-A(6:) trans W/H>                        MATCHES	<U(6:'AA'891)-A(10:'AA'907) trans W/H>
	<G(2:)-U(3:) cis S/H>                          MATCHES	<G(5:'AA'890)-U(6:'AA'891) cis S/H>
	<A(4:)-G(5:) trans H/S>                        MATCHES	<A(7:'AA'892)-A(9:'AA'906) trans H/S>
#  Matched base-stacking interactions: 
	<A(1:)-U(3:) outward>                          MATCHES	<A(4:'AA'889)-U(6:'AA'891) outward>
	<A(4:)-A(6:) outward>                          MATCHES	<A(7:'AA'892)-A(10:'AA'907) outward>

>>>>>>>>>>   ALIGNMENT ENDS   >>>>>>>>>>

<<<<<<<<<<  ALIGNMENT BEGINS  <<<<<<<<<<

#  Aligning sarcin-ricin_consensus and 4v4q_AA:1342-1349_1371-1376_936-939:
#  Alignment score:  124.2
#  P-value:  8.151e-03
#  Query aligned region: 0-4,5-8
#  Target aligned region: 2:'AA'1345-6:'AA'1349,9:'AA'1373-12:'AA'1376

	UAGUA...GAAC
	UAGUA...GAAU

#  Matched base-pairing interactions: 
	<A(1:)-A(7:) trans H/H>                        MATCHES	<A(3:'AA'1346)-A(11:'AA'1375) trans H/H>
	<U(0:)-C(8:) trans S/H>                        MATCHES	<U(2:'AA'1345)-U(12:'AA'1376) trans W/W>
	<A(4:)-G(5:) trans H/S>                        MATCHES	<A(6:'AA'1349)-G(9:'AA'1373) trans H/S>
	<U(3:)-A(6:) trans W/H>                        MATCHES	<U(5:'AA'1348)-A(10:'AA'1374) trans W/H>
	<G(2:)-U(3:) cis S/H>                          MATCHES	<G(4:'AA'1347)-U(5:'AA'1348) cis S/H>
#  Matched base-stacking interactions: 
	<A(1:)-U(3:) outward>                          MATCHES	<A(3:'AA'1346)-U(5:'AA'1348) outward>
	<A(4:)-A(6:) outward>                          MATCHES	<A(6:'AA'1349)-A(10:'AA'1374) outward>

>>>>>>>>>>   ALIGNMENT ENDS   >>>>>>>>>>

<<<<<<<<<<  ALIGNMENT BEGINS  <<<<<<<<<<

#  Aligning sarcin-ricin_consensus and 4v4q_AA:1295-1300_1236-1238_1301-1302:
#  Alignment score:  78.6
#  P-value:  2.630e-02
#  Query aligned region: 1-3,6-7
#  Target aligned region: 3:'AA'1299-5:'AA'1301,7:'AA'1238-7:'AA'1238,9:'AA'1302-9:'AA'1302

	AGU...A~A
	AGU...A~C

#  Matched base-pairing interactions: 
	<U(3:)-A(6:) trans W/H>                        MATCHES	<U(5:'AA'1301)-A(7:'AA'1238) trans W/H>
	<A(1:)-A(7:) trans H/H>                        MATCHES	<A(3:'AA'1299)-C(9:'AA'1302) trans H/H>
	<G(2:)-U(3:) cis S/H>                          MATCHES	<G(4:'AA'1300)-U(5:'AA'1301) cis S/H>
#  Matched base-stacking interactions: 
	<A(1:)-U(3:) outward>                          MATCHES	<A(3:'AA'1299)-U(5:'AA'1301) outward>

>>>>>>>>>>   ALIGNMENT ENDS   >>>>>>>>>>

<<<<<<<<<<  ALIGNMENT BEGINS  <<<<<<<<<<

#  Aligning sarcin-ricin_consensus and 4v4q_AA:482-487_445-449:
#  Alignment score:  58.3
#  P-value:  6.314e-02
#  Query aligned region: 0-4,5-8
#  Target aligned region: 0:'AA'483-4:'AA'487,7:'AA'447-10:'AA'450

	UAGUA...GAAC
	CGUUA...GAGG

#  Matched base-pairing interactions: 
	<A(4:)-G(5:) trans H/S>                        MATCHES	<A(4:'AA'487)-G(7:'AA'447) trans H/S>
	<U(3:)-A(6:) trans W/H>                        MATCHES	<U(3:'AA'486)-A(8:'AA'448) trans W/H>
	<A(1:)-A(7:) trans H/H>                        MATCHES	<G(1:'AA'484)-G(9:'AA'449) trans W/W>
	<U(0:)-C(8:) trans S/H>                        MATCHES	<C(0:'AA'483)-G(10:'AA'450) cis W/W>
#  Matched base-stacking interactions: 
	<A(1:)-U(3:) outward>                          MATCHES	<G(1:'AA'484)-U(3:'AA'486) outward>
	<A(4:)-A(6:) outward>                          MATCHES	<A(4:'AA'487)-A(8:'AA'448) outward>

>>>>>>>>>>   ALIGNMENT ENDS   >>>>>>>>>>

<<<<<<<<<<  ALIGNMENT BEGINS  <<<<<<<<<<

#  Aligning sarcin-ricin_consensus and 4v4q_AA:1356-1362_1314-1318_974-980:
#  Alignment score:  47.6
#  P-value:  1.251e-01
#  Query aligned region: 1-4,5-7
#  Target aligned region: 3:'AA'1360-4:'AA'1361,7:'AA'1315-11:'AA'1319,15:'AA'978-15:'AA'978

	AG~UA...GA~A
	AG~UG...AA~A

#  Matched base-pairing interactions: 
	<A(4:)-G(5:) trans H/S>                        MATCHES	<G(8:'AA'1316)-A(10:'AA'1318) cis -/->
	<U(3:)-A(6:) trans W/H>                        MATCHES	<U(7:'AA'1315)-A(11:'AA'1319) trans W/H>
	<A(1:)-A(7:) trans H/H>                        MATCHES	<A(3:'AA'1360)-A(15:'AA'978) trans W/H>
	<G(2:)-U(3:) cis S/H>                          MATCHES	<G(4:'AA'1361)-U(7:'AA'1315) cis S/S>
#  Matched base-stacking interactions: 
	<A(1:)-U(3:) outward>                          MATCHES	<A(3:'AA'1360)-U(7:'AA'1315) hbond>
	<A(4:)-A(6:) outward>                          MATCHES	<G(8:'AA'1316)-A(11:'AA'1319) hbond>

>>>>>>>>>>   ALIGNMENT ENDS   >>>>>>>>>>

<<<<<<<<<<  ALIGNMENT BEGINS  <<<<<<<<<<

#  Aligning sarcin-ricin_consensus and 4v4q_AA:798-803_775-782:
#  Alignment score:  35.7
#  P-value:  4.184e-01
#  Query aligned region: 0-4,5-8
#  Target aligned region: 0:'AA'799-3:'AA'802,10:'AA'780-13:'AA'783

	UAGUA...GAAC
	GG-UA...AAAC

#  Matched base-pairing interactions: 
	<A(4:)-G(5:) trans H/S>                        MATCHES	<A(3:'AA'802)-A(10:'AA'780) trans H/S>
	<U(3:)-A(6:) trans W/H>                        MATCHES	<U(2:'AA'801)-A(11:'AA'781) trans W/H>
	<A(1:)-A(7:) trans H/H>                        MATCHES	<G(1:'AA'800)-A(12:'AA'782) trans S/H>
	<U(0:)-C(8:) trans S/H>                        MATCHES	<G(0:'AA'799)-C(13:'AA'783) cis W/W>
#  Matched base-stacking interactions: 
	<A(4:)-A(6:) outward>                          MATCHES	<A(3:'AA'802)-A(11:'AA'781) outward>

>>>>>>>>>>   ALIGNMENT ENDS   >>>>>>>>>>

<<<<<<<<<<  ALIGNMENT BEGINS  <<<<<<<<<<

#  Aligning sarcin-ricin_consensus and 4v4q_AA:683-688_698-705:
#  Alignment score:  31.5
#  P-value:  8.360e-01
#  Query aligned region: 0-4,5-8
#  Target aligned region: 0:'AA'684-3:'AA'687,10:'AA'703-13:'AA'706

	UAGUA...GAAC
	UG-UA...GAGA

#  Matched base-pairing interactions: 
	<A(4:)-G(5:) trans H/S>                        MATCHES	<A(3:'AA'687)-G(10:'AA'703) trans H/S>
	<U(3:)-A(6:) trans W/H>                        MATCHES	<U(2:'AA'686)-A(11:'AA'704) trans W/H>
	<A(1:)-A(7:) trans H/H>                        MATCHES	<G(1:'AA'685)-G(12:'AA'705) trans S/H>
	<U(0:)-C(8:) trans S/H>                        MATCHES	<U(0:'AA'684)-A(13:'AA'706) cis W/W>
#  Matched base-stacking interactions: 
	<A(4:)-A(6:) outward>                          MATCHES	<A(3:'AA'687)-A(11:'AA'704) outward>

>>>>>>>>>>   ALIGNMENT ENDS   >>>>>>>>>>

<<<<<<<<<<  ALIGNMENT BEGINS  <<<<<<<<<<

#  Aligning sarcin-ricin_consensus and 4v4q_AA:1498-1500_1394-1397_1398-1402:
#  Alignment score:  21
#  P-value:  1.000e+00
#  Query aligned region: 0-0,8-8
#  Target aligned region: 6:'AA'1398-6:'AA'1398,7:'AA'1399-7:'AA'1399

	U...C
	A...C

#  Matched base-pairing interactions: 
	<U(0:)-C(8:) trans S/H>                        MATCHES	<A(6:'AA'1398)-C(7:'AA'1399) trans S/H>
#  Matched base-stacking interactions: 

>>>>>>>>>>   ALIGNMENT ENDS   >>>>>>>>>>

<<<<<<<<<<  ALIGNMENT BEGINS  <<<<<<<<<<

#  Aligning sarcin-ricin_consensus and 4v4q_AA:825-828_866-873_854-861:
#  Alignment score:  20.6
#  P-value:  1.000e+00
#  Query aligned region: 0-0,8-8
#  Target aligned region: 6:'AA'869-6:'AA'869,17:'AA'860-17:'AA'860

	U...C
	G...A

#  Matched base-pairing interactions: 
	<U(0:)-C(8:) trans S/H>                        MATCHES	<G(6:'AA'869)-A(17:'AA'860) trans S/H>
#  Matched base-stacking interactions: 

>>>>>>>>>>   ALIGNMENT ENDS   >>>>>>>>>>

<<<<<<<<<<  ALIGNMENT BEGINS  <<<<<<<<<<

#  Aligning sarcin-ricin_consensus and 4v4q_AA:526-536_514-519:
#  Alignment score:  20.6
#  P-value:  1.000e+00
#  Query aligned region: 0-0,8-8
#  Target aligned region: 2:'AA'529-2:'AA'529,16:'AA'520-16:'AA'520

	U...C
	G...A

#  Matched base-pairing interactions: 
	<U(0:)-C(8:) trans S/H>                        MATCHES	<G(2:'AA'529)-A(16:'AA'520) trans S/H>
#  Matched base-stacking interactions: 

>>>>>>>>>>   ALIGNMENT ENDS   >>>>>>>>>>

<<<<<<<<<<  ALIGNMENT BEGINS  <<<<<<<<<<

#  Aligning sarcin-ricin_consensus and 4v4q_AA:901-906_889-896:
#  Alignment score:  20.6
#  P-value:  1.000e+00
#  Query aligned region: 0-0,8-8
#  Target aligned region: 4:'AA'906-4:'AA'906,8:'AA'892-8:'AA'892

	U...C
	A...A

#  Matched base-pairing interactions: 
	<U(0:)-C(8:) trans S/H>                        MATCHES	<A(4:'AA'906)-A(8:'AA'892) trans S/H>
#  Matched base-stacking interactions: 

>>>>>>>>>>   ALIGNMENT ENDS   >>>>>>>>>>

<<<<<<<<<<  ALIGNMENT BEGINS  <<<<<<<<<<

#  Aligning sarcin-ricin_consensus and 4v4q_AA:1466-1470_1429-1433:
#  Alignment score:  19.8
#  P-value:  1.000e+00
#  Query aligned region: 0-0,8-8
#  Target aligned region: 0:'AA'1467-0:'AA'1467,8:'AA'1433-8:'AA'1433

	U...C
	C...A

#  Matched base-pairing interactions: 
	<U(0:)-C(8:) trans S/H>                        MATCHES	<C(0:'AA'1467)-A(8:'AA'1433) trans S/H>
#  Matched base-stacking interactions: 

>>>>>>>>>>   ALIGNMENT ENDS   >>>>>>>>>>

<<<<<<<<<<  ALIGNMENT BEGINS  <<<<<<<<<<

#  Aligning sarcin-ricin_consensus and 4v4q_AA:695-704_685-690:
#  Alignment score:  19.8
#  P-value:  1.000e+00
#  Query aligned region: 0-0,8-8
#  Target aligned region: 7:'AA'703-7:'AA'703,11:'AA'687-11:'AA'687

	U...C
	G...A

#  Matched base-pairing interactions: 
	<U(0:)-C(8:) trans S/H>                        MATCHES	<G(7:'AA'703)-A(11:'AA'687) trans S/H>
#  Matched base-stacking interactions: 

>>>>>>>>>>   ALIGNMENT ENDS   >>>>>>>>>>

<<<<<<<<<<  ALIGNMENT BEGINS  <<<<<<<<<<

#  Aligning sarcin-ricin_consensus and 4v4q_AA:891-893_280-285_239-246:
#  Alignment score:  19.8
#  P-value:  1.000e+00
#  Query aligned region: 0-0,8-8
#  Target aligned region: 3:'AA'281-3:'AA'281,15:'AA'246-15:'AA'246

	U...C
	G...A

#  Matched base-pairing interactions: 
	<U(0:)-C(8:) trans S/H>                        MATCHES	<G(3:'AA'281)-A(15:'AA'246) trans S/H>
#  Matched base-stacking interactions: 

>>>>>>>>>>   ALIGNMENT ENDS   >>>>>>>>>>

<<<<<<<<<<  ALIGNMENT BEGINS  <<<<<<<<<<

#  Aligning sarcin-ricin_consensus and 4v4q_AA:1371-1376_1342-1349_936-939:
#  Alignment score:  19.8
#  P-value:  1.000e+00
#  Query aligned region: 0-0,8-8
#  Target aligned region: 1:'AA'1373-1:'AA'1373,12:'AA'1349-12:'AA'1349

	U...C
	G...A

#  Matched base-pairing interactions: 
	<U(0:)-C(8:) trans S/H>                        MATCHES	<G(1:'AA'1373)-A(12:'AA'1349) trans S/H>
#  Matched base-stacking interactions: 

>>>>>>>>>>   ALIGNMENT ENDS   >>>>>>>>>>

<<<<<<<<<<  ALIGNMENT BEGINS  <<<<<<<<<<

#  Aligning sarcin-ricin_consensus and 4v4q_AA:1328-1332_1303-1308_945-946:
#  Alignment score:  19.8
#  P-value:  1.000e+00
#  Query aligned region: 0-0,8-8
#  Target aligned region: 2:'AA'1331-2:'AA'1331,7:'AA'1306-7:'AA'1306

	U...C
	G...A

#  Matched base-pairing interactions: 
	<U(0:)-C(8:) trans S/H>                        MATCHES	<G(2:'AA'1331)-A(7:'AA'1306) trans S/H>
#  Matched base-stacking interactions: 

>>>>>>>>>>   ALIGNMENT ENDS   >>>>>>>>>>

<<<<<<<<<<  ALIGNMENT BEGINS  <<<<<<<<<<

#  Aligning sarcin-ricin_consensus and 4v4q_AA:1205-1209_1213-1214_1046-1051:
#  Alignment score:  19.4
#  P-value:  1.000e+00
#  Query aligned region: 0-0,8-8
#  Target aligned region: 3:'AA'1209-3:'AA'1209,5:'AA'1214-5:'AA'1214

	U...C
	C...C

#  Matched base-pairing interactions: 
	<U(0:)-C(8:) trans S/H>                        MATCHES	<C(3:'AA'1209)-C(5:'AA'1214) trans S/H>
#  Matched base-stacking interactions: 

>>>>>>>>>>   ALIGNMENT ENDS   >>>>>>>>>>

<<<<<<<<<<  ALIGNMENT BEGINS  <<<<<<<<<<

#  Aligning sarcin-ricin_consensus and 4v4q_AA:877-878_580-587_752-758:
#  Alignment score:  19.2
#  P-value:  1.000e+00
#  Query aligned region: 3-4,5-6
#  Target aligned region: 3:'AA'582-4:'AA'583,15:'AA'758-16:'AA'759

	UA...GA
	CA...CA

#  Matched base-pairing interactions: 
	<A(4:)-G(5:) trans H/S>                        MATCHES	<A(4:'AA'583)-C(15:'AA'758) trans H/S>
	<U(3:)-A(6:) trans W/H>                        MATCHES	<C(3:'AA'582)-A(16:'AA'759) trans W/H>
#  Matched base-stacking interactions: 
	<A(4:)-A(6:) outward>                          MATCHES	<A(4:'AA'583)-A(16:'AA'759) outward>

>>>>>>>>>>   ALIGNMENT ENDS   >>>>>>>>>>

<<<<<<<<<<  ALIGNMENT BEGINS  <<<<<<<<<<

#  Aligning sarcin-ricin_consensus and 4v4q_AA:1459-1464_1436-1441:
#  Alignment score:  19
#  P-value:  1.000e+00
#  Query aligned region: 0-0,8-8
#  Target aligned region: 1:'AA'1461-1:'AA'1461,10:'AA'1441-10:'AA'1441

	U...C
	G...A

#  Matched base-pairing interactions: 
	<U(0:)-C(8:) trans S/H>                        MATCHES	<G(1:'AA'1461)-A(10:'AA'1441) trans S/H>
#  Matched base-stacking interactions: 

>>>>>>>>>>   ALIGNMENT ENDS   >>>>>>>>>>

<<<<<<<<<<  ALIGNMENT BEGINS  <<<<<<<<<<

#  Aligning sarcin-ricin_consensus and 4v4q_AA:355-358_113-115_50-55:
#  Alignment score:  19
#  P-value:  1.000e+00
#  Query aligned region: 0-0,8-8
#  Target aligned region: 1:'AA'357-1:'AA'357,11:'AA'55-11:'AA'55

	U...C
	G...A

#  Matched base-pairing interactions: 
	<U(0:)-C(8:) trans S/H>                        MATCHES	<G(1:'AA'357)-A(11:'AA'55) trans S/H>
#  Matched base-stacking interactions: 

>>>>>>>>>>   ALIGNMENT ENDS   >>>>>>>>>>

<<<<<<<<<<  ALIGNMENT BEGINS  <<<<<<<<<<

#  Aligning sarcin-ricin_consensus and 4v4q_AA:154-166:
#  Alignment score:  19
#  P-value:  1.000e+00
#  Query aligned region: 0-0,8-8
#  Target aligned region: 4:'AA'159-7:'AA'162

	U...C
	G...A

#  Matched base-pairing interactions: 
	<U(0:)-C(8:) trans S/H>                        MATCHES	<G(4:'AA'159)-A(7:'AA'162) trans S/H>
#  Matched base-stacking interactions: 

>>>>>>>>>>   ALIGNMENT ENDS   >>>>>>>>>>

<<<<<<<<<<  ALIGNMENT BEGINS  <<<<<<<<<<

#  Aligning sarcin-ricin_consensus and 4v4q_AA:896-901_808-812_763-770:
#  Alignment score:  18.2
#  P-value:  1.000e+00
#  Query aligned region: 0-0,8-8
#  Target aligned region: 1:'AA'898-4:'AA'901

	U...C
	G...A

#  Matched base-pairing interactions: 
	<U(0:)-C(8:) trans S/H>                        MATCHES	<G(1:'AA'898)-A(4:'AA'901) trans S/H>
#  Matched base-stacking interactions: 

>>>>>>>>>>   ALIGNMENT ENDS   >>>>>>>>>>

<<<<<<<<<<  ALIGNMENT BEGINS  <<<<<<<<<<

#  Aligning sarcin-ricin_consensus and 4v4q_AA:1495-1497_1498-1500_1400-1404:
#  Alignment score:  17
#  P-value:  1.000e+00
#  Query aligned region: 0-4,5-8
#  Target aligned region: 0:'AA'1496-2:'AA'1498,3:'AA'1499-4:'AA'1500,7:'AA'1402-10:'AA'1405

	UAG~UA...GAAC
	CGU~AA...CCCG

#  Matched base-pairing interactions: 
	<G(2:)-U(3:) cis S/H>                          MATCHES	<U(2:'AA'1498)-A(3:'AA'1499) cis S/H>
	<A(1:)-A(7:) trans H/H>                        MATCHES	<G(1:'AA'1497)-C(9:'AA'1404) cis W/W>
	<A(4:)-G(5:) trans H/S>                        MATCHES	<A(4:'AA'1500)-C(7:'AA'1402) cis W/W>
	<U(3:)-A(6:) trans W/H>                        MATCHES	<A(3:'AA'1499)-C(8:'AA'1403) cis -/->
	<U(0:)-C(8:) trans S/H>                        MATCHES	<C(0:'AA'1496)-G(10:'AA'1405) cis W/W>
#  Matched base-stacking interactions: 

>>>>>>>>>>   ALIGNMENT ENDS   >>>>>>>>>>

<<<<<<<<<<  ALIGNMENT BEGINS  <<<<<<<<<<

#  Aligning sarcin-ricin_consensus and 4v4q_AA:1336-1342_940-944:
#  Alignment score:  16.6
#  P-value:  1.000e+00
#  Query aligned region: 4-4,5-5
#  Target aligned region: 2:'AA'1339-2:'AA'1339,10:'AA'944-10:'AA'944

	A...G
	A...G

#  Matched base-pairing interactions: 
	<A(4:)-G(5:) trans H/S>                        MATCHES	<A(2:'AA'1339)-G(10:'AA'944) trans H/S>
#  Matched base-stacking interactions: 

>>>>>>>>>>   ALIGNMENT ENDS   >>>>>>>>>>

<<<<<<<<<<  ALIGNMENT BEGINS  <<<<<<<<<<

#  Aligning sarcin-ricin_consensus and 4v4q_AA:907-913_883-890_561-562:
#  Alignment score:  16.6
#  P-value:  1.000e+00
#  Query aligned region: 4-4,5-5
#  Target aligned region: 1:'AA'909-1:'AA'909,11:'AA'888-11:'AA'888

	A...G
	A...G

#  Matched base-pairing interactions: 
	<A(4:)-G(5:) trans H/S>                        MATCHES	<A(1:'AA'909)-G(11:'AA'888) trans H/S>
#  Matched base-stacking interactions: 

>>>>>>>>>>   ALIGNMENT ENDS   >>>>>>>>>>

<<<<<<<<<<  ALIGNMENT BEGINS  <<<<<<<<<<

#  Aligning sarcin-ricin_consensus and 4v4q_AA:11-13_912-917_16-21:
#  Alignment score:  16.6
#  P-value:  1.000e+00
#  Query aligned region: 4-4,5-5
#  Target aligned region: 4:'AA'914-4:'AA'914,13:'AA'21-13:'AA'21

	A...G
	A...G

#  Matched base-pairing interactions: 
	<A(4:)-G(5:) trans H/S>                        MATCHES	<A(4:'AA'914)-G(13:'AA'21) trans H/S>
#  Matched base-stacking interactions: 

>>>>>>>>>>   ALIGNMENT ENDS   >>>>>>>>>>

<<<<<<<<<<  ALIGNMENT BEGINS  <<<<<<<<<<

#  Aligning sarcin-ricin_consensus and 4v4q_AA:785-786_693-696_689-691:
#  Alignment score:  16.6
#  P-value:  1.000e+00
#  Query aligned region: 4-4,5-5
#  Target aligned region: 4:'AA'696-4:'AA'696,7:'AA'691-7:'AA'691

	A...G
	A...G

#  Matched base-pairing interactions: 
	<A(4:)-G(5:) trans H/S>                        MATCHES	<A(4:'AA'696)-G(7:'AA'691) trans H/S>
#  Matched base-stacking interactions: 

>>>>>>>>>>   ALIGNMENT ENDS   >>>>>>>>>>

<<<<<<<<<<  ALIGNMENT BEGINS  <<<<<<<<<<

#  Aligning sarcin-ricin_consensus and 4v4q_AA:381-388_375-380_60-62:
#  Alignment score:  16.6
#  P-value:  1.000e+00
#  Query aligned region: 4-4,5-5
#  Target aligned region: 1:'AA'383-1:'AA'383,12:'AA'380-12:'AA'380

	A...G
	A...G

#  Matched base-pairing interactions: 
	<A(4:)-G(5:) trans H/S>                        MATCHES	<A(1:'AA'383)-G(12:'AA'380) trans H/S>
#  Matched base-stacking interactions: 

>>>>>>>>>>   ALIGNMENT ENDS   >>>>>>>>>>

<<<<<<<<<<  ALIGNMENT BEGINS  <<<<<<<<<<

#  Aligning sarcin-ricin_consensus and 4v4q_AA:25-29_552-557:
#  Alignment score:  16.6
#  P-value:  1.000e+00
#  Query aligned region: 4-4,5-5
#  Target aligned region: 0:'AA'26-0:'AA'26,10:'AA'558-10:'AA'558

	A...G
	A...G

#  Matched base-pairing interactions: 
	<A(4:)-G(5:) trans H/S>                        MATCHES	<A(0:'AA'26)-G(10:'AA'558) trans H/S>
#  Matched base-stacking interactions: 

>>>>>>>>>>   ALIGNMENT ENDS   >>>>>>>>>>

<<<<<<<<<<  ALIGNMENT BEGINS  <<<<<<<<<<

#  Aligning sarcin-ricin_consensus and 4v4q_AA:428-435_405-412:
#  Alignment score:  15.8
#  P-value:  1.000e+00
#  Query aligned region: 4-4,5-5
#  Target aligned region: 3:'AA'432-3:'AA'432,12:'AA'410-12:'AA'410

	A...G
	A...G

#  Matched base-pairing interactions: 
	<A(4:)-G(5:) trans H/S>                        MATCHES	<A(3:'AA'432)-G(12:'AA'410) trans H/S>
#  Matched base-stacking interactions: 

>>>>>>>>>>   ALIGNMENT ENDS   >>>>>>>>>>

<<<<<<<<<<  ALIGNMENT BEGINS  <<<<<<<<<<

#  Aligning sarcin-ricin_consensus and 4v4q_AA:780-786_795-800_693-696:
#  Alignment score:  15.8
#  P-value:  1.000e+00
#  Query aligned region: 4-4,5-5
#  Target aligned region: 1:'AA'782-1:'AA'782,11:'AA'800-11:'AA'800

	A...G
	A...G

#  Matched base-pairing interactions: 
	<A(4:)-G(5:) trans H/S>                        MATCHES	<A(1:'AA'782)-G(11:'AA'800) trans H/S>
#  Matched base-stacking interactions: 

>>>>>>>>>>   ALIGNMENT ENDS   >>>>>>>>>>

<<<<<<<<<<  ALIGNMENT BEGINS  <<<<<<<<<<

#  Aligning sarcin-ricin_consensus and 4v4q_AA:106-108_325-328_320-324:
#  Alignment score:  15
#  P-value:  1.000e+00
#  Query aligned region: 4-4,5-5
#  Target aligned region: 2:'AA'109-2:'AA'109,10:'AA'324-10:'AA'324

	A...G
	A...G

#  Matched base-pairing interactions: 
	<A(4:)-G(5:) trans H/S>                        MATCHES	<A(2:'AA'109)-G(10:'AA'324) trans H/S>
#  Matched base-stacking interactions: 

>>>>>>>>>>   ALIGNMENT ENDS   >>>>>>>>>>

<<<<<<<<<<  ALIGNMENT BEGINS  <<<<<<<<<<

#  Aligning sarcin-ricin_consensus and 4v4q_AA:48-53_113-115_356-364:
#  Alignment score:  14.2
#  P-value:  1.000e+00
#  Query aligned region: 1-4,5-7
#  Target aligned region: 1:'AA'50-3:'AA'52,7:'AA'115-8:'AA'116,11:'AA'359-12:'AA'360

	AGU~A...G~AA
	AAC~G...A~GG

#  Matched base-pairing interactions: 
	<G(2:)-U(3:) cis S/H>                          MATCHES	<A(2:'AA'51)-C(3:'AA'52) cis S/H>
	<A(1:)-A(7:) trans H/H>                        MATCHES	<A(1:'AA'50)-G(12:'AA'360) cis -/->
	<U(3:)-A(6:) trans W/H>                        MATCHES	<C(3:'AA'52)-G(11:'AA'359) cis W/W>
	<A(4:)-G(5:) trans H/S>                        MATCHES	<G(7:'AA'115)-A(8:'AA'116) cis S/H>
#  Matched base-stacking interactions: 

>>>>>>>>>>   ALIGNMENT ENDS   >>>>>>>>>>

<<<<<<<<<<  ALIGNMENT BEGINS  <<<<<<<<<<

#  Aligning sarcin-ricin_consensus and 4v4q_AA:1167-1170_1164-1166_1095-1096:
#  Alignment score:  14.2
#  P-value:  1.000e+00
#  Query aligned region: 4-4,5-5
#  Target aligned region: 2:'AA'1170-2:'AA'1170,5:'AA'1166-5:'AA'1166

	A...G
	A...G

#  Matched base-pairing interactions: 
	<A(4:)-G(5:) trans H/S>                        MATCHES	<A(2:'AA'1170)-G(5:'AA'1166) trans H/S>
#  Matched base-stacking interactions: 

>>>>>>>>>>   ALIGNMENT ENDS   >>>>>>>>>>

<<<<<<<<<<  ALIGNMENT BEGINS  <<<<<<<<<<

#  Aligning sarcin-ricin_consensus and 4v4q_AA:1124-1131_1141-1147:
#  Alignment score:  14
#  P-value:  1.000e+00
#  Query aligned region: 2-4,5-6
#  Target aligned region: 4:'AA'1129-6:'AA'1131,9:'AA'1143-10:'AA'1144

	GUA...GA
	CAG...GG

#  Matched base-pairing interactions: 
	<G(2:)-U(3:) cis S/H>                          MATCHES	<C(4:'AA'1129)-A(5:'AA'1130) cis S/H>
	<A(4:)-G(5:) trans H/S>                        MATCHES	<G(6:'AA'1131)-G(9:'AA'1143) trans H/S>
	<U(3:)-A(6:) trans W/H>                        MATCHES	<A(5:'AA'1130)-G(10:'AA'1144) trans W/S>
#  Matched base-stacking interactions: 

>>>>>>>>>>   ALIGNMENT ENDS   >>>>>>>>>>

<<<<<<<<<<  ALIGNMENT BEGINS  <<<<<<<<<<

#  Aligning sarcin-ricin_consensus and 4v4q_AA:571-574_879-882:
#  Alignment score:  13.6
#  P-value:  1.000e+00
#  Query aligned region: 2-4,5-6
#  Target aligned region: 0:'AA'572-2:'AA'574,6:'AA'882-7:'AA'883

	GUA...GA
	AAA...CC

#  Matched base-pairing interactions: 
	<G(2:)-U(3:) cis S/H>                          MATCHES	<A(0:'AA'572)-A(1:'AA'573) cis S/H>
	<A(4:)-G(5:) trans H/S>                        MATCHES	<A(2:'AA'574)-C(6:'AA'882) cis S/S>
	<U(3:)-A(6:) trans W/H>                        MATCHES	<A(1:'AA'573)-C(7:'AA'883) cis -/->
#  Matched base-stacking interactions: 

>>>>>>>>>>   ALIGNMENT ENDS   >>>>>>>>>>

<<<<<<<<<<  ALIGNMENT BEGINS  <<<<<<<<<<

#  Aligning sarcin-ricin_consensus and 4v4q_AA:569-571_864-867_860-863:
#  Alignment score:  13.4
#  P-value:  1.000e+00
#  Query aligned region: 4-4,5-5
#  Target aligned region: 4:'AA'866-4:'AA'866,9:'AA'863-9:'AA'863

	A...G
	C...U

#  Matched base-pairing interactions: 
	<A(4:)-G(5:) trans H/S>                        MATCHES	<C(4:'AA'866)-U(9:'AA'863) trans H/S>
#  Matched base-stacking interactions: 

>>>>>>>>>>   ALIGNMENT ENDS   >>>>>>>>>>

<<<<<<<<<<  ALIGNMENT BEGINS  <<<<<<<<<<

#  Aligning sarcin-ricin_consensus and 4v4q_AA:1106-1108_1189-1192_1062-1067:
#  Alignment score:  13.3
#  P-value:  1.000e+00
#  Query aligned region: 0-3,6-8
#  Target aligned region: 0:'AA'1107-1:'AA'1108,3:'AA'1190-4:'AA'1191,10:'AA'1066-12:'AA'1068

	UA~GU...AAC
	CG~GA...CAG

#  Matched base-pairing interactions: 
	<G(2:)-U(3:) cis S/H>                          MATCHES	<G(3:'AA'1190)-A(4:'AA'1191) cis S/H>
	<A(1:)-A(7:) trans H/H>                        MATCHES	<G(1:'AA'1108)-A(11:'AA'1067) cis -/->
	<U(3:)-A(6:) trans W/H>                        MATCHES	<A(4:'AA'1191)-C(10:'AA'1066) trans H/W>
	<U(0:)-C(8:) trans S/H>                        MATCHES	<C(0:'AA'1107)-G(12:'AA'1068) cis W/W>
#  Matched base-stacking interactions: 

>>>>>>>>>>   ALIGNMENT ENDS   >>>>>>>>>>

<<<<<<<<<<  ALIGNMENT BEGINS  <<<<<<<<<<

#  Aligning sarcin-ricin_consensus and 4v4q_AA:593-594_595-597_639-644:
#  Alignment score:  13
#  P-value:  1.000e+00
#  Query aligned region: 1-4,5-7
#  Target aligned region: 0:'AA'594-1:'AA'595,2:'AA'596-3:'AA'597,8:'AA'643-10:'AA'645

	AG~UA...GAA
	UA~AG...CUG

#  Matched base-pairing interactions: 
	<G(2:)-U(3:) cis S/H>                          MATCHES	<A(1:'AA'595)-A(2:'AA'596) cis S/H>
	<A(1:)-A(7:) trans H/H>                        MATCHES	<U(0:'AA'594)-G(10:'AA'645) cis W/W>
	<A(4:)-G(5:) trans H/S>                        MATCHES	<G(3:'AA'597)-C(8:'AA'643) cis W/W>
	<U(3:)-A(6:) trans W/H>                        MATCHES	<A(2:'AA'596)-U(9:'AA'644) cis W/W>
#  Matched base-stacking interactions: 

>>>>>>>>>>   ALIGNMENT ENDS   >>>>>>>>>>

<<<<<<<<<<  ALIGNMENT BEGINS  <<<<<<<<<<

#  Aligning sarcin-ricin_consensus and 4v4q_AA:1522-1528_810-815_763-767:
#  Alignment score:  12.6
#  P-value:  1.000e+00
#  Query aligned region: 0-3,6-8
#  Target aligned region: 0:'AA'1523-1:'AA'1524,8:'AA'812-9:'AA'813,15:'AA'766-17:'AA'768

	UA~GU...AAC
	GC~GU...AAA

#  Matched base-pairing interactions: 
	<U(3:)-A(6:) trans W/H>                        MATCHES	<U(9:'AA'813)-A(15:'AA'766) trans W/H>
	<A(1:)-A(7:) trans H/H>                        MATCHES	<C(1:'AA'1524)-A(16:'AA'767) cis S/S>
	<G(2:)-U(3:) cis S/H>                          MATCHES	<G(8:'AA'812)-U(9:'AA'813) cis -/->
	<U(0:)-C(8:) trans S/H>                        MATCHES	<G(0:'AA'1523)-A(17:'AA'768) cis -/->
#  Matched base-stacking interactions: 

>>>>>>>>>>   ALIGNMENT ENDS   >>>>>>>>>>

<<<<<<<<<<  ALIGNMENT BEGINS  <<<<<<<<<<

#  Aligning sarcin-ricin_consensus and 4v4q_AA:680-685_703-709:
#  Alignment score:  11.8
#  P-value:  1.000e+00
#  Query aligned region: 0-0,8-8
#  Target aligned region: 4:'AA'685-4:'AA'685,7:'AA'705-7:'AA'705

	U...C
	G...G

#  Matched base-pairing interactions: 
	<U(0:)-C(8:) trans S/H>                        MATCHES	<G(4:'AA'685)-G(7:'AA'705) trans S/H>
#  Matched base-stacking interactions: 

>>>>>>>>>>   ALIGNMENT ENDS   >>>>>>>>>>

<<<<<<<<<<  ALIGNMENT BEGINS  <<<<<<<<<<

#  Aligning sarcin-ricin_consensus and 4v4q_AA:1490-1492_1493-1495_1404-1408:
#  Alignment score:  11.8
#  P-value:  1.000e+00
#  Query aligned region: 2-4,5-6
#  Target aligned region: 2:'AA'1493-2:'AA'1493,3:'AA'1494-4:'AA'1495,7:'AA'1406-8:'AA'1407

	G~UA...GA
	A~GU...UC

#  Matched base-pairing interactions: 
	<G(2:)-U(3:) cis S/H>                          MATCHES	<A(2:'AA'1493)-G(3:'AA'1494) cis S/H>
	<A(4:)-G(5:) trans H/S>                        MATCHES	<U(4:'AA'1495)-U(7:'AA'1406) cis W/W>
	<U(3:)-A(6:) trans W/H>                        MATCHES	<G(3:'AA'1494)-C(8:'AA'1407) cis W/W>
#  Matched base-stacking interactions: 

>>>>>>>>>>   ALIGNMENT ENDS   >>>>>>>>>>

<<<<<<<<<<  ALIGNMENT BEGINS  <<<<<<<<<<

#  Aligning sarcin-ricin_consensus and 4v4q_AA:1082-1086_1098-1103_1070-1073:
#  Alignment score:  11.6
#  P-value:  1.000e+00
#  Query aligned region: 0-3,6-8
#  Target aligned region: 0:'AA'1083-3:'AA'1086,5:'AA'1099-5:'AA'1099,13:'AA'1073-14:'AA'1074

	UAGU...A~AC
	UGUU...G~UG

#  Matched base-pairing interactions: 
	<G(2:)-U(3:) cis S/H>                          MATCHES	<U(2:'AA'1085)-U(3:'AA'1086) cis S/H>
	<A(1:)-A(7:) trans H/H>                        MATCHES	<G(1:'AA'1084)-U(13:'AA'1073) cis S/H>
	<U(3:)-A(6:) trans W/H>                        MATCHES	<U(3:'AA'1086)-G(5:'AA'1099) cis W/W>
	<U(0:)-C(8:) trans S/H>                        MATCHES	<U(0:'AA'1083)-G(14:'AA'1074) cis W/W>
#  Matched base-stacking interactions: 
	<A(1:)-U(3:) outward>                          MATCHES	<G(1:'AA'1084)-U(3:'AA'1086) hbond>

>>>>>>>>>>   ALIGNMENT ENDS   >>>>>>>>>>

<<<<<<<<<<  ALIGNMENT BEGINS  <<<<<<<<<<

#  Aligning sarcin-ricin_consensus and 4v4q_AA:67-69_70-72_96-101:
#  Alignment score:  11.4
#  P-value:  1.000e+00
#  Query aligned region: 0-4,5-8
#  Target aligned region: 0:'AA'68-2:'AA'70,3:'AA'71-4:'AA'72,7:'AA'98-10:'AA'101

	UAG~UA...GAAC
	GGU~AA...ACGA

#  Matched base-pairing interactions: 
	<G(2:)-U(3:) cis S/H>                          MATCHES	<U(2:'AA'70)-A(3:'AA'71) cis S/H>
	<A(1:)-A(7:) trans H/H>                        MATCHES	<G(1:'AA'69)-G(9:'AA'100) trans S/H>
	<A(4:)-G(5:) trans H/S>                        MATCHES	<A(4:'AA'72)-A(7:'AA'98) cis W/S>
	<U(3:)-A(6:) trans W/H>                        MATCHES	<A(3:'AA'71)-C(8:'AA'99) cis -/->
	<U(0:)-C(8:) trans S/H>                        MATCHES	<G(0:'AA'68)-A(10:'AA'101) cis W/W>
#  Matched base-stacking interactions: 

>>>>>>>>>>   ALIGNMENT ENDS   >>>>>>>>>>

<<<<<<<<<<  ALIGNMENT BEGINS  <<<<<<<<<<

#  Aligning sarcin-ricin_consensus and 4v4q_AA:1372-1382_1343-1347_932-937:
#  Alignment score:  11
#  P-value:  1.000e+00
#  Query aligned region: 1-1,7-7
#  Target aligned region: 2:'AA'1375-2:'AA'1375,13:'AA'1346-13:'AA'1346

	A...A
	A...A

#  Matched base-pairing interactions: 
	<A(1:)-A(7:) trans H/H>                        MATCHES	<A(2:'AA'1375)-A(13:'AA'1346) trans H/H>
#  Matched base-stacking interactions: 

>>>>>>>>>>   ALIGNMENT ENDS   >>>>>>>>>>

<<<<<<<<<<  ALIGNMENT BEGINS  <<<<<<<<<<

#  Aligning sarcin-ricin_consensus and 4v4q_AA:650-654_750-754:
#  Alignment score:  10.5
#  P-value:  1.000e+00
#  Query aligned region: 3-4,5-6
#  Target aligned region: 1:'AA'652-3:'AA'654,6:'AA'752-7:'AA'753

	U-A...GA
	UUG...GA

#  Matched base-pairing interactions: 
	<U(3:)-A(6:) trans W/H>                        MATCHES	<U(1:'AA'652)-A(7:'AA'753) trans W/H>
	<A(4:)-G(5:) trans H/S>                        MATCHES	<G(3:'AA'654)-G(6:'AA'752) trans H/S>
#  Matched base-stacking interactions: 
	<A(4:)-A(6:) outward>                          MATCHES	<G(3:'AA'654)-A(7:'AA'753) outward>

>>>>>>>>>>   ALIGNMENT ENDS   >>>>>>>>>>

<<<<<<<<<<  ALIGNMENT BEGINS  <<<<<<<<<<

#  Aligning sarcin-ricin_consensus and 4v4q_AA:868-876_856-858_823-828:
#  Alignment score:  10.2
#  P-value:  1.000e+00
#  Query aligned region: 0-0,8-8
#  Target aligned region: 10:'AA'858-10:'AA'858,16:'AA'828-16:'AA'828

	U...C
	G...U

#  Matched base-pairing interactions: 
	<U(0:)-C(8:) trans S/H>                        MATCHES	<G(10:'AA'858)-U(16:'AA'828) trans S/H>
#  Matched base-stacking interactions: 

>>>>>>>>>>   ALIGNMENT ENDS   >>>>>>>>>>

<<<<<<<<<<  ALIGNMENT BEGINS  <<<<<<<<<<

#  Aligning sarcin-ricin_consensus and 4v4q_AA:438-440_436-437_492-497:
#  Alignment score:  9.7
#  P-value:  1.000e+00
#  Query aligned region: 2-3,6-6
#  Target aligned region: 0:'AA'439-0:'AA'439,4:'AA'438-4:'AA'438,8:'AA'496-8:'AA'496

	G~U...A
	U~U...A

#  Matched base-pairing interactions: 
	<U(3:)-A(6:) trans W/H>                        MATCHES	<U(4:'AA'438)-A(8:'AA'496) trans W/H>
	<G(2:)-U(3:) cis S/H>                          MATCHES	<U(0:'AA'439)-U(4:'AA'438) cis H/S>
#  Matched base-stacking interactions: 

>>>>>>>>>>   ALIGNMENT ENDS   >>>>>>>>>>

<<<<<<<<<<  ALIGNMENT BEGINS  <<<<<<<<<<

#  Aligning sarcin-ricin_consensus and 4v4q_AA:638-640_641-643_594-599:
#  Alignment score:  9.4
#  P-value:  1.000e+00
#  Query aligned region: 2-4,5-6
#  Target aligned region: 2:'AA'641-2:'AA'641,3:'AA'642-4:'AA'643,8:'AA'597-9:'AA'598

	G~UA...GA
	U~AC...GU

#  Matched base-pairing interactions: 
	<G(2:)-U(3:) cis S/H>                          MATCHES	<U(2:'AA'641)-A(3:'AA'642) cis S/H>
	<A(4:)-G(5:) trans H/S>                        MATCHES	<C(4:'AA'643)-G(8:'AA'597) cis W/W>
	<U(3:)-A(6:) trans W/H>                        MATCHES	<A(3:'AA'642)-U(9:'AA'598) cis W/S>
#  Matched base-stacking interactions: 

>>>>>>>>>>   ALIGNMENT ENDS   >>>>>>>>>>

<<<<<<<<<<  ALIGNMENT BEGINS  <<<<<<<<<<

#  Aligning sarcin-ricin_consensus and 4v4q_AA:1155-1162_1173-1177_1178-1181:
#  Alignment score:  8.8
#  P-value:  1.000e+00
#  Query aligned region: 2-4,5-6
#  Target aligned region: 4:'AA'1160-4:'AA'1160,11:'AA'1177-12:'AA'1178,14:'AA'1180-15:'AA'1181

	G~UA...GA
	G~GG...AG

#  Matched base-pairing interactions: 
	<A(4:)-G(5:) trans H/S>                        MATCHES	<G(12:'AA'1178)-A(14:'AA'1180) cis -/->
	<U(3:)-A(6:) trans W/H>                        MATCHES	<G(11:'AA'1177)-G(15:'AA'1181) trans W/H>
	<G(2:)-U(3:) cis S/H>                          MATCHES	<G(4:'AA'1160)-G(11:'AA'1177) cis W/W>
#  Matched base-stacking interactions: 
	<A(4:)-A(6:) outward>                          MATCHES	<G(12:'AA'1178)-G(15:'AA'1181) hbond>

>>>>>>>>>>   ALIGNMENT ENDS   >>>>>>>>>>

<<<<<<<<<<  ALIGNMENT BEGINS  <<<<<<<<<<

#  Aligning sarcin-ricin_consensus and 4v4q_AA:607-608_298-304_291-296:
#  Alignment score:  8.6
#  P-value:  1.000e+00
#  Query aligned region: 0-0,8-8
#  Target aligned region: 8:'AA'305-8:'AA'305,9:'AA'292-9:'AA'292

	U...C
	G...G

#  Matched base-pairing interactions: 
	<U(0:)-C(8:) trans S/H>                        MATCHES	<G(8:'AA'305)-G(9:'AA'292) trans S/H>
#  Matched base-stacking interactions: 

>>>>>>>>>>   ALIGNMENT ENDS   >>>>>>>>>>

<<<<<<<<<<  ALIGNMENT BEGINS  <<<<<<<<<<

#  Aligning sarcin-ricin_consensus and 4v4q_AA:1260-1274:
#  Alignment score:  7.4
#  P-value:  1.000e+00
#  Query aligned region: 4-4,5-5
#  Target aligned region: 0:'AA'1261-13:'AA'1274

	A...G
	A...A

#  Matched base-pairing interactions: 
	<A(4:)-G(5:) trans H/S>                        MATCHES	<A(0:'AA'1261)-A(13:'AA'1274) trans H/S>
#  Matched base-stacking interactions: 

>>>>>>>>>>   ALIGNMENT ENDS   >>>>>>>>>>

<<<<<<<<<<  ALIGNMENT BEGINS  <<<<<<<<<<

#  Aligning sarcin-ricin_consensus and 4v4q_AA:1052-1057_1195-1205:
#  Alignment score:  7
#  P-value:  1.000e+00
#  Query aligned region: 0-0,8-8
#  Target aligned region: 5:'AA'1058-5:'AA'1058,12:'AA'1202-12:'AA'1202

	U...C
	G...U

#  Matched base-pairing interactions: 
	<U(0:)-C(8:) trans S/H>                        MATCHES	<G(5:'AA'1058)-U(12:'AA'1202) trans S/H>
#  Matched base-stacking interactions: 

>>>>>>>>>>   ALIGNMENT ENDS   >>>>>>>>>>

<<<<<<<<<<  ALIGNMENT BEGINS  <<<<<<<<<<

#  Aligning sarcin-ricin_consensus and 4v4q_AA:63-70_97-102:
#  Alignment score:  6.2
#  P-value:  1.000e+00
#  Query aligned region: 0-0,8-8
#  Target aligned region: 5:'AA'69-5:'AA'69,10:'AA'100-10:'AA'100

	U...C
	G...G

#  Matched base-pairing interactions: 
	<U(0:)-C(8:) trans S/H>                        MATCHES	<G(5:'AA'69)-G(10:'AA'100) trans S/H>
#  Matched base-stacking interactions: 

>>>>>>>>>>   ALIGNMENT ENDS   >>>>>>>>>>

<<<<<<<<<<  ALIGNMENT BEGINS  <<<<<<<<<<

#  Aligning sarcin-ricin_consensus and 4v4q_AA:112-114_115-119_311-314:
#  Alignment score:  4.9
#  P-value:  1.000e+00
#  Query aligned region: 2-4,5-6
#  Target aligned region: 2:'AA'115-2:'AA'115,3:'AA'116-7:'AA'120,9:'AA'313-9:'AA'313

	G~U-A...G~A
	G~AGU...A~A

#  Matched base-pairing interactions: 
	<U(3:)-A(6:) trans W/H>                        MATCHES	<A(3:'AA'116)-A(9:'AA'313) trans W/S>
	<A(4:)-G(5:) trans H/S>                        MATCHES	<U(5:'AA'118)-A(7:'AA'120) cis -/->
	<G(2:)-U(3:) cis S/H>                          MATCHES	<G(2:'AA'115)-A(3:'AA'116) cis S/H>
#  Matched base-stacking interactions: 

>>>>>>>>>>   ALIGNMENT ENDS   >>>>>>>>>>

<<<<<<<<<<  ALIGNMENT BEGINS  <<<<<<<<<<

#  Aligning sarcin-ricin_consensus and 4v4q_AA:254-269:
#  Alignment score:  4.6
#  P-value:  1.000e+00
#  Query aligned region: 0-0,8-8
#  Target aligned region: 6:'AA'261-9:'AA'264

	U...C
	U...C

#  Matched base-pairing interactions: 
	<U(0:)-C(8:) trans S/H>                        MATCHES	<U(6:'AA'261)-C(9:'AA'264) cis -/->
#  Matched base-stacking interactions: 

>>>>>>>>>>   ALIGNMENT ENDS   >>>>>>>>>>

<<<<<<<<<<  ALIGNMENT BEGINS  <<<<<<<<<<

#  Aligning sarcin-ricin_consensus and 4v4q_AA:1195-1205_1052-1057:
#  Alignment score:  4.2
#  P-value:  1.000e+00
#  Query aligned region: 0-0,8-8
#  Target aligned region: 0:'AA'1196-0:'AA'1196,12:'AA'1054-12:'AA'1054

	U...C
	A...C

#  Matched base-pairing interactions: 
	<U(0:)-C(8:) trans S/H>                        MATCHES	<A(0:'AA'1196)-C(12:'AA'1054) cis -/->
#  Matched base-stacking interactions: 

>>>>>>>>>>   ALIGNMENT ENDS   >>>>>>>>>>

<<<<<<<<<<  ALIGNMENT BEGINS  <<<<<<<<<<

#  Aligning sarcin-ricin_consensus and 4v4q_AA:785-788_790-796_693-695:
#  Alignment score:  4.2
#  P-value:  1.000e+00
#  Query aligned region: 0-0,8-8
#  Target aligned region: 3:'AA'789-3:'AA'789,4:'AA'791-4:'AA'791

	U...C
	U...G

#  Matched base-pairing interactions: 
	<U(0:)-C(8:) trans S/H>                        MATCHES	<U(3:'AA'789)-G(4:'AA'791) cis -/->
#  Matched base-stacking interactions: 

>>>>>>>>>>   ALIGNMENT ENDS   >>>>>>>>>>

<<<<<<<<<<  ALIGNMENT BEGINS  <<<<<<<<<<

#  Aligning sarcin-ricin_consensus and 4v4q_AA:1351-1353_1245-1250_1286-1291:
#  Alignment score:  4.2
#  P-value:  1.000e+00
#  Query aligned region: 0-0,8-8
#  Target aligned region: 2:'AA'1354-2:'AA'1354,8:'AA'1251-8:'AA'1251

	U...C
	U...A

#  Matched base-pairing interactions: 
	<U(0:)-C(8:) trans S/H>                        MATCHES	<U(2:'AA'1354)-A(8:'AA'1251) cis -/->
#  Matched base-stacking interactions: 

>>>>>>>>>>   ALIGNMENT ENDS   >>>>>>>>>>

<<<<<<<<<<  ALIGNMENT BEGINS  <<<<<<<<<<

#  Aligning sarcin-ricin_consensus and 4v4q_AA:1103-1108_1088-1095_1066-1071:
#  Alignment score:  4.2
#  P-value:  1.000e+00
#  Query aligned region: 0-0,8-8
#  Target aligned region: 8:'AA'1091-9:'AA'1092

	U...C
	U...A

#  Matched base-pairing interactions: 
	<U(0:)-C(8:) trans S/H>                        MATCHES	<U(8:'AA'1091)-A(9:'AA'1092) cis -/->
#  Matched base-stacking interactions: 

>>>>>>>>>>   ALIGNMENT ENDS   >>>>>>>>>>

<<<<<<<<<<  ALIGNMENT BEGINS  <<<<<<<<<<

#  Aligning sarcin-ricin_consensus and 4v4q_AA:614-619_620-625_399-401:
#  Alignment score:  4.2
#  P-value:  1.000e+00
#  Query aligned region: 0-0,8-8
#  Target aligned region: 6:'AA'621-6:'AA'621,13:'AA'401-13:'AA'401

	U...C
	A...C

#  Matched base-pairing interactions: 
	<U(0:)-C(8:) trans S/H>                        MATCHES	<A(6:'AA'621)-C(13:'AA'401) cis -/->
#  Matched base-stacking interactions: 

>>>>>>>>>>   ALIGNMENT ENDS   >>>>>>>>>>

<<<<<<<<<<  ALIGNMENT BEGINS  <<<<<<<<<<

#  Aligning sarcin-ricin_consensus and 4v4q_AA:1490-1492_1404-1408_1493-1495:
#  Alignment score:  4.2
#  P-value:  1.000e+00
#  Query aligned region: 0-0,8-8
#  Target aligned region: 0:'AA'1491-0:'AA'1491,7:'AA'1409-7:'AA'1409

	U...C
	G...C

#  Matched base-pairing interactions: 
	<U(0:)-C(8:) trans S/H>                        MATCHES	<G(0:'AA'1491)-C(7:'AA'1409) cis W/H>
#  Matched base-stacking interactions: 

>>>>>>>>>>   ALIGNMENT ENDS   >>>>>>>>>>

<<<<<<<<<<  ALIGNMENT BEGINS  <<<<<<<<<<

#  Aligning sarcin-ricin_consensus and 4v4q_AA:1079-1085_1070-1076_1101-1103:
#  Alignment score:  4.2
#  P-value:  1.000e+00
#  Query aligned region: 2-3,6-6
#  Target aligned region: 4:'AA'1084-4:'AA'1084,9:'AA'1073-9:'AA'1073,14:'AA'1102-14:'AA'1102

	G~U...A
	G~U...A

#  Matched base-pairing interactions: 
	<G(2:)-U(3:) cis S/H>                          MATCHES	<G(4:'AA'1084)-U(9:'AA'1073) cis S/H>
	<U(3:)-A(6:) trans W/H>                        MATCHES	<U(9:'AA'1073)-A(14:'AA'1102) cis W/W>
#  Matched base-stacking interactions: 

>>>>>>>>>>   ALIGNMENT ENDS   >>>>>>>>>>

<<<<<<<<<<  ALIGNMENT BEGINS  <<<<<<<<<<

#  Aligning sarcin-ricin_consensus and 4v4q_AA:1066-1071_1088-1095_1103-1108:
#  Alignment score:  4
#  P-value:  1.000e+00
#  Query aligned region: 
#  Target aligned region: 

	
	

#  Matched base-pairing interactions: 
#  Matched base-stacking interactions: 

>>>>>>>>>>   ALIGNMENT ENDS   >>>>>>>>>>

<<<<<<<<<<  ALIGNMENT BEGINS  <<<<<<<<<<

#  Aligning sarcin-ricin_consensus and 4v4q_AA:810-815_1522-1528_763-767:
#  Alignment score:  4
#  P-value:  1.000e+00
#  Query aligned region: 
#  Target aligned region: 

	
	

#  Matched base-pairing interactions: 
#  Matched base-stacking interactions: 

>>>>>>>>>>   ALIGNMENT ENDS   >>>>>>>>>>

<<<<<<<<<<  ALIGNMENT BEGINS  <<<<<<<<<<

#  Aligning sarcin-ricin_consensus and 4v4q_AA:66-67_167-173_147-152:
#  Alignment score:  4
#  P-value:  1.000e+00
#  Query aligned region: 
#  Target aligned region: 

	
	

#  Matched base-pairing interactions: 
#  Matched base-stacking interactions: 

>>>>>>>>>>   ALIGNMENT ENDS   >>>>>>>>>>

<<<<<<<<<<  ALIGNMENT BEGINS  <<<<<<<<<<

#  Aligning sarcin-ricin_consensus and 4v4q_AA:167-173_66-67_147-152:
#  Alignment score:  4
#  P-value:  1.000e+00
#  Query aligned region: 
#  Target aligned region: 

	
	

#  Matched base-pairing interactions: 
#  Matched base-stacking interactions: 

>>>>>>>>>>   ALIGNMENT ENDS   >>>>>>>>>>

<<<<<<<<<<  ALIGNMENT BEGINS  <<<<<<<<<<

#  Aligning sarcin-ricin_consensus and 4v4q_AA:167-173_147-152_66-67:
#  Alignment score:  4
#  P-value:  1.000e+00
#  Query aligned region: 
#  Target aligned region: 

	
	

#  Matched base-pairing interactions: 
#  Matched base-stacking interactions: 

>>>>>>>>>>   ALIGNMENT ENDS   >>>>>>>>>>

<<<<<<<<<<  ALIGNMENT BEGINS  <<<<<<<<<<

#  Aligning sarcin-ricin_consensus and 4v4q_AA:1445-1446_168-174_146-152:
#  Alignment score:  4
#  P-value:  1.000e+00
#  Query aligned region: 
#  Target aligned region: 

	
	

#  Matched base-pairing interactions: 
#  Matched base-stacking interactions: 

>>>>>>>>>>   ALIGNMENT ENDS   >>>>>>>>>>

<<<<<<<<<<  ALIGNMENT BEGINS  <<<<<<<<<<

#  Aligning sarcin-ricin_consensus and 4v4q_AA:168-174_1445-1446_146-152:
#  Alignment score:  4
#  P-value:  1.000e+00
#  Query aligned region: 
#  Target aligned region: 

	
	

#  Matched base-pairing interactions: 
#  Matched base-stacking interactions: 

>>>>>>>>>>   ALIGNMENT ENDS   >>>>>>>>>>

<<<<<<<<<<  ALIGNMENT BEGINS  <<<<<<<<<<

#  Aligning sarcin-ricin_consensus and 4v4q_AA:168-174_146-152_1445-1446:
#  Alignment score:  4
#  P-value:  1.000e+00
#  Query aligned region: 
#  Target aligned region: 

	
	

#  Matched base-pairing interactions: 
#  Matched base-stacking interactions: 

>>>>>>>>>>   ALIGNMENT ENDS   >>>>>>>>>>

<<<<<<<<<<  ALIGNMENT BEGINS  <<<<<<<<<<

#  Aligning sarcin-ricin_consensus and 4v4q_AA:837-848:
#  Alignment score:  4
#  P-value:  1.000e+00
#  Query aligned region: 2-3,6-6
#  Target aligned region: 6:'AA'844-8:'AA'846

	GU...A
	GA...G

#  Matched base-pairing interactions: 
	<G(2:)-U(3:) cis S/H>                          MATCHES	<G(6:'AA'844)-A(7:'AA'845) cis S/H>
	<U(3:)-A(6:) trans W/H>                        MATCHES	<A(7:'AA'845)-G(8:'AA'846) cis -/->
#  Matched base-stacking interactions: 

>>>>>>>>>>   ALIGNMENT ENDS   >>>>>>>>>>

<<<<<<<<<<  ALIGNMENT BEGINS  <<<<<<<<<<

#  Aligning sarcin-ricin_consensus and 4v4q_AA:1495-1497_1400-1404_1498-1500:
#  Alignment score:  3.8
#  P-value:  1.000e+00
#  Query aligned region: 
#  Target aligned region: 

	
	

#  Matched base-pairing interactions: 
#  Matched base-stacking interactions: 

>>>>>>>>>>   ALIGNMENT ENDS   >>>>>>>>>>

<<<<<<<<<<  ALIGNMENT BEGINS  <<<<<<<<<<

#  Aligning sarcin-ricin_consensus and 4v4q_AA:1314-1318_1356-1362_974-980:
#  Alignment score:  3.8
#  P-value:  1.000e+00
#  Query aligned region: 0-0,8-8
#  Target aligned region: 5:'AA'1357-5:'AA'1357,12:'AA'975-12:'AA'975

	U...C
	A...A

#  Matched base-pairing interactions: 
	<U(0:)-C(8:) trans S/H>                        MATCHES	<A(5:'AA'1357)-A(12:'AA'975) cis -/->
#  Matched base-stacking interactions: 

>>>>>>>>>>   ALIGNMENT ENDS   >>>>>>>>>>

<<<<<<<<<<  ALIGNMENT BEGINS  <<<<<<<<<<

#  Aligning sarcin-ricin_consensus and 4v4q_AA:96-101_67-69_70-72:
#  Alignment score:  3.8
#  P-value:  1.000e+00
#  Query aligned region: 
#  Target aligned region: 

	
	

#  Matched base-pairing interactions: 
#  Matched base-stacking interactions: 

>>>>>>>>>>   ALIGNMENT ENDS   >>>>>>>>>>

<<<<<<<<<<  ALIGNMENT BEGINS  <<<<<<<<<<

#  Aligning sarcin-ricin_consensus and 4v4q_AA:1148-1149_1123-1125_1279-1280:
#  Alignment score:  3.8
#  P-value:  1.000e+00
#  Query aligned region: 2-3,6-6
#  Target aligned region: 2:'AA'1124-3:'AA'1125,5:'AA'1280-5:'AA'1280

	GU...A
	GU...A

#  Matched base-pairing interactions: 
	<G(2:)-U(3:) cis S/H>                          MATCHES	<G(2:'AA'1124)-U(3:'AA'1125) cis S/H>
	<U(3:)-A(6:) trans W/H>                        MATCHES	<U(3:'AA'1125)-A(5:'AA'1280) cis W/H>
#  Matched base-stacking interactions: 

>>>>>>>>>>   ALIGNMENT ENDS   >>>>>>>>>>

<<<<<<<<<<  ALIGNMENT BEGINS  <<<<<<<<<<

#  Aligning sarcin-ricin_consensus and 4v4q_AA:607-608_291-296_298-304:
#  Alignment score:  3.8
#  P-value:  1.000e+00
#  Query aligned region: 0-0,8-8
#  Target aligned region: 7:'AA'297-7:'AA'297,8:'AA'299-8:'AA'299

	U...C
	G...G

#  Matched base-pairing interactions: 
	<U(0:)-C(8:) trans S/H>                        MATCHES	<G(7:'AA'297)-G(8:'AA'299) cis -/->
#  Matched base-stacking interactions: 

>>>>>>>>>>   ALIGNMENT ENDS   >>>>>>>>>>

<<<<<<<<<<  ALIGNMENT BEGINS  <<<<<<<<<<

#  Aligning sarcin-ricin_consensus and 4v4q_AA:99-101_96-98_66-73:
#  Alignment score:  3.7
#  P-value:  1.000e+00
#  Query aligned region: 
#  Target aligned region: 

	
	

#  Matched base-pairing interactions: 
#  Matched base-stacking interactions: 

>>>>>>>>>>   ALIGNMENT ENDS   >>>>>>>>>>

<<<<<<<<<<  ALIGNMENT BEGINS  <<<<<<<<<<

#  Aligning sarcin-ricin_consensus and 4v4q_AA:115-119_311-314_112-114:
#  Alignment score:  3.7
#  P-value:  1.000e+00
#  Query aligned region: 
#  Target aligned region: 

	
	

#  Matched base-pairing interactions: 
#  Matched base-stacking interactions: 

>>>>>>>>>>   ALIGNMENT ENDS   >>>>>>>>>>

<<<<<<<<<<  ALIGNMENT BEGINS  <<<<<<<<<<

#  Aligning sarcin-ricin_consensus and 4v4q_AA:115-119_112-114_311-314:
#  Alignment score:  3.7
#  P-value:  1.000e+00
#  Query aligned region: 
#  Target aligned region: 

	
	

#  Matched base-pairing interactions: 
#  Matched base-stacking interactions: 

>>>>>>>>>>   ALIGNMENT ENDS   >>>>>>>>>>

<<<<<<<<<<  ALIGNMENT BEGINS  <<<<<<<<<<

#  Aligning sarcin-ricin_consensus and 4v4q_AA:1212-1213_986-990_1214-1218:
#  Alignment score:  3.7
#  P-value:  1.000e+00
#  Query aligned region: 
#  Target aligned region: 

	
	

#  Matched base-pairing interactions: 
#  Matched base-stacking interactions: 

>>>>>>>>>>   ALIGNMENT ENDS   >>>>>>>>>>

<<<<<<<<<<  ALIGNMENT BEGINS  <<<<<<<<<<

#  Aligning sarcin-ricin_consensus and 4v4q_AA:1400-1404_1495-1497_1498-1500:
#  Alignment score:  3.5
#  P-value:  1.000e+00
#  Query aligned region: 
#  Target aligned region: 

	
	

#  Matched base-pairing interactions: 
#  Matched base-stacking interactions: 

>>>>>>>>>>   ALIGNMENT ENDS   >>>>>>>>>>

<<<<<<<<<<  ALIGNMENT BEGINS  <<<<<<<<<<

#  Aligning sarcin-ricin_consensus and 4v4q_AA:96-98_99-101_66-73:
#  Alignment score:  3.5
#  P-value:  1.000e+00
#  Query aligned region: 
#  Target aligned region: 

	
	

#  Matched base-pairing interactions: 
#  Matched base-stacking interactions: 

>>>>>>>>>>   ALIGNMENT ENDS   >>>>>>>>>>

<<<<<<<<<<  ALIGNMENT BEGINS  <<<<<<<<<<

#  Aligning sarcin-ricin_consensus and 4v4q_AA:370-373_447-452_478-486:
#  Alignment score:  3.5
#  P-value:  1.000e+00
#  Query aligned region: 1-4,5-7
#  Target aligned region: 2:'AA'373-3:'AA'374,8:'AA'452-9:'AA'453,10:'AA'479-12:'AA'481

	AG~UA...GAA
	AA~AG...UUG

#  Matched base-pairing interactions: 
	<A(4:)-G(5:) trans H/S>                        MATCHES	<G(9:'AA'453)-U(10:'AA'479) cis W/W>
	<U(3:)-A(6:) trans W/H>                        MATCHES	<A(8:'AA'452)-U(11:'AA'480) trans H/W>
	<A(1:)-A(7:) trans H/H>                        MATCHES	<A(2:'AA'373)-G(12:'AA'481) cis -/->
	<G(2:)-U(3:) cis S/H>                          MATCHES	<A(3:'AA'374)-A(8:'AA'452) cis -/->
#  Matched base-stacking interactions: 
	<A(4:)-A(6:) outward>                          MATCHES	<G(9:'AA'453)-U(11:'AA'480) outward>

>>>>>>>>>>   ALIGNMENT ENDS   >>>>>>>>>>

<<<<<<<<<<  ALIGNMENT BEGINS  <<<<<<<<<<

#  Aligning sarcin-ricin_consensus and 4v4q_AA:377-378_98-106_59-70:
#  Alignment score:  3.5
#  P-value:  1.000e+00
#  Query aligned region: 
#  Target aligned region: 

	
	

#  Matched base-pairing interactions: 
#  Matched base-stacking interactions: 

>>>>>>>>>>   ALIGNMENT ENDS   >>>>>>>>>>

<<<<<<<<<<  ALIGNMENT BEGINS  <<<<<<<<<<

#  Aligning sarcin-ricin_consensus and 4v4q_AA:98-106_377-378_59-70:
#  Alignment score:  3.5
#  P-value:  1.000e+00
#  Query aligned region: 
#  Target aligned region: 

	
	

#  Matched base-pairing interactions: 
#  Matched base-stacking interactions: 

>>>>>>>>>>   ALIGNMENT ENDS   >>>>>>>>>>

<<<<<<<<<<  ALIGNMENT BEGINS  <<<<<<<<<<

#  Aligning sarcin-ricin_consensus and 4v4q_AA:98-106_59-70_377-378:
#  Alignment score:  3.5
#  P-value:  1.000e+00
#  Query aligned region: 
#  Target aligned region: 

	
	

#  Matched base-pairing interactions: 
#  Matched base-stacking interactions: 

>>>>>>>>>>   ALIGNMENT ENDS   >>>>>>>>>>

<<<<<<<<<<  ALIGNMENT BEGINS  <<<<<<<<<<

#  Aligning sarcin-ricin_consensus and 4v4q_AA:868-876_823-828_856-858:
#  Alignment score:  3.4
#  P-value:  1.000e+00
#  Query aligned region: 
#  Target aligned region: 

	
	

#  Matched base-pairing interactions: 
#  Matched base-stacking interactions: 

>>>>>>>>>>   ALIGNMENT ENDS   >>>>>>>>>>

<<<<<<<<<<  ALIGNMENT BEGINS  <<<<<<<<<<

#  Aligning sarcin-ricin_consensus and 4v4q_AA:790-796_785-788_693-695:
#  Alignment score:  3.4
#  P-value:  1.000e+00
#  Query aligned region: 
#  Target aligned region: 

	
	

#  Matched base-pairing interactions: 
#  Matched base-stacking interactions: 

>>>>>>>>>>   ALIGNMENT ENDS   >>>>>>>>>>

<<<<<<<<<<  ALIGNMENT BEGINS  <<<<<<<<<<

#  Aligning sarcin-ricin_consensus and 4v4q_AA:1369-1370_1245-1249_1286-1291:
#  Alignment score:  3.4
#  P-value:  1.000e+00
#  Query aligned region: 
#  Target aligned region: 

	
	

#  Matched base-pairing interactions: 
#  Matched base-stacking interactions: 

>>>>>>>>>>   ALIGNMENT ENDS   >>>>>>>>>>

<<<<<<<<<<  ALIGNMENT BEGINS  <<<<<<<<<<

#  Aligning sarcin-ricin_consensus and 4v4q_AA:1245-1249_1369-1370_1286-1291:
#  Alignment score:  3.4
#  P-value:  1.000e+00
#  Query aligned region: 
#  Target aligned region: 

	
	

#  Matched base-pairing interactions: 
#  Matched base-stacking interactions: 

>>>>>>>>>>   ALIGNMENT ENDS   >>>>>>>>>>

<<<<<<<<<<  ALIGNMENT BEGINS  <<<<<<<<<<

#  Aligning sarcin-ricin_consensus and 4v4q_AA:1066-1071_1103-1108_1088-1095:
#  Alignment score:  3.4
#  P-value:  1.000e+00
#  Query aligned region: 
#  Target aligned region: 

	
	

#  Matched base-pairing interactions: 
#  Matched base-stacking interactions: 

>>>>>>>>>>   ALIGNMENT ENDS   >>>>>>>>>>

<<<<<<<<<<  ALIGNMENT BEGINS  <<<<<<<<<<

#  Aligning sarcin-ricin_consensus and 4v4q_AA:1210-1214_1042-1045_989-997:
#  Alignment score:  3.4
#  P-value:  1.000e+00
#  Query aligned region: 
#  Target aligned region: 

	
	

#  Matched base-pairing interactions: 
#  Matched base-stacking interactions: 

>>>>>>>>>>   ALIGNMENT ENDS   >>>>>>>>>>

<<<<<<<<<<  ALIGNMENT BEGINS  <<<<<<<<<<

#  Aligning sarcin-ricin_consensus and 4v4q_AA:1042-1045_1210-1214_989-997:
#  Alignment score:  3.4
#  P-value:  1.000e+00
#  Query aligned region: 
#  Target aligned region: 

	
	

#  Matched base-pairing interactions: 
#  Matched base-stacking interactions: 

>>>>>>>>>>   ALIGNMENT ENDS   >>>>>>>>>>

<<<<<<<<<<  ALIGNMENT BEGINS  <<<<<<<<<<

#  Aligning sarcin-ricin_consensus and 4v4q_AA:1522-1528_763-767_810-815:
#  Alignment score:  3.4
#  P-value:  1.000e+00
#  Query aligned region: 
#  Target aligned region: 

	
	

#  Matched base-pairing interactions: 
#  Matched base-stacking interactions: 

>>>>>>>>>>   ALIGNMENT ENDS   >>>>>>>>>>

<<<<<<<<<<  ALIGNMENT BEGINS  <<<<<<<<<<

#  Aligning sarcin-ricin_consensus and 4v4q_AA:310-312_286-288_114-121:
#  Alignment score:  3.4
#  P-value:  1.000e+00
#  Query aligned region: 0-0,8-8
#  Target aligned region: 12:'AA'121-13:'AA'122

	U...C
	U...G

#  Matched base-pairing interactions: 
	<U(0:)-C(8:) trans S/H>                        MATCHES	<U(12:'AA'121)-G(13:'AA'122) cis S/H>
#  Matched base-stacking interactions: 

>>>>>>>>>>   ALIGNMENT ENDS   >>>>>>>>>>

<<<<<<<<<<  ALIGNMENT BEGINS  <<<<<<<<<<

#  Aligning sarcin-ricin_consensus and 4v4q_AA:1101-1103_1070-1076_1079-1085:
#  Alignment score:  3.4
#  P-value:  1.000e+00
#  Query aligned region: 
#  Target aligned region: 

	
	

#  Matched base-pairing interactions: 
#  Matched base-stacking interactions: 

>>>>>>>>>>   ALIGNMENT ENDS   >>>>>>>>>>

<<<<<<<<<<  ALIGNMENT BEGINS  <<<<<<<<<<

#  Aligning sarcin-ricin_consensus and 4v4q_AA:1070-1076_1101-1103_1079-1085:
#  Alignment score:  3.4
#  P-value:  1.000e+00
#  Query aligned region: 
#  Target aligned region: 

	
	

#  Matched base-pairing interactions: 
#  Matched base-stacking interactions: 

>>>>>>>>>>   ALIGNMENT ENDS   >>>>>>>>>>

<<<<<<<<<<  ALIGNMENT BEGINS  <<<<<<<<<<

#  Aligning sarcin-ricin_consensus and 4v4q_AA:986-990_1214-1218_1212-1213:
#  Alignment score:  3.4
#  P-value:  1.000e+00
#  Query aligned region: 
#  Target aligned region: 

	
	

#  Matched base-pairing interactions: 
#  Matched base-stacking interactions: 

>>>>>>>>>>   ALIGNMENT ENDS   >>>>>>>>>>

<<<<<<<<<<  ALIGNMENT BEGINS  <<<<<<<<<<

#  Aligning sarcin-ricin_consensus and 4v4q_AA:986-990_1212-1213_1214-1218:
#  Alignment score:  3.4
#  P-value:  1.000e+00
#  Query aligned region: 
#  Target aligned region: 

	
	

#  Matched base-pairing interactions: 
#  Matched base-stacking interactions: 

>>>>>>>>>>   ALIGNMENT ENDS   >>>>>>>>>>

<<<<<<<<<<  ALIGNMENT BEGINS  <<<<<<<<<<

#  Aligning sarcin-ricin_consensus and 4v4q_AA:868-870_827-831_854-858:
#  Alignment score:  3.4
#  P-value:  1.000e+00
#  Query aligned region: 0-0,8-8
#  Target aligned region: 2:'AA'871-2:'AA'871,8:'AA'855-8:'AA'855

	U...C
	U...U

#  Matched base-pairing interactions: 
	<U(0:)-C(8:) trans S/H>                        MATCHES	<U(2:'AA'871)-U(8:'AA'855) cis -/->
#  Matched base-stacking interactions: 

>>>>>>>>>>   ALIGNMENT ENDS   >>>>>>>>>>

<<<<<<<<<<  ALIGNMENT BEGINS  <<<<<<<<<<

#  Aligning sarcin-ricin_consensus and 4v4q_AA:288-292_303-304_307-310:
#  Alignment score:  3.3
#  P-value:  1.000e+00
#  Query aligned region: 
#  Target aligned region: 

	
	

#  Matched base-pairing interactions: 
#  Matched base-stacking interactions: 

>>>>>>>>>>   ALIGNMENT ENDS   >>>>>>>>>>

<<<<<<<<<<  ALIGNMENT BEGINS  <<<<<<<<<<

#  Aligning sarcin-ricin_consensus and 4v4q_AA:1178-1181_1155-1162_1173-1177:
#  Alignment score:  3.3
#  P-value:  1.000e+00
#  Query aligned region: 
#  Target aligned region: 

	
	

#  Matched base-pairing interactions: 
#  Matched base-stacking interactions: 

>>>>>>>>>>   ALIGNMENT ENDS   >>>>>>>>>>

<<<<<<<<<<  ALIGNMENT BEGINS  <<<<<<<<<<

#  Aligning sarcin-ricin_consensus and 4v4q_AA:1155-1162_1178-1181_1173-1177:
#  Alignment score:  3.3
#  P-value:  1.000e+00
#  Query aligned region: 
#  Target aligned region: 

	
	

#  Matched base-pairing interactions: 
#  Matched base-stacking interactions: 

>>>>>>>>>>   ALIGNMENT ENDS   >>>>>>>>>>

<<<<<<<<<<  ALIGNMENT BEGINS  <<<<<<<<<<

#  Aligning sarcin-ricin_consensus and 4v4q_AA:641-643_594-599_638-640:
#  Alignment score:  3.3
#  P-value:  1.000e+00
#  Query aligned region: 
#  Target aligned region: 

	
	

#  Matched base-pairing interactions: 
#  Matched base-stacking interactions: 

>>>>>>>>>>   ALIGNMENT ENDS   >>>>>>>>>>

<<<<<<<<<<  ALIGNMENT BEGINS  <<<<<<<<<<

#  Aligning sarcin-ricin_consensus and 4v4q_AA:96-101_70-72_67-69:
#  Alignment score:  3.3
#  P-value:  1.000e+00
#  Query aligned region: 
#  Target aligned region: 

	
	

#  Matched base-pairing interactions: 
#  Matched base-stacking interactions: 

>>>>>>>>>>   ALIGNMENT ENDS   >>>>>>>>>>

<<<<<<<<<<  ALIGNMENT BEGINS  <<<<<<<<<<

#  Aligning sarcin-ricin_consensus and 4v4q_AA:196-197_170-175_145-149:
#  Alignment score:  3.3
#  P-value:  1.000e+00
#  Query aligned region: 
#  Target aligned region: 

	
	

#  Matched base-pairing interactions: 
#  Matched base-stacking interactions: 

>>>>>>>>>>   ALIGNMENT ENDS   >>>>>>>>>>

<<<<<<<<<<  ALIGNMENT BEGINS  <<<<<<<<<<

#  Aligning sarcin-ricin_consensus and 4v4q_AA:170-175_196-197_145-149:
#  Alignment score:  3.3
#  P-value:  1.000e+00
#  Query aligned region: 
#  Target aligned region: 

	
	

#  Matched base-pairing interactions: 
#  Matched base-stacking interactions: 

>>>>>>>>>>   ALIGNMENT ENDS   >>>>>>>>>>

<<<<<<<<<<  ALIGNMENT BEGINS  <<<<<<<<<<

#  Aligning sarcin-ricin_consensus and 4v4q_AA:823-828_868-876_856-858:
#  Alignment score:  3.2
#  P-value:  1.000e+00
#  Query aligned region: 0-0,8-8
#  Target aligned region: 5:'AA'829-5:'AA'829,15:'AA'857-15:'AA'857

	U...C
	G...C

#  Matched base-pairing interactions: 
	<U(0:)-C(8:) trans S/H>                        MATCHES	<G(5:'AA'829)-C(15:'AA'857) cis W/W>
#  Matched base-stacking interactions: 

>>>>>>>>>>   ALIGNMENT ENDS   >>>>>>>>>>

<<<<<<<<<<  ALIGNMENT BEGINS  <<<<<<<<<<

#  Aligning sarcin-ricin_consensus and 4v4q_AA:288-292_307-310_303-304:
#  Alignment score:  3.2
#  P-value:  1.000e+00
#  Query aligned region: 0-0,8-8
#  Target aligned region: 0:'AA'289-0:'AA'289,8:'AA'311-8:'AA'311

	U...C
	G...C

#  Matched base-pairing interactions: 
	<U(0:)-C(8:) trans S/H>                        MATCHES	<G(0:'AA'289)-C(8:'AA'311) cis W/W>
#  Matched base-stacking interactions: 

>>>>>>>>>>   ALIGNMENT ENDS   >>>>>>>>>>

<<<<<<<<<<  ALIGNMENT BEGINS  <<<<<<<<<<

#  Aligning sarcin-ricin_consensus and 4v4q_AA:97-102_63-70:
#  Alignment score:  3.2
#  P-value:  1.000e+00
#  Query aligned region: 
#  Target aligned region: 

	
	

#  Matched base-pairing interactions: 
#  Matched base-stacking interactions: 

>>>>>>>>>>   ALIGNMENT ENDS   >>>>>>>>>>

<<<<<<<<<<  ALIGNMENT BEGINS  <<<<<<<<<<

#  Aligning sarcin-ricin_consensus and 4v4q_AA:576-579_760-767_810-815:
#  Alignment score:  3.2
#  P-value:  1.000e+00
#  Query aligned region: 0-0,8-8
#  Target aligned region: 11:'AA'768-11:'AA'768,12:'AA'811-12:'AA'811

	U...C
	A...C

#  Matched base-pairing interactions: 
	<U(0:)-C(8:) trans S/H>                        MATCHES	<A(11:'AA'768)-C(12:'AA'811) cis W/W>
#  Matched base-stacking interactions: 

>>>>>>>>>>   ALIGNMENT ENDS   >>>>>>>>>>

<<<<<<<<<<  ALIGNMENT BEGINS  <<<<<<<<<<

#  Aligning sarcin-ricin_consensus and 4v4q_AA:760-767_576-579_810-815:
#  Alignment score:  3.2
#  P-value:  1.000e+00
#  Query aligned region: 0-0,8-8
#  Target aligned region: 0:'AA'761-0:'AA'761,11:'AA'580-11:'AA'580

	U...C
	G...C

#  Matched base-pairing interactions: 
	<U(0:)-C(8:) trans S/H>                        MATCHES	<G(0:'AA'761)-C(11:'AA'580) cis W/W>
#  Matched base-stacking interactions: 

>>>>>>>>>>   ALIGNMENT ENDS   >>>>>>>>>>

<<<<<<<<<<  ALIGNMENT BEGINS  <<<<<<<<<<

#  Aligning sarcin-ricin_consensus and 4v4q_AA:760-767_810-815_576-579:
#  Alignment score:  3.2
#  P-value:  1.000e+00
#  Query aligned region: 
#  Target aligned region: 

	
	

#  Matched base-pairing interactions: 
#  Matched base-stacking interactions: 

>>>>>>>>>>   ALIGNMENT ENDS   >>>>>>>>>>

<<<<<<<<<<  ALIGNMENT BEGINS  <<<<<<<<<<

#  Aligning sarcin-ricin_consensus and 4v4q_AA:1351-1353_1286-1291_1245-1250:
#  Alignment score:  3.2
#  P-value:  1.000e+00
#  Query aligned region: 
#  Target aligned region: 

	
	

#  Matched base-pairing interactions: 
#  Matched base-stacking interactions: 

>>>>>>>>>>   ALIGNMENT ENDS   >>>>>>>>>>

<<<<<<<<<<  ALIGNMENT BEGINS  <<<<<<<<<<

#  Aligning sarcin-ricin_consensus and 4v4q_AA:1286-1291_1351-1353_1245-1250:
#  Alignment score:  3.2
#  P-value:  1.000e+00
#  Query aligned region: 
#  Target aligned region: 

	
	

#  Matched base-pairing interactions: 
#  Matched base-stacking interactions: 

>>>>>>>>>>   ALIGNMENT ENDS   >>>>>>>>>>

<<<<<<<<<<  ALIGNMENT BEGINS  <<<<<<<<<<

#  Aligning sarcin-ricin_consensus and 4v4q_AA:1286-1291_1245-1250_1351-1353:
#  Alignment score:  3.2
#  P-value:  1.000e+00
#  Query aligned region: 
#  Target aligned region: 

	
	

#  Matched base-pairing interactions: 
#  Matched base-stacking interactions: 

>>>>>>>>>>   ALIGNMENT ENDS   >>>>>>>>>>

<<<<<<<<<<  ALIGNMENT BEGINS  <<<<<<<<<<

#  Aligning sarcin-ricin_consensus and 4v4q_AA:372-373_448-453_477-483:
#  Alignment score:  3.2
#  P-value:  1.000e+00
#  Query aligned region: 0-0,8-8
#  Target aligned region: 3:'AA'450-3:'AA'450,13:'AA'483-13:'AA'483

	U...C
	G...C

#  Matched base-pairing interactions: 
	<U(0:)-C(8:) trans S/H>                        MATCHES	<G(3:'AA'450)-C(13:'AA'483) cis W/W>
#  Matched base-stacking interactions: 

>>>>>>>>>>   ALIGNMENT ENDS   >>>>>>>>>>

<<<<<<<<<<  ALIGNMENT BEGINS  <<<<<<<<<<

#  Aligning sarcin-ricin_consensus and 4v4q_AA:403-407_493-497_434-440:
#  Alignment score:  3.2
#  P-value:  1.000e+00
#  Query aligned region: 
#  Target aligned region: 

	
	

#  Matched base-pairing interactions: 
#  Matched base-stacking interactions: 

>>>>>>>>>>   ALIGNMENT ENDS   >>>>>>>>>>

<<<<<<<<<<  ALIGNMENT BEGINS  <<<<<<<<<<

#  Aligning sarcin-ricin_consensus and 4v4q_AA:141-144_176-183_193-195:
#  Alignment score:  3.2
#  P-value:  1.000e+00
#  Query aligned region: 
#  Target aligned region: 

	
	

#  Matched base-pairing interactions: 
#  Matched base-stacking interactions: 

>>>>>>>>>>   ALIGNMENT ENDS   >>>>>>>>>>

<<<<<<<<<<  ALIGNMENT BEGINS  <<<<<<<<<<

#  Aligning sarcin-ricin_consensus and 4v4q_AA:141-145_175-180_193-195:
#  Alignment score:  3.2
#  P-value:  1.000e+00
#  Query aligned region: 
#  Target aligned region: 

	
	

#  Matched base-pairing interactions: 
#  Matched base-stacking interactions: 

>>>>>>>>>>   ALIGNMENT ENDS   >>>>>>>>>>

<<<<<<<<<<  ALIGNMENT BEGINS  <<<<<<<<<<

#  Aligning sarcin-ricin_consensus and 4v4q_AA:66-67_147-152_167-173:
#  Alignment score:  3.2
#  P-value:  1.000e+00
#  Query aligned region: 
#  Target aligned region: 

	
	

#  Matched base-pairing interactions: 
#  Matched base-stacking interactions: 

>>>>>>>>>>   ALIGNMENT ENDS   >>>>>>>>>>

<<<<<<<<<<  ALIGNMENT BEGINS  <<<<<<<<<<

#  Aligning sarcin-ricin_consensus and 4v4q_AA:147-152_66-67_167-173:
#  Alignment score:  3.2
#  P-value:  1.000e+00
#  Query aligned region: 0-0,8-8
#  Target aligned region: 4:'AA'152-4:'AA'152,9:'AA'169-9:'AA'169

	U...C
	A...C

#  Matched base-pairing interactions: 
	<U(0:)-C(8:) trans S/H>                        MATCHES	<A(4:'AA'152)-C(9:'AA'169) trans H/W>
#  Matched base-stacking interactions: 

>>>>>>>>>>   ALIGNMENT ENDS   >>>>>>>>>>

<<<<<<<<<<  ALIGNMENT BEGINS  <<<<<<<<<<

#  Aligning sarcin-ricin_consensus and 4v4q_AA:1445-1446_146-152_168-174:
#  Alignment score:  3.2
#  P-value:  1.000e+00
#  Query aligned region: 
#  Target aligned region: 

	
	

#  Matched base-pairing interactions: 
#  Matched base-stacking interactions: 

>>>>>>>>>>   ALIGNMENT ENDS   >>>>>>>>>>

<<<<<<<<<<  ALIGNMENT BEGINS  <<<<<<<<<<

#  Aligning sarcin-ricin_consensus and 4v4q_AA:1445-1446_168-175_145-150:
#  Alignment score:  3.2
#  P-value:  1.000e+00
#  Query aligned region: 
#  Target aligned region: 

	
	

#  Matched base-pairing interactions: 
#  Matched base-stacking interactions: 

>>>>>>>>>>   ALIGNMENT ENDS   >>>>>>>>>>

<<<<<<<<<<  ALIGNMENT BEGINS  <<<<<<<<<<

#  Aligning sarcin-ricin_consensus and 4v4q_AA:1445-1446_145-150_168-175:
#  Alignment score:  3.2
#  P-value:  1.000e+00
#  Query aligned region: 0-0,8-8
#  Target aligned region: 2:'AA'146-2:'AA'146,15:'AA'176-15:'AA'176

	U...C
	G...C

#  Matched base-pairing interactions: 
	<U(0:)-C(8:) trans S/H>                        MATCHES	<G(2:'AA'146)-C(15:'AA'176) cis W/W>
#  Matched base-stacking interactions: 

>>>>>>>>>>   ALIGNMENT ENDS   >>>>>>>>>>

<<<<<<<<<<  ALIGNMENT BEGINS  <<<<<<<<<<

#  Aligning sarcin-ricin_consensus and 4v4q_AA:168-175_1445-1446_145-150:
#  Alignment score:  3.2
#  P-value:  1.000e+00
#  Query aligned region: 
#  Target aligned region: 

	
	

#  Matched base-pairing interactions: 
#  Matched base-stacking interactions: 

>>>>>>>>>>   ALIGNMENT ENDS   >>>>>>>>>>

<<<<<<<<<<  ALIGNMENT BEGINS  <<<<<<<<<<

#  Aligning sarcin-ricin_consensus and 4v4q_AA:168-175_145-150_1445-1446:
#  Alignment score:  3.2
#  P-value:  1.000e+00
#  Query aligned region: 
#  Target aligned region: 

	
	

#  Matched base-pairing interactions: 
#  Matched base-stacking interactions: 

>>>>>>>>>>   ALIGNMENT ENDS   >>>>>>>>>>

<<<<<<<<<<  ALIGNMENT BEGINS  <<<<<<<<<<

#  Aligning sarcin-ricin_consensus and 4v4q_AA:1400-1404_1498-1500_1495-1497:
#  Alignment score:  3.2
#  P-value:  1.000e+00
#  Query aligned region: 
#  Target aligned region: 

	
	

#  Matched base-pairing interactions: 
#  Matched base-stacking interactions: 

>>>>>>>>>>   ALIGNMENT ENDS   >>>>>>>>>>

<<<<<<<<<<  ALIGNMENT BEGINS  <<<<<<<<<<

#  Aligning sarcin-ricin_consensus and 4v4q_AA:1493-1495_1490-1492_1404-1408:
#  Alignment score:  3.2
#  P-value:  1.000e+00
#  Query aligned region: 
#  Target aligned region: 

	
	

#  Matched base-pairing interactions: 
#  Matched base-stacking interactions: 

>>>>>>>>>>   ALIGNMENT ENDS   >>>>>>>>>>

<<<<<<<<<<  ALIGNMENT BEGINS  <<<<<<<<<<

#  Aligning sarcin-ricin_consensus and 4v4q_AA:1404-1408_1493-1495_1490-1492:
#  Alignment score:  3.2
#  P-value:  1.000e+00
#  Query aligned region: 
#  Target aligned region: 

	
	

#  Matched base-pairing interactions: 
#  Matched base-stacking interactions: 

>>>>>>>>>>   ALIGNMENT ENDS   >>>>>>>>>>

<<<<<<<<<<  ALIGNMENT BEGINS  <<<<<<<<<<

#  Aligning sarcin-ricin_consensus and 4v4q_AA:436-437_438-440_492-497:
#  Alignment score:  3.2
#  P-value:  1.000e+00
#  Query aligned region: 0-0,8-8
#  Target aligned region: 0:'AA'437-0:'AA'437,7:'AA'495-7:'AA'495

	U...C
	U...A

#  Matched base-pairing interactions: 
	<U(0:)-C(8:) trans S/H>                        MATCHES	<U(0:'AA'437)-A(7:'AA'495) trans W/H>
#  Matched base-stacking interactions: 

>>>>>>>>>>   ALIGNMENT ENDS   >>>>>>>>>>

<<<<<<<<<<  ALIGNMENT BEGINS  <<<<<<<<<<

#  Aligning sarcin-ricin_consensus and 4v4q_AA:447-452_478-486_370-373:
#  Alignment score:  3.2
#  P-value:  1.000e+00
#  Query aligned region: 
#  Target aligned region: 

	
	

#  Matched base-pairing interactions: 
#  Matched base-stacking interactions: 

>>>>>>>>>>   ALIGNMENT ENDS   >>>>>>>>>>

<<<<<<<<<<  ALIGNMENT BEGINS  <<<<<<<<<<

#  Aligning sarcin-ricin_consensus and 4v4q_AA:595-597_593-594_639-644:
#  Alignment score:  3.2
#  P-value:  1.000e+00
#  Query aligned region: 
#  Target aligned region: 

	
	

#  Matched base-pairing interactions: 
#  Matched base-stacking interactions: 

>>>>>>>>>>   ALIGNMENT ENDS   >>>>>>>>>>

<<<<<<<<<<  ALIGNMENT BEGINS  <<<<<<<<<<

#  Aligning sarcin-ricin_consensus and 4v4q_AA:145-149_196-197_170-175:
#  Alignment score:  3.2
#  P-value:  1.000e+00
#  Query aligned region: 0-0,8-8
#  Target aligned region: 4:'AA'150-4:'AA'150,7:'AA'171-7:'AA'171

	U...C
	U...A

#  Matched base-pairing interactions: 
	<U(0:)-C(8:) trans S/H>                        MATCHES	<U(4:'AA'150)-A(7:'AA'171) trans W/H>
#  Matched base-stacking interactions: 

>>>>>>>>>>   ALIGNMENT ENDS   >>>>>>>>>>

<<<<<<<<<<  ALIGNMENT BEGINS  <<<<<<<<<<

#  Aligning sarcin-ricin_consensus and 4v4q_AA:196-197_145-149_170-175:
#  Alignment score:  3.2
#  P-value:  1.000e+00
#  Query aligned region: 
#  Target aligned region: 

	
	

#  Matched base-pairing interactions: 
#  Matched base-stacking interactions: 

>>>>>>>>>>   ALIGNMENT ENDS   >>>>>>>>>>

<<<<<<<<<<  ALIGNMENT BEGINS  <<<<<<<<<<

#  Aligning sarcin-ricin_consensus and 4v4q_AA:93-99_68-73:
#  Alignment score:  3.2
#  P-value:  1.000e+00
#  Query aligned region: 
#  Target aligned region: 

	
	

#  Matched base-pairing interactions: 
#  Matched base-stacking interactions: 

>>>>>>>>>>   ALIGNMENT ENDS   >>>>>>>>>>

<<<<<<<<<<  ALIGNMENT BEGINS  <<<<<<<<<<

#  Aligning sarcin-ricin_consensus and 4v4q_AA:790-796_693-695_785-788:
#  Alignment score:  3.1
#  P-value:  1.000e+00
#  Query aligned region: 
#  Target aligned region: 

	
	

#  Matched base-pairing interactions: 
#  Matched base-stacking interactions: 

>>>>>>>>>>   ALIGNMENT ENDS   >>>>>>>>>>

<<<<<<<<<<  ALIGNMENT BEGINS  <<<<<<<<<<

#  Aligning sarcin-ricin_consensus and 4v4q_AA:1286-1291_1369-1370_1245-1249:
#  Alignment score:  3.1
#  P-value:  1.000e+00
#  Query aligned region: 
#  Target aligned region: 

	
	

#  Matched base-pairing interactions: 
#  Matched base-stacking interactions: 

>>>>>>>>>>   ALIGNMENT ENDS   >>>>>>>>>>

<<<<<<<<<<  ALIGNMENT BEGINS  <<<<<<<<<<

#  Aligning sarcin-ricin_consensus and 4v4q_AA:1245-1249_1286-1291_1369-1370:
#  Alignment score:  3.1
#  P-value:  1.000e+00
#  Query aligned region: 
#  Target aligned region: 

	
	

#  Matched base-pairing interactions: 
#  Matched base-stacking interactions: 

>>>>>>>>>>   ALIGNMENT ENDS   >>>>>>>>>>

<<<<<<<<<<  ALIGNMENT BEGINS  <<<<<<<<<<

#  Aligning sarcin-ricin_consensus and 4v4q_AA:1210-1214_989-997_1042-1045:
#  Alignment score:  3.1
#  P-value:  1.000e+00
#  Query aligned region: 
#  Target aligned region: 

	
	

#  Matched base-pairing interactions: 
#  Matched base-stacking interactions: 

>>>>>>>>>>   ALIGNMENT ENDS   >>>>>>>>>>

<<<<<<<<<<  ALIGNMENT BEGINS  <<<<<<<<<<

#  Aligning sarcin-ricin_consensus and 4v4q_AA:1493-1495_1404-1408_1490-1492:
#  Alignment score:  3.1
#  P-value:  1.000e+00
#  Query aligned region: 
#  Target aligned region: 

	
	

#  Matched base-pairing interactions: 
#  Matched base-stacking interactions: 

>>>>>>>>>>   ALIGNMENT ENDS   >>>>>>>>>>

<<<<<<<<<<  ALIGNMENT BEGINS  <<<<<<<<<<

#  Aligning sarcin-ricin_consensus and 4v4q_AA:447-452_370-373_478-486:
#  Alignment score:  3.1
#  P-value:  1.000e+00
#  Query aligned region: 
#  Target aligned region: 

	
	

#  Matched base-pairing interactions: 
#  Matched base-stacking interactions: 

>>>>>>>>>>   ALIGNMENT ENDS   >>>>>>>>>>

<<<<<<<<<<  ALIGNMENT BEGINS  <<<<<<<<<<

#  Aligning sarcin-ricin_consensus and 4v4q_AA:1156-1158_1173-1181_1159-1162:
#  Alignment score:  3.1
#  P-value:  1.000e+00
#  Query aligned region: 
#  Target aligned region: 

	
	

#  Matched base-pairing interactions: 
#  Matched base-stacking interactions: 

>>>>>>>>>>   ALIGNMENT ENDS   >>>>>>>>>>

<<<<<<<<<<  ALIGNMENT BEGINS  <<<<<<<<<<

#  Aligning sarcin-ricin_consensus and 4v4q_AA:1070-1076_1079-1085_1101-1103:
#  Alignment score:  3.1
#  P-value:  1.000e+00
#  Query aligned region: 
#  Target aligned region: 

	
	

#  Matched base-pairing interactions: 
#  Matched base-stacking interactions: 

>>>>>>>>>>   ALIGNMENT ENDS   >>>>>>>>>>

<<<<<<<<<<  ALIGNMENT BEGINS  <<<<<<<<<<

#  Aligning sarcin-ricin_consensus and 4v4q_AA:1212-1213_1214-1218_986-990:
#  Alignment score:  3.1
#  P-value:  1.000e+00
#  Query aligned region: 
#  Target aligned region: 

	
	

#  Matched base-pairing interactions: 
#  Matched base-stacking interactions: 

>>>>>>>>>>   ALIGNMENT ENDS   >>>>>>>>>>

<<<<<<<<<<  ALIGNMENT BEGINS  <<<<<<<<<<

#  Aligning sarcin-ricin_consensus and 4v4q_AA:693-695_790-796_785-788:
#  Alignment score:  3
#  P-value:  1.000e+00
#  Query aligned region: 
#  Target aligned region: 

	
	

#  Matched base-pairing interactions: 
#  Matched base-stacking interactions: 

>>>>>>>>>>   ALIGNMENT ENDS   >>>>>>>>>>

<<<<<<<<<<  ALIGNMENT BEGINS  <<<<<<<<<<

#  Aligning sarcin-ricin_consensus and 4v4q_AA:1178-1181_1173-1177_1155-1162:
#  Alignment score:  3
#  P-value:  1.000e+00
#  Query aligned region: 
#  Target aligned region: 

	
	

#  Matched base-pairing interactions: 
#  Matched base-stacking interactions: 

>>>>>>>>>>   ALIGNMENT ENDS   >>>>>>>>>>

<<<<<<<<<<  ALIGNMENT BEGINS  <<<<<<<<<<

#  Aligning sarcin-ricin_consensus and 4v4q_AA:989-997_1210-1214_1042-1045:
#  Alignment score:  3
#  P-value:  1.000e+00
#  Query aligned region: 
#  Target aligned region: 

	
	

#  Matched base-pairing interactions: 
#  Matched base-stacking interactions: 

>>>>>>>>>>   ALIGNMENT ENDS   >>>>>>>>>>

<<<<<<<<<<  ALIGNMENT BEGINS  <<<<<<<<<<

#  Aligning sarcin-ricin_consensus and 4v4q_AA:399-401_620-625_614-619:
#  Alignment score:  3
#  P-value:  1.000e+00
#  Query aligned region: 
#  Target aligned region: 

	
	

#  Matched base-pairing interactions: 
#  Matched base-stacking interactions: 

>>>>>>>>>>   ALIGNMENT ENDS   >>>>>>>>>>

<<<<<<<<<<  ALIGNMENT BEGINS  <<<<<<<<<<

#  Aligning sarcin-ricin_consensus and 4v4q_AA:1525-1528_811-814_815-819:
#  Alignment score:  3
#  P-value:  1.000e+00
#  Query aligned region: 0-0,8-8
#  Target aligned region: 10:'AA'818-12:'AA'820

	U...C
	G...U

#  Matched base-pairing interactions: 
	<U(0:)-C(8:) trans S/H>                        MATCHES	<G(10:'AA'818)-U(12:'AA'820) cis -/->
#  Matched base-stacking interactions: 

>>>>>>>>>>   ALIGNMENT ENDS   >>>>>>>>>>

<<<<<<<<<<  ALIGNMENT BEGINS  <<<<<<<<<<

#  Aligning sarcin-ricin_consensus and 4v4q_AA:130-132_133-135_226-231:
#  Alignment score:  3
#  P-value:  1.000e+00
#  Query aligned region: 
#  Target aligned region: 

	
	

#  Matched base-pairing interactions: 
#  Matched base-stacking interactions: 

>>>>>>>>>>   ALIGNMENT ENDS   >>>>>>>>>>

<<<<<<<<<<  ALIGNMENT BEGINS  <<<<<<<<<<

#  Aligning sarcin-ricin_consensus and 4v4q_AA:226-231_133-135_130-132:
#  Alignment score:  3
#  P-value:  1.000e+00
#  Query aligned region: 
#  Target aligned region: 

	
	

#  Matched base-pairing interactions: 
#  Matched base-stacking interactions: 

>>>>>>>>>>   ALIGNMENT ENDS   >>>>>>>>>>

<<<<<<<<<<  ALIGNMENT BEGINS  <<<<<<<<<<

#  Aligning sarcin-ricin_consensus and 4v4q_AA:170-175_145-149_196-197:
#  Alignment score:  3
#  P-value:  1.000e+00
#  Query aligned region: 
#  Target aligned region: 

	
	

#  Matched base-pairing interactions: 
#  Matched base-stacking interactions: 

>>>>>>>>>>   ALIGNMENT ENDS   >>>>>>>>>>

<<<<<<<<<<  ALIGNMENT BEGINS  <<<<<<<<<<

#  Aligning sarcin-ricin_consensus and 4v4q_AA:1212-1214_1042-1046_989-994:
#  Alignment score:  2.9
#  P-value:  1.000e+00
#  Query aligned region: 
#  Target aligned region: 

	
	

#  Matched base-pairing interactions: 
#  Matched base-stacking interactions: 

>>>>>>>>>>   ALIGNMENT ENDS   >>>>>>>>>>

<<<<<<<<<<  ALIGNMENT BEGINS  <<<<<<<<<<

#  Aligning sarcin-ricin_consensus and 4v4q_AA:1369-1370_1286-1291_1245-1249:
#  Alignment score:  2.9
#  P-value:  1.000e+00
#  Query aligned region: 
#  Target aligned region: 

	
	

#  Matched base-pairing interactions: 
#  Matched base-stacking interactions: 

>>>>>>>>>>   ALIGNMENT ENDS   >>>>>>>>>>

<<<<<<<<<<  ALIGNMENT BEGINS  <<<<<<<<<<

#  Aligning sarcin-ricin_consensus and 4v4q_AA:1286-1291_1245-1249_1369-1370:
#  Alignment score:  2.9
#  P-value:  1.000e+00
#  Query aligned region: 
#  Target aligned region: 

	
	

#  Matched base-pairing interactions: 
#  Matched base-stacking interactions: 

>>>>>>>>>>   ALIGNMENT ENDS   >>>>>>>>>>

<<<<<<<<<<  ALIGNMENT BEGINS  <<<<<<<<<<

#  Aligning sarcin-ricin_consensus and 4v4q_AA:1173-1177_1178-1181_1155-1162:
#  Alignment score:  2.9
#  P-value:  1.000e+00
#  Query aligned region: 
#  Target aligned region: 

	
	

#  Matched base-pairing interactions: 
#  Matched base-stacking interactions: 

>>>>>>>>>>   ALIGNMENT ENDS   >>>>>>>>>>

<<<<<<<<<<  ALIGNMENT BEGINS  <<<<<<<<<<

#  Aligning sarcin-ricin_consensus and 4v4q_AA:1173-1177_1155-1162_1178-1181:
#  Alignment score:  2.9
#  P-value:  1.000e+00
#  Query aligned region: 
#  Target aligned region: 

	
	

#  Matched base-pairing interactions: 
#  Matched base-stacking interactions: 

>>>>>>>>>>   ALIGNMENT ENDS   >>>>>>>>>>

<<<<<<<<<<  ALIGNMENT BEGINS  <<<<<<<<<<

#  Aligning sarcin-ricin_consensus and 4v4q_AA:1103-1108_1066-1071_1088-1095:
#  Alignment score:  2.9
#  P-value:  1.000e+00
#  Query aligned region: 
#  Target aligned region: 

	
	

#  Matched base-pairing interactions: 
#  Matched base-stacking interactions: 

>>>>>>>>>>   ALIGNMENT ENDS   >>>>>>>>>>

<<<<<<<<<<  ALIGNMENT BEGINS  <<<<<<<<<<

#  Aligning sarcin-ricin_consensus and 4v4q_AA:477-483_448-453_372-373:
#  Alignment score:  2.9
#  P-value:  1.000e+00
#  Query aligned region: 
#  Target aligned region: 

	
	

#  Matched base-pairing interactions: 
#  Matched base-stacking interactions: 

>>>>>>>>>>   ALIGNMENT ENDS   >>>>>>>>>>

<<<<<<<<<<  ALIGNMENT BEGINS  <<<<<<<<<<

#  Aligning sarcin-ricin_consensus and 4v4q_AA:477-483_372-373_448-453:
#  Alignment score:  2.9
#  P-value:  1.000e+00
#  Query aligned region: 
#  Target aligned region: 

	
	

#  Matched base-pairing interactions: 
#  Matched base-stacking interactions: 

>>>>>>>>>>   ALIGNMENT ENDS   >>>>>>>>>>

<<<<<<<<<<  ALIGNMENT BEGINS  <<<<<<<<<<

#  Aligning sarcin-ricin_consensus and 4v4q_AA:448-453_477-483_372-373:
#  Alignment score:  2.9
#  P-value:  1.000e+00
#  Query aligned region: 
#  Target aligned region: 

	
	

#  Matched base-pairing interactions: 
#  Matched base-stacking interactions: 

>>>>>>>>>>   ALIGNMENT ENDS   >>>>>>>>>>

<<<<<<<<<<  ALIGNMENT BEGINS  <<<<<<<<<<

#  Aligning sarcin-ricin_consensus and 4v4q_AA:448-453_372-373_477-483:
#  Alignment score:  2.9
#  P-value:  1.000e+00
#  Query aligned region: 
#  Target aligned region: 

	
	

#  Matched base-pairing interactions: 
#  Matched base-stacking interactions: 

>>>>>>>>>>   ALIGNMENT ENDS   >>>>>>>>>>

<<<<<<<<<<  ALIGNMENT BEGINS  <<<<<<<<<<

#  Aligning sarcin-ricin_consensus and 4v4q_AA:493-497_403-407_434-440:
#  Alignment score:  2.9
#  P-value:  1.000e+00
#  Query aligned region: 
#  Target aligned region: 

	
	

#  Matched base-pairing interactions: 
#  Matched base-stacking interactions: 

>>>>>>>>>>   ALIGNMENT ENDS   >>>>>>>>>>

<<<<<<<<<<  ALIGNMENT BEGINS  <<<<<<<<<<

#  Aligning sarcin-ricin_consensus and 4v4q_AA:141-144_193-195_176-183:
#  Alignment score:  2.9
#  P-value:  1.000e+00
#  Query aligned region: 
#  Target aligned region: 

	
	

#  Matched base-pairing interactions: 
#  Matched base-stacking interactions: 

>>>>>>>>>>   ALIGNMENT ENDS   >>>>>>>>>>

<<<<<<<<<<  ALIGNMENT BEGINS  <<<<<<<<<<

#  Aligning sarcin-ricin_consensus and 4v4q_AA:176-183_141-144_193-195:
#  Alignment score:  2.9
#  P-value:  1.000e+00
#  Query aligned region: 
#  Target aligned region: 

	
	

#  Matched base-pairing interactions: 
#  Matched base-stacking interactions: 

>>>>>>>>>>   ALIGNMENT ENDS   >>>>>>>>>>

<<<<<<<<<<  ALIGNMENT BEGINS  <<<<<<<<<<

#  Aligning sarcin-ricin_consensus and 4v4q_AA:141-145_193-195_175-180:
#  Alignment score:  2.9
#  P-value:  1.000e+00
#  Query aligned region: 
#  Target aligned region: 

	
	

#  Matched base-pairing interactions: 
#  Matched base-stacking interactions: 

>>>>>>>>>>   ALIGNMENT ENDS   >>>>>>>>>>

<<<<<<<<<<  ALIGNMENT BEGINS  <<<<<<<<<<

#  Aligning sarcin-ricin_consensus and 4v4q_AA:175-180_141-145_193-195:
#  Alignment score:  2.9
#  P-value:  1.000e+00
#  Query aligned region: 
#  Target aligned region: 

	
	

#  Matched base-pairing interactions: 
#  Matched base-stacking interactions: 

>>>>>>>>>>   ALIGNMENT ENDS   >>>>>>>>>>

<<<<<<<<<<  ALIGNMENT BEGINS  <<<<<<<<<<

#  Aligning sarcin-ricin_consensus and 4v4q_AA:815-819_811-814_1525-1528:
#  Alignment score:  2.9
#  P-value:  1.000e+00
#  Query aligned region: 
#  Target aligned region: 

	
	

#  Matched base-pairing interactions: 
#  Matched base-stacking interactions: 

>>>>>>>>>>   ALIGNMENT ENDS   >>>>>>>>>>

<<<<<<<<<<  ALIGNMENT BEGINS  <<<<<<<<<<

#  Aligning sarcin-ricin_consensus and 4v4q_AA:641-643_638-640_594-599:
#  Alignment score:  2.9
#  P-value:  1.000e+00
#  Query aligned region: 
#  Target aligned region: 

	
	

#  Matched base-pairing interactions: 
#  Matched base-stacking interactions: 

>>>>>>>>>>   ALIGNMENT ENDS   >>>>>>>>>>

<<<<<<<<<<  ALIGNMENT BEGINS  <<<<<<<<<<

#  Aligning sarcin-ricin_consensus and 4v4q_AA:567-571_879-882_572-575:
#  Alignment score:  2.9
#  P-value:  1.000e+00
#  Query aligned region: 
#  Target aligned region: 

	
	

#  Matched base-pairing interactions: 
#  Matched base-stacking interactions: 

>>>>>>>>>>   ALIGNMENT ENDS   >>>>>>>>>>

<<<<<<<<<<  ALIGNMENT BEGINS  <<<<<<<<<<

#  Aligning sarcin-ricin_consensus and 4v4q_AA:133-135_226-231_130-132:
#  Alignment score:  2.9
#  P-value:  1.000e+00
#  Query aligned region: 
#  Target aligned region: 

	
	

#  Matched base-pairing interactions: 
#  Matched base-stacking interactions: 

>>>>>>>>>>   ALIGNMENT ENDS   >>>>>>>>>>

<<<<<<<<<<  ALIGNMENT BEGINS  <<<<<<<<<<

#  Aligning sarcin-ricin_consensus and 4v4q_AA:117-120_234-239:
#  Alignment score:  2.9
#  P-value:  1.000e+00
#  Query aligned region: 
#  Target aligned region: 

	
	

#  Matched base-pairing interactions: 
#  Matched base-stacking interactions: 

>>>>>>>>>>   ALIGNMENT ENDS   >>>>>>>>>>

<<<<<<<<<<  ALIGNMENT BEGINS  <<<<<<<<<<

#  Aligning sarcin-ricin_consensus and 4v4q_AA:341-343_344-346_159-160:
#  Alignment score:  2.9
#  P-value:  1.000e+00
#  Query aligned region: 
#  Target aligned region: 

	
	

#  Matched base-pairing interactions: 
#  Matched base-stacking interactions: 

>>>>>>>>>>   ALIGNMENT ENDS   >>>>>>>>>>

<<<<<<<<<<  ALIGNMENT BEGINS  <<<<<<<<<<

#  Aligning sarcin-ricin_consensus and 4v4q_AA:311-314_115-119_112-114:
#  Alignment score:  2.9
#  P-value:  1.000e+00
#  Query aligned region: 
#  Target aligned region: 

	
	

#  Matched base-pairing interactions: 
#  Matched base-stacking interactions: 

>>>>>>>>>>   ALIGNMENT ENDS   >>>>>>>>>>

<<<<<<<<<<  ALIGNMENT BEGINS  <<<<<<<<<<

#  Aligning sarcin-ricin_consensus and 4v4q_AA:1070-1073_1098-1103_1082-1086:
#  Alignment score:  2.9
#  P-value:  1.000e+00
#  Query aligned region: 
#  Target aligned region: 

	
	

#  Matched base-pairing interactions: 
#  Matched base-stacking interactions: 

>>>>>>>>>>   ALIGNMENT ENDS   >>>>>>>>>>

<<<<<<<<<<  ALIGNMENT BEGINS  <<<<<<<<<<

#  Aligning sarcin-ricin_consensus and 4v4q_AA:1042-1046_1212-1214_989-994:
#  Alignment score:  2.8
#  P-value:  1.000e+00
#  Query aligned region: 
#  Target aligned region: 

	
	

#  Matched base-pairing interactions: 
#  Matched base-stacking interactions: 

>>>>>>>>>>   ALIGNMENT ENDS   >>>>>>>>>>

<<<<<<<<<<  ALIGNMENT BEGINS  <<<<<<<<<<

#  Aligning sarcin-ricin_consensus and 4v4q_AA:1042-1046_989-994_1212-1214:
#  Alignment score:  2.8
#  P-value:  1.000e+00
#  Query aligned region: 
#  Target aligned region: 

	
	

#  Matched base-pairing interactions: 
#  Matched base-stacking interactions: 

>>>>>>>>>>   ALIGNMENT ENDS   >>>>>>>>>>

<<<<<<<<<<  ALIGNMENT BEGINS  <<<<<<<<<<

#  Aligning sarcin-ricin_consensus and 4v4q_AA:1042-1045_989-997_1210-1214:
#  Alignment score:  2.8
#  P-value:  1.000e+00
#  Query aligned region: 
#  Target aligned region: 

	
	

#  Matched base-pairing interactions: 
#  Matched base-stacking interactions: 

>>>>>>>>>>   ALIGNMENT ENDS   >>>>>>>>>>

<<<<<<<<<<  ALIGNMENT BEGINS  <<<<<<<<<<

#  Aligning sarcin-ricin_consensus and 4v4q_AA:372-373_477-483_448-453:
#  Alignment score:  2.8
#  P-value:  1.000e+00
#  Query aligned region: 
#  Target aligned region: 

	
	

#  Matched base-pairing interactions: 
#  Matched base-stacking interactions: 

>>>>>>>>>>   ALIGNMENT ENDS   >>>>>>>>>>

<<<<<<<<<<  ALIGNMENT BEGINS  <<<<<<<<<<

#  Aligning sarcin-ricin_consensus and 4v4q_AA:176-183_193-195_141-144:
#  Alignment score:  2.8
#  P-value:  1.000e+00
#  Query aligned region: 0-0,8-8
#  Target aligned region: 0:'AA'177-0:'AA'177,14:'AA'145-14:'AA'145

	U...C
	G...G

#  Matched base-pairing interactions: 
	<U(0:)-C(8:) trans S/H>                        MATCHES	<G(0:'AA'177)-G(14:'AA'145) cis H/W>
#  Matched base-stacking interactions: 

>>>>>>>>>>   ALIGNMENT ENDS   >>>>>>>>>>

<<<<<<<<<<  ALIGNMENT BEGINS  <<<<<<<<<<

#  Aligning sarcin-ricin_consensus and 4v4q_AA:920-924_1391-1395:
#  Alignment score:  2.8
#  P-value:  1.000e+00
#  Query aligned region: 0-0,8-8
#  Target aligned region: 2:'AA'923-2:'AA'923,6:'AA'1393-6:'AA'1393

	U...C
	A...U

#  Matched base-pairing interactions: 
	<U(0:)-C(8:) trans S/H>                        MATCHES	<A(2:'AA'923)-U(6:'AA'1393) cis W/W>
#  Matched base-stacking interactions: 

>>>>>>>>>>   ALIGNMENT ENDS   >>>>>>>>>>

<<<<<<<<<<  ALIGNMENT BEGINS  <<<<<<<<<<

#  Aligning sarcin-ricin_consensus and 4v4q_AA:572-575_567-571_879-882:
#  Alignment score:  2.8
#  P-value:  1.000e+00
#  Query aligned region: 
#  Target aligned region: 

	
	

#  Matched base-pairing interactions: 
#  Matched base-stacking interactions: 

>>>>>>>>>>   ALIGNMENT ENDS   >>>>>>>>>>

<<<<<<<<<<  ALIGNMENT BEGINS  <<<<<<<<<<

#  Aligning sarcin-ricin_consensus and 4v4q_AA:1101-1103_1079-1085_1070-1076:
#  Alignment score:  2.8
#  P-value:  1.000e+00
#  Query aligned region: 
#  Target aligned region: 

	
	

#  Matched base-pairing interactions: 
#  Matched base-stacking interactions: 

>>>>>>>>>>   ALIGNMENT ENDS   >>>>>>>>>>

<<<<<<<<<<  ALIGNMENT BEGINS  <<<<<<<<<<

#  Aligning sarcin-ricin_consensus and 4v4q_AA:70-72_96-101_67-69:
#  Alignment score:  2.8
#  P-value:  1.000e+00
#  Query aligned region: 
#  Target aligned region: 

	
	

#  Matched base-pairing interactions: 
#  Matched base-stacking interactions: 

>>>>>>>>>>   ALIGNMENT ENDS   >>>>>>>>>>

<<<<<<<<<<  ALIGNMENT BEGINS  <<<<<<<<<<

#  Aligning sarcin-ricin_consensus and 4v4q_AA:948-953_969-970_1225-1232:
#  Alignment score:  2.8
#  P-value:  1.000e+00
#  Query aligned region: 
#  Target aligned region: 

	
	

#  Matched base-pairing interactions: 
#  Matched base-stacking interactions: 

>>>>>>>>>>   ALIGNMENT ENDS   >>>>>>>>>>

<<<<<<<<<<  ALIGNMENT BEGINS  <<<<<<<<<<

#  Aligning sarcin-ricin_consensus and 4v4q_AA:703-709_680-685:
#  Alignment score:  2.7
#  P-value:  1.000e+00
#  Query aligned region: 
#  Target aligned region: 

	
	

#  Matched base-pairing interactions: 
#  Matched base-stacking interactions: 

>>>>>>>>>>   ALIGNMENT ENDS   >>>>>>>>>>

<<<<<<<<<<  ALIGNMENT BEGINS  <<<<<<<<<<

#  Aligning sarcin-ricin_consensus and 4v4q_AA:989-994_1212-1214_1042-1046:
#  Alignment score:  2.7
#  P-value:  1.000e+00
#  Query aligned region: 
#  Target aligned region: 

	
	

#  Matched base-pairing interactions: 
#  Matched base-stacking interactions: 

>>>>>>>>>>   ALIGNMENT ENDS   >>>>>>>>>>

<<<<<<<<<<  ALIGNMENT BEGINS  <<<<<<<<<<

#  Aligning sarcin-ricin_consensus and 4v4q_AA:1359-1360_1317-1322_1313-1315:
#  Alignment score:  2.7
#  P-value:  1.000e+00
#  Query aligned region: 
#  Target aligned region: 

	
	

#  Matched base-pairing interactions: 
#  Matched base-stacking interactions: 

>>>>>>>>>>   ALIGNMENT ENDS   >>>>>>>>>>

<<<<<<<<<<  ALIGNMENT BEGINS  <<<<<<<<<<

#  Aligning sarcin-ricin_consensus and 4v4q_AA:620-625_614-619_399-401:
#  Alignment score:  2.7
#  P-value:  1.000e+00
#  Query aligned region: 
#  Target aligned region: 

	
	

#  Matched base-pairing interactions: 
#  Matched base-stacking interactions: 

>>>>>>>>>>   ALIGNMENT ENDS   >>>>>>>>>>

<<<<<<<<<<  ALIGNMENT BEGINS  <<<<<<<<<<

#  Aligning sarcin-ricin_consensus and 4v4q_AA:620-625_399-401_614-619:
#  Alignment score:  2.7
#  P-value:  1.000e+00
#  Query aligned region: 
#  Target aligned region: 

	
	

#  Matched base-pairing interactions: 
#  Matched base-stacking interactions: 

>>>>>>>>>>   ALIGNMENT ENDS   >>>>>>>>>>

<<<<<<<<<<  ALIGNMENT BEGINS  <<<<<<<<<<

#  Aligning sarcin-ricin_consensus and 4v4q_AA:1498-1500_1495-1497_1400-1404:
#  Alignment score:  2.7
#  P-value:  1.000e+00
#  Query aligned region: 
#  Target aligned region: 

	
	

#  Matched base-pairing interactions: 
#  Matched base-stacking interactions: 

>>>>>>>>>>   ALIGNMENT ENDS   >>>>>>>>>>

<<<<<<<<<<  ALIGNMENT BEGINS  <<<<<<<<<<

#  Aligning sarcin-ricin_consensus and 4v4q_AA:974-977_1361-1363_1364-1365:
#  Alignment score:  2.7
#  P-value:  1.000e+00
#  Query aligned region: 
#  Target aligned region: 

	
	

#  Matched base-pairing interactions: 
#  Matched base-stacking interactions: 

>>>>>>>>>>   ALIGNMENT ENDS   >>>>>>>>>>

<<<<<<<<<<  ALIGNMENT BEGINS  <<<<<<<<<<

#  Aligning sarcin-ricin_consensus and 4v4q_AA:1361-1363_974-977_1364-1365:
#  Alignment score:  2.7
#  P-value:  1.000e+00
#  Query aligned region: 
#  Target aligned region: 

	
	

#  Matched base-pairing interactions: 
#  Matched base-stacking interactions: 

>>>>>>>>>>   ALIGNMENT ENDS   >>>>>>>>>>

<<<<<<<<<<  ALIGNMENT BEGINS  <<<<<<<<<<

#  Aligning sarcin-ricin_consensus and 4v4q_AA:133-135_130-132_226-231:
#  Alignment score:  2.7
#  P-value:  1.000e+00
#  Query aligned region: 
#  Target aligned region: 

	
	

#  Matched base-pairing interactions: 
#  Matched base-stacking interactions: 

>>>>>>>>>>   ALIGNMENT ENDS   >>>>>>>>>>

<<<<<<<<<<  ALIGNMENT BEGINS  <<<<<<<<<<

#  Aligning sarcin-ricin_consensus and 4v4q_AA:130-132_226-231_133-135:
#  Alignment score:  2.7
#  P-value:  1.000e+00
#  Query aligned region: 
#  Target aligned region: 

	
	

#  Matched base-pairing interactions: 
#  Matched base-stacking interactions: 

>>>>>>>>>>   ALIGNMENT ENDS   >>>>>>>>>>

<<<<<<<<<<  ALIGNMENT BEGINS  <<<<<<<<<<

#  Aligning sarcin-ricin_consensus and 4v4q_AA:226-231_130-132_133-135:
#  Alignment score:  2.7
#  P-value:  1.000e+00
#  Query aligned region: 
#  Target aligned region: 

	
	

#  Matched base-pairing interactions: 
#  Matched base-stacking interactions: 

>>>>>>>>>>   ALIGNMENT ENDS   >>>>>>>>>>

<<<<<<<<<<  ALIGNMENT BEGINS  <<<<<<<<<<

#  Aligning sarcin-ricin_consensus and 4v4q_AA:1173-1181_1156-1158_1159-1162:
#  Alignment score:  2.7
#  P-value:  1.000e+00
#  Query aligned region: 
#  Target aligned region: 

	
	

#  Matched base-pairing interactions: 
#  Matched base-stacking interactions: 

>>>>>>>>>>   ALIGNMENT ENDS   >>>>>>>>>>

<<<<<<<<<<  ALIGNMENT BEGINS  <<<<<<<<<<

#  Aligning sarcin-ricin_consensus and 4v4q_AA:493-497_434-440_403-407:
#  Alignment score:  2.6
#  P-value:  1.000e+00
#  Query aligned region: 
#  Target aligned region: 

	
	

#  Matched base-pairing interactions: 
#  Matched base-stacking interactions: 

>>>>>>>>>>   ALIGNMENT ENDS   >>>>>>>>>>

<<<<<<<<<<  ALIGNMENT BEGINS  <<<<<<<<<<

#  Aligning sarcin-ricin_consensus and 4v4q_AA:434-440_403-407_493-497:
#  Alignment score:  2.6
#  P-value:  1.000e+00
#  Query aligned region: 
#  Target aligned region: 

	
	

#  Matched base-pairing interactions: 
#  Matched base-stacking interactions: 

>>>>>>>>>>   ALIGNMENT ENDS   >>>>>>>>>>

<<<<<<<<<<  ALIGNMENT BEGINS  <<<<<<<<<<

#  Aligning sarcin-ricin_consensus and 4v4q_AA:344-346_341-343_159-160:
#  Alignment score:  2.6
#  P-value:  1.000e+00
#  Query aligned region: 
#  Target aligned region: 

	
	

#  Matched base-pairing interactions: 
#  Matched base-stacking interactions: 

>>>>>>>>>>   ALIGNMENT ENDS   >>>>>>>>>>

<<<<<<<<<<  ALIGNMENT BEGINS  <<<<<<<<<<

#  Aligning sarcin-ricin_consensus and 4v4q_AA:344-346_159-160_341-343:
#  Alignment score:  2.6
#  P-value:  1.000e+00
#  Query aligned region: 
#  Target aligned region: 

	
	

#  Matched base-pairing interactions: 
#  Matched base-stacking interactions: 

>>>>>>>>>>   ALIGNMENT ENDS   >>>>>>>>>>

<<<<<<<<<<  ALIGNMENT BEGINS  <<<<<<<<<<

#  Aligning sarcin-ricin_consensus and 4v4q_AA:341-343_159-160_344-346:
#  Alignment score:  2.6
#  P-value:  1.000e+00
#  Query aligned region: 
#  Target aligned region: 

	
	

#  Matched base-pairing interactions: 
#  Matched base-stacking interactions: 

>>>>>>>>>>   ALIGNMENT ENDS   >>>>>>>>>>

<<<<<<<<<<  ALIGNMENT BEGINS  <<<<<<<<<<

#  Aligning sarcin-ricin_consensus and 4v4q_AA:969-970_948-953_1225-1232:
#  Alignment score:  2.6
#  P-value:  1.000e+00
#  Query aligned region: 
#  Target aligned region: 

	
	

#  Matched base-pairing interactions: 
#  Matched base-stacking interactions: 

>>>>>>>>>>   ALIGNMENT ENDS   >>>>>>>>>>

<<<<<<<<<<  ALIGNMENT BEGINS  <<<<<<<<<<

#  Aligning sarcin-ricin_consensus and 4v4q_AA:948-953_1225-1232_969-970:
#  Alignment score:  2.6
#  P-value:  1.000e+00
#  Query aligned region: 
#  Target aligned region: 

	
	

#  Matched base-pairing interactions: 
#  Matched base-stacking interactions: 

>>>>>>>>>>   ALIGNMENT ENDS   >>>>>>>>>>

<<<<<<<<<<  ALIGNMENT BEGINS  <<<<<<<<<<

#  Aligning sarcin-ricin_consensus and 4v4q_AA:1212-1214_989-994_1042-1046:
#  Alignment score:  2.5
#  P-value:  1.000e+00
#  Query aligned region: 
#  Target aligned region: 

	
	

#  Matched base-pairing interactions: 
#  Matched base-stacking interactions: 

>>>>>>>>>>   ALIGNMENT ENDS   >>>>>>>>>>

<<<<<<<<<<  ALIGNMENT BEGINS  <<<<<<<<<<

#  Aligning sarcin-ricin_consensus and 4v4q_AA:989-994_1042-1046_1212-1214:
#  Alignment score:  2.5
#  P-value:  1.000e+00
#  Query aligned region: 
#  Target aligned region: 

	
	

#  Matched base-pairing interactions: 
#  Matched base-stacking interactions: 

>>>>>>>>>>   ALIGNMENT ENDS   >>>>>>>>>>

<<<<<<<<<<  ALIGNMENT BEGINS  <<<<<<<<<<

#  Aligning sarcin-ricin_consensus and 4v4q_AA:1317-1322_1359-1360_1313-1315:
#  Alignment score:  2.5
#  P-value:  1.000e+00
#  Query aligned region: 
#  Target aligned region: 

	
	

#  Matched base-pairing interactions: 
#  Matched base-stacking interactions: 

>>>>>>>>>>   ALIGNMENT ENDS   >>>>>>>>>>

<<<<<<<<<<  ALIGNMENT BEGINS  <<<<<<<<<<

#  Aligning sarcin-ricin_consensus and 4v4q_AA:989-997_1042-1045_1210-1214:
#  Alignment score:  2.5
#  P-value:  1.000e+00
#  Query aligned region: 
#  Target aligned region: 

	
	

#  Matched base-pairing interactions: 
#  Matched base-stacking interactions: 

>>>>>>>>>>   ALIGNMENT ENDS   >>>>>>>>>>

<<<<<<<<<<  ALIGNMENT BEGINS  <<<<<<<<<<

#  Aligning sarcin-ricin_consensus and 4v4q_AA:193-195_141-144_176-183:
#  Alignment score:  2.5
#  P-value:  1.000e+00
#  Query aligned region: 
#  Target aligned region: 

	
	

#  Matched base-pairing interactions: 
#  Matched base-stacking interactions: 

>>>>>>>>>>   ALIGNMENT ENDS   >>>>>>>>>>

<<<<<<<<<<  ALIGNMENT BEGINS  <<<<<<<<<<

#  Aligning sarcin-ricin_consensus and 4v4q_AA:193-195_141-145_175-180:
#  Alignment score:  2.5
#  P-value:  1.000e+00
#  Query aligned region: 
#  Target aligned region: 

	
	

#  Matched base-pairing interactions: 
#  Matched base-stacking interactions: 

>>>>>>>>>>   ALIGNMENT ENDS   >>>>>>>>>>

<<<<<<<<<<  ALIGNMENT BEGINS  <<<<<<<<<<

#  Aligning sarcin-ricin_consensus and 4v4q_AA:193-195_175-180_141-145:
#  Alignment score:  2.5
#  P-value:  1.000e+00
#  Query aligned region: 
#  Target aligned region: 

	
	

#  Matched base-pairing interactions: 
#  Matched base-stacking interactions: 

>>>>>>>>>>   ALIGNMENT ENDS   >>>>>>>>>>

<<<<<<<<<<  ALIGNMENT BEGINS  <<<<<<<<<<

#  Aligning sarcin-ricin_consensus and 4v4q_AA:1173-1181_1159-1162_1156-1158:
#  Alignment score:  2.5
#  P-value:  1.000e+00
#  Query aligned region: 
#  Target aligned region: 

	
	

#  Matched base-pairing interactions: 
#  Matched base-stacking interactions: 

>>>>>>>>>>   ALIGNMENT ENDS   >>>>>>>>>>

<<<<<<<<<<  ALIGNMENT BEGINS  <<<<<<<<<<

#  Aligning sarcin-ricin_consensus and 4v4q_AA:1279-1280_1123-1125_1148-1149:
#  Alignment score:  2.5
#  P-value:  1.000e+00
#  Query aligned region: 
#  Target aligned region: 

	
	

#  Matched base-pairing interactions: 
#  Matched base-stacking interactions: 

>>>>>>>>>>   ALIGNMENT ENDS   >>>>>>>>>>

<<<<<<<<<<  ALIGNMENT BEGINS  <<<<<<<<<<

#  Aligning sarcin-ricin_consensus and 4v4q_AA:1225-1232_969-970_948-953:
#  Alignment score:  2.5
#  P-value:  1.000e+00
#  Query aligned region: 
#  Target aligned region: 

	
	

#  Matched base-pairing interactions: 
#  Matched base-stacking interactions: 

>>>>>>>>>>   ALIGNMENT ENDS   >>>>>>>>>>

<<<<<<<<<<  ALIGNMENT BEGINS  <<<<<<<<<<

#  Aligning sarcin-ricin_consensus and 4v4q_AA:1225-1232_948-953_969-970:
#  Alignment score:  2.5
#  P-value:  1.000e+00
#  Query aligned region: 
#  Target aligned region: 

	
	

#  Matched base-pairing interactions: 
#  Matched base-stacking interactions: 

>>>>>>>>>>   ALIGNMENT ENDS   >>>>>>>>>>

<<<<<<<<<<  ALIGNMENT BEGINS  <<<<<<<<<<

#  Aligning sarcin-ricin_consensus and 4v4q_AA:1317-1322_1313-1315_1359-1360:
#  Alignment score:  2.4
#  P-value:  1.000e+00
#  Query aligned region: 
#  Target aligned region: 

	
	

#  Matched base-pairing interactions: 
#  Matched base-stacking interactions: 

>>>>>>>>>>   ALIGNMENT ENDS   >>>>>>>>>>

<<<<<<<<<<  ALIGNMENT BEGINS  <<<<<<<<<<

#  Aligning sarcin-ricin_consensus and 4v4q_AA:193-195_176-183_141-144:
#  Alignment score:  2.4
#  P-value:  1.000e+00
#  Query aligned region: 
#  Target aligned region: 

	
	

#  Matched base-pairing interactions: 
#  Matched base-stacking interactions: 

>>>>>>>>>>   ALIGNMENT ENDS   >>>>>>>>>>

<<<<<<<<<<  ALIGNMENT BEGINS  <<<<<<<<<<

#  Aligning sarcin-ricin_consensus and 4v4q_AA:1498-1500_1400-1404_1495-1497:
#  Alignment score:  2.4
#  P-value:  1.000e+00
#  Query aligned region: 
#  Target aligned region: 

	
	

#  Matched base-pairing interactions: 
#  Matched base-stacking interactions: 

>>>>>>>>>>   ALIGNMENT ENDS   >>>>>>>>>>

<<<<<<<<<<  ALIGNMENT BEGINS  <<<<<<<<<<

#  Aligning sarcin-ricin_consensus and 4v4q_AA:492-497_438-440_436-437:
#  Alignment score:  2.4
#  P-value:  1.000e+00
#  Query aligned region: 
#  Target aligned region: 

	
	

#  Matched base-pairing interactions: 
#  Matched base-stacking interactions: 

>>>>>>>>>>   ALIGNMENT ENDS   >>>>>>>>>>

<<<<<<<<<<  ALIGNMENT BEGINS  <<<<<<<<<<

#  Aligning sarcin-ricin_consensus and 4v4q_AA:1214-1218_986-990_1212-1213:
#  Alignment score:  2.4
#  P-value:  1.000e+00
#  Query aligned region: 0-0,8-8
#  Target aligned region: 9:'AA'991-9:'AA'991,10:'AA'1213-10:'AA'1213

	U...C
	U...A

#  Matched base-pairing interactions: 
	<U(0:)-C(8:) trans S/H>                        MATCHES	<U(9:'AA'991)-A(10:'AA'1213) trans W/H>
#  Matched base-stacking interactions: 

>>>>>>>>>>   ALIGNMENT ENDS   >>>>>>>>>>

<<<<<<<<<<  ALIGNMENT BEGINS  <<<<<<<<<<

#  Aligning sarcin-ricin_consensus and 4v4q_AA:173-178_143-147:
#  Alignment score:  2.4
#  P-value:  1.000e+00
#  Query aligned region: 
#  Target aligned region: 

	
	

#  Matched base-pairing interactions: 
#  Matched base-stacking interactions: 

>>>>>>>>>>   ALIGNMENT ENDS   >>>>>>>>>>

<<<<<<<<<<  ALIGNMENT BEGINS  <<<<<<<<<<

#  Aligning sarcin-ricin_consensus and 4v4q_AA:1128-1142:
#  Alignment score:  2.4
#  P-value:  1.000e+00
#  Query aligned region: 0-0,8-8
#  Target aligned region: 6:'AA'1135-9:'AA'1138

	U...C
	U...G

#  Matched base-pairing interactions: 
	<U(0:)-C(8:) trans S/H>                        MATCHES	<U(6:'AA'1135)-G(9:'AA'1138) trans W/W>
#  Matched base-stacking interactions: 

>>>>>>>>>>   ALIGNMENT ENDS   >>>>>>>>>>

<<<<<<<<<<  ALIGNMENT BEGINS  <<<<<<<<<<

#  Aligning sarcin-ricin_consensus and 4v4q_AA:974-977_1364-1365_1361-1363:
#  Alignment score:  2.3
#  P-value:  1.000e+00
#  Query aligned region: 
#  Target aligned region: 

	
	

#  Matched base-pairing interactions: 
#  Matched base-stacking interactions: 

>>>>>>>>>>   ALIGNMENT ENDS   >>>>>>>>>>

<<<<<<<<<<  ALIGNMENT BEGINS  <<<<<<<<<<

#  Aligning sarcin-ricin_consensus and 4v4q_AA:1364-1365_1361-1363_974-977:
#  Alignment score:  2.3
#  P-value:  1.000e+00
#  Query aligned region: 
#  Target aligned region: 

	
	

#  Matched base-pairing interactions: 
#  Matched base-stacking interactions: 

>>>>>>>>>>   ALIGNMENT ENDS   >>>>>>>>>>

<<<<<<<<<<  ALIGNMENT BEGINS  <<<<<<<<<<

#  Aligning sarcin-ricin_consensus and 4v4q_AA:1361-1363_1364-1365_974-977:
#  Alignment score:  2.3
#  P-value:  1.000e+00
#  Query aligned region: 
#  Target aligned region: 

	
	

#  Matched base-pairing interactions: 
#  Matched base-stacking interactions: 

>>>>>>>>>>   ALIGNMENT ENDS   >>>>>>>>>>

<<<<<<<<<<  ALIGNMENT BEGINS  <<<<<<<<<<

#  Aligning sarcin-ricin_consensus and 4v4q_AA:1525-1528_815-819_811-814:
#  Alignment score:  2.3
#  P-value:  1.000e+00
#  Query aligned region: 
#  Target aligned region: 

	
	

#  Matched base-pairing interactions: 
#  Matched base-stacking interactions: 

>>>>>>>>>>   ALIGNMENT ENDS   >>>>>>>>>>

<<<<<<<<<<  ALIGNMENT BEGINS  <<<<<<<<<<

#  Aligning sarcin-ricin_consensus and 4v4q_AA:815-819_1525-1528_811-814:
#  Alignment score:  2.3
#  P-value:  1.000e+00
#  Query aligned region: 
#  Target aligned region: 

	
	

#  Matched base-pairing interactions: 
#  Matched base-stacking interactions: 

>>>>>>>>>>   ALIGNMENT ENDS   >>>>>>>>>>

<<<<<<<<<<  ALIGNMENT BEGINS  <<<<<<<<<<

#  Aligning sarcin-ricin_consensus and 4v4q_AA:438-440_492-497_436-437:
#  Alignment score:  2.3
#  P-value:  1.000e+00
#  Query aligned region: 
#  Target aligned region: 

	
	

#  Matched base-pairing interactions: 
#  Matched base-stacking interactions: 

>>>>>>>>>>   ALIGNMENT ENDS   >>>>>>>>>>

<<<<<<<<<<  ALIGNMENT BEGINS  <<<<<<<<<<

#  Aligning sarcin-ricin_consensus and 4v4q_AA:143-147_173-178:
#  Alignment score:  2.3
#  P-value:  1.000e+00
#  Query aligned region: 
#  Target aligned region: 

	
	

#  Matched base-pairing interactions: 
#  Matched base-stacking interactions: 

>>>>>>>>>>   ALIGNMENT ENDS   >>>>>>>>>>

<<<<<<<<<<  ALIGNMENT BEGINS  <<<<<<<<<<

#  Aligning sarcin-ricin_consensus and 4v4q_AA:969-970_1225-1232_948-953:
#  Alignment score:  2.3
#  P-value:  1.000e+00
#  Query aligned region: 
#  Target aligned region: 

	
	

#  Matched base-pairing interactions: 
#  Matched base-stacking interactions: 

>>>>>>>>>>   ALIGNMENT ENDS   >>>>>>>>>>

<<<<<<<<<<  ALIGNMENT BEGINS  <<<<<<<<<<

#  Aligning sarcin-ricin_consensus and 4v4q_AA:219-222_140-142:
#  Alignment score:  2.2
#  P-value:  1.000e+00
#  Query aligned region: 
#  Target aligned region: 

	
	

#  Matched base-pairing interactions: 
#  Matched base-stacking interactions: 

>>>>>>>>>>   ALIGNMENT ENDS   >>>>>>>>>>

<<<<<<<<<<  ALIGNMENT BEGINS  <<<<<<<<<<

#  Aligning sarcin-ricin_consensus and 4v4q_AA:1198-1205_1051-1057:
#  Alignment score:  2.2
#  P-value:  1.000e+00
#  Query aligned region: 
#  Target aligned region: 

	
	

#  Matched base-pairing interactions: 
#  Matched base-stacking interactions: 

>>>>>>>>>>   ALIGNMENT ENDS   >>>>>>>>>>

<<<<<<<<<<  ALIGNMENT BEGINS  <<<<<<<<<<

#  Aligning sarcin-ricin_consensus and 4v4q_AA:212-213_203-205:
#  Alignment score:  2.2
#  P-value:  1.000e+00
#  Query aligned region: 
#  Target aligned region: 

	
	

#  Matched base-pairing interactions: 
#  Matched base-stacking interactions: 

>>>>>>>>>>   ALIGNMENT ENDS   >>>>>>>>>>

<<<<<<<<<<  ALIGNMENT BEGINS  <<<<<<<<<<

#  Aligning sarcin-ricin_consensus and 4v4q_AA:1214-1218_1212-1213_986-990:
#  Alignment score:  2.2
#  P-value:  1.000e+00
#  Query aligned region: 
#  Target aligned region: 

	
	

#  Matched base-pairing interactions: 
#  Matched base-stacking interactions: 

>>>>>>>>>>   ALIGNMENT ENDS   >>>>>>>>>>

<<<<<<<<<<  ALIGNMENT BEGINS  <<<<<<<<<<

#  Aligning sarcin-ricin_consensus and 4v4q_AA:1098-1103_1070-1073_1082-1086:
#  Alignment score:  2.1
#  P-value:  1.000e+00
#  Query aligned region: 
#  Target aligned region: 

	
	

#  Matched base-pairing interactions: 
#  Matched base-stacking interactions: 

>>>>>>>>>>   ALIGNMENT ENDS   >>>>>>>>>>

<<<<<<<<<<  ALIGNMENT BEGINS  <<<<<<<<<<

#  Aligning sarcin-ricin_consensus and 4v4q_AA:1364-1365_974-977_1361-1363:
#  Alignment score:  2
#  P-value:  1.000e+00
#  Query aligned region: 
#  Target aligned region: 

	
	

#  Matched base-pairing interactions: 
#  Matched base-stacking interactions: 

>>>>>>>>>>   ALIGNMENT ENDS   >>>>>>>>>>

<<<<<<<<<<  ALIGNMENT BEGINS  <<<<<<<<<<

#  Aligning sarcin-ricin_consensus and 4v4q_AA:234-239_117-120:
#  Alignment score:  2
#  P-value:  1.000e+00
#  Query aligned region: 
#  Target aligned region: 

	
	

#  Matched base-pairing interactions: 
#  Matched base-stacking interactions: 

>>>>>>>>>>   ALIGNMENT ENDS   >>>>>>>>>>

<<<<<<<<<<  ALIGNMENT BEGINS  <<<<<<<<<<

#  Aligning sarcin-ricin_consensus and 4v4q_AA:140-142_219-222:
#  Alignment score:  1.9
#  P-value:  1.000e+00
#  Query aligned region: 
#  Target aligned region: 

	
	

#  Matched base-pairing interactions: 
#  Matched base-stacking interactions: 

>>>>>>>>>>   ALIGNMENT ENDS   >>>>>>>>>>

<<<<<<<<<<  ALIGNMENT BEGINS  <<<<<<<<<<

#  Aligning sarcin-ricin_consensus and 4v4q_AA:203-205_212-213:
#  Alignment score:  1.9
#  P-value:  1.000e+00
#  Query aligned region: 
#  Target aligned region: 

	
	

#  Matched base-pairing interactions: 
#  Matched base-stacking interactions: 

>>>>>>>>>>   ALIGNMENT ENDS   >>>>>>>>>>

<<<<<<<<<<  ALIGNMENT BEGINS  <<<<<<<<<<

#  Aligning sarcin-ricin_consensus and 4v4q_AA:1279-1280_1148-1149_1123-1125:
#  Alignment score:  1.9
#  P-value:  1.000e+00
#  Query aligned region: 
#  Target aligned region: 

	
	

#  Matched base-pairing interactions: 
#  Matched base-stacking interactions: 

>>>>>>>>>>   ALIGNMENT ENDS   >>>>>>>>>>

<<<<<<<<<<  ALIGNMENT BEGINS  <<<<<<<<<<

#  Aligning sarcin-ricin_consensus and 4v4q_AA:159-160_344-346_341-343:
#  Alignment score:  1.8
#  P-value:  1.000e+00
#  Query aligned region: 
#  Target aligned region: 

	
	

#  Matched base-pairing interactions: 
#  Matched base-stacking interactions: 

>>>>>>>>>>   ALIGNMENT ENDS   >>>>>>>>>>

<<<<<<<<<<  ALIGNMENT BEGINS  <<<<<<<<<<

#  Aligning sarcin-ricin_consensus and 4v4q_AA:159-160_341-343_344-346:
#  Alignment score:  1.8
#  P-value:  1.000e+00
#  Query aligned region: 
#  Target aligned region: 

	
	

#  Matched base-pairing interactions: 
#  Matched base-stacking interactions: 

>>>>>>>>>>   ALIGNMENT ENDS   >>>>>>>>>>

<<<<<<<<<<  ALIGNMENT BEGINS  <<<<<<<<<<

#  Aligning sarcin-ricin_consensus and 4v4q_AA:1148-1149_1279-1280_1123-1125:
#  Alignment score:  1.4
#  P-value:  1.000e+00
#  Query aligned region: 
#  Target aligned region: 

	
	

#  Matched base-pairing interactions: 
#  Matched base-stacking interactions: 

>>>>>>>>>>   ALIGNMENT ENDS   >>>>>>>>>>

